nuts_id,country,building_type,dwellings_2021,dwellings_share,heat_2015_MWh
BE100,BE,MFH_HIGH,956484.0,0.25495715368695804,3619116.796586369
BE100,BE,OTHER,2510144.0,0.6690955306982611,9497811.058261817
BE100,BE,SFH,284920.0,0.07594731561478088,1078072.1451518147
BE211,BE,MFH_HIGH,445180.0,0.14001370006912936,1453762.24781777
BE211,BE,OTHER,2126024.0,0.6686564685650089,6942660.113110487
BE211,BE,SFH,608342.0,0.19132983136586168,1986577.6390717418
BE212,BE,MFH_HIGH,69634.0,0.0669620791189939,217827.64337408717
BE212,BE,OTHER,695588.0,0.6688976461243463,2175924.0428424985
BE212,BE,SFH,274680.0,0.26414027475665974,859248.3137834142
BE213,BE,MFH_HIGH,81279.0,0.0581436440374848,238854.08970598757
BE213,BE,OTHER,934850.0,0.6687531296945418,2747237.8567851777
BE213,BE,SFH,381771.0,0.2731032262679734,1121908.0535088347
BE221,BE,OTHER,0.0,1.0,3906000.0
BE222,BE,OTHER,0.0,1.0,2032000.0
BE223,BE,MFH_HIGH,33666.0,0.05481276457180072,96470.46564636927
BE223,BE,OTHER,410696.0,0.6686681862585477,1176856.007815044
BE223,BE,SFH,169838.0,0.2765190491696516,486673.52653858677
BE231,BE,MFH_HIGH,50044.0,0.055388858697757504,145118.80978812466
BE231,BE,OTHER,603758.0,0.6682412786675861,1750792.1501090755
BE231,BE,SFH,249701.0,0.27636986263465646,724089.0401027999
BE232,BE,MFH_HIGH,29539.0,0.048021368118844714,83605.20189490865
BE232,BE,OTHER,411210.0,0.6685015330292202,1163861.1690038724
BE232,BE,SFH,174373.0,0.28347709885193506,493533.62910121895
BE233,BE,MFH_HIGH,11406.0,0.04321027408936791,32450.9158411153
BE233,BE,OTHER,176644.0,0.6691947796109333,502565.2794878109
BE233,BE,SFH,75915.0,0.28759494629969884,215983.80467107383
BE234,BE,MFH_HIGH,131845.0,0.07660690307537395,419269.5805315216
BE234,BE,OTHER,1149994.0,0.6681897599094511,3657002.555984426
BE234,BE,SFH,439220.0,0.25520333701517495,1396727.8634840525
BE235,BE,MFH_HIGH,13722.0,0.03676573033105769,41251.14943144673
BE235,BE,OTHER,249410.0,0.6682510422583514,749777.6694138703
BE235,BE,SFH,110096.0,0.29498322741059085,330971.18115468294
BE236,BE,MFH_HIGH,53336.0,0.06996720451265906,153088.24347369804
BE236,BE,OTHER,509166.0,0.6679338842975207,1461439.3388429752
BE236,BE,SFH,199798.0,0.26209891118982026,573472.4176833268
BE241,BE,MFH_HIGH,114411.0,0.06118915900806079,387633.3223160651
BE241,BE,OTHER,1250666.0,0.6688797470520785,4237353.197574917
BE241,BE,SFH,504715.0,0.2699310939398607,1710013.4801090176
BE242,BE,MFH_HIGH,94282.0,0.060816895230477466,297455.4345722653
BE242,BE,OTHER,1036648.0,0.6686929934333595,3270577.4308825615
BE242,BE,SFH,419330.0,0.27049011133616296,1322967.134545173
BE251,BE,MFH_HIGH,70632.0,0.07952164519466658,231169.42258089574
BE251,BE,OTHER,594066.0,0.668834319773117,1944301.3675804513
BE251,BE,SFH,223513.0,0.25164403503221644,731529.2098386532
BE252,BE,MFH_HIGH,4518.0,0.029147446856553013,12795.729170026772
BE252,BE,OTHER,103556.0,0.6680816747846844,293287.8552304765
BE252,BE,SFH,46931.0,0.3027708783587626,132916.41559949677
BE253,BE,MFH_HIGH,10160.0,0.03168366233199239,30669.785137368635
BE253,BE,OTHER,214470.0,0.6688184114510244,647416.2222845916
BE253,BE,SFH,96040.0,0.2994979262169832,289913.9925780397
BE254,BE,MFH_HIGH,42171.0,0.047543351134891616,133026.29647542673
BE254,BE,OTHER,592798.0,0.668317172133966,1869951.4476308369
BE254,BE,SFH,252032.0,0.28413947673114237,795022.2558937364
BE255,BE,MFH_HIGH,67933.0,0.13110555721743494,220126.23056807328
BE255,BE,OTHER,346602.0,0.6689156719514431,1123109.413206473
BE255,BE,SFH,103620.0,0.19997877083112195,335764.3562254537
BE256,BE,MFH_HIGH,21145.0,0.045076541651833016,63603.00027073638
BE256,BE,OTHER,313678.0,0.668693281260992,943526.2198592598
BE256,BE,SFH,134268.0,0.28623017708717496,403870.77987000387
BE257,BE,MFH_HIGH,8203.0,0.029434138289856113,24430.334780580575
BE257,BE,OTHER,186446.0,0.6690085758369515,555277.1179446698
BE257,BE,SFH,84041.0,0.3015572858731924,250292.5472747497
BE258,BE,MFH_HIGH,26530.0,0.1285442952109619,96922.39858906527
BE258,BE,OTHER,137874.0,0.6680330251758824,503696.9009826153
BE258,BE,SFH,41984.0,0.2034226796131558,153380.70042831948
BE310,BE,MFH_HIGH,76290.0,0.06346990441660351,236425.39395184806
BE310,BE,OTHER,803270.0,0.668285097925352,2489361.989771936
BE310,BE,SFH,322427.0,0.26824499765804455,999212.616276216
BE321,BE,OTHER,0.0,1.0,798000.0
BE322,BE,OTHER,0.0,1.0,4316000.0
BE323,BE,MFH_HIGH,39233.0,0.04800846783568483,125446.12645464447
BE323,BE,OTHER,545986.0,0.6681097881817403,1745770.8765188872
BE323,BE,SFH,231991.0,0.2838817439825749,741782.9970264682
BE324,BE,OTHER,0.0,1.0,694000.0
BE325,BE,OTHER,0.0,1.0,1698000.0
BE326,BE,OTHER,0.0,1.0,1446000.0
BE327,BE,OTHER,0.0,1.0,1445000.0
BE331,BE,MFH_HIGH,14098.0,0.04053863650087559,42079.10468790886
BE331,BE,OTHER,232438.0,0.668372789827672,693770.9558411236
BE331,BE,SFH,101231.0,0.2910885736714524,302149.9394709676
BE332,BE,MFH_HIGH,167918.0,0.08540255946259627,541537.6295523229
BE332,BE,OTHER,1313684.0,0.6681354942594678,4236647.169099285
BE332,BE,SFH,484592.0,0.24646194627793594,1562815.2013483918
BE334,BE,MFH_HIGH,11813.0,0.047759202733024725,31950.906628393543
BE334,BE,OTHER,165258.0,0.6681275142008126,446977.30700034363
BE334,BE,SFH,70274.0,0.2841132830661626,190071.7863712628
BE335,BE,MFH_HIGH,48423.0,0.07568269627517911,160371.63340710453
BE335,BE,OTHER,427920.0,0.6688172849694287,1417223.8268502194
BE335,BE,SFH,163473.0,0.2555000187553922,541404.5397426761
BE336,BE,MFH_HIGH,14944.0,0.06248118540321771,49172.692912332335
BE336,BE,OTHER,160120.0,0.6694651637288023,526869.0838545674
BE336,BE,SFH,64112.0,0.26805365086798005,210958.2232331003
BE341,BE,MFH_HIGH,15395.0,0.0801735226876227,45698.907931944945
BE341,BE,OTHER,128334.0,0.6683331510616026,380949.8961051135
BE341,BE,SFH,48292.0,0.25149332625077464,143351.19596294154
BE342,BE,MFH_HIGH,6766.0,0.046150907875530334,21229.417622743953
BE342,BE,OTHER,98108.0,0.669194985198423,307829.6931912746
BE342,BE,SFH,41732.0,0.2846541069260467,130940.88918598148
BE343,BE,MFH_HIGH,7693.0,0.043794581608894406,27459.202668776794
BE343,BE,OTHER,117538.0,0.6691183586567309,419537.21087777027
BE343,BE,SFH,50430.0,0.2870870597343747,180003.58645345294
BE344,BE,MFH_HIGH,7742.0,0.039915240692716576,25705.415006109473
BE344,BE,OTHER,129834.0,0.6693819891627698,431082.0010208238
BE344,BE,SFH,56385.0,0.29070277014451357,187212.58397306674
BE345,BE,MFH_HIGH,5220.0,0.032092268345465275,15468.473342514262
BE345,BE,OTHER,108852.0,0.6692160141648633,322562.1188274641
BE345,BE,SFH,48584.0,0.29869171748967144,143969.40783002164
BE351,BE,MFH_HIGH,14769.0,0.042717194184052135,48184.99503961081
BE351,BE,OTHER,231350.0,0.669146379205123,754797.1157433788
BE351,BE,SFH,99620.0,0.28813642661082495,325017.8892170105
BE352,BE,MFH_HIGH,67401.0,0.07000046735523671,212381.41795578817
BE352,BE,OTHER,644234.0,0.6690802968225037,2029989.6205594763
BE352,BE,SFH,251230.0,0.2609192358222596,791628.9614847357
BE353,BE,MFH_HIGH,5170.0,0.025015362432441585,16560.16993027633
BE353,BE,OTHER,138320.0,0.6692698126992882,443056.6160069288
BE353,BE,SFH,63183.0,0.3057148248682702,202383.21406279487
BEZZZ,BE,MFH_HIGH,0.0,0.3333333333333333,
BEZZZ,BE,OTHER,0.0,0.3333333333333333,
BEZZZ,BE,SFH,0.0,0.3333333333333333,
BG311,BG,MFH_HIGH,32057.0,0.13806246554575524,56191.423477122386
BG311,BG,OTHER,154804.0,0.6667068632855567,271349.6933572216
BG311,BG,SFH,45331.0,0.19523067116868797,79458.883165656
BG312,BG,MFH_HIGH,38447.0,0.10630261975530518,59529.4670629709
BG312,BG,OTHER,241168.0,0.6668085988802102,373412.8153729177
BG312,BG,SFH,82060.0,0.22688878136448468,127057.71756411142
BG313,BG,MFH_HIGH,59464.0,0.1311333694995391,90613.15832418152
BG313,BG,OTHER,302330.0,0.6667151823085506,460700.1909752085
BG313,BG,SFH,91668.0,0.20215144819191025,139686.65070061
BG314,BG,MFH_HIGH,97016.0,0.14493476770190789,135369.07303358195
BG314,BG,OTHER,446272.0,0.6666975411464691,622695.5034308021
BG314,BG,SFH,126089.0,0.18836769115162308,175935.42353561596
BG315,BG,MFH_HIGH,37398.0,0.11025483791082442,64499.080177832286
BG315,BG,OTHER,226170.0,0.6667826271536221,390067.836884869
BG315,BG,SFH,75628.0,0.22296253493555349,130433.0829372988
BG321,BG,MFH_HIGH,101776.0,0.16336148157897692,150455.92453423774
BG321,BG,OTHER,415410.0,0.666777954161323,614102.4957825785
BG321,BG,SFH,105825.0,0.16986056425970006,156441.57968318375
BG322,BG,MFH_HIGH,56509.0,0.1860605242449286,94890.86736491359
BG322,BG,OTHER,202508.0,0.6667742243499619,340054.8544184806
BG322,BG,SFH,44696.0,0.14716525140510942,75054.2782166058
BG323,BG,MFH_HIGH,116366.0,0.19480926049623912,161691.68621187846
BG323,BG,OTHER,398288.0,0.6667771577997532,553425.0409737951
BG323,BG,SFH,82679.0,0.13841358170400764,114883.27281432634
BG324,BG,MFH_HIGH,28735.0,0.09706622527741653,37855.827858192446
BG324,BG,OTHER,197382.0,0.6667522421335315,260033.37443207728
BG324,BG,SFH,69918.0,0.23618153258905197,92110.79770973026
BG325,BG,MFH_HIGH,29840.0,0.10592829250976216,38240.11359602414
BG325,BG,OTHER,187820.0,0.6667376641817536,240692.29676961305
BG325,BG,SFH,64040.0,0.2273340433084842,82067.5896343628
BG331,BG,MFH_HIGH,287381.0,0.22944096215091572,393491.25008882047
BG331,BG,OTHER,835326.0,0.6669125695493989,1143755.056777219
BG331,BG,SFH,129820.0,0.10364646829968535,177753.6931339604
BG332,BG,MFH_HIGH,68281.0,0.15538432480036773,100844.42679543866
BG332,BG,OTHER,292986.0,0.6667364535663002,432711.95836452884
BG332,BG,SFH,78166.0,0.17787922163333206,115443.6148400325
BG333,BG,MFH_HIGH,64947.0,0.14564360854033473,86221.01625587816
BG333,BG,OTHER,297366.0,0.666843076619477,394771.10135873035
BG333,BG,SFH,83618.0,0.18751331484018827,111007.88238539145
BG334,BG,MFH_HIGH,38608.0,0.1336837476324528,57216.6439866898
BG334,BG,OTHER,192560.0,0.6667566940557685,285371.8650558689
BG334,BG,SFH,57633.0,0.1995595583117787,85411.49095744129
BG341,BG,MFH_HIGH,214579.0,0.1961721656930236,325841.9672161122
BG341,BG,OTHER,729486.0,0.6669098488796248,1107737.2589890568
BG341,BG,SFH,149765.0,0.1369179854273516,227420.77379483098
BG342,BG,MFH_HIGH,59498.0,0.12759952561405316,76176.91679158974
BG342,BG,OTHER,310902.0,0.666761029151574,398056.33440348966
BG342,BG,SFH,95887.0,0.20563944523437283,122766.74880492059
BG343,BG,MFH_HIGH,50959.0,0.15729979843252737,68740.01191501446
BG343,BG,OTHER,216020.0,0.6668086590669865,291395.3840122731
BG343,BG,SFH,56982.0,0.17589154250048616,76864.60407271245
BG344,BG,MFH_HIGH,157379.0,0.18673948975584173,213443.2367909271
BG344,BG,OTHER,561906.0,0.6667346960569454,762077.7575930886
BG344,BG,SFH,123488.0,0.14652581418721292,167479.00561598435
BG411,BG,MFH_HIGH,1101670.0,0.2929038604700627,1620344.156120387
BG411,BG,OTHER,2508376.0,0.666908433478677,3689337.4540040414
BG411,BG,SFH,151154.0,0.040187706051260236,222318.38987557162
BG412,BG,MFH_HIGH,54166.0,0.08511527631115805,89371.04012671595
BG412,BG,OTHER,424358.0,0.6668269472519737,700168.2946145723
BG412,BG,SFH,157860.0,0.2480577764368683,260460.66525871173
BG413,BG,MFH_HIGH,109834.0,0.14143167475118693,144260.30824621065
BG413,BG,OTHER,517974.0,0.6669877296426543,680327.4842355074
BG413,BG,SFH,148779.0,0.19158059560615875,195412.20751828194
BG414,BG,MFH_HIGH,54759.0,0.1636555996879847,91156.16902620748
BG414,BG,OTHER,223122.0,0.6668340311835959,371426.5553692629
BG414,BG,SFH,56718.0,0.16951036912841938,94417.2756045296
BG415,BG,MFH_HIGH,41273.0,0.12408640620537258,63284.067164740016
BG415,BG,OTHER,221758.0,0.666710761691445,340022.488462637
BG415,BG,SFH,69584.0,0.20920283210318236,106693.444372623
BG421,BG,MFH_HIGH,354583.0,0.19639776164499043,430307.49576417403
BG421,BG,OTHER,1203786.0,0.6667575036016291,1460865.6903911694
BG421,BG,SFH,247064.0,0.1368447347533805,299826.8138446567
BG422,BG,MFH_HIGH,90403.0,0.15160301451919625,115369.89404910835
BG422,BG,OTHER,397642.0,0.6668332455719638,507460.09988026443
BG422,BG,SFH,108269.0,0.18156373990883998,138170.00607062722
BG423,BG,MFH_HIGH,65952.0,0.10438663828238143,91129.53522051898
BG423,BG,OTHER,421272.0,0.6667753499893163,582094.8805406732
BG423,BG,SFH,144581.0,0.22883801172830223,199775.58423880785
BG424,BG,MFH_HIGH,44376.0,0.15226775187521016,70347.7013663471
BG424,BG,OTHER,194394.0,0.6670258103035336,308165.92436023254
BG424,BG,SFH,52664.0,0.18070643782125628,83486.3742734204
BG425,BG,MFH_HIGH,44393.0,0.11527146295801016,54523.401979138805
BG425,BG,OTHER,256830.0,0.6668882443517165,315438.1395783619
BG425,BG,SFH,83894.0,0.21784029269027336,103038.4584424993
BGZZZ,BG,MFH_HIGH,0.0,0.3333333333333333,
BGZZZ,BG,OTHER,0.0,0.3333333333333333,
BGZZZ,BG,SFH,0.0,0.3333333333333333,
CZ010,CZ,MFH_HIGH,1254147.0,0.2932094890546786,4250951.1723147305
CZ010,CZ,OTHER,2860290.0,0.6687128139270807,9694998.376314817
CZ010,CZ,SFH,162870.0,0.03807769701824068,552050.4513704533
CZ020,CZ,MFH_HIGH,509404.0,0.12578451114433623,1239229.0037940005
CZ020,CZ,OTHER,2712584.0,0.6698044231650088,6598913.177021666
CZ020,CZ,SFH,827827.0,0.204411065690655,2013857.819184333
CZ031,CZ,MFH_HIGH,298486.0,0.15911624239897776,781101.6339365818
CZ031,CZ,OTHER,1259024.0,0.671157668936334,3294712.9968084637
CZ031,CZ,SFH,318389.0,0.16972608866468825,833185.3692549546
CZ032,CZ,MFH_HIGH,300976.0,0.17347969808667182,779791.2428995898
CZ032,CZ,OTHER,1162866.0,0.6702648802404702,3012840.636680913
CZ032,CZ,SFH,271093.0,0.15625542167285805,702368.1204194969
CZ041,CZ,MFH_HIGH,199112.0,0.2310213638372993,529269.9445512526
CZ041,CZ,OTHER,578626.0,0.6713556574778071,1538075.8112816561
CZ041,CZ,SFH,84139.0,0.09762297868489356,223654.24416709115
CZ042,CZ,MFH_HIGH,542494.0,0.22163617926867832,1328487.2585364578
CZ042,CZ,OTHER,1640194.0,0.6701020313946524,4016591.576179547
CZ042,CZ,SFH,264990.0,0.10826178933666929,648921.1652839957
CZ051,CZ,MFH_HIGH,249385.0,0.1898743814816422,627344.9564153459
CZ051,CZ,OTHER,881966.0,0.6715028920658341,2218645.555385516
CZ051,CZ,SFH,182070.0,0.1386227264525236,458009.48819913797
CZ052,CZ,MFH_HIGH,252751.0,0.156968309605491,675434.6362324278
CZ052,CZ,OTHER,1080050.0,0.6707535194298362,2886252.394106585
CZ052,CZ,SFH,277403.0,0.1722781709646728,741312.969660987
CZ053,CZ,MFH_HIGH,212478.0,0.14256278611958936,565404.0097502914
CZ053,CZ,OTHER,999484.0,0.6706069509405757,2659627.167430323
CZ053,CZ,SFH,278455.0,0.18683026293983496,740968.8228193854
CZ063,CZ,MFH_HIGH,178048.0,0.12626308828587335,480178.52475117636
CZ063,CZ,OTHER,945990.0,0.6708506632343711,2551245.0722803134
CZ063,CZ,SFH,286097.0,0.20288624847975548,771576.40296851
CZ064,CZ,MFH_HIGH,570378.0,0.16280949697803185,1446399.571152835
CZ064,CZ,OTHER,2346810.0,0.6698767406930403,5951184.96431697
CZ064,CZ,SFH,586158.0,0.16731376232892783,1486415.4645301949
CZ071,CZ,MFH_HIGH,301082.0,0.16384469793851347,775476.9553429843
CZ071,CZ,OTHER,1232372.0,0.6706399521986759,3174138.893756333
CZ071,CZ,SFH,304152.0,0.16551534986281063,783384.1509006828
CZ072,CZ,MFH_HIGH,218320.0,0.13405535248170034,565311.4214153303
CZ072,CZ,OTHER,1091456.0,0.6701883418755346,2826184.237689129
CZ072,CZ,SFH,318805.0,0.19575630564276508,825504.3408955403
CZ080,CZ,MFH_HIGH,699323.0,0.1981572800782969,1861093.1744953643
CZ080,CZ,OTHER,2364164.0,0.6698997571923513,6291698.519550563
CZ080,CZ,SFH,465644.0,0.1319429627293518,1239208.3059540722
CZZZZ,CZ,MFH_HIGH,0.0,0.3333333333333333,
CZZZZ,CZ,OTHER,0.0,0.3333333333333333,
CZZZZ,CZ,SFH,0.0,0.3333333333333333,
DK011,DK,MFH_HIGH,744109.0,0.2897630871759286,2175251.495429696
DK011,DK,OTHER,1719458.0,0.6695732189092563,5026486.154351787
DK011,DK,SFH,104424.0,0.04066369391481512,305262.3502185171
DK012,DK,MFH_HIGH,318541.0,0.1905905272246112,998122.5910752888
DK012,DK,OTHER,1116908.0,0.6682721677315826,3499741.342410298
DK012,DK,SFH,235888.0,0.14113730504380625,739136.0665144133
DK013,DK,MFH_HIGH,152527.0,0.10898857215945672,451103.70016799134
DK013,DK,OTHER,936064.0,0.6688670124625128,2768440.5645823404
DK013,DK,SFH,310886.0,0.2221444153780305,919455.7352496682
DK014,DK,MFH_HIGH,6050.0,0.045888608247813656,21292.314226985538
DK014,DK,OTHER,88240.0,0.6692910399648061,310551.04254367005
DK014,DK,SFH,37551.0,0.28482035178738024,132156.64322934442
DK021,DK,MFH_HIGH,86440.0,0.11565983911454124,246586.77699220192
DK021,DK,OTHER,499396.0,0.6682098682837279,1424623.4391809078
DK021,DK,SFH,161528.0,0.2161302926017309,460789.7838268902
DK022,DK,MFH_HIGH,174505.0,0.09317602609494711,531196.5247672935
DK022,DK,OTHER,1253408.0,0.6692506032240652,3815397.6889803954
DK022,DK,SFH,444940.0,0.23757337068098777,1354405.7862523112
DK031,DK,MFH_HIGH,161528.0,0.10212419437029693,499387.310470752
DK031,DK,OTHER,1058210.0,0.6690409323745228,3271610.1593114166
DK031,DK,SFH,361944.0,0.22883487325518023,1119002.5302178313
DK032,DK,MFH_HIGH,219608.0,0.09603271640245513,700750.7315887151
DK032,DK,OTHER,1529900.0,0.6690122983867441,4881782.741328072
DK032,DK,SFH,537296.0,0.23495498521080074,1714466.527083213
DK041,DK,MFH_HIGH,98084.0,0.07368703369947464,321201.77989600995
DK041,DK,OTHER,890944.0,0.6693346575623418,2917629.7723142477
DK041,DK,SFH,342061.0,0.25697830873818356,1120168.4477897421
DK042,DK,MFH_HIGH,363281.0,0.1298835813275347,1061668.3937712687
DK042,DK,OTHER,1870774.0,0.6688564141103922,5467232.328938345
DK042,DK,SFH,562919.0,0.20126000456207316,1645099.277290386
DK050,DK,MFH_HIGH,194402.0,0.102659020831012,615748.80694441
DK050,DK,OTHER,1267120.0,0.669135597758212,4013475.3153537554
DK050,DK,SFH,432145.0,0.22820538141077604,1368775.8777018348
DKZZZ,DK,MFH_HIGH,0.0,0.3333333333333333,
DKZZZ,DK,OTHER,0.0,0.3333333333333333,
DKZZZ,DK,SFH,0.0,0.3333333333333333,
DE111,DE,MFH_HIGH,556328.0,0.2761706006048343,1737389.2484050125
DE111,DE,OTHER,1351268.0,0.6707922217434558,4219953.866988081
DE111,DE,SFH,106840.0,0.053037177651709955,333656.8846069073
DE112,DE,MFH_HIGH,213536.0,0.17798997756120655,625456.7811500798
DE112,DE,OTHER,804848.0,0.6708699116785084,2357436.8696382786
DE112,DE,SFH,181324.0,0.151140110760285,531106.3492116415
DE113,DE,MFH_HIGH,305880.0,0.1833230448358735,873717.631687773
DE113,DE,OTHER,1119815.0,0.6711386669703272,3198646.8867805796
DE113,DE,SFH,242835.0,0.14553828819379933,693635.4815316476
DE114,DE,MFH_HIGH,116841.0,0.14747195797514304,352605.451518567
DE114,DE,OTHER,531949.0,0.6714043920620275,1605327.9014203078
DE114,DE,SFH,143503.0,0.1811236499628294,433066.6470611251
DE115,DE,MFH_HIGH,306739.0,0.18525235688100544,868277.7967012725
DE115,DE,OTHER,1109923.0,0.670328362896261,3141829.036894775
DE115,DE,SFH,239128.0,0.14441928022273356,676893.1664039522
DE116,DE,MFH_HIGH,234835.0,0.17439727541156969,641258.7816883418
DE116,DE,OTHER,904666.0,0.6718388892519561,2470351.5957794427
DE116,DE,SFH,207051.0,0.1537638353364742,565389.6225322157
DE117,DE,MFH_HIGH,93353.0,0.228702111292401,259348.19420558275
DE117,DE,OTHER,274063.0,0.6714169520757693,761386.8236539224
DE117,DE,SFH,40770.0,0.0998809366318296,113264.98214049477
DE118,DE,MFH_HIGH,130017.0,0.12258561485618816,360646.87890690553
DE118,DE,OTHER,711229.0,0.6705772650388169,1972838.3137441992
DE118,DE,SFH,219376.0,0.206837120104995,608514.8073488952
DE119,DE,MFH_HIGH,41279.0,0.1195806464695624,123407.2271565884
DE119,DE,OTHER,231555.0,0.6707889385222394,692254.184554951
DE119,DE,SFH,72364.0,0.2096304150081982,216338.58828846054
DE11A,DE,MFH_HIGH,71908.0,0.11959253253502973,217419.22414868404
DE11A,DE,OTHER,403512.0,0.6710939254085069,1220048.7563926654
DE11A,DE,SFH,125855.0,0.20931354205646335,380532.0194586504
DE11B,DE,MFH_HIGH,46649.0,0.11260693663943765,147064.65925110556
DE11B,DE,OTHER,278132.0,0.6713882934553811,876833.1112527277
DE11B,DE,SFH,89483.0,0.21600476990518125,282102.2294961667
DE11C,DE,MFH_HIGH,50888.0,0.12466560181873414,159821.30153161715
DE11C,DE,OTHER,274035.0,0.6713319091808837,860647.5075698929
DE11C,DE,SFH,83273.0,0.20400248900038218,261531.19089848993
DE11D,DE,MFH_HIGH,115379.0,0.11942030245539295,360649.3134152867
DE11D,DE,OTHER,648632.0,0.6713511958176657,2027480.6113693502
DE11D,DE,SFH,202148.0,0.20922850172694143,631870.0752153632
DE121,DE,MFH_HIGH,41257.0,0.2175921775039951,123374.76464476522
DE121,DE,OTHER,127221.0,0.6709720632677063,380441.15987278946
DE121,DE,SFH,21129.0,0.11143575922829853,63184.07548244527
DE122,DE,MFH_HIGH,269352.0,0.2616734541610968,779525.2199459072
DE122,DE,OTHER,688939.0,0.6692990875742221,1993841.9818836076
DE122,DE,SFH,71053.0,0.0690274582646812,205632.79817048527
DE123,DE,MFH_HIGH,184080.0,0.13223377966783517,527877.248433998
DE123,DE,OTHER,933020.0,0.6702344692833745,2675576.001379231
DE123,DE,SFH,274980.0,0.1975317510487903,788546.7501867709
DE124,DE,MFH_HIGH,106825.0,0.14815898676312314,292169.52189687884
DE124,DE,OTHER,483351.0,0.6703748599198909,1321979.223762025
DE124,DE,SFH,130840.0,0.18146615331698604,357851.25434109644
DE125,DE,MFH_HIGH,134268.0,0.2628304760264185,384258.15595062386
DE125,DE,OTHER,343588.0,0.6725757261370177,983305.7116123198
DE125,DE,SFH,32998.0,0.06459379783656387,94436.13243705638
DE126,DE,MFH_HIGH,284419.0,0.2659759608955422,767340.6471836392
DE126,DE,OTHER,717799.0,0.6712536038550846,1936566.647121919
DE126,DE,SFH,67123.0,0.06277043524937322,181092.70569444174
DE127,DE,MFH_HIGH,40813.0,0.09285875176614329,129723.67621730217
DE127,DE,OTHER,294673.0,0.6704473319575807,936614.9227447401
DE127,DE,SFH,104031.0,0.236693916276276,330661.4010379576
DE128,DE,MFH_HIGH,263250.0,0.15109537691193767,774363.8066736805
DE128,DE,OTHER,1167662.0,0.6701930864035971,3434739.567818435
DE128,DE,SFH,311365.0,0.1787115366844652,915896.6255078842
DE129,DE,MFH_HIGH,101705.0,0.24748873336772537,283622.0884394133
DE129,DE,OTHER,275840.0,0.671228476595579,769227.8341785336
DE129,DE,SFH,33403.0,0.08128279003669564,93150.0773820532
DE12A,DE,MFH_HIGH,68309.0,0.1390038622923865,207671.77026482543
DE12A,DE,OTHER,330271.0,0.6720775388772898,1004083.843082671
DE12A,DE,SFH,92838.0,0.18891859883032366,282244.38665250357
DE12B,DE,MFH_HIGH,63992.0,0.10585798699107374,196789.99781640607
DE12B,DE,OTHER,405568.0,0.6709059268032846,1247214.117927306
DE12B,DE,SFH,134948.0,0.22323608620564162,414995.88425628777
DE12C,DE,MFH_HIGH,50514.0,0.1360595156007585,158917.5142216859
DE12C,DE,OTHER,250043.0,0.6734911006722979,786637.6055852439
DE12C,DE,SFH,70707.0,0.19044938372694364,222444.8801930702
DE131,DE,MFH_HIGH,207953.0,0.2730210037365067,586995.1580334894
DE131,DE,OTHER,511183.0,0.6711309562883858,1442931.5560200296
DE131,DE,SFH,42538.0,0.05584803997510746,120073.28594648105
DE132,DE,MFH_HIGH,136216.0,0.16354777747628116,383355.990404403
DE132,DE,OTHER,561635.0,0.6743272156199798,1580622.9934132325
DE132,DE,SFH,135031.0,0.16212500690373907,380021.0161823644
DE133,DE,MFH_HIGH,84050.0,0.1621366152896468,213533.92233646484
DE133,DE,OTHER,348563.0,0.6723953008352784,885544.6112000617
DE133,DE,SFH,85777.0,0.16546808387507475,217921.46646347345
DE134,DE,MFH_HIGH,198444.0,0.1473386909959194,571379.4436821755
DE134,DE,OTHER,905696.0,0.6724519918981687,2607768.8245810983
DE134,DE,SFH,242716.0,0.18020931710591184,698851.7317367261
DE135,DE,MFH_HIGH,47280.0,0.1099777857898838,148140.07745897348
DE135,DE,OTHER,289497.0,0.6733976111001267,907066.5821518707
DE135,DE,SFH,93128.0,0.2166246031099894,291793.3403891557
DE136,DE,MFH_HIGH,115157.0,0.17253354948033328,363355.6552055819
DE136,DE,OTHER,449045.0,0.6727800109971278,1416874.7031599511
DE136,DE,SFH,103245.0,0.15468643952253885,325769.6416344668
DE137,DE,MFH_HIGH,54516.0,0.12571602512660154,168333.75764451947
DE137,DE,OTHER,291312.0,0.6717768492127183,899509.2010958298
DE137,DE,SFH,87816.0,0.2025071256606802,271157.0412596508
DE138,DE,MFH_HIGH,188925.0,0.2020938387185801,515945.570248535
DE138,DE,OTHER,627692.0,0.6714446781153526,1714198.2632284951
DE138,DE,SFH,118221.0,0.12646148316606728,322856.1665229698
DE139,DE,MFH_HIGH,137267.0,0.18572810607854412,368484.56245983153
DE139,DE,OTHER,495696.0,0.6706978317491459,1330664.4981903054
DE139,DE,SFH,106112.0,0.14357406217230997,284850.939349863
DE13A,DE,MFH_HIGH,83310.0,0.1567887200951535,239416.37558529936
DE13A,DE,OTHER,358194.0,0.6741180987368073,1029378.3367711047
DE13A,DE,SFH,89848.0,0.16909318116803926,258205.28764359595
DE141,DE,MFH_HIGH,131835.0,0.1477338180286021,420302.712291373
DE141,DE,OTHER,599554.0,0.6718580159617742,1911436.0554112475
DE141,DE,SFH,160993.0,0.18040816600962367,513261.23229737935
DE142,DE,MFH_HIGH,119113.0,0.16652849060006628,333390.0381813327
DE142,DE,OTHER,479767.0,0.6707485694233375,1342838.6359855216
DE142,DE,SFH,116391.0,0.1627229399765963,325771.32583314576
DE143,DE,MFH_HIGH,58864.0,0.09942823360499979,185831.3686077446
DE143,DE,OTHER,398026.0,0.6723128246273383,1256552.6692284953
DE143,DE,SFH,135135.0,0.22825894176766184,426615.96216376
DE144,DE,MFH_HIGH,94561.0,0.23021826193867242,300665.05009190616
DE144,DE,OTHER,275316.0,0.6702844830734397,875391.5348939123
DE144,DE,SFH,40868.0,0.09949725498788786,129943.41501418155
DE145,DE,MFH_HIGH,58156.0,0.09818805589135089,174872.92754249595
DE145,DE,OTHER,397958.0,0.671894943710197,1196644.8947478607
DE145,DE,SFH,136178.0,0.22991700039845211,409482.1777096432
DE146,DE,MFH_HIGH,61165.0,0.10006936877685177,184728.05476206838
DE146,DE,OTHER,411061.0,0.6725188391855058,1241469.7771364436
DE146,DE,SFH,139000.0,0.2274117920376424,419802.16810148786
DE147,DE,MFH_HIGH,127720.0,0.18321066213756293,344436.04481861833
DE147,DE,OTHER,468885.0,0.6726020303505418,1264491.8170590186
DE147,DE,SFH,100516.0,0.14418730751189535,271072.13812236325
DE148,DE,MFH_HIGH,124611.0,0.14259297190846018,393271.4165235332
DE148,DE,OTHER,589242.0,0.6742724795827407,1859643.4986891989
DE148,DE,SFH,160040.0,0.18313454850879912,505085.08478726796
DE149,DE,MFH_HIGH,40777.0,0.10240537228271789,133536.6054566641
DE149,DE,OTHER,268465.0,0.6742099288785309,879169.7472576044
DE149,DE,SFH,88950.0,0.22338469883875114,291293.6472857315
DE211,DE,MFH_HIGH,90064.0,0.20180780934199147,251250.72263077938
DE211,DE,OTHER,298639.0,0.6691650645550163,833110.5053709954
DE211,DE,SFH,57583.0,0.12902712610299225,160638.77199822533
DE212,DE,MFH_HIGH,1495800.0,0.2890023757007699,4323475.540483518
DE212,DE,OTHER,3465753.0,0.6696154904345971,10017447.736901572
DE212,DE,SFH,214183.0,0.04138213386463297,619076.7226149093
DE213,DE,MFH_HIGH,48848.0,0.2345090470909606,144223.06396094078
DE213,DE,OTHER,139785.0,0.6710785937522503,412713.33515763393
DE213,DE,SFH,19666.0,0.09441235915678904,58063.600881425264
DE214,DE,MFH_HIGH,43959.0,0.12578870107907184,129813.93951360213
DE214,DE,OTHER,234594.0,0.6712908514967079,692772.1587446025
DE214,DE,SFH,70914.0,0.2029204474242203,209413.90174179536
DE215,DE,MFH_HIGH,60493.0,0.1815085858995016,195484.74701376323
DE215,DE,OTHER,224563.0,0.6737988292091611,725681.3390582665
DE215,DE,SFH,48223.0,0.1446925848913373,155833.91392797028
DE216,DE,MFH_HIGH,66898.0,0.16700034449531437,189378.39065768648
DE216,DE,OTHER,270516.0,0.6753006844972116,765790.9762198379
DE216,DE,SFH,63172.0,0.15769897100747404,178830.63312247556
DE217,DE,MFH_HIGH,69064.0,0.14936147665956595,189390.35240432963
DE217,DE,OTHER,310402.0,0.6712918608548968,851198.0795640091
DE217,DE,SFH,82929.0,0.17934666248553727,227411.56803166124
DE218,DE,MFH_HIGH,61740.0,0.14307331870311707,174549.44881780283
DE218,DE,OTHER,290187.0,0.6724654540735574,820407.85396974
DE218,DE,SFH,79600.0,0.18446122722332553,225042.69721245713
DE219,DE,MFH_HIGH,27335.0,0.06968325791855204,84107.69230769231
DE219,DE,OTHER,262933.0,0.6702772289847684,809024.6153846155
DE219,DE,SFH,102007.0,0.2600395130966796,313867.6923076923
DE21A,DE,MFH_HIGH,51161.0,0.12367318621443196,147665.78434003177
DE21A,DE,OTHER,277885.0,0.67174064915067,802058.3350859
DE21A,DE,SFH,84633.0,0.20458616463489807,244275.8805740683
DE21B,DE,MFH_HIGH,88707.0,0.15899106888412132,261540.30831437957
DE21B,DE,OTHER,374347.0,0.6709485121079979,1103710.3024176564
DE21B,DE,SFH,94883.0,0.17006041900788083,279749.38926796394
DE21C,DE,MFH_HIGH,112469.0,0.1669467196689239,318200.44768896897
DE21C,DE,OTHER,451622.0,0.6703786059298007,1277741.6229022
DE21C,DE,SFH,109591.0,0.16267467440127537,310057.9294088308
DE21D,DE,MFH_HIGH,56969.0,0.19533545690509418,170527.85387814723
DE21D,DE,OTHER,197067.0,0.6757038474594287,589889.4588320813
DE21D,DE,SFH,37611.0,0.12896069563547713,112582.68728977154
DE21E,DE,MFH_HIGH,39381.0,0.10773965856861457,119806.5003282994
DE21E,DE,OTHER,245795.0,0.6724529437513679,747767.6734515211
DE21E,DE,SFH,80344.0,0.2198073976800175,244425.82622017947
DE21F,DE,MFH_HIGH,47309.0,0.15549690380089665,149277.0276488608
DE21F,DE,OTHER,206005.0,0.6771045608130316,650020.3783805104
DE21F,DE,SFH,50930.0,0.16739853538607172,160702.59397062886
DE21G,DE,MFH_HIGH,43678.0,0.12155704787641135,123380.40359455752
DE21G,DE,OTHER,241560.0,0.6722679720918064,682351.9916731835
DE21G,DE,SFH,74083.0,0.20617498003178217,209267.60473225891
DE21H,DE,MFH_HIGH,202808.0,0.18752612132128577,758730.6868659222
DE21H,DE,OTHER,725241.0,0.6705930325883132,2713219.409852315
DE21H,DE,SFH,153443.0,0.14188084609040102,574049.9032817625
DE21I,DE,MFH_HIGH,27471.0,0.09354695906831029,83911.62228427433
DE21I,DE,OTHER,197239.0,0.6716576993802357,602476.9563440714
DE21I,DE,SFH,68950.0,0.23479534155145407,210611.4213716543
DE21J,DE,MFH_HIGH,36895.0,0.09565724656468758,109431.89007000258
DE21J,DE,OTHER,258823.0,0.6710474462017112,767678.2784547576
DE21J,DE,SFH,89982.0,0.23329530723360126,266889.83147523983
DE21K,DE,MFH_HIGH,102700.0,0.13176058831680018,311482.03078091564
DE21K,DE,OTHER,525935.0,0.6747566213865268,1595124.6529577493
DE21K,DE,SFH,150809.0,0.193482790296673,457393.316261335
DE21L,DE,MFH_HIGH,64130.0,0.1485670335474694,199228.39198715644
DE21L,DE,OTHER,289894.0,0.6715841513053188,900594.3469004325
DE21L,DE,SFH,77633.0,0.1798488151472118,241177.261112411
DE21M,DE,MFH_HIGH,69020.0,0.12941500741576867,219876.09759939098
DE21M,DE,OTHER,359911.0,0.6748462001451279,1146563.6940465723
DE21M,DE,SFH,104392.0,0.1957387924391035,332560.20835403685
DE21N,DE,MFH_HIGH,53438.0,0.12681755292766336,158395.12360665153
DE21N,DE,OTHER,284149.0,0.6743343846484264,842243.6464258846
DE21N,DE,SFH,83790.0,0.19884806242391018,248361.22996746382
DE221,DE,MFH_HIGH,49157.0,0.21470439218700862,150507.77892309305
DE221,DE,OTHER,153621.0,0.6709747021209685,470353.2661867989
DE221,DE,SFH,26174.0,0.11432090569202279,80138.95489010797
DE222,DE,MFH_HIGH,40310.0,0.21821036106750394,125470.95761381477
DE222,DE,OTHER,123908.0,0.6707519081903318,385682.3472094408
DE222,DE,SFH,20512.0,0.11103773074216423,63846.69517674443
DE223,DE,MFH_HIGH,30672.0,0.19948360074663268,95153.6775561438
DE223,DE,OTHER,103047.0,0.6701938773519255,319682.47949686844
DE223,DE,SFH,20038.0,0.1303225219014419,62163.84294698778
DE224,DE,MFH_HIGH,40377.0,0.10708062937749124,128603.83588236698
DE224,DE,OTHER,253625.0,0.6726186845448204,807815.0401383294
DE224,DE,SFH,83069.0,0.2203006860776883,264581.12397930364
DE225,DE,MFH_HIGH,16579.0,0.06958656873032529,56434.70724029381
DE225,DE,OTHER,160364.0,0.6730912906610703,545877.0367261281
DE225,DE,SFH,61307.0,0.2573221406086044,208688.2560335782
DE226,DE,MFH_HIGH,35224.0,0.09479417843610058,103136.06613847743
DE226,DE,OTHER,249328.0,0.6709869100930073,730033.7581811919
DE226,DE,SFH,87032.0,0.2342189114708922,254830.1756803307
DE227,DE,MFH_HIGH,36619.0,0.07653081483927462,109056.41114596634
DE227,DE,OTHER,321221.0,0.6713264937187426,956640.2535492083
DE227,DE,SFH,120647.0,0.25214269144198276,359303.33530482545
DE228,DE,MFH_HIGH,49909.0,0.08424967167121881,152913.15408326214
DE228,DE,OTHER,398314.0,0.6723802064166754,1220370.074646266
DE228,DE,SFH,144171.0,0.2433701219121058,441716.77127047203
DE229,DE,MFH_HIGH,21776.0,0.09085181924760208,74771.0472407765
DE229,DE,OTHER,161427.0,0.6734908443094536,554282.9648666803
DE229,DE,SFH,56484.0,0.23565733644294434,193945.9878925432
DE22A,DE,MFH_HIGH,27183.0,0.0753354802591831,88142.51190324423
DE22A,DE,OTHER,242992.0,0.6734326240348534,787916.1701207785
DE22A,DE,SFH,90651.0,0.25123189570596355,293941.3179759774
DE22B,DE,MFH_HIGH,15324.0,0.050979909444457384,46748.57696056742
DE22B,DE,OTHER,201787.0,0.6713053371879876,615586.9942013846
DE22B,DE,SFH,83478.0,0.277714753367555,254664.42883804796
DE22C,DE,MFH_HIGH,23285.0,0.07811399241839713,69521.45325237345
DE22C,DE,OTHER,200146.0,0.6714280921869235,597571.0020463619
DE22C,DE,SFH,74659.0,0.2504579153946795,222907.54470126473
DE231,DE,MFH_HIGH,28730.0,0.20293417530178778,90914.51053520093
DE231,DE,OTHER,94878.0,0.6701701595643237,300236.231484817
DE231,DE,SFH,17965.0,0.12689566513388853,56849.25797998206
DE232,DE,MFH_HIGH,138534.0,0.2616109770329832,388492.30089398
DE232,DE,OTHER,354329.0,0.6691235067284559,993648.407491757
DE232,DE,SFH,36679.0,0.06926551623856086,102859.29161426288
DE233,DE,MFH_HIGH,30610.0,0.21178700910525006,102716.69941604628
DE233,DE,OTHER,96983.0,0.6710140314947555,325441.8052749564
DE233,DE,SFH,16939.0,0.11719895939999446,56841.49530899731
DE234,DE,MFH_HIGH,25765.0,0.0821195219123506,84747.34661354581
DE234,DE,OTHER,210622.0,0.6713051792828685,692786.9450199202
DE234,DE,SFH,77363.0,0.24657529880478088,254465.70836653386
DE235,DE,MFH_HIGH,27767.0,0.07170692277696143,92215.1026911724
DE235,DE,OTHER,260374.0,0.672403151623458,864710.4529877669
DE235,DE,SFH,99088.0,0.2558899255995806,329074.44432106067
DE236,DE,MFH_HIGH,31668.0,0.07887756144095764,98518.0742397561
DE236,DE,OTHER,269891.0,0.6722351880403404,839621.7498623852
DE236,DE,SFH,99924.0,0.24888725051870192,310860.1758978587
DE237,DE,MFH_HIGH,22621.0,0.07775249539417604,73942.62311986141
DE237,DE,OTHER,195256.0,0.6711304204361097,638245.0298347403
DE237,DE,SFH,73059.0,0.2511170841697143,238812.3470453983
DE238,DE,MFH_HIGH,52068.0,0.08954731038183325,156976.4350993537
DE238,DE,OTHER,389460.0,0.66979902245734,1174157.686367717
DE238,DE,SFH,139930.0,0.24065366716082676,421865.8785329293
DE239,DE,MFH_HIGH,39194.0,0.0862914322827798,127193.57118481743
DE239,DE,OTHER,304823.0,0.6711132638346121,989220.9508922183
DE239,DE,SFH,110188.0,0.24259530388260808,357585.4779229643
DE23A,DE,MFH_HIGH,20014.0,0.08860613788096124,69289.99982291169
DE23A,DE,OTHER,151911.0,0.6725415714816979,525927.5088986878
DE23A,DE,SFH,53951.0,0.23885229063734084,186782.49127840053
DE241,DE,MFH_HIGH,62463.0,0.2448905181032286,187831.02738517633
DE241,DE,OTHER,171242.0,0.6713661223609668,514937.81585086155
DE241,DE,SFH,21360.0,0.0837433595358046,64231.15676396213
DE242,DE,MFH_HIGH,60651.0,0.23700128951584543,193156.05095541402
DE242,DE,OTHER,171616.0,0.6706107615958735,546547.7707006369
DE242,DE,SFH,23643.0,0.09238794888828103,75296.17834394904
DE243,DE,MFH_HIGH,29031.0,0.2044839827571634,103673.37925788184
DE243,DE,OTHER,95238.0,0.6708224156876004,340106.9647536134
DE243,DE,SFH,17703.0,0.12469360155523625,63219.655988504775
DE244,DE,MFH_HIGH,34706.0,0.22277138749101366,120519.3206326384
DE244,DE,OTHER,104591.0,0.671350261887645,363200.49168121594
DE244,DE,SFH,16495.0,0.10587835062134128,57280.18768614563
DE245,DE,MFH_HIGH,42231.0,0.09387482911540129,126543.26964756094
DE245,DE,OTHER,301765.0,0.6707901259266669,904225.089749147
DE245,DE,SFH,105869.0,0.2353350449579318,317231.6406032921
DE246,DE,MFH_HIGH,26933.0,0.08395547395425824,90420.04544873613
DE246,DE,OTHER,215269.0,0.671035938167275,722705.7054061552
DE246,DE,SFH,78599.0,0.24500858787846672,263874.2491451086
DE247,DE,MFH_HIGH,27424.0,0.10256026687210633,89022.3116449883
DE247,DE,OTHER,179504.0,0.6713090046897088,582696.2160706673
DE247,DE,SFH,60466.0,0.22613072843818485,196281.47228434446
DE248,DE,MFH_HIGH,36069.0,0.10126507647732633,109872.60797789907
DE248,DE,OTHER,238979.0,0.6709425465489747,727972.6630056375
DE248,DE,SFH,81136.0,0.22779237697369897,247154.7290164634
DE249,DE,MFH_HIGH,27643.0,0.09299047657493095,101359.61946667473
DE249,DE,OTHER,199831.0,0.6722273242573175,732727.783440476
DE249,DE,SFH,69793.0,0.23478219916775156,255912.5970928492
DE24A,DE,MFH_HIGH,14846.0,0.07201377604229828,54442.4146879775
DE24A,DE,OTHER,138572.0,0.6721738497732289,508163.43042856106
DE24A,DE,SFH,52737.0,0.25581237418447283,193394.15488346145
DE24B,DE,MFH_HIGH,23336.0,0.10214211304964414,79466.56395262314
DE24B,DE,OTHER,153432.0,0.6715747638598304,522485.16628294805
DE24B,DE,SFH,51698.0,0.2262831230905255,176048.26976442884
DE24C,DE,MFH_HIGH,20008.0,0.09554781927670568,68412.23860212126
DE24C,DE,OTHER,140753.0,0.6721632450346938,481268.8834448408
DE24C,DE,SFH,48642.0,0.23228893568860046,166318.87795303794
DE24D,DE,MFH_HIGH,29893.0,0.12771511578227804,108557.84841493634
DE24D,DE,OTHER,157213.0,0.6716782021703837,570926.4718448261
DE24D,DE,SFH,46954.0,0.20060668204733828,170515.67974023754
DE251,DE,MFH_HIGH,24977.0,0.18893057593682394,84829.82859563395
DE251,DE,OTHER,88734.0,0.6712001331296047,301368.8597751925
DE251,DE,SFH,18491.0,0.13986929093357137,62801.31162917354
DE252,DE,MFH_HIGH,93579.0,0.23938819520655702,274099.4835115078
DE252,DE,OTHER,261559.0,0.6691045742103661,766124.7374708691
DE252,DE,SFH,35771.0,0.09150723058307687,104775.77901762302
DE253,DE,MFH_HIGH,107520.0,0.24928069813433615,285924.9607600836
DE253,DE,OTHER,288991.0,0.6700137484611229,768505.769484908
DE253,DE,SFH,34810.0,0.08070555340454093,92569.26975500844
DE254,DE,MFH_HIGH,468952.0,0.2626636144532425,1384237.248168588
DE254,DE,OTHER,1197161.0,0.670539064429746,3533740.8695447613
DE254,DE,SFH,119258.0,0.06679732111701153,352021.88228665077
DE255,DE,MFH_HIGH,22252.0,0.16939707673568818,66064.85992691839
DE255,DE,OTHER,88180.0,0.671285018270402,261801.15712545678
DE255,DE,SFH,20928.0,0.15931790499390985,62133.98294762484
DE256,DE,MFH_HIGH,46246.0,0.08255192295677476,144713.52094322615
DE256,DE,OTHER,376783.0,0.6725805731830312,1179033.7447898537
DE256,DE,SFH,137176.0,0.24486750386019404,429252.73426692013
DE257,DE,MFH_HIGH,43383.0,0.1024621815991781,128692.50008856769
DE257,DE,OTHER,283920.0,0.6705636447373082,842227.9377900591
DE257,DE,SFH,96102.0,0.22697417366351366,285079.56212137314
DE258,DE,MFH_HIGH,50586.0,0.13570079618859585,150085.080584587
DE258,DE,OTHER,249697.0,0.6698312123098054,740833.3208146447
DE258,DE,SFH,72493.0,0.19446799150159882,215081.5986007683
DE259,DE,MFH_HIGH,65475.0,0.12296513593305138,204245.09078479835
DE259,DE,OTHER,357110.0,0.6706694111195415,1113981.8918695585
DE259,DE,SFH,109883.0,0.20636545294740716,342773.0173456433
DE25A,DE,MFH_HIGH,26058.0,0.08536133941762457,81520.07914383146
DE25A,DE,OTHER,205296.0,0.672512914923657,642249.8337520924
DE25A,DE,SFH,73913.0,0.24212574565871844,231230.0871040761
DE25B,DE,MFH_HIGH,37125.0,0.09547628844769057,116576.54819463019
DE25B,DE,OTHER,260784.0,0.6706717415903714,818890.1964818434
DE25B,DE,SFH,90931.0,0.23385196996193808,285533.2553235264
DE25C,DE,MFH_HIGH,29178.0,0.10155369001378274,93327.84112266634
DE25C,DE,OTHER,193123.0,0.6721623578220496,617717.2068384635
DE25C,DE,SFH,65015.0,0.2262839521641677,207954.9520388701
DE261,DE,MFH_HIGH,56080.0,0.23269902654793817,172197.27964547425
DE261,DE,OTHER,161782.0,0.6713001767649525,496762.1308060648
DE261,DE,SFH,23136.0,0.09600079668710944,71040.58954846098
DE262,DE,MFH_HIGH,45082.0,0.24806448950394805,135939.34024816353
DE262,DE,OTHER,121789.0,0.6701460918370155,367240.05832668446
DE262,DE,SFH,14864.0,0.08178941865903651,44820.60142515201
DE263,DE,MFH_HIGH,118455.0,0.2550875379546482,350490.27714968665
DE263,DE,OTHER,311336.0,0.6704481340310529,921195.7361586667
DE263,DE,SFH,34579.0,0.07446432801429895,102313.98669164676
DE264,DE,MFH_HIGH,53979.0,0.10148336153412296,169578.69712351947
DE264,DE,OTHER,356663.0,0.6705452152660274,1120481.0547095318
DE264,DE,SFH,121258.0,0.2279714231998496,380940.2481669487
DE265,DE,MFH_HIGH,33949.0,0.104744009823704,110085.9543247129
DE265,DE,OTHER,217472.0,0.6709737931715384,705193.4566232868
DE265,DE,SFH,72693.0,0.22428219700475757,235720.5890520002
DE266,DE,MFH_HIGH,20846.0,0.08534732997883307,69302.03194281245
DE266,DE,OTHER,164111.0,0.6719003967262916,545583.1221417488
DE266,DE,SFH,59292.0,0.2427522732948753,197114.84591543875
DE267,DE,MFH_HIGH,18972.0,0.07454177553385852,60751.547060094694
DE267,DE,OTHER,170961.0,0.6717128656464255,547445.9855018368
DE267,DE,SFH,64582.0,0.25374535881971594,206802.4674380685
DE268,DE,MFH_HIGH,28912.0,0.10373618172489389,90354.21428238259
DE268,DE,OTHER,187384.0,0.6723333106093496,585602.3135407435
DE268,DE,SFH,62411.0,0.2239305076657565,195043.4721768739
DE269,DE,MFH_HIGH,40862.0,0.103916911229903,131039.22506090769
DE269,DE,OTHER,264233.0,0.6719758505460075,847361.5475385154
DE269,DE,SFH,88123.0,0.22410723822408943,282599.22740057675
DE26A,DE,MFH_HIGH,33031.0,0.08447156363561968,105589.4545445246
DE26A,DE,OTHER,262553.0,0.6714378143932322,839297.2679915403
DE26A,DE,SFH,95447.0,0.24409062197114806,305113.2774639351
DE26B,DE,MFH_HIGH,30649.0,0.08751531211005874,96004.29738473444
DE26B,DE,OTHER,234737.0,0.6702692361505712,735285.3520571766
DE26B,DE,SFH,84827.0,0.24221545173937004,265710.3505580889
DE26C,DE,MFH_HIGH,50180.0,0.10031465777468584,154885.83160411494
DE26C,DE,OTHER,335279.0,0.6702550447197867,1034873.7890473506
DE26C,DE,SFH,114767.0,0.22943029750552751,354240.3793485345
DE271,DE,MFH_HIGH,270096.0,0.26913545555910956,731510.1682096598
DE271,DE,OTHER,671506.0,0.6691179181501222,1818662.5015320322
DE271,DE,SFH,61967.0,0.06174662629076825,167827.3302583081
DE272,DE,MFH_HIGH,30516.0,0.20756642043831366,90914.09215198139
DE272,DE,OTHER,98754.0,0.6717136677141574,294210.58645880094
DE272,DE,SFH,17748.0,0.12071991184752888,52875.32138921765
DE273,DE,MFH_HIGH,54041.0,0.2433194206187331,179569.73241662502
DE273,DE,OTHER,149229.0,0.671903070252455,495864.46584631177
DE273,DE,SFH,18829.0,0.08477750912881192,62565.8017370632
DE274,DE,MFH_HIGH,27369.0,0.19553755144032922,87600.82304526749
DE274,DE,OTHER,94204.0,0.6730395518975766,301521.7192501143
DE274,DE,SFH,18395.0,0.1314228966620942,58877.4577046182
DE275,DE,MFH_HIGH,38453.0,0.09534967913430734,116326.60854385495
DE275,DE,OTHER,270289.0,0.6702199938504875,817668.3924975947
DE275,DE,SFH,94542.0,0.23443032701520516,286004.9989585503
DE276,DE,MFH_HIGH,99502.0,0.12580539119000658,287339.51347797504
DE276,DE,OTHER,530327.0,0.6705191422647044,1531465.720932585
DE276,DE,SFH,161091.0,0.20367546654528904,465194.7655894402
DE277,DE,MFH_HIGH,21651.0,0.07523115572651176,68008.96477676663
DE277,DE,OTHER,193517.0,0.6724173277320852,607865.264269805
DE277,DE,SFH,72625.0,0.25235151654140303,228125.77095342835
DE278,DE,MFH_HIGH,37079.0,0.09684361736859289,115631.27913809991
DE278,DE,OTHER,257744.0,0.6731805419523343,803777.5670910872
DE278,DE,SFH,88052.0,0.2299758406790728,274591.15377081296
DE279,DE,MFH_HIGH,85083.0,0.15162391182314733,241082.01979880425
DE279,DE,OTHER,376253.0,0.6705094048775272,1066109.9537552681
DE279,DE,SFH,99809.0,0.17786668329932548,282808.0264459275
DE27A,DE,MFH_HIGH,46653.0,0.1790572178638869,140738.9732410151
DE27A,DE,OTHER,176064.0,0.6757449682975881,531135.5450819043
DE27A,DE,SFH,37831.0,0.14519781383852495,114125.4816770806
DE27B,DE,MFH_HIGH,48463.0,0.1130999750289967,155060.0657647545
DE27B,DE,OTHER,289646.0,0.6759580580494146,926738.4975857474
DE27B,DE,SFH,90388.0,0.2109419669215887,289201.4366494981
DE27C,DE,MFH_HIGH,38262.0,0.08847625764530413,119796.8528517418
DE27C,DE,OTHER,291846.0,0.6748586558138997,913758.6199720202
DE27C,DE,SFH,102347.0,0.23666508654079615,320444.527176238
DE27D,DE,MFH_HIGH,34015.0,0.08474766299256542,109324.48526040939
DE27D,DE,OTHER,269606.0,0.6717177253792032,866515.8657391721
DE27D,DE,SFH,97747.0,0.24353461162823145,314159.64900041855
DE27E,DE,MFH_HIGH,81458.0,0.16798026915446893,257177.79207549192
DE27E,DE,OTHER,328123.0,0.6766455087992808,1035944.2739716988
DE27E,DE,SFH,75345.0,0.15537422204625034,237877.93395280928
DE300,DE,MFH_HIGH,3692351.0,0.2897456883630925,9482507.143058928
DE300,DE,OTHER,8581015.0,0.6733682951672314,22037324.195937984
DE300,DE,SFH,470054.0,0.03688601646967612,1207168.6610030902
DE401,DE,MFH_HIGH,62361.0,0.24269041123612123,170611.3590989932
DE401,DE,OTHER,172185.0,0.6700926614180582,471075.14097689494
DE401,DE,SFH,22411.0,0.08721692734582051,61313.49992411182
DE402,DE,MFH_HIGH,85754.0,0.2506723258968243,249920.30891913385
DE402,DE,OTHER,229027.0,0.6694816659651092,667473.2209672139
DE402,DE,SFH,27315.0,0.07984600813806651,79606.4701136523
DE403,DE,MFH_HIGH,51354.0,0.2575710459529136,152224.48815817194
DE403,DE,OTHER,133498.0,0.6695723700709205,395717.27071191405
DE403,DE,SFH,14526.0,0.07285658397616587,43058.24112991403
DE404,DE,MFH_HIGH,172490.0,0.27130453930604925,437885.5264399635
DE404,DE,OTHER,425144.0,0.6686967189908459,1079276.5044512253
DE404,DE,SFH,38146.0,0.059998741703104846,96837.96910881122
DE405,DE,MFH_HIGH,87256.0,0.14177501486707375,236197.17476854488
DE405,DE,OTHER,412247.0,0.6698258521351718,1115929.869657196
DE405,DE,SFH,115951.0,0.18839913299775451,313872.95557425905
DE406,DE,MFH_HIGH,72629.0,0.12799460029113313,211447.07968095192
DE406,DE,OTHER,380158.0,0.6699551316619613,1106765.8775055602
DE406,DE,SFH,114651.0,0.20205026804690557,333787.042813488
DE407,DE,MFH_HIGH,35461.0,0.10851643307423955,120019.17498010895
DE407,DE,OTHER,219619.0,0.6720698941183672,743309.302894914
DE407,DE,SFH,71700.0,0.21941367280739335,242671.52212497705
DE408,DE,MFH_HIGH,68642.0,0.12780591345795786,185190.76860058095
DE408,DE,OTHER,359515.0,0.6693881730840843,969943.4627988382
DE408,DE,SFH,108923.0,0.20280591345795784,293865.7686005809
DE409,DE,MFH_HIGH,79007.0,0.12385037065601961,223673.76940477142
DE409,DE,OTHER,427265.0,0.6697751923037734,1209613.9973006146
DE409,DE,SFH,131651.0,0.20637443704020705,372712.23329461395
DE40A,DE,MFH_HIGH,98575.0,0.14020592456259875,275785.05361463176
DE40A,DE,OTHER,470938.0,0.6698280263927074,1317551.7279144556
DE40A,DE,SFH,133560.0,0.1899660490446938,373663.2184709127
DE40B,DE,MFH_HIGH,62559.0,0.1688615965989608,193008.8049126122
DE40B,DE,OTHER,248523.0,0.6708225926175855,766750.2233619002
DE40B,DE,SFH,59393.0,0.16031581078345367,183240.97172548753
DE40C,DE,MFH_HIGH,85457.0,0.1445767437453898,247804.53877959814
DE40C,DE,OTHER,395689.0,0.669429387362879,1147401.9699399746
DE40C,DE,SFH,109938.0,0.1859938688917311,318793.49128042714
DE40D,DE,MFH_HIGH,51880.0,0.1554736432017741,156872.90599059005
DE40D,DE,OTHER,223668.0,0.6702867931313494,676319.3742695316
DE40D,DE,SFH,58142.0,0.17423956366687643,175807.71973987832
DE40E,DE,MFH_HIGH,73974.0,0.10832951361990215,212109.1876677684
DE40E,DE,OTHER,457259.0,0.6696223682418531,1311120.5970175483
DE40E,DE,SFH,151628.0,0.22204811813824482,434770.2153146834
DE40F,DE,MFH_HIGH,34990.0,0.1358798013257892,113731.39370968555
DE40F,DE,OTHER,173114.0,0.6722691033641804,562689.239515819
DE40F,DE,SFH,49403.0,0.19185109531003042,160579.36677449546
DE40G,DE,MFH_HIGH,50191.0,0.1352853496351762,157201.57627607475
DE40G,DE,OTHER,248783.0,0.670572316516667,779205.0317923671
DE40G,DE,SFH,72027.0,0.19414233384815674,225593.39193155814
DE40H,DE,MFH_HIGH,79223.0,0.14144943579488645,219670.97378945866
DE40H,DE,OTHER,375266.0,0.6700221396943293,1040544.3829452934
DE40H,DE,SFH,105591.0,0.18852842451078416,292784.6432652478
DE40I,DE,MFH_HIGH,72824.0,0.18009070810685157,220971.29884710687
DE40I,DE,OTHER,271288.0,0.6708838847205805,823174.5265521522
DE40I,DE,SFH,60262.0,0.14902540717256796,182854.1746007409
DE501,DE,MFH_HIGH,402069.0,0.2085650541268304,1174221.2547340551
DE501,DE,OTHER,1291114.0,0.6697389286264509,3770630.1681669187
DE501,DE,SFH,234604.0,0.12169601724671865,685148.577099026
DE502,DE,MFH_HIGH,94487.0,0.23540593802864623,268833.58122871397
DE502,DE,OTHER,269070.0,0.6703639203844746,765555.5970790699
DE502,DE,SFH,37822.0,0.09423014158687923,107610.82169221608
DE600,DE,MFH_HIGH,1648783.0,0.2614179278293257,4934001.969850694
DE600,DE,OTHER,4221742.0,0.6693658567986407,12633611.181217544
DE600,DE,SFH,436552.0,0.06921621537203367,1306386.8489317633
DE711,DE,MFH_HIGH,136928.0,0.25145304262074714,380951.35957043193
DE711,DE,OTHER,365032.0,0.670340668482243,1015566.1127505982
DE711,DE,SFH,42587.0,0.07820628889700981,118482.52767896987
DE712,DE,MFH_HIGH,743233.0,0.28960996351201174,2299213.5003218614
DE712,DE,OTHER,1717598.0,0.6692833796512054,5313440.75105092
DE712,DE,SFH,105493.0,0.041106656836782884,326345.7486272193
DE713,DE,MFH_HIGH,120710.0,0.2805819442927108,293488.7137301755
DE713,DE,OTHER,287952.0,0.6693242649571259,700113.1811451537
DE713,DE,SFH,21551.0,0.05009379075016329,52398.1051246708
DE714,DE,MFH_HIGH,252319.0,0.2627583908692347,773823.4611098962
DE714,DE,OTHER,643315.0,0.6699313734678788,1972947.894862903
DE714,DE,SFH,64636.0,0.06731023566288648,198228.64402720067
DE715,DE,MFH_HIGH,113860.0,0.13422929560860594,328996.00353669317
DE715,DE,OTHER,569267.0,0.6711075744179192,1644884.66489832
DE715,DE,SFH,165123.0,0.1946631299734748,477119.3315649867
DE716,DE,MFH_HIGH,120394.0,0.12996375082850622,339205.3896624012
DE716,DE,OTHER,621498.0,0.6708989751350978,1751046.3251026052
DE716,DE,SFH,184474.0,0.19913727403639597,519748.2852349935
DE717,DE,MFH_HIGH,145887.0,0.17543013674909452,403840.1747964156
DE717,DE,OTHER,557685.0,0.6706201088028322,1543767.4904641197
DE717,DE,SFH,128024.0,0.15394975444807335,354392.33473946486
DE718,DE,MFH_HIGH,128653.0,0.17021104884076607,418378.758050603
DE718,DE,OTHER,506857.0,0.6705841417011976,1648295.8203015437
DE718,DE,SFH,120334.0,0.1592048094580363,391325.4216478532
DE719,DE,MFH_HIGH,195069.0,0.1489187740762286,600887.2533975824
DE719,DE,OTHER,878054.0,0.6703203751120312,2704742.713577046
DE719,DE,SFH,236779.0,0.18076085081174012,729370.0330253714
DE71A,DE,MFH_HIGH,137309.0,0.18180819102776466,459429.2987271613
DE71A,DE,OTHER,505400.0,0.6691903644002378,1691044.050839401
DE71A,DE,SFH,112532.0,0.14900144457199754,376526.6504334378
DE71B,DE,MFH_HIGH,30786.0,0.10399375753706462,97442.15081222955
DE71B,DE,OTHER,198928.0,0.6719700577968295,629635.9441556293
DE71B,DE,SFH,66323.0,0.22403618466610592,209921.90503214125
DE71C,DE,MFH_HIGH,214609.0,0.19163639545806857,599630.2813882965
DE71C,DE,OTHER,751289.0,0.6708680246741604,2099146.049205448
DE71C,DE,SFH,153978.0,0.13749557986777108,430223.6694062557
DE71D,DE,MFH_HIGH,83306.0,0.14101138335237612,247615.98916677246
DE71D,DE,OTHER,396176.0,0.6706038678007702,1177580.3918581523
DE71D,DE,SFH,111293.0,0.18838474884685372,330803.61897507514
DE71E,DE,MFH_HIGH,126912.0,0.13246257946742346,371425.07282665535
DE71E,DE,OTHER,642797.0,0.6709101479286544,1881232.0547919471
DE71E,DE,SFH,188388.0,0.19662727260392215,551342.8723813978
DE721,DE,MFH_HIGH,136956.0,0.15904458975957972,413993.067144186
DE721,DE,OTHER,577234.0,0.670331673860811,1744873.347059691
DE721,DE,SFH,146927.0,0.1706237363796093,444133.58579612296
DE722,DE,MFH_HIGH,80053.0,0.10193977565175978,260761.94611720153
DE722,DE,OTHER,526537.0,0.6704940933175602,1715123.890706319
DE722,DE,SFH,178707.0,0.2275661310306801,582114.1631764797
DE723,DE,MFH_HIGH,53603.0,0.09995338256134854,170420.51726709926
DE723,DE,OTHER,359827.0,0.6709685239054225,1144001.3332587453
DE723,DE,SFH,122850.0,0.22907809353322892,390578.1494741553
DE724,DE,MFH_HIGH,104952.0,0.13497955089127248,330294.9610309437
DE724,DE,OTHER,521298.0,0.6704452504051238,1640579.527741338
DE724,DE,SFH,151290.0,0.19457519870360368,476125.5112277182
DE725,DE,MFH_HIGH,24868.0,0.07820937392874103,89236.8956526935
DE725,DE,OTHER,213615.0,0.6718149996697771,766540.9146232157
DE725,DE,SFH,79484.0,0.2499756264014819,285222.18972409086
DE731,DE,MFH_HIGH,171746.0,0.25191969478503085,521221.8485102288
DE731,DE,OTHER,456996.0,0.6703288160305332,1386910.320367173
DE731,DE,SFH,53007.0,0.07775148918443592,160867.8311225979
DE732,DE,MFH_HIGH,90240.0,0.13068715025546557,298881.51263424975
DE732,DE,OTHER,463220.0,0.670843326034317,1534218.6866404829
DE732,DE,SFH,137044.0,0.19846952371021748,453899.8007252674
DE733,DE,MFH_HIGH,37117.0,0.09886977808440305,128135.23239738635
DE733,DE,OTHER,252168.0,0.6717082253411576,870533.8600421402
DE733,DE,SFH,86128.0,0.22942199657443935,297330.90756047337
DE734,DE,MFH_HIGH,77089.0,0.10490711469712083,248944.58317626774
DE734,DE,OTHER,492572.0,0.6703201144208668,1590669.631520717
DE734,DE,SFH,165170.0,0.22477277088201233,533385.7853030153
DE735,DE,MFH_HIGH,48693.0,0.08678348773628285,160289.1018489144
DE735,DE,OTHER,376269.0,0.6706084272286245,1238613.7650912693
DE735,DE,SFH,136124.0,0.24260808503509265,448097.13305981614
DE736,DE,MFH_HIGH,52214.0,0.10642040278086333,208158.30783936867
DE736,DE,OTHER,330092.0,0.6727797830991828,1315957.2557420016
DE736,DE,SFH,108333.0,0.22079981411995378,431884.4364186296
DE737,DE,MFH_HIGH,31632.0,0.09929714746718818,109127.56506643981
DE737,DE,OTHER,214032.0,0.6718755395389865,738391.2179533462
DE737,DE,SFH,72895.0,0.22882731299382533,251481.21698021403
DE803,DE,MFH_HIGH,223554.0,0.29255442357144257,541810.7924543116
DE803,DE,OTHER,511107.0,0.6688612763284455,1238731.083760281
DE803,DE,SFH,29484.0,0.03858430010011189,71458.12378540722
DE804,DE,MFH_HIGH,94939.0,0.2712992438746992,238743.33460973532
DE804,DE,OTHER,234437.0,0.6699310171399832,589539.2950831852
DE804,DE,SFH,20566.0,0.058769738985317566,51717.37030707946
DE80J,DE,MFH_HIGH,152634.0,0.1787337787801502,425565.12727553764
DE80J,DE,OTHER,572427.0,0.6703096347195582,1596007.240267268
DE80J,DE,SFH,128913.0,0.1509565865002916,359427.63245719427
DE80K,DE,MFH_HIGH,93709.0,0.13408741316277106,261872.7179068919
DE80K,DE,OTHER,468642.0,0.6705758622910004,1309634.6590543238
DE80K,DE,SFH,136514.0,0.19533672454622852,381492.6230387843
DE80L,DE,MFH_HIGH,132434.0,0.17712373544186644,366823.2561001054
DE80L,DE,OTHER,501443.0,0.6706544940964996,1388925.4572738507
DE80L,DE,SFH,113815.0,0.15222177046163393,315251.28662604385
DE80M,DE,MFH_HIGH,80434.0,0.15412414395701676,214232.5601002533
DE80M,DE,OTHER,349669.0,0.6700205795224171,931328.6055361598
DE80M,DE,SFH,91775.0,0.17585527652056612,244438.8343635869
DE80N,DE,MFH_HIGH,138358.0,0.1771549295774648,446784.7323943662
DE80N,DE,OTHER,523568.0,0.670381562099872,1690702.2996158772
DE80N,DE,SFH,119074.0,0.15246350832266325,384512.9679897567
DE80O,DE,MFH_HIGH,83201.0,0.1224440840497894,241827.06599833406
DE80O,DE,OTHER,456144.0,0.6712916223940474,1325800.9542282436
DE80O,DE,SFH,140157.0,0.2062642935561632,407371.9797734223
DE911,DE,MFH_HIGH,219509.0,0.2464773154724142,621122.8349904838
DE911,DE,OTHER,596161.0,0.6694038188381795,1686897.623472212
DE911,DE,SFH,74915.0,0.08411886568940641,211979.54153730415
DE912,DE,MFH_HIGH,68946.0,0.2028754369651958,188268.4055037017
DE912,DE,OTHER,227687.0,0.6699750473746778,621736.843963701
DE912,DE,SFH,43211.0,0.12714951566012642,117994.75053259732
DE913,DE,MFH_HIGH,83676.0,0.1983421708223013,244159.2122822529
DE913,DE,OTHER,282219.0,0.6689603841878083,823490.2329351921
DE913,DE,SFH,55982.0,0.13269744498989042,163350.5547825551
DE914,DE,MFH_HIGH,40295.0,0.07513784750904842,120145.41816696843
DE914,DE,OTHER,359592.0,0.6705290696481881,1072175.982367453
DE914,DE,SFH,136394.0,0.2543330828427634,406678.5994655787
DE915,DE,OTHER,0.0,1.0,2589000.0
DE916,DE,MFH_HIGH,68896.0,0.1565786154374115,242383.69669711302
DE916,DE,OTHER,295354.0,0.6712453608903455,1039087.8186582548
DE916,DE,SFH,75759.0,0.17217602367224308,266528.48464463226
DE917,DE,MFH_HIGH,32487.0,0.11064790689595275,99693.76411325342
DE917,DE,OTHER,196947.0,0.6707844159028906,604376.7587285044
DE917,DE,SFH,64173.0,0.21856767720115663,196929.47715824214
DE918,DE,MFH_HIGH,44734.0,0.10865995608324751,154840.4374186277
DE918,DE,OTHER,276554.0,0.6717562814558597,957252.7010746001
DE918,DE,SFH,90400.0,0.21958376246089273,312906.8615067721
DE919,DE,OTHER,0.0,1.0,830000.0
DE91A,DE,MFH_HIGH,40801.0,0.09667040228591466,120161.31004139192
DE91A,DE,OTHER,283084.0,0.6707150354330988,833698.7890433419
DE91A,DE,SFH,98178.0,0.23261456228098648,289139.9009152662
DE91B,DE,MFH_HIGH,47778.0,0.12554656295984865,144504.0939667858
DE91B,DE,OTHER,254938.0,0.6699022493167963,771057.4889636326
DE91B,DE,SFH,77844.0,0.20455118772335507,235438.4170695817
DE922,DE,MFH_HIGH,56510.0,0.08335177072731832,173455.03488354944
DE922,DE,OTHER,456141.0,0.6728041063763883,1400105.345369264
DE922,DE,SFH,165319.0,0.24384412289629334,507439.6197471864
DE923,DE,MFH_HIGH,71971.0,0.1451543289554358,224989.2098809255
DE923,DE,OTHER,332480.0,0.6705605214753623,1039368.8082868116
DE923,DE,SFH,91373.0,0.18428514956920197,285641.98183226306
DE925,DE,MFH_HIGH,131303.0,0.14831503064504833,404751.7186303369
DE925,DE,OTHER,593240.0,0.6701020447352191,1828708.4800824127
DE925,DE,SFH,160755.0,0.18158292461973258,495539.8012872502
DE926,DE,MFH_HIGH,22806.0,0.1049362266026172,80800.89448401524
DE926,DE,OTHER,146023.0,0.6718890913441187,517354.6003349714
DE926,DE,SFH,48503.0,0.22317468205326413,171844.50518101337
DE927,DE,MFH_HIGH,32347.0,0.08677212626179982,103953.00726163619
DE927,DE,OTHER,251099.0,0.673583149355788,806952.612928234
DE927,DE,SFH,89335.0,0.2396447243824122,287094.3798101298
DE928,DE,MFH_HIGH,58311.0,0.1161418695114397,178161.6278305485
DE928,DE,OTHER,337693.0,0.67260544907353,1031776.7588787951
DE928,DE,SFH,106063.0,0.21125268141503026,324061.6132906564
DE929,DE,MFH_HIGH,795172.0,0.20869922160217988,2395658.364771423
DE929,DE,OTHER,2550449.0,0.6693856436545277,7683877.803510323
DE929,DE,SFH,464513.0,0.12191513474329249,1399463.8317182546
DE931,DE,MFH_HIGH,53245.0,0.09606866351880687,169272.98512013772
DE931,DE,OTHER,371560.0,0.6703967061141494,1181238.9961731313
DE931,DE,SFH,129434.0,0.23353463036704383,411488.0187067312
DE932,DE,MFH_HIGH,60265.0,0.09482174016341469,183859.3541768611
DE932,DE,OTHER,426791.0,0.6715185481802691,1302074.4649215417
DE932,DE,SFH,148505.0,0.23365971165631624,453066.1809015972
DE933,DE,MFH_HIGH,82420.0,0.1006263200947416,231641.78885809515
DE933,DE,OTHER,549080.0,0.670370053841552,1543191.8639432527
DE933,DE,SFH,187570.0,0.2290036260637064,527166.3471986521
DE934,DE,MFH_HIGH,12373.0,0.08028889206130845,40786.75716714469
DE934,DE,OTHER,103960.0,0.674600599587297,342697.10459034686
DE934,DE,SFH,37773.0,0.2451105083513945,124516.1382425084
DE935,DE,MFH_HIGH,77578.0,0.13399405146416196,226851.9291288262
DE935,DE,OTHER,388477.0,0.670984133783331,1135976.1384951794
DE935,DE,SFH,112911.0,0.19502181475250704,330171.93237599445
DE936,DE,MFH_HIGH,25115.0,0.07125004610046781,76878.79974240476
DE936,DE,OTHER,236758.0,0.6716710497572987,724733.0626881253
DE936,DE,SFH,90618.0,0.25707890414223344,277388.13756946987
DE937,DE,MFH_HIGH,33365.0,0.06597720014633036,109126.28904203042
DE937,DE,OTHER,339890.0,0.6721112110815594,1111671.9431288992
DE937,DE,SFH,132450.0,0.26191158877211024,433201.76782907033
DE938,DE,MFH_HIGH,44709.0,0.09955088653706132,137678.8760807558
DE938,DE,OTHER,301619.0,0.6715971917605381,928818.9162048242
DE938,DE,SFH,102779.0,0.22885192170240054,316502.2077144199
DE939,DE,MFH_HIGH,70804.0,0.10887261700838641,205769.2461458503
DE939,DE,OTHER,435967.0,0.6703698692064741,1266999.052800236
DE939,DE,SFH,143567.0,0.22075751378513941,417231.7010539135
DE93A,DE,MFH_HIGH,31711.0,0.10636420962245419,103066.91912415811
DE93A,DE,OTHER,200229.0,0.6716028926396007,650783.2029677731
DE93A,DE,SFH,66196.0,0.2220328977379451,215149.8779080688
DE93B,DE,MFH_HIGH,38358.0,0.09048405359501793,117538.7856199283
DE93B,DE,OTHER,284720.0,0.6716361577656161,872455.3689375353
DE93B,DE,SFH,100842.0,0.23787978863936593,309005.84544253635
DE941,DE,MFH_HIGH,37202.0,0.14300871076121136,100106.09753284795
DE941,DE,OTHER,174602.0,0.6711899068955708,469832.93482689955
DE941,DE,SFH,48334.0,0.18580138234321783,130060.96764025248
DE942,DE,MFH_HIGH,24711.0,0.14811018808213758,74943.75516956161
DE942,DE,OTHER,111926.0,0.6708502655206723,339450.2343534602
DE942,DE,SFH,30205.0,0.18103954639719017,91606.01047697822
DE943,DE,MFH_HIGH,104463.0,0.1751321500601025,294046.8799509121
DE943,DE,OTHER,399563.0,0.6698671038976933,1124706.867444227
DE943,DE,SFH,92455.0,0.1550007460422042,260246.25260486087
DE944,DE,MFH_HIGH,127324.0,0.2233064878213043,366892.559490403
DE944,DE,OTHER,382280.0,0.6704596475474239,1101565.2009204174
DE944,DE,SFH,60572.0,0.10623386463127175,174542.2395891795
DE945,DE,MFH_HIGH,59869.0,0.22163032613926628,179742.19449894494
DE945,DE,OTHER,181604.0,0.6722837152482138,545222.0930663014
DE945,DE,SFH,28657.0,0.1060859586125199,86035.71243475364
DE946,DE,MFH_HIGH,27933.0,0.07088280597757268,80948.164426388
DE946,DE,OTHER,265013.0,0.6724972276710153,767991.8340002995
DE946,DE,SFH,101127.0,0.25661996635141204,293060.00157331256
DE947,DE,MFH_HIGH,35314.0,0.05884950664335839,107459.19913077242
DE947,DE,OTHER,404416.0,0.673944670065142,1230622.9675389493
DE947,DE,SFH,160343.0,0.26720582329149956,487917.83333027817
DE948,DE,MFH_HIGH,32016.0,0.0639661149016513,90384.12035603328
DE948,DE,OTHER,336469.0,0.6722455870453433,949883.0144950701
DE948,DE,SFH,132030.0,0.2637882980530054,372732.86514889664
DE949,DE,MFH_HIGH,68342.0,0.06957706243528881,200173.2086263259
DE949,DE,OTHER,660513.0,0.672449653804687,1934637.6539960846
DE949,DE,SFH,253394.0,0.2579732837600242,742189.1373775896
DE94A,DE,MFH_HIGH,24231.0,0.07429471986558209,73997.54098611975
DE94A,DE,OTHER,219628.0,0.6734018709354984,670708.2634517564
DE94A,DE,SFH,82288.0,0.2523034091989195,251294.19556212384
DE94B,DE,MFH_HIGH,31671.0,0.0733157245341809,89371.86820716652
DE94B,DE,OTHER,289958.0,0.6712285957021258,818227.6581608914
DE94B,DE,SFH,110352.0,0.2554556797636933,311400.4736319422
DE94C,DE,MFH_HIGH,30029.0,0.056794475829864334,93313.3237884671
DE94C,DE,OTHER,355826.0,0.6729811567696995,1105708.0405726163
DE94C,DE,SFH,142876.0,0.27022436740043615,443978.6356389166
DE94D,DE,MFH_HIGH,26740.0,0.06664689359177906,79376.45026780886
DE94D,DE,OTHER,270011.0,0.6729766037999197,801515.1351257045
DE94D,DE,SFH,104468.0,0.2603765026083012,310108.41460648674
DE94E,DE,MFH_HIGH,102701.0,0.09519894253265654,307397.385437948
DE94E,DE,OTHER,726696.0,0.6736126302831654,2175095.183184341
DE94E,DE,SFH,249407.0,0.23118842718417804,746507.4313777109
DE94F,DE,MFH_HIGH,30912.0,0.07265155129582146,89724.6658503395
DE94F,DE,OTHER,285987.0,0.6721467132646898,830101.1908818919
DE94F,DE,SFH,108584.0,0.25520173543948876,315174.1432677686
DE94G,DE,MFH_HIGH,27526.0,0.09685603194989356,84942.74002005665
DE94G,DE,OTHER,191349.0,0.673301782226992,590485.663013072
DE94G,DE,SFH,65320.0,0.22984218582311441,201571.59696687135
DE94H,DE,MFH_HIGH,11168.0,0.06295519628401994,34940.133937631064
DE94H,DE,OTHER,120291.0,0.6780930798890618,376341.6593384293
DE94H,DE,SFH,45937.0,0.25895172382691833,143718.2067239397
DEA11,DE,MFH_HIGH,618943.0,0.2845343412630259,1923736.6812793182
DEA11,DE,OTHER,1457678.0,0.6701092822822216,4530608.8575101
DEA11,DE,SFH,98663.0,0.04535637645475257,306654.4612105822
DEA12,DE,MFH_HIGH,416295.0,0.2513474692574142,1049124.3366804468
DEA12,DE,OTHER,1108263.0,0.6691387125034641,2792984.9859894593
DEA12,DE,SFH,131695.0,0.07951381823912168,331890.6773300939
DEA13,DE,MFH_HIGH,524021.0,0.26434132967440405,1449912.1932641063
DEA13,DE,OTHER,1326013.0,0.6689045660108003,3668941.5445692395
DEA13,DE,SFH,132331.0,0.06675410431479571,366146.26216665446
DEA14,DE,MFH_HIGH,170779.0,0.22093442951674352,443415.4000401042
DEA14,DE,OTHER,518230.0,0.6704269811186504,1345546.9511051313
DEA14,DE,SFH,83976.0,0.10863858936460603,218037.6488547643
DEA15,DE,MFH_HIGH,187306.0,0.21163826270099623,498831.3851862481
DEA15,DE,OTHER,592744.0,0.6697452851827455,1578589.6371757311
DEA15,DE,SFH,104979.0,0.11861645211625833,279578.9776380209
DEA16,DE,MFH_HIGH,132785.0,0.23295940995663098,369706.58360117336
DEA16,DE,OTHER,381792.0,0.6698199272972252,1063004.2246206964
DEA16,DE,SFH,55415.0,0.0972206627461438,154289.19177813022
DEA17,DE,MFH_HIGH,166189.0,0.23527488069131788,426553.3586933593
DEA17,DE,OTHER,472956.0,0.669566977791809,1213924.9307365497
DEA17,DE,SFH,67216.0,0.0951581415168731,172521.71057009095
DEA18,DE,MFH_HIGH,83604.0,0.22597385748110668,232753.07320553987
DEA18,DE,OTHER,247654.0,0.6693857913571838,689467.3650978993
DEA18,DE,SFH,38714.0,0.10464035116170954,107779.56169656082
DEA19,DE,MFH_HIGH,114248.0,0.21403694801387096,310353.5746201129
DEA19,DE,OTHER,358336.0,0.6713215443902604,973416.2393658776
DEA19,DE,SFH,61193.0,0.11464150759586869,166230.1860140096
DEA1A,DE,MFH_HIGH,314129.0,0.2603802643183491,860556.7735721437
DEA1A,DE,OTHER,807486.0,0.6693218967792418,2212108.868855394
DEA1A,DE,SFH,84809.0,0.07029783890240911,232334.3575724621
DEA1B,DE,MFH_HIGH,109227.0,0.1098641019270751,303334.78542065434
DEA1B,DE,OTHER,667547.0,0.671440684529587,1853847.7299861899
DEA1B,DE,SFH,217427.0,0.21869521354333782,603817.4845931557
DEA1C,DE,MFH_HIGH,331279.0,0.20670598468294546,898550.9154167639
DEA1C,DE,OTHER,1073491.0,0.6698191379570688,2911703.792699378
DEA1C,DE,SFH,197888.0,0.12347487735998572,536745.2918838579
DEA1D,DE,MFH_HIGH,242880.0,0.16777443291164074,674788.7691706191
DEA1D,DE,OTHER,969091.0,0.6694198491632692,2692406.633334669
DEA1D,DE,SFH,235687.0,0.16280571792509005,654804.5974947122
DEA1E,DE,MFH_HIGH,122173.0,0.12884606663720763,343632.45972143277
DEA1E,DE,OTHER,636068.0,0.6708099163791948,1789050.0469833126
DEA1E,DE,SFH,189968.0,0.2003440169835975,534317.4932952545
DEA1F,DE,MFH_HIGH,226249.0,0.15528478497509254,614151.324576491
DEA1F,DE,OTHER,976456.0,0.6701853267755392,2650582.9673972577
DEA1F,DE,SFH,254289.0,0.17452988824936821,690265.7080262513
DEA22,DE,MFH_HIGH,266168.0,0.24025917170125208,863971.9814377024
DEA22,DE,OTHER,742386.0,0.6701220486407297,2409758.8869120637
DEA22,DE,SFH,99283.0,0.08961877965801829,322269.13165023376
DEA23,DE,MFH_HIGH,960120.0,0.2690668917578297,2672641.435830523
DEA23,DE,OTHER,2394647.0,0.6710830158180349,6665867.59612054
DEA23,DE,SFH,213565.0,0.05985009242413542,594490.9680489372
DEA24,DE,MFH_HIGH,123284.0,0.2256518762835273,338929.118177858
DEA24,DE,OTHER,365405.0,0.6688160982234701,1004561.7795316521
DEA24,DE,SFH,57657.0,0.1055320254930026,158509.10229048991
DEA26,DE,MFH_HIGH,109381.0,0.12708568852556157,304243.1383301944
DEA26,DE,OTHER,576839.0,0.6702076364578529,1604477.0816800997
DEA26,DE,SFH,174467.0,0.2027066750165856,485279.77998970594
DEA27,DE,MFH_HIGH,228405.0,0.15212325176979274,629029.646068093
DEA27,DE,OTHER,1005689.0,0.6698131868790573,2769677.5277449023
DEA27,DE,SFH,267353.0,0.17806356135114992,736292.8261870049
DEA28,DE,MFH_HIGH,58563.0,0.09512045374809963,171597.29856157175
DEA28,DE,OTHER,413165.0,0.6710797307657324,1210627.8343013811
DEA28,DE,SFH,143944.0,0.23379981548616796,421774.867137047
DEA29,DE,MFH_HIGH,72984.0,0.09069073024527902,202149.63771672692
DEA29,DE,OTHER,539511.0,0.6704023699079349,1494326.882524787
DEA29,DE,SFH,192262.0,0.23890689984678604,532523.479758486
DEA2A,DE,MFH_HIGH,99885.0,0.11687130992747977,310293.3278574588
DEA2A,DE,OTHER,572799.0,0.6702084342508934,1779403.392936122
DEA2A,DE,SFH,181974.0,0.2129202558216269,565303.2792064195
DEA2B,DE,MFH_HIGH,133494.0,0.1474539033962314,394144.2837781265
DEA2B,DE,OTHER,606724.0,0.6701711094444328,1791367.375544969
DEA2B,DE,SFH,165109.0,0.1823749871593358,487488.3406769046
DEA2C,DE,MFH_HIGH,244852.0,0.12890054549991525,706246.0887940357
DEA2C,DE,OTHER,1272192.0,0.6697361785103988,3669484.522058475
DEA2C,DE,SFH,382498.0,0.20136327598968592,1103269.389147489
DEA2D,DE,MFH_HIGH,382321.0,0.19839950265331138,1080285.2919472805
DEA2D,DE,OTHER,1292164.0,0.6705482956638883,3651135.469889872
DEA2D,DE,SFH,252541.0,0.13105220168280032,713579.2381628478
DEA31,DE,MFH_HIGH,77330.0,0.20200410643288907,199176.04894282864
DEA31,DE,OTHER,256134.0,0.6690821129843736,659714.9634025923
DEA31,DE,SFH,49350.0,0.1289137805827373,127108.98765457899
DEA32,DE,MFH_HIGH,230734.0,0.2643897587268994,584830.1463039014
DEA32,DE,OTHER,584048.0,0.6692395130536815,1480357.8028747435
DEA32,DE,SFH,57922.0,0.06637072821941918,146812.05082135522
DEA33,DE,MFH_HIGH,239548.0,0.22739552818285202,718569.8690578124
DEA33,DE,OTHER,706441.0,0.6706026530174418,2119104.383535116
DEA33,DE,SFH,107453.0,0.1020018187997061,322325.7474070713
DEA34,DE,MFH_HIGH,106377.0,0.09468340955334303,307721.08104836487
DEA34,DE,OTHER,754288.0,0.6713721915937845,2181959.6226797993
DEA34,DE,SFH,262837.0,0.23394439885287255,760319.2962718358
DEA35,DE,MFH_HIGH,66249.0,0.09835211330334477,193065.1984144658
DEA35,DE,OTHER,452418.0,0.6716518950697011,1318452.6700218234
DEA35,DE,SFH,154923.0,0.22999599162695408,451482.13156371086
DEA36,DE,MFH_HIGH,384450.0,0.19008991012942628,1026105.334878643
DEA36,DE,OTHER,1354019.0,0.6694897906711813,3613905.8900430365
DEA36,DE,SFH,283995.0,0.14042029919939242,757988.7750783203
DEA37,DE,MFH_HIGH,131586.0,0.09679562107691436,386504.91496011906
DEA37,DE,OTHER,912885.0,0.6715248624230463,2681398.775655224
DEA37,DE,SFH,314950.0,0.23167951650003935,925096.3093846571
DEA38,DE,MFH_HIGH,100882.0,0.1172540683030925,294073.20330415596
DEA38,DE,OTHER,577809.0,0.6715812132208082,1684325.682757787
DEA38,DE,SFH,181680.0,0.21116471847609927,529601.113938057
DEA41,DE,MFH_HIGH,242532.0,0.22020057852905447,690769.2148456438
DEA41,DE,OTHER,737987.0,0.6700359719415224,2101902.843980556
DEA41,DE,SFH,120895.0,0.10976344952942309,344327.9411738002
DEA42,DE,MFH_HIGH,150050.0,0.13541599921304398,444029.0614195712
DEA42,DE,OTHER,744108.0,0.6715370099461495,2201969.8556134244
DEA42,DE,SFH,213909.0,0.19304699084080656,633001.0829670047
DEA43,DE,MFH_HIGH,95087.0,0.12049583655945591,290997.44529108604
DEA43,DE,OTHER,530043.0,0.6716793536180938,1622105.6389876965
DEA43,DE,SFH,164001.0,0.20782480982245027,501896.9157212174
DEA44,DE,MFH_HIGH,41313.0,0.0962029266293464,139686.64946581097
DEA44,DE,OTHER,288330.0,0.6714155310686575,974895.3511116906
DEA44,DE,SFH,99793.0,0.23238154230199612,337417.99942249834
DEA45,DE,MFH_HIGH,145637.0,0.13254246697518646,450379.30278168357
DEA45,DE,OTHER,737260.0,0.6709713822869598,2279960.7570110895
DEA45,DE,SFH,215898.0,0.19648615073785375,667659.940207227
DEA46,DE,MFH_HIGH,113159.0,0.11569278774438989,361077.19055024086
DEA46,DE,OTHER,658434.0,0.6731772550631377,2100986.213052053
DEA46,DE,SFH,206506.0,0.21112995719247232,658936.5963977061
DEA47,DE,MFH_HIGH,147283.0,0.1502337409051174,415546.5273435547
DEA47,DE,OTHER,656650.0,0.6698056528271786,1852682.4357199762
DEA47,DE,SFH,176426.0,0.17996060626770397,497771.03693646914
DEA51,DE,MFH_HIGH,316093.0,0.25545449035256085,884383.4456005656
DEA51,DE,OTHER,828002.0,0.669160117183554,2316632.325689464
DEA51,DE,SFH,93280.0,0.07538539246388525,260984.22870997072
DEA52,DE,MFH_HIGH,513910.0,0.251732309769218,1374961.8759594688
DEA52,DE,OTHER,1367694.0,0.6699475972008735,3659253.775911171
DEA52,DE,SFH,159890.0,0.07832009302990849,427784.3481293601
DEA53,DE,MFH_HIGH,158821.0,0.2524879813806786,454983.34244798287
DEA53,DE,OTHER,421408.0,0.6699394617693443,1207230.9101083584
DEA53,DE,SFH,48795.0,0.0775725568499771,139785.74744365874
DEA54,DE,MFH_HIGH,105825.0,0.18459694806689972,297016.48943964165
DEA54,DE,OTHER,383878.0,0.6696216133241231,1077421.175838514
DEA54,DE,SFH,83573.0,0.1457814386089772,234562.3347218443
DEA55,DE,MFH_HIGH,134341.0,0.2579680701121041,349030.7988616768
DEA55,DE,OTHER,348628.0,0.6694523067942224,905768.9710925829
DEA55,DE,SFH,37797.0,0.07257962309367355,98200.23004574032
DEA56,DE,MFH_HIGH,222805.0,0.21076026179847873,650406.1679101053
DEA56,DE,OTHER,708453.0,0.6701543491031066,2068096.321332187
DEA56,DE,SFH,125891.0,0.11908538909841469,367497.51075770776
DEA57,DE,MFH_HIGH,99045.0,0.12034877998694991,339864.95468314656
DEA57,DE,OTHER,552802.0,0.6717052478605269,1896895.6199581278
DEA57,DE,SFH,171136.0,0.2079459721525232,587239.4253587255
DEA58,DE,MFH_HIGH,234813.0,0.17749733541964305,706794.3896410186
DEA58,DE,OTHER,887304.0,0.6707213642651427,2670812.4725037985
DEA58,DE,SFH,200793.0,0.1517813003152142,604393.137855183
DEA59,DE,MFH_HIGH,41282.0,0.1008824341595615,139823.05374515223
DEA59,DE,OTHER,274480.0,0.6707574857835482,929669.8752959978
DEA59,DE,SFH,93447.0,0.22836008005689024,316507.07095884986
DEA5A,DE,MFH_HIGH,106068.0,0.12064080618285838,357941.27194454084
DEA5A,DE,OTHER,589765.0,0.6707935009468782,1990244.3173093875
DEA5A,DE,SFH,183372.0,0.20856569287026347,618814.4107460717
DEA5B,DE,MFH_HIGH,117551.0,0.12490450279292806,359724.9680436328
DEA5B,DE,OTHER,631246.0,0.6707341304627324,1931714.2957326695
DEA5B,DE,SFH,192330.0,0.2043613667443395,588560.7362236978
DEA5C,DE,MFH_HIGH,219963.0,0.17244466535011763,621663.018587174
DEA5C,DE,OTHER,854236.0,0.6696964541764892,2414255.7173062433
DEA5C,DE,SFH,201358.0,0.1578588804733932,569081.2641065825
DEB11,DE,MFH_HIGH,91770.0,0.23668471182340334,289465.4025600223
DEB11,DE,OTHER,259934.0,0.6703977757775365,819896.479775927
DEB11,DE,SFH,36027.0,0.09291751239906017,113638.11766405059
DEB12,DE,MFH_HIGH,48931.0,0.11863009646832352,153032.82444413734
DEB12,DE,OTHER,276561.0,0.6705045494548655,864950.8687967765
DEB12,DE,SFH,86975.0,0.210865354076811,272016.3067590862
DEB13,DE,MFH_HIGH,30193.0,0.07375515428660764,93964.06656113814
DEB13,DE,OTHER,274576.0,0.670731468996111,854511.8915010454
DEB13,DE,SFH,104599.0,0.25551337671728125,325524.0419378163
DEB14,DE,MFH_HIGH,61191.0,0.11759132924649768,184735.97824624786
DEB14,DE,OTHER,349331.0,0.6713127197955301,1054632.2827987778
DEB14,DE,SFH,109848.0,0.2110959509579722,331631.73895497434
DEB15,DE,MFH_HIGH,25575.0,0.09640829620247439,84068.03428855767
DEB15,DE,OTHER,178117.0,0.6714352490594773,585491.5371798641
DEB15,DE,SFH,61586.0,0.23215645473804838,202440.4285315782
DEB16,DE,OTHER,0.0,1.0,667000.0
DEB17,DE,MFH_HIGH,78639.0,0.11479928118152502,229828.1609254131
DEB17,DE,OTHER,459273.0,0.6704588088109277,1342258.5352394772
DEB17,DE,SFH,147101.0,0.2147419100075473,429913.3038351097
DEB18,DE,MFH_HIGH,63545.0,0.10878944034514047,192339.73053020836
DEB18,DE,OTHER,391831.0,0.6708171406070774,1186004.704593313
DEB18,DE,SFH,128734.0,0.2203934190477821,389655.56487647875
DEB19,DE,OTHER,0.0,1.0,1039000.0
DEB1A,DE,MFH_HIGH,45932.0,0.11572804966540354,143155.59743610417
DEB1A,DE,OTHER,266413.0,0.6712413327420785,830325.5286019512
DEB1A,DE,SFH,84551.0,0.21303061759251793,263518.87396194466
DEB1B,DE,MFH_HIGH,51430.0,0.08021623914826981,168534.31845051487
DEB1B,DE,OTHER,429802.0,0.6703694345402422,1408446.181969049
DEB1B,DE,SFH,159910.0,0.24941432631148794,524019.49958043615
DEB21,DE,MFH_HIGH,86597.0,0.23423650050446443,252975.4205448216
DEB21,DE,OTHER,248128.0,0.6711622157484873,724855.1930083663
DEB21,DE,SFH,34974.0,0.09460128374704828,102169.38644681215
DEB22,DE,MFH_HIGH,30612.0,0.08570492666142186,95818.10800746964
DEB22,DE,OTHER,240293.0,0.6727523174654725,752137.0909263983
DEB22,DE,SFH,86274.0,0.24154275587310564,270044.8010661321
DEB23,DE,MFH_HIGH,24186.0,0.0768368115232979,77067.3219578678
DEB23,DE,OTHER,211593.0,0.6722124973393356,674229.1348313537
DEB23,DE,SFH,78992.0,0.2509506911373665,251703.54321077862
DEB24,DE,MFH_HIGH,13130.0,0.06873265979165576,45982.1494006177
DEB24,DE,OTHER,128286.0,0.6715489713657541,449266.2618436895
DEB24,DE,SFH,49614.0,0.25971836884259014,173751.5887556928
DEB25,DE,MFH_HIGH,38798.0,0.08337487965891899,114723.83441067253
DEB25,DE,OTHER,312099.0,0.6706844828771833,922861.8484390043
DEB25,DE,SFH,114447.0,0.2459406374638977,338414.31715032324
DEB31,DE,MFH_HIGH,32521.0,0.2123723323668469,86647.91160567354
DEB31,DE,OTHER,102712.0,0.6707415824256198,273662.5656296529
DEB31,DE,SFH,17899.0,0.11688608520753337,47689.52276467362
DEB32,DE,MFH_HIGH,79790.0,0.22667484843836114,229621.62146805984
DEB32,DE,OTHER,235796.0,0.6698711939136709,678579.5194345486
DEB32,DE,SFH,36416.0,0.10345395764796791,104798.8590973915
DEB33,DE,MFH_HIGH,31937.0,0.19816460251669107,86796.09590231068
DEB33,DE,OTHER,108214.0,0.671452681740339,294096.2746022685
DEB33,DE,SFH,21013.0,0.1303827157429699,57107.62949542081
DEB34,DE,MFH_HIGH,133342.0,0.23766975201367463,337015.70835539064
DEB34,DE,OTHER,375928.0,0.6700568053201292,950140.5499439433
DEB34,DE,SFH,51769.0,0.09227344266619611,130843.74170066608
DEB35,DE,MFH_HIGH,191076.0,0.2508194332685313,516688.03253317444
DEB35,DE,OTHER,510338.0,0.6699045821316948,1380003.4391912913
DEB35,DE,SFH,60393.0,0.07927598459977396,163308.52827553437
DEB36,DE,MFH_HIGH,28488.0,0.16736971975794607,89208.06063098526
DEB36,DE,OTHER,114308.0,0.6715704130192116,357947.0301392398
DEB36,DE,SFH,27414.0,0.16105986722284238,85844.90922977499
DEB37,DE,MFH_HIGH,25952.0,0.19131165547389295,81690.07688735229
DEB37,DE,OTHER,91105.0,0.6716032819030909,286774.6013726198
DEB37,DE,SFH,18596.0,0.1370850626230161,58535.32174002787
DEB38,DE,MFH_HIGH,34520.0,0.213299719472559,101743.96618841063
DEB38,DE,OTHER,108614.0,0.6711279180414983,320128.0169057947
DEB38,DE,SFH,18704.0,0.11557236248594273,55128.016905794684
DEB39,DE,MFH_HIGH,53326.0,0.19204465652291347,140192.59926172683
DEB39,DE,OTHER,186422.0,0.6713676060142253,490098.3523903845
DEB39,DE,SFH,37927.0,0.13658773746286126,99709.04834788872
DEB3A,DE,MFH_HIGH,16264.0,0.14759558229651612,52839.21846215277
DEB3A,DE,OTHER,73829.0,0.6699971867541495,239858.99285798555
DEB3A,DE,SFH,20100.0,0.18240723094933434,65301.78867986169
DEB3B,DE,MFH_HIGH,33982.0,0.0852779903885968,99178.30282193808
DEB3B,DE,OTHER,267589.0,0.671515866343777,780972.9525578127
DEB3B,DE,SFH,96914.0,0.24320614326762613,282848.7446202492
DEB3C,DE,MFH_HIGH,42142.0,0.09982967695474713,127981.64585598583
DEB3C,DE,OTHER,283480.0,0.671532362563042,860904.4888058199
DEB3C,DE,SFH,96517.0,0.22863796048221083,293113.8653381943
DEB3D,DE,MFH_HIGH,19134.0,0.08281969597285224,61038.1159319921
DEB3D,DE,OTHER,154943.0,0.6706560130198415,494273.48159562313
DEB3D,DE,SFH,56955.0,0.24652429100730636,181688.4024723848
DEB3E,DE,MFH_HIGH,49814.0,0.12297809728832974,135152.9289198744
DEB3E,DE,OTHER,271581.0,0.6704644204372643,736840.3980605535
DEB3E,DE,SFH,83669.0,0.206557482274406,227006.67301957222
DEB3F,DE,MFH_HIGH,24828.0,0.0749298325033952,79050.97329108194
DEB3F,DE,OTHER,222040.0,0.6701071374679342,706963.0300286706
DEB3F,DE,SFH,84482.0,0.2549630300286706,268985.9966802475
DEB3G,DE,MFH_HIGH,12340.0,0.056052182128711076,42992.02369272139
DEB3G,DE,OTHER,147587.0,0.6703868236491152,514186.6937388713
DEB3G,DE,SFH,60225.0,0.2735609942221738,209821.2825684073
DEB3H,DE,MFH_HIGH,31821.0,0.09057090323278438,92201.17949097451
DEB3H,DE,OTHER,236293.0,0.6725517877371647,684657.7199164337
DEB3H,DE,SFH,83224.0,0.23687730903005083,241141.10059259174
DEB3I,DE,MFH_HIGH,49122.0,0.10231298751340824,137713.2811930475
DEB3I,DE,OTHER,321836.0,0.670331066515314,902265.6155296128
DEB3I,DE,SFH,109157.0,0.2273559459712777,306021.1032773398
DEB3J,DE,MFH_HIGH,76555.0,0.11731524247653081,220669.97109835446
DEB3J,DE,OTHER,437879.0,0.6710192810447501,1262187.2676451749
DEB3J,DE,SFH,138124.0,0.21166547647871914,398142.7612564707
DEB3K,DE,MFH_HIGH,15314.0,0.05268499437508386,51367.86951570676
DEB3K,DE,OTHER,194727.0,0.6699223520750264,653174.2932731507
DEB3K,DE,SFH,80630.0,0.27739265354988973,270457.83721114247
DEC01,DE,MFH_HIGH,187450.0,0.16893931883522445,586050.4970393936
DEC01,DE,OTHER,743746.0,0.6703011076362916,2325274.5423902953
DEC01,DE,SFH,178374.0,0.160759573528484,557674.9605703109
DEC02,DE,MFH_HIGH,21911.0,0.06461877840398017,70563.70601714635
DEC02,DE,OTHER,227330.0,0.6704297793152668,732109.3190122714
DEC02,DE,SFH,89840.0,0.26495144228075296,289326.97497058223
DEC03,DE,MFH_HIGH,43420.0,0.09987509862148441,138926.26218248482
DEC03,DE,OTHER,291053.0,0.6694828898912691,931250.6998387554
DEC03,DE,SFH,100270.0,0.2306420114872465,320823.0379787599
DEC04,DE,MFH_HIGH,54348.0,0.08339522351049268,168541.74671470572
DEC04,DE,OTHER,436757.0,0.6701892918740755,1354452.5588775065
DEC04,DE,SFH,160587.0,0.24641548461543183,498005.69440778776
DEC05,DE,MFH_HIGH,43430.0,0.09200725380697755,141507.15635513148
DEC05,DE,OTHER,316210.0,0.6698967010431585,1030301.1262043777
DEC05,DE,SFH,112388.0,0.238096045149864,366191.7174404908
DEC06,DE,MFH_HIGH,15533.0,0.055353420166420184,54357.05860342462
DEC06,DE,OTHER,188004.0,0.6699713130089269,657911.8293747662
DEC06,DE,SFH,77078.0,0.274675266824653,269731.1120218092
DED21,DE,MFH_HIGH,560137.0,0.286554225052731,1395805.6302318526
DED21,DE,OTHER,1309172.0,0.6697446658955468,3262326.2675772086
DED21,DE,SFH,85424.0,0.043701109051722156,212868.10219093863
DED2C,DE,MFH_HIGH,145403.0,0.15119796438082383,429553.41680592054
DED2C,DE,OTHER,645997.0,0.6717428897348683,1908421.5497367608
DED2C,DE,SFH,170273.0,0.17705914588430788,503025.03345731867
DED2D,DE,MFH_HIGH,141962.0,0.1713715932287687,438368.5354791903
DED2D,DE,OTHER,556571.0,0.6718731703901679,1718651.5698580495
DED2D,DE,SFH,129854.0,0.15675523638106345,400979.8946627603
DED2E,DE,MFH_HIGH,139791.0,0.17632634835903768,398673.8736397842
DED2E,DE,OTHER,532267.0,0.6713786757518003,1517987.1858748205
DED2E,DE,SFH,120739.0,0.15229497588916205,344338.9404853954
DED2F,DE,MFH_HIGH,141072.0,0.17720542700413142,406332.0441204733
DED2F,DE,OTHER,535238.0,0.6723309965041773,1541654.9749840784
DED2F,DE,SFH,119783.0,0.1504635764916913,345012.9808954481
DED41,DE,MFH_HIGH,233223.0,0.27200364812823496,663144.8941366369
DED41,DE,OTHER,574141.0,0.6696099721725257,1632509.1121566177
DED41,DE,SFH,50062.0,0.05838637969923935,142345.99370674553
DED42,DE,MFH_HIGH,176893.0,0.16630174101967965,592699.4049941383
DED42,DE,OTHER,715569.0,0.6727251531700584,2397592.445898088
DED42,DE,SFH,171225.0,0.16097310581026186,573708.1491077733
DED43,DE,MFH_HIGH,166647.0,0.16925384776324956,540258.2820602925
DED43,DE,OTHER,661687.0,0.6720377250410827,2145144.418331136
DED43,DE,SFH,156264.0,0.15870842719566766,506597.29960857116
DED44,DE,MFH_HIGH,133997.0,0.177310379505637,445580.98369766574
DED44,DE,OTHER,507624.0,0.67170909860795,1688004.9648017783
DED44,DE,SFH,114099.0,0.15098052188641295,379414.05150055577
DED45,DE,MFH_HIGH,202394.0,0.19434556703248376,656693.6710027626
DED45,DE,OTHER,699570.0,0.6717507847511026,2269845.901673976
DED45,DE,SFH,139449.0,0.13390364821641365,452460.42732326174
DED51,DE,MFH_HIGH,623327.0,0.2899373356875864,1514052.7669605762
DED51,DE,OTHER,1442466.0,0.670955612158514,3503730.20669176
DED51,DE,SFH,84075.0,0.03910705215389968,204217.02634766413
DED52,DE,MFH_HIGH,131912.0,0.1554392911010558,383157.85256410256
DED52,DE,OTHER,569914.0,0.6715615573152338,1655399.2387820513
DED52,DE,SFH,146814.0,0.1729991515837104,426442.9086538461
DED53,DE,MFH_HIGH,101860.0,0.15600972878261563,297822.5722460132
DED53,DE,OTHER,438319.0,0.6713334803678312,1281575.6140221898
DED53,DE,SFH,112729.0,0.17265679084955307,329601.8137317968
DEE01,DE,MFH_HIGH,56736.0,0.21045603258329437,179098.0837283835
DEE01,DE,OTHER,180478.0,0.6694635478103462,569713.4791866046
DEE01,DE,SFH,32372.0,0.12008041960635939,102188.43708501184
DEE02,DE,MFH_HIGH,225059.0,0.2738823661127175,615413.6766552762
DEE02,DE,OTHER,556485.0,0.6772065480884372,1521683.1135547182
DEE02,DE,SFH,40192.0,0.04891108579884537,109903.20979000555
DEE03,DE,MFH_HIGH,230764.0,0.265899417188447,618482.0443803277
DEE03,DE,OTHER,581739.0,0.6703127916650343,1559147.5534128698
DEE03,DE,SFH,55359.0,0.06378779114651868,148370.40220680245
DEE04,DE,MFH_HIGH,29889.0,0.11353803024489935,101275.92297845022
DEE04,DE,OTHER,176727.0,0.6713250851848616,598821.9759848965
DEE04,DE,SFH,56635.0,0.21513688457023905,191902.10103665324
DEE05,DE,MFH_HIGH,78604.0,0.1501669710608967,253331.6801797327
DEE05,DE,OTHER,350744.0,0.6700697686858575,1130407.6997730418
DEE05,DE,SFH,94096.0,0.17976326025324582,303260.6200472257
DEE06,DE,MFH_HIGH,34981.0,0.12053062279266087,112093.47919717462
DEE06,DE,OTHER,194487.0,0.6701249030924283,623216.1598759583
DEE06,DE,SFH,60757.0,0.20934447411491083,194690.36092686708
DEE07,DE,MFH_HIGH,63506.0,0.1160696498317606,201264.7728082729
DEE07,DE,OTHER,366698.0,0.6702123965295712,1162148.2955822765
DEE07,DE,SFH,116933.0,0.2137179536386682,370586.93160945066
DEE08,DE,MFH_HIGH,98324.0,0.16782935084841522,306959.8827017514
DEE08,DE,OTHER,392909.0,0.6706568326400469,1226631.3468986459
DEE08,DE,SFH,94624.0,0.1615138165115378,295408.7703996026
DEE09,DE,MFH_HIGH,110360.0,0.15666634016015854,348269.27417603246
DEE09,DE,OTHER,472095.0,0.6701829997998373,1489816.8085550384
DEE09,DE,SFH,121972.0,0.17315066004000415,384913.91726892925
DEE0A,DE,MFH_HIGH,54925.0,0.12487864546742242,187567.72549206848
DEE0A,DE,OTHER,294974.0,0.6706591455276734,1007330.0365825654
DEE0A,DE,SFH,89928.0,0.2044622090049042,307102.2379253661
DEE0B,DE,MFH_HIGH,80669.0,0.13478867473704437,249628.62561300618
DEE0B,DE,OTHER,401182.0,0.6703292480179119,1241449.767329173
DEE0B,DE,SFH,116634.0,0.19488207724504372,360921.60705782095
DEE0C,DE,MFH_HIGH,101433.0,0.16042646270349264,320371.64601887483
DEE0C,DE,OTHER,423735.0,0.6701794009214403,1338348.2636401164
DEE0C,DE,SFH,107103.0,0.16939413637506703,338280.09034100885
DEE0D,DE,MFH_HIGH,51722.0,0.1427668424960597,170035.3094128071
DEE0D,DE,OTHER,242811.0,0.670224658623231,798237.5684202681
DEE0D,DE,SFH,67750.0,0.18700849888070928,222727.12216692476
DEE0E,DE,MFH_HIGH,52813.0,0.12766631212531426,169668.52881454266
DEE0E,DE,OTHER,277771.0,0.6714634500096693,892374.9250628506
DEE0E,DE,SFH,83096.0,0.20087023786501643,266956.54612260684
DEF01,DE,MFH_HIGH,81175.0,0.24049001599810393,212833.66415832198
DEF01,DE,OTHER,225676.0,0.6685903892871956,591702.4945191682
DEF01,DE,SFH,30689.0,0.09091959471470049,80463.84132250994
DEF02,DE,MFH_HIGH,227358.0,0.2588048610573574,630707.44639678
DEF02,DE,OTHER,588371.0,0.6697511189629501,1632183.4769127094
DEF02,DE,SFH,62763.0,0.07144401997969248,174109.07669051056
DEF03,DE,MFH_HIGH,168816.0,0.22345114587276668,458968.65362266276
DEF03,DE,OTHER,505932.0,0.6696704407976768,1375503.0853984281
DEF03,DE,SFH,80746.0,0.10687841332955655,219528.26097890915
DEF04,DE,MFH_HIGH,50396.0,0.1880475827997433,145172.7339214018
DEF04,DE,OTHER,179387.0,0.6693644681263899,516749.369393573
DEF04,DE,SFH,38213.0,0.14258794907386677,110077.89668502515
DEF05,DE,MFH_HIGH,35515.0,0.08175418726922828,112248.49912065043
DEF05,DE,OTHER,292450.0,0.673208843217959,924315.7417382578
DEF05,DE,SFH,106447.0,0.24503696951281273,336435.7591410919
DEF06,DE,MFH_HIGH,77877.0,0.12120367920564021,213682.0864395437
DEF06,DE,OTHER,431491.0,0.6715499665385274,1183942.5910074238
DEF06,DE,SFH,133162.0,0.2072463542558324,365375.32255303254
DEF07,DE,MFH_HIGH,53882.0,0.09629420469086204,163989.03058853807
DEF07,DE,OTHER,377423.0,0.6745044285111768,1148681.041754534
DEF07,DE,SFH,128251.0,0.22920136679796124,390329.927656928
DEF08,DE,MFH_HIGH,88526.0,0.13177453375191092,256696.79174872246
DEF08,DE,OTHER,451618.0,0.6722516705145438,1309546.2541623313
DEF08,DE,SFH,131655.0,0.19597379573354531,381756.9540889463
DEF09,DE,MFH_HIGH,157759.0,0.15160927305698935,425870.44801708305
DEF09,DE,OTHER,697960.0,0.6707522754508857,1884143.141741538
DEF09,DE,SFH,184844.0,0.17763845149212493,498986.41024137894
DEF0A,DE,MFH_HIGH,45150.0,0.10774139202355754,131336.75687671662
DEF0A,DE,OTHER,281498.0,0.6717383471062547,818849.0451225245
DEF0A,DE,SFH,92411.0,0.22052026087018772,268814.1980007588
DEF0B,DE,MFH_HIGH,92082.0,0.10398788490661282,280351.33770822815
DEF0B,DE,OTHER,594694.0,0.6715858824379706,1810595.5390527686
DEF0B,DE,SFH,198731.0,0.2244262326554166,605053.1232390032
DEF0C,DE,MFH_HIGH,54653.0,0.0845796475241886,166283.5870325548
DEF0C,DE,OTHER,433891.0,0.6714791108249816,1320127.9318819137
DEF0C,DE,SFH,157628.0,0.2439412416508298,479588.4810855314
DEF0D,DE,MFH_HIGH,114909.0,0.13053183295960305,324893.732236452
DEF0D,DE,OTHER,590672.0,0.6709787643954316,1670066.1445802292
DEF0D,DE,SFH,174733.0,0.1984894026449653,494040.12318331865
DEF0E,DE,MFH_HIGH,45412.0,0.1067472779585159,139732.1868476973
DEF0E,DE,OTHER,286364.0,0.673138762999041,881138.6407657446
DEF0E,DE,SFH,93640.0,0.22011395904244316,288129.1723865581
DEF0F,DE,MFH_HIGH,96944.0,0.1258362560650469,281244.0323053798
DEF0F,DE,OTHER,516345.0,0.6702314907359572,1497967.3817948643
DEF0F,DE,SFH,157109.0,0.20393225319899586,455788.5858997557
DEG01,DE,MFH_HIGH,196459.0,0.2630490873036595,515050.1129405653
DEG01,DE,OTHER,500561.0,0.6702269389023007,1312304.3463707047
DEG01,DE,SFH,49833.0,0.06672397379403978,130645.5406887299
DEG02,DE,MFH_HIGH,86507.0,0.2618607255830849,235674.65302477637
DEG02,DE,OTHER,221266.0,0.6697825066973407,602804.2560276067
DEG02,DE,SFH,22582.0,0.0683567677195744,61521.09094761696
DEG03,DE,MFH_HIGH,99138.0,0.2621179792659808,260545.2713903849
DEG03,DE,OTHER,253383.0,0.6699372585724144,665917.6350209799
DEG03,DE,SFH,25698.0,0.06794476216160479,67537.09358863517
DEG04,DE,MFH_HIGH,24635.0,0.20173937254837732,73634.87098015772
DEG04,DE,OTHER,81982.0,0.6713617714739626,245047.04658799633
DEG04,DE,SFH,15496.0,0.12689885597766004,46318.08243184591
DEG05,DE,MFH_HIGH,54988.0,0.24757548197707402,149783.16659612977
DEG05,DE,OTHER,148957.0,0.670657253743708,405747.63851494336
DEG05,DE,SFH,18161.0,0.08176726427921803,49469.19488892691
DEG06,DE,MFH_HIGH,31115.0,0.10376439828988002,95774.53962155925
DEG06,DE,OTHER,201461.0,0.6718457156958868,620113.5955873035
DEG06,DE,SFH,67286.0,0.2243898860142332,207111.86479113725
DEG07,DE,MFH_HIGH,43251.0,0.15997795499267634,137261.0853837163
DEG07,DE,OTHER,181205.0,0.6702458980011541,575070.9804849902
DEG07,DE,SFH,45900.0,0.16977614700616964,145667.93413129356
DEG09,DE,MFH_HIGH,40818.0,0.12764719862902318,125987.78504684588
DEG09,DE,OTHER,214795.0,0.6717129704914752,662980.701875086
DEG09,DE,SFH,64159.0,0.20063983087950166,198031.51307806812
DEG0A,DE,MFH_HIGH,25967.0,0.10954460123605222,81501.18331962285
DEG0A,DE,OTHER,159027.0,0.6708726191229514,499129.22862747585
DEG0A,DE,SFH,52051.0,0.21958277964099643,163369.58805290135
DEG0B,DE,MFH_HIGH,43218.0,0.11015193106137648,136257.9387229227
DEG0B,DE,OTHER,263368.0,0.6712595163999399,830348.0217867256
DEG0B,DE,SFH,85763.0,0.21858855253868367,270394.0394903517
DEG0C,DE,MFH_HIGH,66989.0,0.1513058483666449,196848.90872500502
DEG0C,DE,OTHER,297526.0,0.6720121787328426,874287.8445314282
DEG0C,DE,SFH,78224.0,0.1766819729005125,229863.24674356676
DEG0D,DE,MFH_HIGH,24053.0,0.11059104807007057,71662.99914940573
DEG0D,DE,OTHER,145876.0,0.6707096714867008,434619.8671233821
DEG0D,DE,SFH,47566.0,0.2186992804432286,141717.13372721212
DEG0E,DE,MFH_HIGH,17628.0,0.09163067038844792,57085.90765200306
DEG0E,DE,OTHER,129415.0,0.6727015661629787,419093.07571953576
DEG0E,DE,SFH,45338.0,0.2356677634485734,146821.01662846122
DEG0F,DE,MFH_HIGH,56350.0,0.15951333571117188,173710.02258946619
DEG0F,DE,OTHER,237506.0,0.6723225254909954,732159.2302596939
DEG0F,DE,SFH,59406.0,0.16816413879783276,183130.7471508399
DEG0G,DE,MFH_HIGH,30692.0,0.11799668600471341,91919.41839767175
DEG0G,DE,OTHER,174761.0,0.6718760212064941,523391.42051985895
DEG0G,DE,SFH,54656.0,0.21012729278879239,163689.16108246928
DEG0H,DE,MFH_HIGH,24098.0,0.12879536939546668,75860.47257392987
DEG0H,DE,OTHER,125541.0,0.6709726728058877,395202.90428266785
DEG0H,DE,SFH,37464.0,0.20023195779864567,117936.62314340229
DEG0I,DE,MFH_HIGH,52161.0,0.1540053617403217,167557.83357347
DEG0I,DE,OTHER,227297.0,0.6710944327656659,730150.7428490445
DEG0I,DE,SFH,59238.0,0.17490020549401233,190291.42357748543
DEG0J,DE,MFH_HIGH,34952.0,0.13060699819141144,102918.31457483221
DEG0J,DE,OTHER,179829.0,0.6719765929778934,529517.55526658
DEG0J,DE,SFH,52831.0,0.1974164088306952,155564.13015858782
DEG0K,DE,MFH_HIGH,29122.0,0.1157435375663731,97687.5457060189
DEG0K,DE,OTHER,170070.0,0.675932402785285,570486.9479507805
DEG0K,DE,SFH,52416.0,0.20832405964834186,175825.50634320054
DEG0L,DE,MFH_HIGH,42532.0,0.1349352639410158,133181.1055097826
DEG0L,DE,OTHER,212460.0,0.674041807977716,665279.2644740057
DEG0L,DE,SFH,60211.0,0.19102292808126825,188539.63001621177
DEG0M,DE,MFH_HIGH,54684.0,0.18424279996226467,163054.87796660422
DEG0M,DE,OTHER,199096.0,0.6707995849112546,593657.6326464603
DEG0M,DE,SFH,43024.0,0.14495761512648078,128287.48938693549
DEG0N,DE,MFH_HIGH,33196.0,0.23762688084296124,98377.52866898595
DEG0N,DE,OTHER,93934.0,0.6724076221563658,278376.75557273545
DEG0N,DE,SFH,12568.0,0.08996549700067288,37245.71575827857
DEG0P,DE,MFH_HIGH,35927.0,0.09764921083173199,115909.61325726587
DEG0P,DE,OTHER,246707.0,0.6705470497582349,795939.3480630248
DEG0P,DE,SFH,85285.0,0.23180373941003318,275151.03867970937
DEZZZ,DE,MFH_HIGH,0.0,0.3333333333333333,
DEZZZ,DE,OTHER,0.0,0.3333333333333333,
DEZZZ,DE,SFH,0.0,0.3333333333333333,
EE001,EE,MFH_HIGH,476618.0,0.26398804067455645,1530338.6717904038
EE001,EE,OTHER,1207368.0,0.6687341071742106,3876651.6192888985
EE001,EE,SFH,121467.0,0.06727785215123296,390009.70892069745
EE004,EE,MFH_HIGH,75174.0,0.1697961064393503,264372.5377260684
EE004,EE,OTHER,296360.0,0.6693906683742499,1042241.270658707
EE004,EE,SFH,71197.0,0.16081322518639987,250386.1916152246
EE006,EE,OTHER,0.0,1.0,1363000.0
EE007,EE,OTHER,0.0,1.0,1174000.0
EE008,EE,MFH_HIGH,177790.0,0.18948057235303772,640254.8539809145
EE008,EE,OTHER,627422.0,0.6686781015067643,2259463.3049913566
EE008,EE,SFH,133090.0,0.14184132614019793,479281.8410277288
EEZZZ,EE,MFH_HIGH,0.0,0.3333333333333333,
EEZZZ,EE,OTHER,0.0,0.3333333333333333,
EEZZZ,EE,SFH,0.0,0.3333333333333333,
IE011,IE,OTHER,0.0,1.0,3777000.0
IE012,IE,OTHER,0.0,1.0,1926000.0
IE013,IE,OTHER,0.0,1.0,3192000.0
IE021,IE,OTHER,0.0,1.0,11309000.0
IE022,IE,OTHER,0.0,1.0,3510000.0
IE023,IE,OTHER,0.0,1.0,2676000.0
IE024,IE,OTHER,0.0,1.0,3474000.0
IE025,IE,OTHER,0.0,1.0,4963000.0
IEZZZ,IE,MFH_HIGH,0.0,0.3333333333333333,
IEZZZ,IE,OTHER,0.0,0.3333333333333333,
IEZZZ,IE,SFH,0.0,0.3333333333333333,
EL301,EL,MFH_HIGH,465842.0,0.2566045759410557,748515.5480200594
EL301,EL,OTHER,1211113.0,0.6671299234111561,1946017.9865903424
EL301,EL,SFH,138453.0,0.07626550064778827,222466.46538959836
EL302,EL,MFH_HIGH,343229.0,0.23771148613224424,594278.7153306106
EL302,EL,OTHER,963680.0,0.6674197254775125,1668549.3136937812
EL302,EL,SFH,136980.0,0.09486878839024329,237171.97097560822
EL303,EL,MFH_HIGH,1036081.0,0.30964976746702083,1418815.2345338895
EL303,EL,OTHER,2231820.0,0.6670159418310406,3056267.045469828
EL303,EL,SFH,78076.0,0.023334290701938477,106917.7199962821
EL304,EL,MFH_HIGH,478849.0,0.28988420952585053,726159.9448622556
EL304,EL,OTHER,1102102.0,0.6671872909557269,1671304.163844096
EL304,EL,SFH,70912.0,0.042928499518422536,107535.89129364846
EL305,EL,MFH_HIGH,183764.0,0.12783529251356168,323678.96064433816
EL305,EL,OTHER,959605.0,0.6675485180583595,1690232.8477237662
EL305,EL,SFH,294137.0,0.2046161894280789,518088.1916318958
EL306,EL,MFH_HIGH,41690.0,0.09455959136829022,84630.83427461974
EL306,EL,OTHER,294283.0,0.6674809361150048,597395.4378229294
EL306,EL,SFH,104913.0,0.237959472516705,212973.72790245098
EL307,EL,MFH_HIGH,380017.0,0.23826547982326507,488682.4991175167
EL307,EL,OTHER,1064164.0,0.6672163247187496,1368460.6819981553
EL307,EL,SFH,150750.0,0.09451819545798533,193856.81888432792
EL411,EL,MFH_HIGH,23562.0,0.08105820833906702,52201.48617035916
EL411,EL,OTHER,194201.0,0.6680920599972479,430251.28663822764
EL411,EL,SFH,72917.0,0.2508497316636851,161547.22719141323
EL412,EL,MFH_HIGH,10471.0,0.07957593950678268,22042.535243378803
EL412,EL,OTHER,88147.0,0.6698863852262796,185558.52870767945
EL412,EL,SFH,32967.0,0.2505376752669377,69398.93604894174
EL413,EL,MFH_HIGH,13135.0,0.08564926511822012,30833.735442559242
EL413,EL,OTHER,102480.0,0.6682403265561627,240566.51756021858
EL413,EL,SFH,37743.0,0.24611040832561717,88599.74699722219
EL421,EL,MFH_HIGH,76465.0,0.13162243390906495,132807.03581424654
EL421,EL,OTHER,388706.0,0.6690960543393316,675117.9188283856
EL421,EL,SFH,115771.0,0.19928151175160344,201075.04535736787
EL422,EL,MFH_HIGH,28311.0,0.08068846403775778,74717.51769896371
EL422,EL,OTHER,235356.0,0.6707821744929717,621144.2935804918
EL422,EL,SFH,87201.0,0.2485293614692705,230138.18872054448
EL431,EL,MFH_HIGH,128019.0,0.14475253816433534,218721.0851663107
EL431,EL,OTHER,591125.0,0.668391755305015,1009939.9422658777
EL431,EL,SFH,165255.0,0.18685570653064962,282338.97256781155
EL432,EL,MFH_HIGH,28144.0,0.12134591173274925,63949.29548315886
EL432,EL,OTHER,155046.0,0.6684976631081524,352298.2684579963
EL432,EL,SFH,48742.0,0.21015642515909835,110752.43605884483
EL433,EL,MFH_HIGH,36599.0,0.14865677219148815,68382.11520808455
EL433,EL,OTHER,164756.0,0.6692012120325916,307832.5575349922
EL433,EL,SFH,44843.0,0.1821420157759202,83785.3272569233
EL434,EL,MFH_HIGH,62393.0,0.13687387982265825,117574.66276766344
EL434,EL,OTHER,304628.0,0.6682739451960433,574047.3189234012
EL434,EL,SFH,88822.0,0.1948521749812984,167378.0183089353
EL511,EL,MFH_HIGH,58614.0,0.14850153153130327,138403.42738717466
EL511,EL,OTHER,263457.0,0.6674816254246864,622092.8748958077
EL511,EL,SFH,72632.0,0.1840168430440103,171503.6977170176
EL512,EL,MFH_HIGH,48134.0,0.1568572499307513,97251.49495706582
EL512,EL,OTHER,204732.0,0.6671728610300947,413647.17383865867
EL512,EL,SFH,53999.0,0.17596988903915403,109101.3312042755
EL513,EL,MFH_HIGH,38082.0,0.12179653243525901,77219.00156395421
EL513,EL,OTHER,208594.0,0.6671400106822231,422966.7667725294
EL513,EL,SFH,65993.0,0.21106345688251793,133814.23166351637
EL514,EL,MFH_HIGH,33792.0,0.13245946878233875,83052.08692652639
EL514,EL,OTHER,170187.0,0.6671069961428706,418276.0865815799
EL514,EL,SFH,51133.0,0.20043353507479067,125671.82649189375
EL515,EL,MFH_HIGH,49605.0,0.12926451733950406,124610.99471528191
EL515,EL,OTHER,256280.0,0.6678340994611047,643792.071880505
EL515,EL,SFH,77863.0,0.20290138319939127,195596.9334042132
EL521,EL,MFH_HIGH,52101.0,0.13963604202401372,106681.93610634649
EL521,EL,OTHER,248973.0,0.6672732632933105,509796.77315608924
EL521,EL,SFH,72046.0,0.1930906946826758,147521.29073756433
EL522,EL,MFH_HIGH,843726.0,0.2558974088342393,1690714.180167819
EL522,EL,OTHER,2199549.0,0.6671109930284739,4407602.330939127
EL522,EL,SFH,253851.0,0.07699159813728684,508683.4888930542
EL523,EL,MFH_HIGH,23559.0,0.11485359932137947,55703.995670869044
EL523,EL,OTHER,136884.0,0.6673296867230234,323654.89806066634
EL523,EL,SFH,44679.0,0.21781671395559715,105641.10626846462
EL524,EL,MFH_HIGH,39695.0,0.10958900327704112,81315.04043156451
EL524,EL,OTHER,241773.0,0.6674810955863474,495270.97292506974
EL524,EL,SFH,80749.0,0.22292990113661149,165413.98664336573
EL525,EL,MFH_HIGH,42087.0,0.12519633040622546,104664.1322196045
EL525,EL,OTHER,224529.0,0.6679071178696366,558370.3505390162
EL525,EL,SFH,69552.0,0.20689655172413793,172965.5172413793
EL526,EL,MFH_HIGH,50829.0,0.11254716312684888,115473.38936814695
EL526,EL,OTHER,301289.0,0.6671235363931057,684468.7483393265
EL526,EL,SFH,99506.0,0.22032930048004534,226057.86229252652
EL527,EL,MFH_HIGH,30760.0,0.10575352826912829,140652.19259794062
EL527,EL,OTHER,194365.0,0.6682309662558231,888747.1851202447
EL527,EL,SFH,65740.0,0.22601550547504856,300600.6222818146
EL531,EL,MFH_HIGH,73741.0,0.15581663162565637,178098.40994812522
EL531,EL,OTHER,315808.0,0.6673104351776526,762735.8274080569
EL531,EL,SFH,83706.0,0.176872933196691,202165.7626438178
EL532,EL,MFH_HIGH,16909.0,0.12574364923552858,38729.043964542805
EL532,EL,OTHER,89784.0,0.6676780296269855,205644.83312511153
EL532,EL,SFH,27779.0,0.20657832113748587,63626.12291034565
EL533,EL,MFH_HIGH,14988.0,0.11797951810074071,39523.138563748136
EL533,EL,OTHER,84812.0,0.6676060107526035,223648.01360212217
EL533,EL,SFH,27239.0,0.21441447114665574,71828.84783412967
EL541,EL,MFH_HIGH,35232.0,0.10044474854601437,66795.75778309956
EL541,EL,OTHER,234494.0,0.6685311894172654,444573.2409624815
EL541,EL,SFH,81034.0,0.23102406203672027,153631.00125441898
EL542,EL,MFH_HIGH,13481.0,0.11259030358708816,30061.61105775254
EL542,EL,OTHER,80102.0,0.668994028479559,178621.40560404226
EL542,EL,SFH,26152.0,0.21841566793335282,58316.9833382052
EL543,EL,MFH_HIGH,74722.0,0.15626758015505043,184395.7445829595
EL543,EL,OTHER,319164.0,0.6674739160167891,787619.2208998111
EL543,EL,SFH,84281.0,0.17625850382816047,207985.03451722936
EL611,EL,MFH_HIGH,64578.0,0.09935596631208402,132838.92695925632
EL611,EL,OTHER,433901.0,0.6675749193034712,892547.667108741
EL611,EL,SFH,151487.0,0.23306911438444472,311613.4059320026
EL612,EL,MFH_HIGH,110686.0,0.14629839395064878,210815.9856828849
EL612,EL,OTHER,504906.0,0.6673557351069356,961659.6142890941
EL612,EL,SFH,140985.0,0.18634587094241564,268524.40002802096
EL613,EL,MFH_HIGH,75324.0,0.1314447157039475,156156.32225628963
EL613,EL,OTHER,382789.0,0.6679888386118417,793570.740270868
EL613,EL,SFH,114934.0,0.2005664456842109,238272.93747284255
EL621,EL,MFH_HIGH,8672.0,0.07600750258558732,14745.45550160394
EL621,EL,OTHER,76553.0,0.6709642926008379,130167.07276456256
EL621,EL,SFH,28869.0,0.2530282048135748,49087.47173383351
EL622,EL,MFH_HIGH,32578.0,0.10864693248669344,85722.42973200112
EL622,EL,OTHER,200518.0,0.6687232367968198,527622.6338326908
EL622,EL,SFH,66756.0,0.2226298307164868,175654.93643530807
EL623,EL,MFH_HIGH,10288.0,0.08948732668789033,20671.572464902667
EL623,EL,OTHER,77101.0,0.6706417549536384,154918.24539429048
EL623,EL,SFH,27577.0,0.2398709183584712,55410.18214080685
EL624,EL,MFH_HIGH,7867.0,0.11775007109607699,19782.011944140933
EL624,EL,OTHER,44810.0,0.6706979389621469,112677.25374564069
EL624,EL,SFH,14134.0,0.21155198994177604,35540.73431021837
EL631,EL,MFH_HIGH,58628.0,0.10541059032303883,113843.43754888194
EL631,EL,OTHER,371265.0,0.6675182987016957,720919.7625978313
EL631,EL,SFH,126294.0,0.2270711109752655,245236.79985328674
EL632,EL,MFH_HIGH,146362.0,0.16189895722833125,314407.7749374193
EL632,EL,OTHER,603193.0,0.6672245371573825,1295750.0511596368
EL632,EL,SFH,154478.0,0.17087650561428622,331842.17390294385
EL633,EL,MFH_HIGH,26552.0,0.06517971553836108,53642.90588807117
EL633,EL,OTHER,272177.0,0.6681387253722697,549878.170981378
EL633,EL,SFH,108637.0,0.26668155908936925,219478.9231305509
EL641,EL,MFH_HIGH,28434.0,0.09522214817469114,58371.17683108567
EL641,EL,OTHER,199506.0,0.6681223146141919,409558.9788584997
EL641,EL,SFH,70667.0,0.23665553721111696,145069.8443104147
EL642,EL,MFH_HIGH,64988.0,0.10605749051018176,146677.50937558137
EL642,EL,OTHER,409440.0,0.668187648711898,924103.5181685549
EL642,EL,SFH,138334.0,0.2257548607779203,312218.9724558638
EL643,EL,MFH_HIGH,3178.0,0.06182157724779209,10200.560245885694
EL643,EL,OTHER,34356.0,0.6683266544761312,110273.89798856164
EL643,EL,SFH,13872.0,0.2698517682760767,44525.541765552654
EL644,EL,MFH_HIGH,40739.0,0.10083511544097264,91558.28482040315
EL644,EL,OTHER,269717.0,0.6675898974298048,606171.6268662628
EL644,EL,SFH,93560.0,0.23157498712922261,210270.08831333413
EL645,EL,MFH_HIGH,6435.0,0.06097041016457747,19571.501662829367
EL645,EL,OTHER,70554.0,0.6684858304198289,214583.95156476507
EL645,EL,SFH,28554.0,0.27054375941559367,86844.54677240556
EL651,EL,MFH_HIGH,53757.0,0.10878922732267642,146212.7215216771
EL651,EL,OTHER,330303.0,0.6684414709221494,898385.3369193688
EL651,EL,SFH,110079.0,0.22276930175517415,299401.9415589541
EL652,EL,MFH_HIGH,40196.0,0.10210815905055365,93428.96553125659
EL652,EL,OTHER,262758.0,0.6674727747986211,610737.5889407384
EL652,EL,SFH,90707.0,0.2304190661508252,210833.44552800505
EL653,EL,MFH_HIGH,65992.0,0.09673891692051495,168228.9765247755
EL653,EL,OTHER,455510.0,0.667740696546002,1161201.0712934975
EL653,EL,SFH,160664.0,0.23552038653348306,409569.95218172704
ELZZZ,EL,MFH_HIGH,0.0,0.0,
ELZZZ,EL,OTHER,1344.0,0.676056338028169,
ELZZZ,EL,SFH,644.0,0.323943661971831,
ES111,ES,MFH_HIGH,666048.0,0.20033717987087304,757274.5399119001
ES111,ES,OTHER,2222229.0,0.6684129235239357,2526600.850920477
ES111,ES,SFH,436358.0,0.13124989660519124,496124.60916762287
ES112,ES,MFH_HIGH,166903.0,0.16803251456289175,211384.90332011782
ES112,ES,OTHER,663875.0,0.6683677681374197,840806.652316874
ES112,ES,SFH,162500.0,0.1635997172996885,205808.44436300814
ES113,ES,MFH_HIGH,151815.0,0.16047333900607266,204282.5605547305
ES113,ES,OTHER,634729.0,0.6709289727232848,854092.5822767415
ES113,ES,SFH,159501.0,0.1685976882706425,214624.8571685279
ES114,ES,MFH_HIGH,468090.0,0.17143535218246883,513277.4444343117
ES114,ES,OTHER,1825693.0,0.6686498802197614,2001937.7413779655
ES114,ES,SFH,436634.0,0.15991476759776987,478784.814187723
ES120,ES,MFH_HIGH,815611.0,0.25678409647597233,926990.5882782601
ES120,ES,OTHER,2121054.0,0.6677851757354265,2410704.48440489
ES120,ES,SFH,239587.0,0.07543072778860116,272304.92731685017
ES130,ES,MFH_HIGH,415502.0,0.2387012417000732,467854.4337321435
ES130,ES,OTHER,1163257.0,0.6682781077258402,1309825.0911426467
ES130,ES,SFH,161919.0,0.09302065057408665,182320.47512520984
ES211,ES,MFH_HIGH,291207.0,0.2883868648486451,347794.559007466
ES211,ES,OTHER,673611.0,0.6670875508403324,804507.5863134409
ES211,ES,SFH,44961.0,0.04452558431102251,53697.85467909315
ES212,ES,MFH_HIGH,657874.0,0.30388586484558905,742393.167817774
ES212,ES,OTHER,1444042.0,0.6670334319996748,1629562.6743752055
ES212,ES,SFH,62956.0,0.029080703154736168,71044.15780702046
ES213,ES,MFH_HIGH,1066933.0,0.3061042219788026,1246762.4961196631
ES213,ES,OTHER,2324392.0,0.6668705576955187,2716163.7814938477
ES213,ES,SFH,94197.0,0.027025220325678622,110073.72238648903
ES220,ES,MFH_HIGH,401347.0,0.21903462502967508,511226.8148192616
ES220,ES,OTHER,1271675.0,0.694015046293138,1619831.118048184
ES220,ES,SFH,159323.0,0.08695032867718688,202942.0671325542
ES230,ES,MFH_HIGH,261721.0,0.2726328574881039,318707.81040359347
ES230,ES,OTHER,641641.0,0.6683927514854539,781351.1264864956
ES230,ES,SFH,56614.0,0.05897439102644233,68941.06310991108
ES241,ES,MFH_HIGH,134279.0,0.20387158484464316,193474.13401756636
ES241,ES,OTHER,441917.0,0.6709486901137942,636730.3069179907
ES241,ES,SFH,82449.0,0.1251797250415626,118795.55906444292
ES242,ES,MFH_HIGH,61981.0,0.15621235262391184,97476.508037321
ES242,ES,OTHER,266659.0,0.6720677262118989,419370.26115622494
ES242,ES,SFH,68134.0,0.1717199211641892,107153.23080645406
ES243,ES,MFH_HIGH,784841.0,0.2718085719816989,1009225.227768048
ES243,ES,OTHER,1929885.0,0.6683637653217671,2481634.6606397214
ES243,ES,SFH,172751.0,0.059827662696534036,222140.11159223088
ES300,ES,MFH_HIGH,5534648.0,0.29021489905463627,8457442.58825021
ES300,ES,OTHER,12740108.0,0.6680405252809509,19468036.987737473
ES300,ES,SFH,796105.0,0.04174457566441284,1216520.4240123192
ES411,ES,MFH_HIGH,81861.0,0.16577596419639332,118364.03843622483
ES411,ES,OTHER,331760.0,0.6718441490061866,479696.72239041724
ES411,ES,SFH,80184.0,0.16237988679742005,115939.23917335791
ES412,ES,MFH_HIGH,265090.0,0.24332237989462668,358413.8655847851
ES412,ES,OTHER,730417.0,0.6704394837809557,987557.3596093478
ES412,ES,SFH,93953.0,0.0862381363244176,127028.77480586711
ES413,ES,MFH_HIGH,272772.0,0.19355786363413807,384986.59076830064
ES413,ES,OTHER,945636.0,0.6710193272606125,1334657.4419213582
ES413,ES,SFH,190845.0,0.13542280910524937,269355.967310341
ES414,ES,MFH_HIGH,104437.0,0.21391074233911683,140325.44697446065
ES414,ES,OTHER,327289.0,0.6703623519387498,439757.7028718199
ES414,ES,SFH,56501.0,0.11572690572213336,75916.85015371948
ES415,ES,MFH_HIGH,211141.0,0.20757812899394787,269643.9895631383
ES415,ES,OTHER,682335.0,0.6708210278775104,871396.515212886
ES415,ES,SFH,123688.0,0.1216008431285417,157959.49522397568
ES416,ES,MFH_HIGH,77868.0,0.16955286278864684,109870.25508704316
ES416,ES,OTHER,308026.0,0.6707079944693035,434618.78041610867
ES416,ES,SFH,73361.0,0.15973914274204962,103510.96449684816
ES417,ES,MFH_HIGH,57525.0,0.21178796536286523,81326.57869934024
ES417,ES,OTHER,182421.0,0.6716136015551367,257899.6229971725
ES417,ES,SFH,31670.0,0.11659843308199812,44773.798303487274
ES418,ES,MFH_HIGH,392676.0,0.25047169630794786,510461.3170755977
ES418,ES,OTHER,1047525.0,0.6681726504165854,1361735.861549001
ES418,ES,SFH,127545.0,0.08135565327546682,165802.82137540137
ES419,ES,MFH_HIGH,82818.0,0.1552602668846337,113029.47429201334
ES419,ES,OTHER,358828.0,0.6727007540109559,489726.14891997585
ES419,ES,SFH,91768.0,0.17203897910441046,125244.37678801082
ES421,ES,MFH_HIGH,237681.0,0.2121513437474617,319287.7723399298
ES421,ES,OTHER,750698.0,0.6700644538205914,1008447.0029999901
ES421,ES,SFH,131958.0,0.11778420243194682,177265.22466007996
ES422,ES,MFH_HIGH,200742.0,0.14018080727810048,272791.8509631835
ES422,ES,OTHER,959806.0,0.6702452895276748,1304297.3334208552
ES422,ES,SFH,271474.0,0.18957390319422468,368910.8156159612
ES423,ES,MFH_HIGH,76247.0,0.13055814303913646,113585.58444404871
ES423,ES,OTHER,393652.0,0.6740524102409556,586425.5969096314
ES423,ES,SFH,114109.0,0.19538944671990793,169988.8186463199
ES424,ES,MFH_HIGH,129253.0,0.1679059592566323,163204.5923974466
ES424,ES,OTHER,516011.0,0.6703234891412507,651554.4314452957
ES424,ES,SFH,124530.0,0.16177055160211692,157240.97615725765
ES425,ES,MFH_HIGH,258573.0,0.12840697641504514,321659.47591968806
ES425,ES,OTHER,1349975.0,0.6703956251654294,1679341.0410394005
ES425,ES,SFH,405151.0,0.20119739841952547,503999.4830409113
ES431,ES,MFH_HIGH,275741.0,0.14066265367545783,336324.40493801964
ES431,ES,OTHER,1314615.0,0.6706192929653625,1603450.7294801818
ES431,ES,SFH,369944.0,0.1887180533591797,451224.8655817987
ES432,ES,MFH_HIGH,167844.0,0.14011999742874579,203874.59625882513
ES432,ES,OTHER,805339.0,0.6723153559809627,978218.8429523007
ES432,ES,SFH,224676.0,0.1875646465902915,272906.56078887417
ES511,ES,MFH_HIGH,4411781.0,0.2706474137564542,5789960.122491824
ES511,ES,OTHER,10898545.0,0.6685878147528934,14303099.12100865
ES511,ES,SFH,990517.0,0.060764771490652354,1299940.7564995259
ES512,ES,MFH_HIGH,424095.0,0.19054848597311172,572979.2973211469
ES512,ES,OTHER,1491518.0,0.6701481901499514,2015135.6077809038
ES512,ES,SFH,310041.0,0.13930332387693684,418885.0948979491
ES513,ES,MFH_HIGH,258197.0,0.2051631471216436,381808.6167933787
ES513,ES,OTHER,843346.0,0.6701221140154597,1247097.2541827706
ES513,ES,SFH,156953.0,0.12471473886289666,232094.1290238507
ES514,ES,MFH_HIGH,510004.0,0.21396034129343466,672049.4320026783
ES514,ES,OTHER,1594414.0,0.668899388246034,2101012.9784807926
ES514,ES,SFH,279220.0,0.11714027046053134,367937.58951652894
ES521,ES,MFH_HIGH,1372491.0,0.24815550095194702,1516726.4218183002
ES521,ES,OTHER,3696652.0,0.668379267262967,4085134.0815112544
ES521,ES,SFH,461627.0,0.08346523178508598,510139.49667044554
ES522,ES,MFH_HIGH,399617.0,0.2290067455548736,491219.4692152039
ES522,ES,OTHER,1166613.0,0.6685457486843847,1434030.630928005
ES522,ES,SFH,178771.0,0.10244750576074169,219749.89985679093
ES523,ES,MFH_HIGH,1958157.0,0.25747518877151054,2342251.7922544316
ES523,ES,OTHER,5079985.0,0.6679597687169323,6076430.016017933
ES523,ES,SFH,567084.0,0.07456504251155718,678318.1917276357
ES531,ES,MFH_HIGH,102640.0,0.2227155061114402,101112.83977459386
ES531,ES,OTHER,309431.0,0.6714251926302519,304827.0374541344
ES531,ES,SFH,48786.0,0.10585930125830789,48060.12277127178
ES532,ES,MFH_HIGH,555359.0,0.21563671888043898,721089.187936188
ES532,ES,OTHER,1723433.0,0.669180543270698,2237739.736697214
ES532,ES,SFH,296646.0,0.11518273784886299,385171.07536659786
ES533,ES,MFH_HIGH,48632.0,0.17465316808464026,56936.93279559273
ES533,ES,OTHER,186182.0,0.6686394995133759,217976.47684136053
ES533,ES,SFH,43635.0,0.15670733240198384,51086.59036304673
ES611,ES,MFH_HIGH,384866.0,0.18720702236711093,437690.01829430537
ES611,ES,OTHER,1377216.0,0.6699072054074484,1566243.0462426143
ES611,ES,SFH,293749.0,0.14288577222544072,334066.9354630804
ES612,ES,MFH_HIGH,764225.0,0.2165770998605416,787474.3350929293
ES612,ES,OTHER,2364161.0,0.6699900330182837,2436083.76005448
ES612,ES,SFH,400265.0,0.11343286712117463,412441.904852591
ES613,ES,MFH_HIGH,407447.0,0.183172629954846,474783.45684296085
ES613,ES,OTHER,1488807.0,0.6693108396556716,1734853.6963875007
ES613,ES,SFH,328134.0,0.1475165303894824,382362.84676953836
ES614,ES,MFH_HIGH,460660.0,0.17057697199769384,583202.6672601153
ES614,ES,OTHER,1810662.0,0.6704668112518741,2292326.0276701576
ES614,ES,SFH,429277.0,0.15895621675043203,543471.3050697271
ES615,ES,MFH_HIGH,265427.0,0.17743466536177882,288686.20054361416
ES615,ES,OTHER,1003103.0,0.6705619440689772,1091004.283000226
ES615,ES,SFH,227384.0,0.15200339056924395,247309.5164561599
ES616,ES,MFH_HIGH,272777.0,0.14990885454592418,343141.36805562046
ES616,ES,OTHER,1219539.0,0.6702166772274856,1534125.9741737144
ES616,ES,SFH,327303.0,0.17987446822659028,411732.6577706652
ES617,ES,MFH_HIGH,1159693.0,0.23703334736151901,1250350.907332013
ES617,ES,OTHER,3274178.0,0.6692196738252655,3530133.7794282753
ES617,ES,SFH,458660.0,0.09374697881321549,494515.3132397117
ES618,ES,MFH_HIGH,992093.0,0.18144022233122245,1126562.3404545602
ES618,ES,OTHER,3658798.0,0.6691440445452513,4154715.3725814656
ES618,ES,SFH,816987.0,0.14941573312352616,927722.2869639739
ES620,ES,MFH_HIGH,861083.0,0.2079701653167218,993265.5095526633
ES620,ES,OTHER,2768175.0,0.6685741239527623,3193110.015998393
ES620,ES,SFH,511158.0,0.12345571073051596,589624.4744489442
ES630,ES,MFH_HIGH,51351.0,0.2564152497940229,48975.31271065838
ES630,ES,OTHER,136210.0,0.680148802836242,129908.42134172222
ES630,ES,SFH,12704.0,0.0634359473697351,12116.265947619404
ES640,ES,MFH_HIGH,48933.0,0.23647812723512013,49660.40671937523
ES640,ES,OTHER,139279.0,0.6730925363901722,141349.43264193615
ES640,ES,SFH,18712.0,0.09042933637470763,18990.1606386886
ES703,ES,MFH_HIGH,1765.0,0.05482898946910627,2138.3305892951444
ES703,ES,OTHER,21974.0,0.6826131527445559,26621.91295703768
ES703,ES,SFH,8452.0,0.2625578577863378,10239.756453667173
ES704,ES,MFH_HIGH,67117.0,0.20030082278613232,60490.84848141196
ES704,ES,OTHER,227656.0,0.6794058749973887,205180.57424921138
ES704,ES,SFH,40308.0,0.120293302216479,36328.57726937666
ES705,ES,MFH_HIGH,504763.0,0.21101346981654948,682206.5479169044
ES705,ES,OTHER,1614570.0,0.6749623446284816,2182153.260183881
ES705,ES,SFH,272756.0,0.1140241855549689,368640.19189921446
ES706,ES,MFH_HIGH,8537.0,0.12948581829212802,11006.294554830882
ES706,ES,OTHER,44429.0,0.6738813893523434,57279.91809494919
ES706,ES,SFH,12964.0,0.19663279235552858,16713.78735021993
ES707,ES,MFH_HIGH,30628.0,0.13047849499011654,41753.11839683729
ES707,ES,OTHER,158038.0,0.6732584690886784,215442.71010837707
ES707,ES,SFH,46070.0,0.1962630359212051,62804.17149478563
ES708,ES,MFH_HIGH,71505.0,0.16759717612645553,95362.79321595319
ES708,ES,OTHER,289584.0,0.6787421949710299,386204.308938516
ES708,ES,SFH,65559.0,0.15366062890251447,87432.89784553074
ES709,ES,MFH_HIGH,543781.0,0.2072450649902529,724114.2570759436
ES709,ES,OTHER,1768322.0,0.6739404425930549,2354747.9064201335
ES709,ES,SFH,311752.0,0.11881449241669223,415137.83650392265
ESZZZ,ES,MFH_HIGH,0.0,0.3333333333333333,
ESZZZ,ES,OTHER,0.0,0.3333333333333333,
ESZZZ,ES,SFH,0.0,0.3333333333333333,
FR101,FR,MFH_HIGH,2481097.0,0.33080843433862633,9204083.068603601
FR101,FR,OTHER,5000068.0,0.6666666666666666,18548666.666666664
FR101,FR,SFH,18937.0,0.0025248989947070054,70250.26472973301
FR102,FR,MFH_HIGH,565396.0,0.13518742743248233,1301043.80161021
FR102,FR,OTHER,2788208.0,0.6666666666666666,6416000.0
FR102,FR,SFH,828708.0,0.19814590590085102,1906956.1983897903
FR103,FR,MFH_HIGH,815878.0,0.18960154250904984,2024944.4739966523
FR103,FR,OTHER,2868746.0,0.6666666666666666,7120000.0
FR103,FR,SFH,618495.0,0.1437317908242835,1535055.5260033477
FR104,FR,MFH_HIGH,675822.0,0.17561677602729742,1630601.7654134566
FR104,FR,OTHER,2565518.0,0.6666666666666666,6190000.0
FR104,FR,SFH,606937.0,0.15771655730603593,1464398.2345865436
FR105,FR,MFH_HIGH,1512036.0,0.29299650389083115,5072941.468365851
FR105,FR,OTHER,3440396.0,0.6666666666666666,11542666.666666666
FR105,FR,SFH,208162.0,0.040336829442502165,698391.8649674825
FR106,FR,MFH_HIGH,1220414.0,0.25442147089113204,2766833.495941061
FR106,FR,OTHER,3197880.0,0.6666666666666666,7250000.0
FR106,FR,SFH,378526.0,0.07891186244220129,858166.504058939
FR107,FR,MFH_HIGH,1120967.0,0.25916364666238956,2737286.4360481584
FR107,FR,OTHER,2883550.0,0.6666666666666666,7041333.333333333
FR107,FR,SFH,320808.0,0.0741696866709438,783380.2306185084
FR108,FR,MFH_HIGH,657917.0,0.18349174740764293,1557294.4602486657
FR108,FR,OTHER,2390360.0,0.6666666666666666,5658000.0
FR108,FR,SFH,537263.0,0.1498415859256904,1271705.5397513346
FR211,FR,OTHER,0.0,1.0,2349000.0
FR212,FR,OTHER,0.0,1.0,2427000.0
FR213,FR,OTHER,0.0,1.0,4587000.0
FR214,FR,OTHER,0.0,1.0,1624000.0
FR221,FR,OTHER,0.0,1.0,4281000.0
FR222,FR,OTHER,0.0,1.0,5933000.0
FR223,FR,OTHER,0.0,1.0,4604000.0
FR231,FR,OTHER,0.0,1.0,4282000.0
FR232,FR,OTHER,0.0,1.0,9821000.0
FR241,FR,OTHER,0.0,1.0,2638000.0
FR242,FR,OTHER,0.0,1.0,3344000.0
FR243,FR,OTHER,0.0,1.0,1976000.0
FR244,FR,OTHER,0.0,1.0,4571000.0
FR245,FR,OTHER,0.0,1.0,2668000.0
FR246,FR,OTHER,0.0,1.0,5269000.0
FR251,FR,OTHER,0.0,1.0,5591000.0
FR252,FR,OTHER,0.0,1.0,3863000.0
FR253,FR,OTHER,0.0,1.0,2485000.0
FR261,FR,OTHER,0.0,1.0,4586000.0
FR262,FR,OTHER,0.0,1.0,2042000.0
FR263,FR,OTHER,0.0,1.0,4616000.0
FR264,FR,OTHER,0.0,1.0,2830000.0
FR301,FR,OTHER,0.0,1.0,19988000.0
FR302,FR,OTHER,0.0,1.0,11040000.0
FR411,FR,OTHER,0.0,1.0,6059000.0
FR412,FR,OTHER,0.0,1.0,1595000.0
FR413,FR,OTHER,0.0,1.0,8128000.0
FR414,FR,OTHER,0.0,1.0,3265000.0
FR421,FR,OTHER,0.0,1.0,8313000.0
FR422,FR,OTHER,0.0,1.0,5839000.0
FR431,FR,OTHER,0.0,1.0,4448000.0
FR432,FR,OTHER,0.0,1.0,2088000.0
FR433,FR,OTHER,0.0,1.0,1908000.0
FR434,FR,OTHER,0.0,1.0,1160000.0
FR511,FR,OTHER,0.0,1.0,9684000.0
FR512,FR,OTHER,0.0,1.0,5624000.0
FR513,FR,OTHER,0.0,1.0,2335000.0
FR514,FR,OTHER,0.0,1.0,4471000.0
FR515,FR,OTHER,0.0,1.0,4718000.0
FR521,FR,OTHER,0.0,1.0,4814000.0
FR522,FR,OTHER,0.0,1.0,7013000.0
FR523,FR,OTHER,0.0,1.0,7321000.0
FR524,FR,OTHER,0.0,1.0,5387000.0
FR531,FR,OTHER,0.0,1.0,2734000.0
FR532,FR,OTHER,0.0,1.0,4872000.0
FR533,FR,OTHER,0.0,1.0,2926000.0
FR534,FR,OTHER,0.0,1.0,3408000.0
FR611,FR,OTHER,0.0,1.0,3315000.0
FR612,FR,OTHER,0.0,1.0,10896000.0
FR613,FR,OTHER,0.0,1.0,2745000.0
FR614,FR,OTHER,0.0,1.0,2472000.0
FR615,FR,OTHER,0.0,1.0,4731000.0
FR621,FR,OTHER,0.0,1.0,1471000.0
FR622,FR,OTHER,0.0,1.0,2544000.0
FR623,FR,OTHER,0.0,1.0,9392000.0
FR624,FR,OTHER,0.0,1.0,1448000.0
FR625,FR,OTHER,0.0,1.0,1511000.0
FR626,FR,OTHER,0.0,1.0,2002000.0
FR627,FR,OTHER,0.0,1.0,2744000.0
FR628,FR,OTHER,0.0,1.0,1722000.0
FR631,FR,OTHER,0.0,1.0,2225000.0
FR632,FR,OTHER,0.0,1.0,1201000.0
FR633,FR,OTHER,0.0,1.0,3151000.0
FR711,FR,OTHER,0.0,1.0,4268000.0
FR712,FR,OTHER,0.0,1.0,2774000.0
FR713,FR,OTHER,0.0,1.0,3779000.0
FR714,FR,OTHER,0.0,1.0,9386000.0
FR715,FR,OTHER,0.0,1.0,5648000.0
FR716,FR,OTHER,0.0,1.0,13572000.0
FR717,FR,OTHER,0.0,1.0,4191000.0
FR718,FR,OTHER,0.0,1.0,7007000.0
FR721,FR,OTHER,0.0,1.0,3081000.0
FR722,FR,OTHER,0.0,1.0,1600000.0
FR723,FR,OTHER,0.0,1.0,2092000.0
FR724,FR,OTHER,0.0,1.0,5816000.0
FR811,FR,OTHER,0.0,1.0,2730000.0
FR812,FR,OTHER,0.0,1.0,5002000.0
FR813,FR,OTHER,0.0,1.0,7586000.0
FR814,FR,OTHER,0.0,1.0,882000.0
FR815,FR,OTHER,0.0,1.0,4356000.0
FR821,FR,OTHER,0.0,1.0,1740000.0
FR822,FR,OTHER,0.0,1.0,1613000.0
FR823,FR,OTHER,0.0,1.0,9619000.0
FR824,FR,OTHER,0.0,1.0,14536000.0
FR825,FR,OTHER,0.0,1.0,7570000.0
FR826,FR,OTHER,0.0,1.0,4361000.0
FR831,FR,OTHER,0.0,1.0,832000.0
FR832,FR,OTHER,0.0,1.0,1128000.0
FRA10,FR,OTHER,0.0,1.0,1786000.0
FRA20,FR,OTHER,0.0,1.0,1443000.0
FRA30,FR,OTHER,0.0,1.0,493000.0
FRA40,FR,OTHER,0.0,1.0,1864000.0
FRA50,FR,OTHER,0.0,1.0,627000.0
FRZZZ,FR,MFH_HIGH,0.0,0.3333333333333333,
FRZZZ,FR,OTHER,0.0,0.3333333333333333,
FRZZZ,FR,SFH,0.0,0.3333333333333333,
HR031,HR,MFH_HIGH,143142.0,0.18047598394222428,261148.74876439854
HR031,HR,OTHER,531350.0,0.6699355469932017,969396.7364991629
HR031,HR,SFH,118644.0,0.14958846906457404,216454.51473643864
HR032,HR,MFH_HIGH,10288.0,0.08201922923609228,28460.672544924022
HR032,HR,OTHER,84385.0,0.6727442320264043,233442.2485131623
HR032,HR,SFH,30761.0,0.2452365387375034,85097.07894191369
HR033,HR,MFH_HIGH,52554.0,0.11810949298813377,104526.90129449838
HR033,HR,OTHER,298205.0,0.6701838367493708,593112.6955231931
HR033,HR,SFH,94201.0,0.2117066702624955,187360.40318230854
HR034,HR,MFH_HIGH,36529.0,0.13044301130560854,75787.38956855856
HR034,HR,OTHER,187460.0,0.6694091516151379,388926.71708839515
HR034,HR,SFH,56049.0,0.20014783707925354,116285.89334304631
HR035,HR,MFH_HIGH,214063.0,0.1854115401172253,327065.9567667854
HR035,HR,OTHER,772580.0,0.6691733165645904,1180421.7304199375
HR035,HR,SFH,167886.0,0.1454151433181843,256512.31281327712
HR036,HR,MFH_HIGH,82065.0,0.1470066638005159,151563.8703783319
HR036,HR,OTHER,374028.0,0.6700128976784179,690783.2975064488
HR036,HR,SFH,102147.0,0.1829804385210662,188652.83211521927
HR037,HR,MFH_HIGH,43048.0,0.13901159936965563,67559.63729365263
HR037,HR,OTHER,207625.0,0.6704674623472577,325847.18670076726
HR037,HR,SFH,58999.0,0.1905209382830866,92593.1760055801
HR041,HR,OTHER,0.0,1.0,4147000.0
HR042,HR,OTHER,0.0,1.0,1145000.0
HR043,HR,OTHER,0.0,1.0,488000.0
HR044,HR,OTHER,0.0,1.0,633000.0
HR045,HR,OTHER,0.0,1.0,418000.0
HR046,HR,OTHER,0.0,1.0,368000.0
HR047,HR,OTHER,0.0,1.0,439000.0
HR048,HR,OTHER,0.0,1.0,290000.0
HR049,HR,OTHER,0.0,1.0,275000.0
HR04A,HR,OTHER,0.0,1.0,504000.0
HR04B,HR,OTHER,0.0,1.0,1156000.0
HR04C,HR,OTHER,0.0,1.0,604000.0
HR04D,HR,OTHER,0.0,1.0,528000.0
HR04E,HR,OTHER,0.0,1.0,690000.0
HRZZZ,HR,MFH_HIGH,0.0,0.3333333333333333,
HRZZZ,HR,OTHER,0.0,0.3333333333333333,
HRZZZ,HR,SFH,0.0,0.3333333333333333,
ITC11,IT,MFH_HIGH,1869281.0,0.2608984808053503,5305892.404138409
ITC11,IT,OTHER,4780830.0,0.6672679409829998,13570228.115771268
ITC11,IT,SFH,514672.0,0.07183357821164996,1460879.4800903252
ITC12,IT,MFH_HIGH,96964.0,0.18234953398978462,296135.64319941023
ITC12,IT,OTHER,354916.0,0.667451499582509,1083941.2353219946
ITC12,IT,SFH,79868.0,0.15019896642770636,243923.12147859513
ITC13,IT,MFH_HIGH,98027.0,0.1752265699015069,320314.1697799546
ITC13,IT,OTHER,373390.0,0.6674472230663354,1220093.523765261
ITC13,IT,SFH,88013.0,0.15732620703215774,287592.30645478435
ITC14,IT,MFH_HIGH,94350.0,0.18738939854656533,323059.32309427863
ITC14,IT,OTHER,336066.0,0.6674637584732381,1150707.5196078625
ITC14,IT,SFH,73081.0,0.1451468429801965,250233.15729785876
ITC15,IT,MFH_HIGH,221809.0,0.1966810314251259,611481.3267007165
ITC15,IT,OTHER,753422.0,0.6680694474001561,2077027.9119670852
ITC15,IT,SFH,152529.0,0.13524952117471803,420490.76133219834
ITC16,IT,MFH_HIGH,321838.0,0.18012430355588763,898460.0261367675
ITC16,IT,OTHER,1192738.0,0.667544235219714,3329710.645275933
ITC16,IT,SFH,272179.0,0.15233146122439842,759829.3285872993
ITC17,IT,MFH_HIGH,105107.0,0.16043490073847036,298408.91537355486
ITC17,IT,OTHER,437108.0,0.6671998876572569,1240991.7910424978
ITC17,IT,SFH,112923.0,0.17236521160427268,320599.2935839472
ITC18,IT,MFH_HIGH,259098.0,0.19223829125475964,737041.6086707484
ITC18,IT,OTHER,899166.0,0.667138053533324,2557807.2972467644
ITC18,IT,SFH,189532.0,0.14062365521191633,539151.0940824872
ITC20,IT,MFH_HIGH,89953.0,0.2199291458134173,306361.3001180903
ITC20,IT,OTHER,272986.0,0.6674327459786948,929733.8151483219
ITC20,IT,SFH,46070.0,0.11263810820788785,156904.88473358777
ITC31,IT,MFH_HIGH,181019.0,0.25985068049329124,392114.67686437647
ITC31,IT,OTHER,464570.0,0.6668848609083484,1006329.2551106978
ITC31,IT,SFH,51038.0,0.07326445859836038,110556.06802492581
ITC32,IT,MFH_HIGH,241003.0,0.26228022061736295,588556.8150653625
ITC32,IT,OTHER,612798.0,0.6668995598970917,1496522.6124090739
ITC32,IT,SFH,65075.0,0.07082021948554539,158920.57252556385
ITC33,IT,MFH_HIGH,839097.0,0.29535518779461706,2426342.867732779
ITC33,IT,OTHER,1894594.0,0.6668813816097003,5478430.549923688
ITC33,IT,SFH,107285.0,0.03776343059568261,310226.58234353265
ITC34,IT,MFH_HIGH,171456.0,0.24283557441456652,399221.68433754734
ITC34,IT,OTHER,470856.0,0.6668800580122313,1096350.8153721082
ITC34,IT,SFH,63746.0,0.0902843675732022,148427.5002903444
ITC41,IT,MFH_HIGH,589241.0,0.2186658304604206,1635839.0776744066
ITC41,IT,OTHER,1801244.0,0.6684370488846666,5000577.562706191
ITC41,IT,SFH,304225.0,0.11289712065491278,844583.3596194026
ITC42,IT,MFH_HIGH,410922.0,0.22563539952459316,1177591.1501188518
ITC42,IT,OTHER,1216176.0,0.667796705097857,3485231.003905716
ITC42,IT,SFH,194079.0,0.10656789537754979,556177.8459754323
ITC43,IT,MFH_HIGH,242933.0,0.23989283806322476,678896.7317189261
ITC43,IT,OTHER,676386.0,0.6679214316961152,1890217.6517000059
ITC43,IT,SFH,93354.0,0.09218573024066011,260885.6165810681
ITC44,IT,MFH_HIGH,103492.0,0.18855226216438292,483259.44792731345
ITC44,IT,OTHER,366302.0,0.6673662769618695,1710459.7678532714
ITC44,IT,SFH,79083.0,0.14408146087374768,369280.7842194153
ITC46,IT,MFH_HIGH,812765.0,0.246539262340234,2587429.5582607556
ITC46,IT,OTHER,2199240.0,0.6671042765241321,7001259.382120766
ITC46,IT,SFH,284691.0,0.08635646113563399,906311.0596184786
ITC47,IT,MFH_HIGH,879349.0,0.23190733084868131,2512715.9297454623
ITC47,IT,OTHER,2530628.0,0.6673927926806498,7231200.90869484
ITC47,IT,SFH,381835.0,0.1006998764706689,1091083.1615596975
ITC48,IT,MFH_HIGH,304378.0,0.17997274197410784,804298.1838822879
ITC48,IT,OTHER,1128878.0,0.6674834219761182,2982983.4128112723
ITC48,IT,SFH,257989.0,0.15254383604977398,681718.4033064399
ITC49,IT,MFH_HIGH,146537.0,0.21388640755726038,371306.803519404
ITC49,IT,OTHER,456986.0,0.6670198915220197,1157946.531682226
ITC49,IT,SFH,81593.0,0.11909370092072,206746.66479836992
ITC4A,IT,MFH_HIGH,198230.0,0.18490759284323757,552318.9798227507
ITC4A,IT,OTHER,715292.0,0.6672195020936543,1992984.6527537454
ITC4A,IT,SFH,158527.0,0.14787290506310813,441696.367423504
ITC4B,IT,MFH_HIGH,181981.0,0.15013075939446438,519752.6890236357
ITC4B,IT,OTHER,808648.0,0.6671187559295467,2309565.133028091
ITC4B,IT,SFH,221521.0,0.18275048467598895,632682.1779482737
ITC4C,IT,MFH_HIGH,3113506.0,0.2959954793159119,8717954.852291554
ITC4C,IT,OTHER,7014738.0,0.6668786688015187,19641577.43221113
ITC4C,IT,SFH,390518.0,0.03712585188256945,1093467.715497318
ITC4D,IT,MFH_HIGH,702101.0,0.26377956010002646,1705334.856046671
ITC4D,IT,OTHER,1775004.0,0.666869544831566,4311311.607336074
ITC4D,IT,SFH,184591.0,0.06935089506840751,448353.53661725455
ITF11,IT,MFH_HIGH,184606.0,0.20167364016736403,537661.9246861925
ITF11,IT,OTHER,610432.0,0.6668691348853469,1777873.1136043349
ITF11,IT,SFH,120332.0,0.13145722494728906,350464.96170947264
ITF12,IT,MFH_HIGH,190777.0,0.20979190928155203,499724.3279086569
ITF12,IT,OTHER,606792.0,0.6672714856443467,1589440.678804834
ITF12,IT,SFH,111794.0,0.12293660507410133,292834.99328650936
ITF13,IT,MFH_HIGH,225029.0,0.23354619623032366,541593.6290581205
ITF13,IT,OTHER,643200.0,0.667544687197402,1548036.1296107753
ITF13,IT,SFH,95302.0,0.09890911657227427,229370.24133110404
ITF14,IT,MFH_HIGH,229094.0,0.20047990422917789,545104.8595991347
ITF14,IT,OTHER,762828.0,0.6675499331424452,1815068.2682143084
ITF14,IT,SFH,150806.0,0.13197016262837702,358826.8721865571
ITF21,IT,MFH_HIGH,41839.0,0.16724093823449468,120078.99365236718
ITF21,IT,OTHER,166804.0,0.6667572709975537,478731.72057624353
ITF21,IT,SFH,41529.0,0.16600179076795166,119189.28577138929
ITF22,IT,MFH_HIGH,133274.0,0.20057067695650996,346385.5591038927
ITF22,IT,OTHER,443598.0,0.6675927124311861,1152932.6143686585
ITF22,IT,SFH,87602.0,0.13183661061230387,227681.82652744878
ITF31,IT,MFH_HIGH,574992.0,0.22178772652074247,1191443.6668694285
ITF31,IT,OTHER,1729196.0,0.6669909312629771,3583075.282744713
ITF31,IT,SFH,288345.0,0.11122134221628037,597481.0503858582
ITF32,IT,MFH_HIGH,142353.0,0.180519977884074,375842.59395464207
ITF32,IT,OTHER,525982.0,0.6670056760828434,1388705.81760448
ITF32,IT,SFH,120237.0,0.15247434603308258,317451.5884408779
ITF33,IT,MFH_HIGH,2363675.0,0.2861409101209995,5026923.50900572
ITF33,IT,OTHER,5508586.0,0.6668564043363814,11715333.311381549
ITF33,IT,SFH,388267.0,0.04700268554261907,825743.1796127318
ITF34,IT,MFH_HIGH,217226.0,0.18119682359614295,613532.44469654
ITF34,IT,OTHER,799652.0,0.6670214540722699,2258534.6434887056
ITF34,IT,SFH,181962.0,0.1517817223315872,513932.9118147543
ITF35,IT,MFH_HIGH,737397.0,0.2377432291748948,1674663.306307959
ITF35,IT,OTHER,2069026.0,0.6670720419079762,4698855.463199784
ITF35,IT,SFH,295230.0,0.09518472891712902,670481.2304922568
ITF43,IT,MFH_HIGH,369374.0,0.21832679213164366,851037.835729147
ITF43,IT,OTHER,1128246.0,0.6668751182144884,2599479.210800076
ITF43,IT,SFH,194220.0,0.11479808965386798,447482.9534707774
ITF44,IT,MFH_HIGH,192819.0,0.16765878191550412,433230.2924696627
ITF44,IT,OTHER,767274.0,0.6671553334237628,1723929.381567003
ITF44,IT,SFH,189975.0,0.1651858846607331,426840.32596333436
ITF45,IT,MFH_HIGH,299326.0,0.12521088022756033,651722.6315844515
ITF45,IT,OTHER,1594678.0,0.6670688014389844,3472093.111489914
ITF45,IT,SFH,496571.0,0.20772031833345533,1081184.256925635
ITF46,IT,MFH_HIGH,456193.0,0.2614466324331759,1049446.782586768
ITF46,IT,OTHER,1164120.0,0.6671633579386548,2677993.7187657603
ITF46,IT,SFH,124567.0,0.07139000962816927,286559.4986474714
ITF47,IT,MFH_HIGH,954089.0,0.2645148698106622,2208434.6480492186
ITF47,IT,OTHER,2406692.0,0.6672394515127646,5570782.180680072
ITF47,IT,SFH,246158.0,0.06824567867657312,569783.171270709
ITF48,IT,MFH_HIGH,294868.0,0.2732617406873339,639705.7349490486
ITF48,IT,OTHER,719996.0,0.6672387653048742,1562005.9495787106
ITF48,IT,SFH,64204.0,0.059499494007791906,139288.31547224085
ITF51,IT,MFH_HIGH,204809.0,0.19052035445647342,525264.6172364972
ITF51,IT,OTHER,717130.0,0.6670989155328662,1839191.710124112
ITF51,IT,SFH,153059.0,0.14238073001066048,392543.672639391
ITF52,IT,MFH_HIGH,136648.0,0.23097765915548665,245529.2516822823
ITF52,IT,OTHER,394544.0,0.6669021833751122,708917.0209277442
ITF52,IT,SFH,60415.0,0.10212015746940115,108553.72738997341
ITF61,IT,MFH_HIGH,448551.0,0.2109612105962445,908188.0116168326
ITF61,IT,OTHER,1417844.0,0.66683629437148,2870730.247269221
ITF61,IT,SFH,259830.0,0.12220249503227551,526081.7411139461
ITF62,IT,MFH_HIGH,100042.0,0.2061658938691396,186786.2998454405
ITF62,IT,OTHER,323542.0,0.666753219989696,604078.4173106647
ITF62,IT,SFH,61666.0,0.12708088614116436,115135.2828438949
ITF63,IT,MFH_HIGH,212891.0,0.20292881844490282,437920.3902041003
ITF63,IT,OTHER,699604.0,0.6668662042985743,1439097.2688763235
ITF63,IT,SFH,136597.0,0.13020497725652277,280982.3409195761
ITF64,IT,MFH_HIGH,78200.0,0.17277262503921628,194541.97579415754
ITF64,IT,OTHER,301852.0,0.6669023326513749,750932.0265654481
ITF64,IT,SFH,72566.0,0.1603250423094088,180525.99764039431
ITF65,IT,MFH_HIGH,301439.0,0.1928847902441334,765559.7324789655
ITF65,IT,OTHER,1042178.0,0.6668688687497321,2646802.5400676867
ITF65,IT,SFH,219176.0,0.14024634100613453,556637.727453348
ITG11,IT,MFH_HIGH,195649.0,0.15161394312956336,356899.2221269921
ITG11,IT,OTHER,860444.0,0.6667823892898712,1569605.7443883568
ITG11,IT,SFH,234349.0,0.18160366758056543,427495.033484651
ITG12,IT,MFH_HIGH,839089.0,0.2351594136043368,2053647.1590066731
ITG12,IT,OTHER,2379252.0,0.666798760485414,5823153.575319121
ITG12,IT,SFH,349830.0,0.09804182591024925,856199.2656742067
ITG13,IT,MFH_HIGH,398130.0,0.20632003780953448,934836.0913150007
ITG13,IT,OTHER,1286676.0,0.6667848214618858,3021202.0260438044
ITG13,IT,SFH,244866.0,0.12689514072857977,574961.882641195
ITG14,IT,MFH_HIGH,224838.0,0.18198285700410363,625657.0623801083
ITG14,IT,OTHER,823806.0,0.6667848384041959,2292406.2744336254
ITG14,IT,SFH,186846.0,0.15123230459170045,519936.66318626615
ITG15,IT,MFH_HIGH,150025.0,0.20067844764971127,347775.74977694964
ITG15,IT,OTHER,498448.0,0.6667406823802918,1155461.6025650457
ITG15,IT,SFH,99116.0,0.13258086996999688,229762.6476580046
ITG16,IT,MFH_HIGH,79062.0,0.1636657213240317,193943.87976897758
ITG16,IT,OTHER,322070.0,0.666714968845095,790057.2380814375
ITG16,IT,SFH,81938.0,0.16961930983087337,200998.88214958494
ITG17,IT,MFH_HIGH,722127.0,0.2245176827880565,1333635.0357610555
ITG17,IT,OTHER,2144716.0,0.6668171478956879,3960893.858500386
ITG17,IT,SFH,349505.0,0.10866516931625558,645471.1057385581
ITG18,IT,MFH_HIGH,146171.0,0.15704528679343802,341573.4987757277
ITG18,IT,OTHER,620724.0,0.6669023171461509,1450512.539792878
ITG18,IT,SFH,163862.0,0.17605239606041104,382913.961431394
ITG19,IT,MFH_HIGH,207761.0,0.17725096811016536,427706.586049829
ITG19,IT,OTHER,781588.0,0.6668105643662089,1609013.8918156622
ITG19,IT,SFH,182780.0,0.1559384675236258,376279.52213450905
ITG25,IT,OTHER,0.0,1.0,2238000.0
ITG26,IT,OTHER,0.0,1.0,1106000.0
ITG27,IT,OTHER,0.0,1.0,3503000.0
ITG28,IT,OTHER,0.0,1.0,1177000.0
ITG29,IT,OTHER,0.0,1.0,1032000.0
ITG2A,IT,OTHER,0.0,1.0,364000.0
ITG2B,IT,OTHER,0.0,1.0,619000.0
ITG2C,IT,OTHER,0.0,1.0,766000.0
ITH10,IT,MFH_HIGH,374407.0,0.23351414124971387,1361854.4717683312
ITH10,IT,OTHER,1073504.0,0.6695343962269211,3904724.598795404
ITH10,IT,SFH,155448.0,0.096951462523365,565420.9294362647
ITH20,IT,MFH_HIGH,371804.0,0.22445914259703317,1259664.7082545501
ITH20,IT,OTHER,1106182.0,0.6678052502831366,3747723.064588963
ITH20,IT,SFH,178458.0,0.10773560711983018,604612.227156487
ITH31,IT,MFH_HIGH,610900.0,0.2193549406387972,1848284.7298225053
ITH31,IT,OTHER,1859160.0,0.6675657741660275,5624909.213122947
ITH31,IT,SFH,314924.0,0.11307928519517527,952806.0570545468
ITH32,IT,MFH_HIGH,449674.0,0.1756214574416524,1344733.4996307325
ITH32,IT,OTHER,1710766.0,0.6681445186104287,5115982.579000052
ITH32,IT,SFH,400033.0,0.156234023947919,1196283.9213692157
ITH33,IT,MFH_HIGH,112055.0,0.17460849240358395,472665.18893650174
ITH33,IT,OTHER,428664.0,0.6679610440202571,1808170.546162836
ITH33,IT,SFH,101031.0,0.15743046357615895,426164.2649006623
ITH34,IT,MFH_HIGH,464808.0,0.1799941216356723,1472171.9208581639
ITH34,IT,OTHER,1726486.0,0.6685713909534374,5468245.406608164
ITH34,IT,SFH,391057.0,0.1514344874108903,1238582.6725336718
ITH35,IT,MFH_HIGH,563254.0,0.2153643445590922,1660459.0965506008
ITH35,IT,OTHER,1744606.0,0.667063043855631,5143056.068126915
ITH35,IT,SFH,307494.0,0.11757261158527679,906484.835322484
ITH36,IT,MFH_HIGH,488943.0,0.17268180322009644,1478674.2809736857
ITH36,IT,OTHER,1888526.0,0.6669776949624717,5711330.001963645
ITH36,IT,SFH,453999.0,0.1603405018174318,1372995.7170626686
ITH37,IT,MFH_HIGH,92265.0,0.12929765998772397,284842.7449529559
ITH37,IT,OTHER,476478.0,0.6677233017463907,1470994.4337472988
ITH37,IT,SFH,144843.0,0.20297903826588526,447162.82129974524
ITH41,IT,MFH_HIGH,127579.0,0.13389242973950696,419484.98237387533
ITH41,IT,OTHER,635704.0,0.6671627239210492,2090220.8140446474
ITH41,IT,SFH,189564.0,0.1989448463394438,623294.2035814774
ITH42,IT,MFH_HIGH,249612.0,0.14798741456005207,804903.5477921232
ITH42,IT,OTHER,1125624.0,0.6673484669276479,3629708.311619477
ITH42,IT,SFH,311475.0,0.18466411851229997,1004388.1405883995
ITH43,IT,MFH_HIGH,113302.0,0.24718620668590888,307994.01353064243
ITH43,IT,OTHER,305842.0,0.6672426243599561,831384.3099525053
ITH43,IT,SFH,39223.0,0.08557116895413501,106621.67651685223
ITH44,IT,MFH_HIGH,238751.0,0.29777174129948913,694403.7007104086
ITH44,IT,OTHER,534830.0,0.6670433229565773,1555545.0291347383
ITH44,IT,SFH,28211.0,0.03518493574393359,82051.27015485313
ITH51,IT,MFH_HIGH,191269.0,0.2129323070551799,614096.7735471388
ITH51,IT,OTHER,599514.0,0.6674155201934402,1924826.3602378815
ITH51,IT,SFH,107479.0,0.11965217275137989,345076.8662149796
ITH52,IT,MFH_HIGH,333812.0,0.23684654910380432,1048045.9797843341
ITH52,IT,OTHER,940746.0,0.6674788314476636,2953593.8291559117
ITH52,IT,SFH,134844.0,0.09567461944853208,423360.1910597544
ITH53,IT,MFH_HIGH,317222.0,0.19939970519553582,924815.8326968951
ITH53,IT,OTHER,1061482.0,0.6672273608714646,3094600.499721853
ITH53,IT,SFH,212181.0,0.13337293393299957,618583.6675812519
ITH54,IT,MFH_HIGH,500765.0,0.23352023719256226,1455531.6384212405
ITH54,IT,OTHER,1430846.0,0.6672421141773666,4158920.097667526
ITH54,IT,SFH,212807.0,0.09923764863007119,618548.2639112337
ITH55,IT,MFH_HIGH,928027.0,0.2788908880162449,2674563.6160757886
ITH55,IT,OTHER,2220744.0,0.6673784989194795,6400159.804637808
ITH55,IT,SFH,178792.0,0.05373061306427557,515276.5792864027
ITH56,IT,MFH_HIGH,223564.0,0.20117665902984122,650806.4919615363
ITH56,IT,OTHER,741946.0,0.6676487156275365,2159843.5950550805
ITH56,IT,SFH,145772.0,0.1311746253426223,424349.91298338317
ITH57,IT,MFH_HIGH,239101.0,0.19388522140204945,688098.6507558735
ITH57,IT,OTHER,823120.0,0.6674618819681011,2368822.2191047906
ITH57,IT,SFH,170988.0,0.13865289662984945,492079.1301393357
ITH58,IT,MFH_HIGH,234577.0,0.19609493731201547,665938.4071116045
ITH58,IT,OTHER,798758.0,0.6677227517508999,2267586.4649460563
ITH58,IT,SFH,162907.0,0.13618231093708463,462475.1279423394
ITH59,IT,MFH_HIGH,228536.0,0.22108328254539475,635614.4373180099
ITH59,IT,OTHER,690014.0,0.667512164920529,1919097.474146521
ITH59,IT,SFH,115160.0,0.11140455253407629,320288.0885354693
ITI11,IT,MFH_HIGH,122563.0,0.20227287355449236,369350.26711050305
ITI11,IT,OTHER,404124.0,0.666949428068305,1217849.655652725
ITI11,IT,SFH,79242.0,0.1307776983772026,238800.07723677196
ITI12,IT,MFH_HIGH,183553.0,0.15357333498436262,523992.2189666453
ITI12,IT,OTHER,797416.0,0.6671742466202705,2276398.5294683627
ITI12,IT,SFH,214245.0,0.17925241839536685,611609.2515649917
ITI13,IT,MFH_HIGH,172083.0,0.1937437443635942,480484.48602171364
ITI13,IT,OTHER,592900.0,0.6675305871769728,1655475.8561988925
ITI13,IT,SFH,123216.0,0.13872566845943307,344039.657779394
ITI14,IT,MFH_HIGH,851082.0,0.2711771843113464,2418900.48405721
ITI14,IT,OTHER,2093234.0,0.6669595905268552,5949279.547499548
ITI14,IT,SFH,194156.0,0.06186322516179848,551819.9684432425
ITI15,IT,MFH_HIGH,184621.0,0.2467238637426666,493447.7274853332
ITI15,IT,OTHER,499298.0,0.6672520012294698,1334504.0024589396
ITI15,IT,SFH,64371.0,0.08602413502786353,172048.27005572707
ITI16,IT,MFH_HIGH,299410.0,0.27895142363889947,767395.3664306124
ITI16,IT,OTHER,715824.0,0.666912006529146,1834674.9299616804
ITI16,IT,SFH,58107.0,0.05413656983195462,148929.70360770717
ITI17,IT,MFH_HIGH,295584.0,0.2268354057358084,773508.7335591067
ITI17,IT,OTHER,869350.0,0.6671516725412235,2274987.2033655723
ITI17,IT,SFH,138143.0,0.10601292172296801,361504.0630753209
ITI18,IT,MFH_HIGH,205883.0,0.19979136139118284,617954.6807829285
ITI18,IT,OTHER,687430.0,0.6670904132985279,2063310.648332347
ITI18,IT,SFH,137177.0,0.13311822531028927,411734.6708847247
ITI19,IT,MFH_HIGH,208876.0,0.2520787725044472,587595.6187078664
ITI19,IT,OTHER,553154.0,0.667565356124806,1556094.845126923
ITI19,IT,SFH,66584.0,0.08035587137074682,187309.53616521083
ITI1A,IT,MFH_HIGH,183131.0,0.255915024322485,443756.65217518894
ITI1A,IT,OTHER,477314.0,0.6670188221516979,1156610.6376110443
ITI1A,IT,SFH,55148.0,0.07706615352581705,133632.71021376678
ITI21,IT,MFH_HIGH,382068.0,0.19360998079447042,1072599.2936013662
ITI21,IT,OTHER,1317024.0,0.6673916458480077,3697349.7179979626
ITI21,IT,SFH,274298.0,0.13899837335752183,770050.9884006709
ITI22,IT,MFH_HIGH,152768.0,0.21538157876186045,413101.86806524836
ITI22,IT,OTHER,473076.0,0.6669711965486613,1279250.7549803325
ITI22,IT,SFH,83446.0,0.1176472246894782,225647.3769544192
ITI31,IT,MFH_HIGH,219758.0,0.20585689555683787,652978.0727062897
ITI31,IT,OTHER,712794.0,0.6677052030485383,2117960.9040699634
ITI31,IT,SFH,134976.0,0.12643790139462385,401061.02322374686
ITI32,IT,MFH_HIGH,341255.0,0.23725069922753,981268.8920050641
ITI32,IT,OTHER,959532.0,0.6670953918072712,2759106.540514874
ITI32,IT,SFH,137586.0,0.09565390896519887,395624.56748006254
ITI33,IT,MFH_HIGH,190860.0,0.2085707885059858,566269.6907937514
ITI33,IT,OTHER,611798.0,0.6685695864318615,1815166.4271625038
ITI33,IT,SFH,112427.0,0.1228596250621527,333563.88204374455
ITI34,IT,MFH_HIGH,146663.0,0.2387994815750739,476882.5647054226
ITI34,IT,OTHER,409698.0,0.6670780633312058,1332154.892472418
ITI34,IT,SFH,57807.0,0.09412245509372029,187962.54282215942
ITI35,IT,MFH_HIGH,100224.0,0.1981016836587458,269616.39145955304
ITI35,IT,OTHER,337518.0,0.6671344594621306,907969.9993279597
ITI35,IT,SFH,68180.0,0.13476385687912365,183413.6092124873
ITI41,IT,MFH_HIGH,207592.0,0.20932753458927972,525621.4393536814
ITI41,IT,OTHER,661552.0,0.6670827833568114,1675044.8690089535
ITI41,IT,SFH,122565.0,0.12358968205390895,310333.6916373654
ITI42,IT,MFH_HIGH,93100.0,0.18887446238740566,263668.7494928183
ITI42,IT,OTHER,328782.0,0.667008845248722,931144.3479672158
ITI42,IT,SFH,71038.0,0.14411669236387242,201186.9025399659
ITI43,IT,MFH_HIGH,3901639.0,0.2898043387173939,9276636.882343778
ITI43,IT,OTHER,8977370.0,0.6668174006542815,21344824.99494355
ITI43,IT,SFH,584002.0,0.043378260628324526,1388538.122712668
ITI44,IT,MFH_HIGH,371068.0,0.2165031521399836,738925.258253764
ITI44,IT,OTHER,1143066.0,0.6669327242016087,2276241.38770009
ITI44,IT,SFH,199781.0,0.11656412365840779,397833.3540461458
ITI45,IT,MFH_HIGH,214615.0,0.1499616038481399,560856.3983920432
ITI45,IT,OTHER,954706.0,0.6670980265286315,2494946.619217082
ITI45,IT,SFH,261812.0,0.1829403696232286,684196.982390875
ITZZZ,IT,MFH_HIGH,0.0,0.3333333333333333,
ITZZZ,IT,OTHER,0.0,0.3333333333333333,
ITZZZ,IT,SFH,0.0,0.3333333333333333,
CY000,CY,MFH_HIGH,295857.0,0.11321077445664132,356274.3072150502
CY000,CY,OTHER,1745165.0,0.6677938369030458,2101547.2047338854
CY000,CY,SFH,572307.0,0.2189953886403128,689178.4880510643
CYZZZ,CY,MFH_HIGH,0.0,0.3333333333333333,
CYZZZ,CY,OTHER,0.0,0.3333333333333333,
CYZZZ,CY,SFH,0.0,0.3333333333333333,
LV003,LV,MFH_HIGH,162623.0,0.2281035438013283,517566.9408852139
LV003,LV,OTHER,475794.0,0.6673736034841886,1514270.706305624
LV003,LV,SFH,74518.0,0.10452285271448308,237162.3528091621
LV005,LV,MFH_HIGH,158877.0,0.19969507213441964,534384.0130317069
LV005,LV,OTHER,530572.0,0.6668845321380898,1784583.0080015284
LV005,LV,SFH,106149.0,0.1334203957274905,357032.9789667646
LV006,LV,MFH_HIGH,624867.0,0.31270085923464563,1791150.5216960502
LV006,LV,OTHER,1333328.0,0.6672344854850898,3821919.1328585944
LV006,LV,SFH,40095.0,0.020064655280264625,114930.34544535576
LV007,LV,MFH_HIGH,193090.0,0.18077946104145973,626581.6119696994
LV007,LV,OTHER,712602.0,0.6671697420739877,2312410.3260284415
LV007,LV,SFH,162405.0,0.1520507968845526,527008.0620018593
LV008,LV,MFH_HIGH,94777.0,0.18081071697018952,355293.0588464224
LV008,LV,OTHER,349992.0,0.6676968510696748,1312024.312351911
LV008,LV,SFH,79409.0,0.15149243196013568,297682.6288016666
LV009,LV,MFH_HIGH,135598.0,0.20529536625172976,434815.5857211636
LV009,LV,OTHER,440668.0,0.6671713333192026,1413068.883970071
LV009,LV,SFH,84236.0,0.12753330042906758,270115.5303087651
LVZZZ,LV,MFH_HIGH,0.0,0.3333333333333333,
LVZZZ,LV,OTHER,0.0,0.3333333333333333,
LVZZZ,LV,SFH,0.0,0.3333333333333333,
LT001,LT,OTHER,0.0,1.0,878000.0
LT002,LT,OTHER,0.0,1.0,3366000.0
LT003,LT,OTHER,0.0,1.0,1816000.0
LT004,LT,OTHER,0.0,1.0,889000.0
LT005,LT,OTHER,0.0,1.0,1447000.0
LT006,LT,OTHER,0.0,1.0,1702000.0
LT007,LT,OTHER,0.0,1.0,626000.0
LT008,LT,OTHER,0.0,1.0,830000.0
LT009,LT,OTHER,0.0,1.0,904000.0
LT00A,LT,OTHER,0.0,1.0,4836000.0
LTZZZ,LT,MFH_HIGH,0.0,0.3333333333333333,
LTZZZ,LT,OTHER,0.0,0.3333333333333333,
LTZZZ,LT,SFH,0.0,0.3333333333333333,
LU000,LU,MFH_HIGH,271190.0,0.14865941212682343,1229859.3165252102
LU000,LU,OTHER,1216158.0,0.6666666666666666,5515333.333333333
LU000,LU,SFH,336889.0,0.1846739212065099,1527807.3501414566
LUZZZ,LU,MFH_HIGH,0.0,0.3333333333333333,
LUZZZ,LU,OTHER,0.0,0.3333333333333333,
LUZZZ,LU,SFH,0.0,0.3333333333333333,
HU101,HU,OTHER,0.0,1.0,16811000.0
HU102,HU,OTHER,0.0,1.0,8487000.0
HU211,HU,MFH_HIGH,123792.0,0.10063964775472907,267802.102675334
HU211,HU,OTHER,820172.0,0.666778315063103,1774297.0963829171
HU211,HU,SFH,286088.0,0.2325820371821679,618900.8009417488
HU212,HU,MFH_HIGH,113314.0,0.12740885994964993,247173.18830232086
HU212,HU,OTHER,593016.0,0.666779855021459,1293552.9187416304
HU212,HU,SFH,183043.0,0.20581128502889115,399273.89295604883
HU213,HU,MFH_HIGH,105820.0,0.10664790770753359,255635.034774958
HU213,HU,OTHER,661918.0,0.6670966714605482,1599030.721490934
HU213,HU,SFH,224499.0,0.22625542083191819,542334.2437341079
HU221,HU,MFH_HIGH,160155.0,0.11740561843302297,360083.03173408145
HU221,HU,OTHER,909554.0,0.6667712520260359,2044987.4299638523
HU221,HU,SFH,294408.0,0.21582312954094113,661929.5383020664
HU222,HU,MFH_HIGH,79001.0,0.10792928671940107,193409.2818011667
HU222,HU,OTHER,488070.0,0.6667896225255133,1194887.0035657198
HU222,HU,SFH,164899.0,0.2252810907550856,403703.7146331134
HU223,HU,MFH_HIGH,82129.0,0.10436368257195501,201943.72577673296
HU223,HU,OTHER,524802.0,0.6668809962513501,1290414.7277463626
HU223,HU,SFH,180019.0,0.22875532117669484,442641.54647690454
HU231,HU,MFH_HIGH,138887.0,0.12825895033910076,320647.3758477519
HU231,HU,OTHER,722432.0,0.6671493373129036,1667873.343282259
HU231,HU,SFH,221545.0,0.2045917123479957,511479.28086998925
HU232,HU,MFH_HIGH,59320.0,0.06776470158170947,147388.2259402181
HU232,HU,OTHER,584292.0,0.6674708869956202,1451749.1792154738
HU232,HU,SFH,231770.0,0.2647644114226703,575862.594844308
HU233,HU,MFH_HIGH,44161.0,0.0701071745511639,112311.69363096457
HU233,HU,OTHER,420000.0,0.6667650938948131,1068157.6804194907
HU233,HU,SFH,165746.0,0.2631277315540231,421530.62594954495
HU311,HU,MFH_HIGH,183967.0,0.10165742375983325,444954.5437967901
HU311,HU,OTHER,1206594.0,0.6667458705315206,2918346.6753164656
HU311,HU,SFH,419115.0,0.23159670570864618,1013698.7808867444
HU312,HU,MFH_HIGH,65959.0,0.07711346232536388,166410.85169813526
HU312,HU,OTHER,570318.0,0.6667656514876951,1438880.275910446
HU312,HU,SFH,219073.0,0.256120886186941,552708.8723914187
HU313,HU,MFH_HIGH,38040.0,0.06986084762291303,95639.50039576794
HU313,HU,OTHER,363026.0,0.6667009481902111,912713.5980723989
HU313,HU,SFH,143445.0,0.2634382041868759,360646.9015318331
HU321,HU,MFH_HIGH,139678.0,0.09172337075080542,320298.0106618125
HU321,HU,OTHER,1015336.0,0.6667480946508381,2328284.3465207266
HU321,HU,SFH,367804.0,0.24152853459835646,843417.6428174608
HU322,HU,MFH_HIGH,69266.0,0.06434789071281923,161384.50990775062
HU322,HU,OTHER,717692.0,0.6667335544345662,1672167.754521892
HU322,HU,SFH,289472.0,0.2689185548526147,674447.7355703576
HU323,HU,MFH_HIGH,85065.0,0.057302816740115406,207264.2881489974
HU323,HU,OTHER,989712.0,0.6667052884440499,2411473.0283021284
HU323,HU,SFH,409705.0,0.27599189481583475,998262.6835488743
HU331,HU,MFH_HIGH,101744.0,0.06768417334290391,247453.3377416567
HU331,HU,OTHER,1002260.0,0.6667433910074194,2437613.8375231256
HU331,HU,SFH,399213.0,0.26557243564967664,970932.8247352178
HU332,HU,MFH_HIGH,60274.0,0.06130696098564717,157252.354928185
HU332,HU,OTHER,655498.0,0.6667317634829237,1710166.9733336994
HU332,HU,SFH,267379.0,0.27196127553142907,697580.6717381156
HU333,HU,MFH_HIGH,141238.0,0.11758740921064463,337593.45184376073
HU333,HU,OTHER,800820.0,0.6667210598002551,1914156.1626865324
HU333,HU,SFH,259074.0,0.2156915309891003,619250.385469707
HUZZZ,HU,MFH_HIGH,0.0,0.3333333333333333,
HUZZZ,HU,OTHER,0.0,0.3333333333333333,
HUZZZ,HU,SFH,0.0,0.3333333333333333,
MT001,MT,MFH_HIGH,224242.0,0.15581417810213297,104862.94186273549
MT001,MT,OTHER,959438.0,0.6666638872733666,448664.7961349757
MT001,MT,SFH,255483.0,0.1775219346245005,119472.26200228883
MT002,MT,MFH_HIGH,11123.0,0.09433066191748293,5659.839715048976
MT002,MT,OTHER,78610.0,0.6666666666666666,40000.0
MT002,MT,SFH,28182.0,0.2390026714158504,14340.160284951025
MTZZZ,MT,MFH_HIGH,0.0,0.3333333333333333,
MTZZZ,MT,OTHER,0.0,0.3333333333333333,
MTZZZ,MT,SFH,0.0,0.3333333333333333,
NL111,NL,MFH_HIGH,15758.0,0.037856511377613776,48986.325722632224
NL111,NL,OTHER,277582.0,0.6668540513530136,862909.1424507996
NL111,NL,SFH,122916.0,0.2952894372693727,382104.53182656824
NL112,NL,MFH_HIGH,6871.0,0.04823582269772405,22140.24261825534
NL112,NL,OTHER,94980.0,0.6667789899330272,306051.5563792595
NL112,NL,SFH,40595.0,0.2849851873692487,130808.20100248516
NL113,NL,MFH_HIGH,135002.0,0.10649902653443102,393407.4040181882
NL113,NL,OTHER,845262.0,0.6668018263918033,2463165.946691321
NL113,NL,SFH,287372.0,0.22669914707376565,837426.6492904903
NL121,NL,OTHER,0.0,1.0,3026000.0
NL122,NL,OTHER,0.0,1.0,918000.0
NL123,NL,OTHER,0.0,1.0,1885000.0
NL131,NL,MFH_HIGH,24399.0,0.04239197855294958,74143.57048910881
NL131,NL,OTHER,383858.0,0.666933075264483,1166465.9486375807
NL131,NL,SFH,167300.0,0.2906749461825675,508390.4808733106
NL132,NL,MFH_HIGH,19534.0,0.038809374329468425,55924.308408764
NL132,NL,OTHER,335620.0,0.6667964683350155,960853.7108707573
NL132,NL,SFH,148178.0,0.2943941573355161,424221.9807204787
NL133,NL,MFH_HIGH,18254.0,0.046136037365792505,55640.06106314576
NL133,NL,OTHER,263902.0,0.6669986048486564,804400.3174474796
NL133,NL,SFH,113500.0,0.2868653577855511,345959.62148937467
NL211,NL,MFH_HIGH,57241.0,0.052360575480603876,173261.14426531823
NL211,NL,OTHER,729010.0,0.6668538832500311,2206619.4996743533
NL211,NL,SFH,306957.0,0.280785541269365,929119.3560603288
NL212,NL,MFH_HIGH,29574.0,0.06316207627118645,85079.31673728814
NL212,NL,OTHER,312238.0,0.6668560347184254,898255.078765719
NL212,NL,SFH,126412.0,0.26998188901038817,363665.60449699283
NL213,NL,MFH_HIGH,107625.0,0.057604919901730424,320744.194012835
NL213,NL,OTHER,1245934.0,0.6668704136849486,3713134.463397794
NL213,NL,SFH,514771.0,0.27552466641332096,1534121.3425893711
NL221,NL,MFH_HIGH,125028.0,0.06246156351742712,382452.15341720625
NL221,NL,OTHER,1334904.0,0.6668921440450741,4083380.597987989
NL221,NL,SFH,541747.0,0.2706462924374987,1657167.2485948047
NL224,NL,MFH_HIGH,22364.0,0.03176136089279476,65079.02846933646
NL224,NL,OTHER,469650.0,0.6669970999508611,1366677.0577993144
NL224,NL,SFH,212112.0,0.30124153915634416,617243.9137313492
NL225,NL,MFH_HIGH,45893.0,0.038350685696187825,135569.67393602396
NL225,NL,OTHER,798136.0,0.666965830928738,2357724.2123330887
NL225,NL,SFH,352638.0,0.2946834833750743,1041706.1137308875
NL226,NL,MFH_HIGH,174563.0,0.07756749046641896,514582.7317542234
NL226,NL,OTHER,1500682.0,0.6668316695297773,4423761.295660543
NL226,NL,SFH,575221.0,0.2556008400038037,1695655.9725852336
NL230,NL,MFH_HIGH,67415.0,0.05508679551167025,175010.74934057638
NL230,NL,OTHER,815996.0,0.666774527780774,2118342.674759519
NL230,NL,SFH,340385.0,0.2781386767075558,883646.5758999048
NL310,NL,MFH_HIGH,379618.0,0.0950885438766733,1223599.382605032
NL310,NL,OTHER,2662162.0,0.6668311516941039,8580783.25999973
NL310,NL,SFH,950478.0,0.23808030442922276,3063617.3573952387
NL321,NL,MFH_HIGH,48985.0,0.043186480784506646,136253.34687511847
NL321,NL,OTHER,756456.0,0.6669117588715885,2104106.5992398616
NL321,NL,SFH,328826.0,0.2899017603439049,914640.05388502
NL322,NL,OTHER,0.0,1.0,2100000.0
NL323,NL,MFH_HIGH,56163.0,0.09292801937882526,148963.61506425688
NL323,NL,OTHER,403020.0,0.6668420556247735,1068947.8151665118
NL323,NL,SFH,145188.0,0.24022992499640122,385088.56976923114
NL324,NL,MFH_HIGH,82018.0,0.11488080230831722,245500.2745328739
NL324,NL,OTHER,476088.0,0.6668459534414657,1425049.8025044121
NL324,NL,SFH,155834.0,0.2182732442502171,466449.9229627139
NL325,NL,MFH_HIGH,51989.0,0.09980591321575501,135935.65379985832
NL325,NL,OTHER,347364.0,0.666852242556647,908252.7543621532
NL325,NL,SFH,121548.0,0.23334184422759796,317811.5918379884
NL326,NL,OTHER,0.0,1.0,16444000.0
NL327,NL,MFH_HIGH,67808.0,0.08592078987115936,222620.7665561739
NL327,NL,OTHER,526274.0,0.6668516660077649,1727812.6666261188
NL327,NL,SFH,195110.0,0.24722754412107573,640566.5668177071
NL332,NL,MFH_HIGH,533529.0,0.1950881414065328,1654347.4391273982
NL332,NL,OTHER,1823438.0,0.6667512551146149,5654050.643371934
NL332,NL,SFH,377843.0,0.13816060347885228,1171601.9175006673
NL333,NL,MFH_HIGH,82464.0,0.11889821906431669,235418.47374734704
NL333,NL,OTHER,462522.0,0.6668733274891575,1320409.1884285319
NL333,NL,SFH,148582.0,0.2142284534465258,424172.33782412106
NL337,NL,MFH_HIGH,139354.0,0.107900806890587,393837.94515064254
NL337,NL,OTHER,861260.0,0.6668674666144278,2434066.2531426614
NL337,NL,SFH,290887.0,0.2252317264949853,822095.8017066963
NL338,NL,OTHER,0.0,1.0,2558000.0
NL339,NL,OTHER,0.0,1.0,13649000.0
NL33A,NL,MFH_HIGH,103427.0,0.09336302597775399,326397.138818228
NL33A,NL,OTHER,738638.0,0.6667647595130503,2331009.599257624
NL33A,NL,SFH,265729.0,0.23987221450919574,838593.2619241483
NL341,NL,MFH_HIGH,11894.0,0.0359539557210742,34192.211890741564
NL341,NL,OTHER,220580.0,0.6667835507780855,634111.1567899593
NL341,NL,SFH,98338.0,0.29726249350084033,282696.63131929917
NL342,NL,MFH_HIGH,40368.0,0.04732878663707445,109755.45621137565
NL342,NL,OTHER,568750.0,0.6668214278595941,1546358.8912063986
NL342,NL,SFH,243809.0,0.28584978550333145,662885.6525822256
NL411,NL,MFH_HIGH,122307.0,0.06384574747972505,370049.9523924864
NL411,NL,OTHER,1277426.0,0.6668319705334547,3864958.101211903
NL411,NL,SFH,515931.0,0.26932228198682023,1560991.94639561
NL412,NL,MFH_HIGH,93651.0,0.06420049810553997,269449.49054895126
NL412,NL,OTHER,972752.0,0.6668499314813533,2798769.1624272396
NL412,NL,SFH,392324.0,0.2689495704131068,1128781.3470238093
NL413,NL,MFH_HIGH,112557.0,0.05764875321517141,344336.0029542188
NL413,NL,OTHER,1302038.0,0.6668698289646611,3983213.4884059206
NL413,NL,SFH,537867.0,0.27548141782016755,1645450.508639861
NL414,NL,MFH_HIGH,147498.0,0.06244813559092403,449564.12811906205
NL414,NL,OTHER,1575126.0,0.6668814629404453,4800879.651708266
NL414,NL,SFH,639304.0,0.2706704014686307,1948556.2201726723
NL421,NL,MFH_HIGH,42065.0,0.04978624992898669,126457.0748196262
NL421,NL,OTHER,563402.0,0.6668173726968015,1693716.126649876
NL421,NL,SFH,239445.0,0.28339637737421175,719826.7985304978
NL422,NL,MFH_HIGH,35964.0,0.04968350320917523,107117.63291898179
NL422,NL,OTHER,482710.0,0.6668536267962678,1437736.4193727535
NL422,NL,SFH,205188.0,0.283462869994557,611145.9477082649
NL423,NL,MFH_HIGH,155178.0,0.08226110152204613,496034.4421779382
NL423,NL,OTHER,1257930.0,0.6668387750688081,4021037.8136649127
NL423,NL,SFH,473300.0,0.25090012340914586,1512927.7441571495
NLZZZ,NL,MFH_HIGH,0.0,0.3333333333333333,
NLZZZ,NL,OTHER,0.0,0.3333333333333333,
NLZZZ,NL,SFH,0.0,0.3333333333333333,
AT111,AT,MFH_HIGH,4282.0,0.037983217130590594,14053.79033831852
AT111,AT,OTHER,76138.0,0.6753774371529441,249889.6517465893
AT111,AT,SFH,32314.0,0.2866393457164653,106056.55791509217
AT112,AT,MFH_HIGH,39683.0,0.07975440394722298,112852.48158532052
AT112,AT,OTHER,335784.0,0.6748545416176781,954919.1763890145
AT112,AT,SFH,122098.0,0.24539105443509893,347228.342025665
AT113,AT,MFH_HIGH,17020.0,0.057868914328846395,53239.401182538684
AT113,AT,OTHER,198828.0,0.6760258812089232,621943.8107122093
AT113,AT,SFH,78265.0,0.2661052044622305,244816.78810525208
AT121,AT,MFH_HIGH,66076.0,0.09213577463296145,203343.65461494593
AT121,AT,OTHER,484230.0,0.6752059166795648,1490179.4581117993
AT121,AT,SFH,166853.0,0.23265830868747378,513476.88727325463
AT122,AT,MFH_HIGH,100673.0,0.12391499145778867,318709.3580294325
AT122,AT,OTHER,547692.0,0.6741355626781679,1733876.6672082478
AT122,AT,SFH,164071.0,0.20194944586404345,519413.97476231976
AT123,AT,MFH_HIGH,61964.0,0.12872480098386266,191285.0542620199
AT123,AT,OTHER,324912.0,0.6749763174951389,1003014.8077977763
AT123,AT,SFH,94492.0,0.19629888152099847,291700.1379402037
AT124,AT,MFH_HIGH,50320.0,0.0762628765593197,177234.92512385896
AT124,AT,OTHER,445438.0,0.6750871066937648,1568902.4359563093
AT124,AT,SFH,164065.0,0.24865001674691545,577862.6389198315
AT125,AT,MFH_HIGH,17859.0,0.04585580033893083,57732.452626713915
AT125,AT,OTHER,262146.0,0.673101217069789,847434.4322908643
AT125,AT,SFH,109455.0,0.28104298259128024,353833.1150824218
AT126,AT,MFH_HIGH,95801.0,0.09312070669908037,269956.928720634
AT126,AT,OTHER,693274.0,0.6738777759741365,1953571.6725490217
AT126,AT,SFH,239708.0,0.2330015173267832,675471.3987303445
AT127,AT,MFH_HIGH,164653.0,0.15110285176772892,477636.1144377911
AT127,AT,OTHER,734124.0,0.6737091334572235,2129594.5708582834
AT127,AT,SFH,190898.0,0.1751880147750476,553769.3147039255
AT130,AT,MFH_HIGH,1878666.0,0.2989313888571535,5026830.235021893
AT130,AT,OTHER,4229796.0,0.6730407602322246,11317853.424065089
AT130,AT,SFH,176144.0,0.02802785091062192,471316.3409130182
AT211,AT,MFH_HIGH,163050.0,0.17234326592867177,479114.27928170754
AT211,AT,OTHER,638782.0,0.6751902857801215,1877028.9944687379
AT211,AT,SFH,144245.0,0.15246644829120673,423856.7262495547
AT212,AT,MFH_HIGH,36164.0,0.09762839981102787,132481.73854356483
AT212,AT,OTHER,251778.0,0.6797003441992306,922353.367078356
AT212,AT,SFH,82483.0,0.22267125598974152,302164.8943780793
AT213,AT,MFH_HIGH,44089.0,0.09847339326595567,132742.13412250823
AT213,AT,OTHER,302768.0,0.6762365291194371,911566.8412530012
AT213,AT,SFH,100868.0,0.22529007761460718,303691.02462449047
AT221,AT,MFH_HIGH,307747.0,0.21288574893279386,850478.5669865115
AT221,AT,OTHER,974996.0,0.674459064317372,2694463.961947901
AT221,AT,SFH,162854.0,0.11265518674983416,450057.4710655875
AT222,AT,MFH_HIGH,30878.0,0.1266078142746436,108882.72027619349
AT222,AT,OTHER,165752.0,0.6796262203397475,584478.5494921829
AT222,AT,SFH,47257.0,0.19376596538560892,166638.73023162366
AT223,AT,MFH_HIGH,91063.0,0.1777609032595583,314281.2769628991
AT223,AT,OTHER,345114.0,0.6736849913523516,1191075.0647109577
AT223,AT,SFH,76101.0,0.14855410538809005,262643.6583261432
AT224,AT,MFH_HIGH,56432.0,0.07381015909887569,173896.7348369511
AT224,AT,OTHER,517042.0,0.6762643939750652,1593278.9122052537
AT224,AT,SFH,191082.0,0.24992544692605906,588824.3529577951
AT225,AT,MFH_HIGH,51593.0,0.08674606016890875,145299.65078292217
AT225,AT,OTHER,401750.0,0.6754836833070201,1131435.1695392588
AT225,AT,SFH,141416.0,0.2377702565240711,398265.1796778191
AT226,AT,MFH_HIGH,41213.0,0.13570523057672995,147511.58563690545
AT226,AT,OTHER,204998.0,0.6750127595120105,733738.8695895553
AT226,AT,SFH,57484.0,0.18928200991125965,205749.54477353924
AT311,AT,MFH_HIGH,70558.0,0.08220266513813841,218165.87327661936
AT311,AT,OTHER,579968.0,0.675684051345501,1793265.4722709598
AT311,AT,SFH,207816.0,0.2421132835163606,642568.654452421
AT312,AT,MFH_HIGH,374704.0,0.19907957891426015,1077816.8402418045
AT312,AT,OTHER,1267888.0,0.6736266737223074,3647014.8115325724
AT312,AT,SFH,239590.0,0.12729374736343244,689168.3482256233
AT313,AT,MFH_HIGH,45006.0,0.07418237200301965,139166.12987766488
AT313,AT,OTHER,409942.0,0.6756981278865458,1267609.6879151599
AT313,AT,SFH,151746.0,0.2501195001104346,469224.1822071753
AT314,AT,MFH_HIGH,64660.0,0.13640717097518681,199700.0983076735
AT314,AT,OTHER,320412.0,0.675943310648029,989581.0067887146
AT314,AT,SFH,88950.0,0.1876495183767842,274718.8949036121
AT315,AT,MFH_HIGH,82117.0,0.11284163255322453,255586.29773305357
AT315,AT,OTHER,492200.0,0.6763599686142591,1531955.3289112968
AT315,AT,SFH,153402.0,0.2107983988325164,477458.37335564964
AT321,AT,MFH_HIGH,4468.0,0.07852786614408493,17354.65841784277
AT321,AT,OTHER,38944.0,0.6844649102764645,151266.74517109865
AT321,AT,SFH,13485.0,0.2370072235794506,52378.59641105858
AT322,AT,MFH_HIGH,74921.0,0.1525441673809868,252308.05284815218
AT322,AT,OTHER,337166.0,0.6864925286525513,1135458.6423913199
AT322,AT,SFH,79056.0,0.1609633039664619,266233.30476052803
AT323,AT,MFH_HIGH,222870.0,0.1945297402604204,682021.2693530339
AT323,AT,OTHER,775866.0,0.6772064946241815,2374285.9701523804
AT323,AT,SFH,146950.0,0.1282637651153981,449692.7604945858
AT331,AT,MFH_HIGH,11708.0,0.11843489520110059,39201.950311564295
AT331,AT,OTHER,67764.0,0.6854819130857004,226894.51323136681
AT331,AT,SFH,19384.0,0.196083191713199,64903.53645706887
AT332,AT,MFH_HIGH,226296.0,0.23158541078226696,686650.7429694216
AT332,AT,OTHER,659862.0,0.6752855213066438,2002221.5706741987
AT332,AT,SFH,91002.0,0.09312906791108928,276127.6863563797
AT333,AT,MFH_HIGH,18759.0,0.12970876203119813,63946.41968138068
AT333,AT,OTHER,98046.0,0.6779372718221042,334223.07500829734
AT333,AT,SFH,27819.0,0.19235396614669764,94830.50531032194
AT334,AT,MFH_HIGH,33911.0,0.11369152987876838,119944.56402210063
AT334,AT,OTHER,205384.0,0.6885795515502628,726451.4268855273
AT334,AT,SFH,58977.0,0.19772891857096878,208604.00909237206
AT335,AT,MFH_HIGH,126669.0,0.1617919232405133,369694.54460457293
AT335,AT,OTHER,534666.0,0.6829187917431438,1560469.4391330837
AT335,AT,SFH,121578.0,0.15528928501634282,354836.0162623433
AT341,AT,MFH_HIGH,36658.0,0.1340804599803221,126974.19560136502
AT341,AT,OTHER,186442.0,0.6819310687885649,645788.722142771
AT341,AT,SFH,50303.0,0.18398847123111303,174237.08225586405
AT342,AT,MFH_HIGH,162985.0,0.17464537297183771,450061.1261484258
AT342,AT,OTHER,629760.0,0.6748146767048778,1738997.4218684703
AT342,AT,SFH,140489.0,0.1505399503232844,387941.45198310394
ATZZZ,AT,MFH_HIGH,0.0,0.3333333333333333,
ATZZZ,AT,OTHER,0.0,0.3333333333333333,
ATZZZ,AT,SFH,0.0,0.3333333333333333,
PL113,PL,OTHER,0.0,1.0,4656000.0
PL114,PL,OTHER,0.0,1.0,2790000.0
PL115,PL,OTHER,0.0,1.0,4128000.0
PL116,PL,OTHER,0.0,1.0,3252000.0
PL117,PL,OTHER,0.0,1.0,2484000.0
PL127,PL,OTHER,0.0,1.0,13890000.0
PL128,PL,OTHER,0.0,1.0,4051000.0
PL129,PL,OTHER,0.0,1.0,5731000.0
PL12A,PL,OTHER,0.0,1.0,6139000.0
PL12B,PL,OTHER,0.0,1.0,2282000.0
PL12C,PL,OTHER,0.0,1.0,2174000.0
PL12D,PL,OTHER,0.0,1.0,2582000.0
PL12E,PL,OTHER,0.0,1.0,2105000.0
PL213,PL,MFH_HIGH,668918.0,0.2887329415177215,1355601.1604257023
PL213,PL,OTHER,1545343.0,0.6670345693251195,3131727.3029814363
PL213,PL,SFH,102475.0,0.044232489157159036,207671.53659286167
PL214,PL,MFH_HIGH,68162.0,0.03974289156036416,211312.95442645624
PL214,PL,OTHER,1144069.0,0.6670668437630096,3546794.408287922
PL214,PL,SFH,502843.0,0.2931902646766262,1558892.6372856214
PL217,PL,MFH_HIGH,84216.0,0.0824205507230491,249487.00703866963
PL217,PL,OTHER,681724.0,0.6671899344675587,2019583.9316333001
PL217,PL,SFH,255844.0,0.2503895148093922,757929.0613280302
PL218,PL,MFH_HIGH,69519.0,0.06114715901744461,218295.35769227726
PL218,PL,OTHER,759177.0,0.6677529415179526,2383878.001219091
PL218,PL,SFH,308217.0,0.27109989946460283,967826.6410886322
PL219,PL,MFH_HIGH,32089.0,0.04474074239320935,104022.22606421173
PL219,PL,OTHER,479172.0,0.6680953290547823,1553321.6400523689
PL219,PL,SFH,205960.0,0.2871639285520084,667656.1338834196
PL21A,PL,MFH_HIGH,144951.0,0.11269332466726738,410316.3951135205
PL21A,PL,OTHER,858245.0,0.6672495010662838,2429455.4333823393
PL21A,PL,SFH,283047.0,0.22005717426644889,801228.1715041404
PL224,PL,MFH_HIGH,173361.0,0.13555827150125854,505090.1196136893
PL224,PL,OTHER,852827.0,0.666861370259769,2484725.465587899
PL224,PL,SFH,252679.0,0.19758035823897246,736184.4147984114
PL225,PL,MFH_HIGH,168477.0,0.10716446106727476,580081.2277571582
PL225,PL,OTHER,1049494.0,0.6675597197441695,3613500.7629751894
PL225,PL,SFH,354164.0,0.2252758191885557,1219418.009267652
PL227,PL,MFH_HIGH,244362.0,0.1612563054157285,660989.5958990711
PL227,PL,OTHER,1010606.0,0.6669064330418302,2733649.469038462
PL227,PL,SFH,260396.0,0.17183726154244128,704360.9350624668
PL228,PL,MFH_HIGH,233797.0,0.2101476175623822,599551.1529054764
PL228,PL,OTHER,742065.0,0.6670025356460055,1902958.2341980538
PL228,PL,SFH,136675.0,0.12284984679161233,350490.61289647
PL229,PL,MFH_HIGH,314188.0,0.2557367975516051,742403.9232923096
PL229,PL,OTHER,819669.0,0.6671786481734714,1936819.6156475875
PL229,PL,SFH,94703.0,0.07708455427492349,223776.46106010288
PL22A,PL,MFH_HIGH,606031.0,0.29106691218777947,1362193.149038808
PL22A,PL,OTHER,1388326.0,0.6667905799043466,3120579.9139523422
PL22A,PL,SFH,87745.0,0.04214250790787387,197226.9370088497
PL22B,PL,MFH_HIGH,401617.0,0.21914035793228873,997526.9093077782
PL22B,PL,OTHER,1221994.0,0.6667750681647172,3035160.110285793
PL22B,PL,SFH,209082.0,0.11408457390299412,519312.9804064292
PL22C,PL,MFH_HIGH,158138.0,0.16077029199076479,398228.0132611244
PL22C,PL,OTHER,656157.0,0.6670790858729986,1652354.8957074175
PL22C,PL,SFH,169332.0,0.1721506221362366,426417.09103145805
PL311,PL,OTHER,0.0,1.0,2272000.0
PL312,PL,OTHER,0.0,1.0,4744000.0
PL314,PL,OTHER,0.0,1.0,4599000.0
PL315,PL,OTHER,0.0,1.0,3442000.0
PL323,PL,OTHER,0.0,1.0,3361000.0
PL324,PL,OTHER,0.0,1.0,2610000.0
PL325,PL,OTHER,0.0,1.0,4174000.0
PL326,PL,OTHER,0.0,1.0,3734000.0
PL331,PL,OTHER,0.0,1.0,5077000.0
PL332,PL,OTHER,0.0,1.0,3580000.0
PL343,PL,OTHER,0.0,1.0,3318000.0
PL344,PL,OTHER,0.0,1.0,3002000.0
PL345,PL,OTHER,0.0,1.0,1831000.0
PL411,PL,MFH_HIGH,154501.0,0.16011561412490388,418542.21532249876
PL411,PL,OTHER,643879.0,0.6672777620023753,1744264.0698742091
PL411,PL,SFH,166554.0,0.17260662387272083,451193.71480329224
PL414,PL,MFH_HIGH,193328.0,0.12453940621408657,533153.1980025047
PL414,PL,OTHER,1035296.0,0.6669243415119329,2855103.1060125846
PL414,PL,SFH,323720.0,0.2085362522739805,892743.6959849106
PL415,PL,MFH_HIGH,437098.0,0.2757935331136734,1052703.9158948914
PL415,PL,OTHER,1056964.0,0.6669072746477007,2545585.067330274
PL415,PL,SFH,90812.0,0.05729919223862591,218711.0167748351
PL416,PL,MFH_HIGH,186703.0,0.11878435990764617,543557.2309373888
PL416,PL,OTHER,1049372.0,0.6676324500677894,3055086.091510204
PL416,PL,SFH,335706.0,0.2135831900245645,977356.6775524071
PL417,PL,MFH_HIGH,158885.0,0.12141648103500319,451547.8929691769
PL417,PL,OTHER,872835.0,0.6670016315208296,2480579.0676259655
PL417,PL,SFH,276875.0,0.21158188744416723,786873.0394048579
PL418,PL,MFH_HIGH,200444.0,0.11767523832223961,488940.6152289056
PL418,PL,OTHER,1136034.0,0.6669347632863402,2771113.9414547435
PL418,PL,SFH,366888.0,0.21538999839142028,894945.4433163513
PL424,PL,MFH_HIGH,323371.0,0.28358513929716495,705843.4117106436
PL424,PL,OTHER,760687.0,0.6670960873317103,1660402.161368627
PL424,PL,SFH,56238.0,0.04931877337112469,122754.42692072935
PL426,PL,MFH_HIGH,189654.0,0.21023681488797769,476817.0961659334
PL426,PL,OTHER,602077.0,0.667419357341838,1513707.1024512886
PL426,PL,SFH,110366.0,0.12234382777018436,277475.80138277815
PL427,PL,MFH_HIGH,201201.0,0.19828072153325818,551022.1251409245
PL427,PL,OTHER,677248.0,0.6674182638105975,1854755.3551296506
PL427,PL,SFH,136279.0,0.1343010146561443,373222.519729425
PL428,PL,MFH_HIGH,250270.0,0.19572068725512431,628459.1267762042
PL428,PL,OTHER,854241.0,0.6680490494326313,2145105.497728179
PL428,PL,SFH,174199.0,0.13623026331224436,437435.37549561664
PL431,PL,MFH_HIGH,196246.0,0.20039702395418704,476544.1229630568
PL431,PL,OTHER,653366.0,0.6671860927246994,1586568.5284993353
PL431,PL,SFH,129674.0,0.13241688332111354,314887.348537608
PL432,PL,MFH_HIGH,294101.0,0.18629244457169353,761190.9285199398
PL432,PL,OTHER,1053211.0,0.6671356161311859,2725916.1275120256
PL432,PL,SFH,231394.0,0.14657193929712056,598892.9439680346
PL514,PL,MFH_HIGH,584298.0,0.2896036733152324,1197221.5854851708
PL514,PL,OTHER,1345462.0,0.6668698806192376,2756840.0864799283
PL514,PL,SFH,87818.0,0.04352644606553006,179938.32803490126
PL515,PL,MFH_HIGH,270702.0,0.19410713171724386,773322.8127614995
PL515,PL,OTHER,930698.0,0.667357903801876,2658753.8887466737
PL515,PL,SFH,193201.0,0.1385349644808802,551923.2984918267
PL516,PL,MFH_HIGH,258205.0,0.22248426182667932,602932.349550301
PL516,PL,OTHER,774114.0,0.6670210950976861,1807627.1677147294
PL516,PL,SFH,128235.0,0.11049464307563457,299440.4827349697
PL517,PL,MFH_HIGH,383171.0,0.2331184692837696,1057891.6136097466
PL517,PL,OTHER,1097241.0,0.6675535005399486,3029357.7854502867
PL517,PL,SFH,163263.0,0.0993280301762818,450750.60093996685
PL518,PL,MFH_HIGH,201866.0,0.1303345947163954,514169.9761561799
PL518,PL,OTHER,1033159.0,0.667058145218097,2631544.3828853928
PL518,PL,SFH,313804.0,0.20260726006550756,799285.6409584273
PL523,PL,MFH_HIGH,152484.0,0.1704148836419191,461994.74955324264
PL523,PL,OTHER,597148.0,0.6673677693200906,1809234.0226267655
PL523,PL,SFH,145149.0,0.1622173470379903,439771.22781999165
PL524,PL,MFH_HIGH,230612.0,0.15484080628516217,684086.6821678465
PL524,PL,OTHER,994262.0,0.6675816078031408,2949375.543274276
PL524,PL,SFH,264475.0,0.17757758591169698,784537.7745578772
PL613,PL,MFH_HIGH,475758.0,0.2329291393247788,1074967.9779838542
PL613,PL,OTHER,1362607.0,0.6671267235609677,3078789.8292338657
PL613,PL,SFH,204136.0,0.09994413711425355,461242.19278228015
PL616,PL,MFH_HIGH,156307.0,0.16992070722114358,412397.55642571545
PL616,PL,OTHER,613827.0,0.6672888479174502,1619510.0338956518
PL616,PL,SFH,149748.0,0.16279044486140615,395092.40967863274
PL617,PL,MFH_HIGH,152338.0,0.1778575323081737,401958.0230164725
PL617,PL,OTHER,572046.0,0.6678746598141077,1509396.7311798832
PL617,PL,SFH,132133.0,0.1542678078777187,348645.2458036443
PL618,PL,MFH_HIGH,52478.0,0.12414657803222068,152700.29097963142
PL618,PL,OTHER,282331.0,0.6679070757729886,821525.7032007759
PL618,PL,SFH,87901.0,0.20794634619479074,255774.00581959262
PL619,PL,MFH_HIGH,119115.0,0.14126491485443007,330983.6955039297
PL619,PL,OTHER,562466.0,0.6670588221341717,1562918.8202603643
PL619,PL,SFH,161622.0,0.1916762630113982,449097.484235706
PL621,PL,MFH_HIGH,240581.0,0.19267165228589414,619439.3620991496
PL621,PL,OTHER,833116.0,0.6672091157066227,2145077.306996792
PL621,PL,SFH,174961.0,0.14011923200748325,450483.33090405865
PL622,PL,MFH_HIGH,323340.0,0.21131206401447175,808479.9569193689
PL622,PL,OTHER,1021275.0,0.6674328204873496,2553597.9711845997
PL622,PL,SFH,185539.0,0.12125511549817862,463922.0718960314
PL623,PL,MFH_HIGH,145178.0,0.2124728148718384,359079.05713340687
PL623,PL,OTHER,455998.0,0.6673681868873285,1127852.235839585
PL623,PL,SFH,82102.0,0.12015899824083316,203068.70702700803
PL633,PL,MFH_HIGH,635241.0,0.2903011314249886,1342642.7328405723
PL633,PL,OTHER,1459234.0,0.6668607366555557,3084230.907031945
PL633,PL,SFH,93739.0,0.04283813191945578,198126.36012748297
PL634,PL,MFH_HIGH,166054.0,0.11570191501043765,415601.27871749207
PL634,PL,OTHER,957954.0,0.6674763166916111,2397574.9295562673
PL634,PL,SFH,311180.0,0.21682176829795122,778823.7917262408
PL636,PL,MFH_HIGH,160690.0,0.19643245701320958,399543.6175648683
PL636,PL,OTHER,545878.0,0.6672982560797612,1357284.6528662343
PL636,PL,SFH,111474.0,0.13626928690702922,277171.72956889746
PL637,PL,MFH_HIGH,65290.0,0.12986367198532892,183237.6411712991
PL637,PL,OTHER,335510.0,0.6673389583059842,941615.2701697437
PL637,PL,SFH,101958.0,0.2027973697086869,286147.0886589572
PL638,PL,MFH_HIGH,179984.0,0.18062594460713374,463666.7998065123
PL638,PL,OTHER,665454.0,0.6678274587885344,1714313.0867101678
PL638,PL,SFH,151008.0,0.15154659660433178,389020.1134833197
PLZZZ,PL,MFH_HIGH,0.0,0.3333333333333333,
PLZZZ,PL,OTHER,0.0,0.3333333333333333,
PLZZZ,PL,SFH,0.0,0.3333333333333333,
PT111,PT,MFH_HIGH,46216.0,0.06926723550050734,31100.988739727796
PT111,PT,OTHER,444924.0,0.6668395250092549,299410.94672915543
PT111,PT,SFH,176073.0,0.26389323949023774,118488.06453111675
PT112,PT,MFH_HIGH,136908.0,0.11950434345409346,85326.10122622273
PT112,PT,OTHER,763910.0,0.6668022541269797,476096.8094466635
PT112,PT,SFH,244814.0,0.21369340241892684,152577.08932711376
PT119,PT,MFH_HIGH,106247.0,0.09105205153563085,69563.76737322197
PT119,PT,OTHER,778066.0,0.666790643784033,509428.05185100116
PT119,PT,SFH,282569.0,0.24215730468033614,185008.1807757768
PT11A,PT,MFH_HIGH,877990.0,0.1741376123279727,554628.2952645931
PT11A,PT,OTHER,3361906.0,0.6667892387283287,2123723.725349727
PT11A,PT,SFH,802036.0,0.15907314894369856,506647.97938567994
PT11B,PT,MFH_HIGH,13273.0,0.05246493904849242,16841.245434566066
PT11B,PT,OTHER,168668.0,0.6667035590620899,214011.84245893086
PT11B,PT,SFH,71047.0,0.2808315018894177,90146.91210650308
PT11C,PT,MFH_HIGH,73582.0,0.06491695038020114,43299.60590359416
PT11C,PT,OTHER,755672.0,0.6666837232979173,444678.0434397108
PT11C,PT,SFH,304225.0,0.26839932632188157,179022.350656695
PT11D,PT,MFH_HIGH,40091.0,0.07398597088247615,29816.346265637887
PT11D,PT,OTHER,361320.0,0.6667983088288215,268719.71845801506
PT11D,PT,SFH,140462.0,0.2592157202887023,104463.93527634704
PT11E,PT,MFH_HIGH,25538.0,0.07948508059621591,23845.524178864773
PT11E,PT,OTHER,214224.0,0.6667558894840535,200026.76684521604
PT11E,PT,SFH,81531.0,0.2537590299197306,76127.70897591917
PT150,PT,MFH_HIGH,229309.0,0.1647178572146894,159941.0393554634
PT150,PT,OTHER,928584.0,0.6670229547198111,647679.2890329366
PT150,PT,SFH,234239.0,0.16825918806549953,163379.67161160003
PT16B,PT,MFH_HIGH,104699.0,0.0983381908042112,65394.89688480045
PT16B,PT,OTHER,710046.0,0.6669083661521786,443494.0634911988
PT16B,PT,SFH,249938.0,0.23475344304361018,156111.03962400075
PT16D,PT,MFH_HIGH,96968.0,0.09169680893818825,66571.88328912467
PT16D,PT,OTHER,705228.0,0.6668917289606945,484163.3952254642
PT16D,PT,SFH,255289.0,0.24141146210111727,175264.72148541114
PT16E,PT,MFH_HIGH,133211.0,0.10264758031394312,96796.66823604837
PT16E,PT,OTHER,865426.0,0.6668659858478244,628854.6246544984
PT16E,PT,SFH,299114.0,0.23048643383823245,217348.7071094532
PT16F,PT,MFH_HIGH,73131.0,0.08664605104144452,49821.479348830595
PT16F,PT,OTHER,562752.0,0.6667519727020687,383382.38430368947
PT16F,PT,SFH,208137.0,0.2466019762564868,141796.1363474799
PT16G,PT,MFH_HIGH,52733.0,0.07187975377166629,38527.54802161313
PT16G,PT,OTHER,489126.0,0.6667220989384266,357363.04503099667
PT16G,PT,SFH,191769.0,0.2613981472899071,140109.4069473902
PT16H,PT,MFH_HIGH,28775.0,0.11591231349295865,22139.2518771551
PT16H,PT,OTHER,165526.0,0.6667767716154813,127354.36337855693
PT16H,PT,SFH,53947.0,0.21731091489156004,41506.38474428797
PT16I,PT,MFH_HIGH,61614.0,0.09077221351373649,43026.0292055111
PT16I,PT,OTHER,452700.0,0.6669357785189812,316127.5590179971
PT16I,PT,SFH,164462.0,0.24229200796728229,114846.4117764918
PT16J,PT,MFH_HIGH,56832.0,0.08948004836759371,42324.062877871824
PT16J,PT,OTHER,423482.0,0.6667579856912536,315376.52723196294
PT16J,PT,SFH,154822.0,0.24376196594115276,115299.40989016526
PT170,PT,MFH_HIGH,2198086.0,0.25563039384613095,1644214.6932183143
PT170,PT,OTHER,5734628.0,0.666918953217049,4289622.707092059
PT170,PT,SFH,665974.0,0.07745065293682013,498162.59968962707
PT181,PT,MFH_HIGH,23632.0,0.08326550746084597,16569.83598470835
PT181,PT,OTHER,189244.0,0.6667864630128781,132690.50613956276
PT181,PT,SFH,70939.0,0.24994802952627593,49739.65787572891
PT184,PT,MFH_HIGH,18741.0,0.05541100710192834,12966.175661851232
PT184,PT,OTHER,225542.0,0.6668539226179565,156043.81789260183
PT184,PT,SFH,93935.0,0.2777350702801152,64990.006445546955
PT185,PT,MFH_HIGH,62968.0,0.09068220472622379,41895.17858351539
PT185,PT,OTHER,462998.0,0.6667780368414459,308051.453020748
PT185,PT,SFH,168415.0,0.2425397584323304,112053.36839573664
PT186,PT,MFH_HIGH,21585.0,0.06926416650354744,15722.965796305269
PT186,PT,OTHER,207770.0,0.6667137305741048,151344.01684032177
PT186,PT,SFH,82278.0,0.26402210292234773,59933.017363372936
PT187,PT,MFH_HIGH,27054.0,0.059313208556501455,19395.419197975974
PT187,PT,OTHER,304184.0,0.6668932147390715,218074.0812196764
PT187,PT,SFH,124883.0,0.2737935767044271,89530.49958234766
PT200,PT,MFH_HIGH,22554.0,0.03476547868429449,12515.572326346017
PT200,PT,OTHER,432520.0,0.6667005781914984,240012.20814893942
PT200,PT,SFH,193673.0,0.2985339431242071,107472.21952471456
PT300,PT,MFH_HIGH,77758.0,0.10932107001311718,40886.080184905826
PT300,PT,OTHER,474378.0,0.6669347276252283,249433.5881318354
PT300,PT,SFH,159145.0,0.22374420236165454,83680.3316832588
PTZZZ,PT,MFH_HIGH,0.0,0.3333333333333333,
PTZZZ,PT,OTHER,0.0,0.3333333333333333,
PTZZZ,PT,SFH,0.0,0.3333333333333333,
RO111,RO,MFH_HIGH,168481.0,0.10819726875443514,218342.08834645012
RO111,RO,OTHER,1038498.0,0.6669158374353392,1345836.1599445145
RO111,RO,SFH,350186.0,0.22488689381022564,453821.75170903536
RO112,RO,MFH_HIGH,67624.0,0.08454934066167635,85141.18604630808
RO112,RO,OTHER,533330.0,0.6668150339390135,671482.7391765866
RO112,RO,SFH,198863.0,0.24863562539931008,250376.07477710524
RO113,RO,MFH_HIGH,370761.0,0.18229488561857715,506962.07690526306
RO113,RO,OTHER,1356068.0,0.6667482851513851,1854226.9810060018
RO113,RO,SFH,307024.0,0.15095682923003775,419810.942088735
RO114,RO,MFH_HIGH,123480.0,0.09658502932045533,181869.6102104174
RO114,RO,OTHER,852424.0,0.6667589652855508,1255507.1316326922
RO114,RO,SFH,302555.0,0.23665600539399387,445623.25815689046
RO115,RO,MFH_HIGH,53447.0,0.057490601453211644,70655.94918599712
RO115,RO,OTHER,619854.0,0.6667498507526904,819435.5665750565
RO115,RO,SFH,256364.0,0.2757595477940979,338908.4842389463
RO116,RO,MFH_HIGH,46175.0,0.07799014292422077,61690.20305305863
RO116,RO,OTHER,394780.0,0.6667882755522225,527429.525961808
RO116,RO,SFH,151107.0,0.2552215815235567,201880.27098513333
RO121,RO,MFH_HIGH,83803.0,0.09029590784544221,122983.02648549229
RO121,RO,OTHER,618788.0,0.6667305970414603,908087.0731704689
RO121,RO,SFH,225502.0,0.24297349511309752,330929.9003440388
RO122,RO,MFH_HIGH,300056.0,0.19084630262956204,442763.4221005839
RO122,RO,OTHER,1048316.0,0.6667663122464206,1546897.8444116958
RO122,RO,SFH,223867.0,0.1423873851240174,330338.73348772037
RO123,RO,MFH_HIGH,62678.0,0.11277686812890224,88304.28774493045
RO123,RO,OTHER,370548.0,0.6667290425895604,522048.84034762584
RO123,RO,SFH,122544.0,0.22049408928153733,172646.87190744374
RO124,RO,MFH_HIGH,82695.0,0.10171173863791506,127851.65546785924
RO124,RO,OTHER,542162.0,0.6668388613992298,838216.4487788319
RO124,RO,SFH,188176.0,0.23144939996285513,290931.8957533089
RO125,RO,MFH_HIGH,158160.0,0.10817828076148864,214625.70903079346
RO125,RO,OTHER,974932.0,0.6668340137794616,1322998.683338452
RO125,RO,SFH,328939.0,0.22498770545904978,446375.60763075476
RO126,RO,MFH_HIGH,159451.0,0.14196300348917856,220894.43342916184
RO126,RO,OTHER,748968.0,0.6668239571861142,1037578.0773815936
RO126,RO,SFH,214768.0,0.1912130393247073,297527.4891892445
RO211,RO,MFH_HIGH,169408.0,0.09871403939867693,213814.60933753423
RO211,RO,OTHER,1144186.0,0.6667171673322072,1444109.3844415608
RO211,RO,SFH,402555.0,0.23456879326911592,508076.0062209051
RO212,RO,MFH_HIGH,76548.0,0.07494177297972554,105817.78344737247
RO212,RO,OTHER,681030.0,0.6667397665828302,941436.5504149562
RO212,RO,SFH,263855.0,0.2583184604374443,364745.66613767133
RO213,RO,MFH_HIGH,262362.0,0.1257914043834873,334353.55285130924
RO213,RO,OTHER,1390732.0,0.6667967594432732,1772345.7866002202
RO213,RO,SFH,432597.0,0.20741183617323947,551300.6605484704
RO214,RO,MFH_HIGH,94526.0,0.07121471697487754,125409.11659275934
RO214,RO,OTHER,885030.0,0.6667706341564846,1174183.0867495695
RO214,RO,SFH,347782.0,0.26201464886863784,461407.7966576712
RO215,RO,MFH_HIGH,116814.0,0.06796261108053418,162974.34137112097
RO215,RO,OTHER,1146030.0,0.6667624700517455,1598896.4031840856
RO215,RO,SFH,455954.0,0.26527491886772037,636129.2554447935
RO216,RO,MFH_HIGH,52012.0,0.049239239921538336,63814.05493831368
RO216,RO,OTHER,704282.0,0.6667367217261566,864090.791357099
RO216,RO,SFH,300018.0,0.284024038352305,368095.15370458725
RO221,RO,MFH_HIGH,117082.0,0.14125547283219142,135322.7429732394
RO221,RO,OTHER,553230.0,0.6674532826134952,639420.2447437284
RO221,RO,SFH,158555.0,0.1912912445543133,183257.01228303212
RO222,RO,MFH_HIGH,83904.0,0.07176415948845456,113172.07951329285
RO222,RO,OTHER,779510.0,0.6667248279324611,1051425.0536494912
RO222,RO,SFH,305749.0,0.2615110125790844,412402.8668372161
RO223,RO,MFH_HIGH,320704.0,0.1706198151668324,408463.8375093967
RO223,RO,OTHER,1253252.0,0.6667507252714747,1596201.2362999106
RO223,RO,SFH,305685.0,0.1626294595616929,389334.92619069276
RO224,RO,MFH_HIGH,218366.0,0.1535562167251851,280086.5393067376
RO224,RO,OTHER,948088.0,0.6667008893442536,1216062.4221639186
RO224,RO,SFH,255605.0,0.17974289393056125,327851.0385293437
RO225,RO,MFH_HIGH,51499.0,0.09346223507932648,71311.68536552611
RO225,RO,OTHER,367394.0,0.6667598282439284,508737.7489501174
RO225,RO,SFH,132121.0,0.23977793667674505,182950.56568435646
RO226,RO,MFH_HIGH,75349.0,0.0791852897316282,95735.01528553848
RO226,RO,OTHER,634438.0,0.6667395300104145,806088.0917825912
RO226,RO,SFH,241766.0,0.2540751802579573,307176.89293187036
RO311,RO,MFH_HIGH,167412.0,0.10447474313786183,230471.28336212318
RO311,RO,OTHER,1068396.0,0.6667407215105191,1470830.0316522052
RO311,RO,SFH,366608.0,0.22878453535161905,504698.6849856716
RO312,RO,MFH_HIGH,55454.0,0.07226642166924044,63811.25033393931
RO312,RO,OTHER,511610.0,0.6667187937786292,588712.6949065296
RO312,RO,SFH,200291.0,0.2610147845521304,230476.05475953114
RO313,RO,MFH_HIGH,90869.0,0.07059535527637527,117823.64795627032
RO313,RO,OTHER,858224.0,0.6667469454567773,1112800.6519673613
RO313,RO,SFH,338088.0,0.26265769926684746,438375.7000763684
RO314,RO,MFH_HIGH,31483.0,0.043412851627137344,40200.30060672918
RO314,RO,OTHER,483512.0,0.6667291781577496,617391.2189740761
RO314,RO,SFH,210205.0,0.28985797021511306,268408.4804191947
RO315,RO,MFH_HIGH,54189.0,0.0806048075206759,68836.50562265722
RO315,RO,OTHER,448238.0,0.6667430237401083,569398.5422740525
RO315,RO,SFH,169853.0,0.2526521687392158,215764.9521032903
RO316,RO,MFH_HIGH,229687.0,0.11739760223420742,304646.77779776824
RO316,RO,OTHER,1304560.0,0.6667866094757545,1730311.251589583
RO316,RO,SFH,422241.0,0.21581578829003806,560041.9706126488
RO317,RO,MFH_HIGH,15059.0,0.01585902434195422,19348.00969718415
RO317,RO,OTHER,633114.0,0.6667488104941899,813433.5488029117
RO317,RO,SFH,301381.0,0.3173921651638559,387218.44149990415
RO321,RO,MFH_HIGH,1606363.0,0.2830431504499563,2504082.7520307633
RO321,RO,OTHER,3783982.0,0.6667423157318281,5898669.267279483
RO321,RO,SFH,284984.0,0.05021453381821565,444247.98068975384
RO322,RO,MFH_HIGH,192206.0,0.12620679013358985,195999.14507746504
RO322,RO,OTHER,1015444.0,0.6667634090528548,1035483.5742590835
RO322,RO,SFH,315295.0,0.20702980081355532,321517.2806634514
RO411,RO,MFH_HIGH,178096.0,0.10515178567211272,239956.37490376123
RO411,RO,OTHER,1129310.0,0.666769400084076,1521567.7709918616
RO411,RO,SFH,386298.0,0.22807881424381118,520475.8541043771
RO412,RO,MFH_HIGH,72130.0,0.08300650887029212,96204.54378066857
RO412,RO,OTHER,579450.0,0.666825475736736,772850.7263788771
RO412,RO,SFH,217388.0,0.2501680153929719,289944.7298404544
RO413,RO,MFH_HIGH,63112.0,0.09328780689695948,82093.27006932434
RO413,RO,OTHER,451050.0,0.6667110105981996,586705.6893264157
RO413,RO,SFH,162368.0,0.24000118250484087,211201.04060425996
RO414,RO,MFH_HIGH,84856.0,0.07764730211861033,109870.93249783362
RO414,RO,OTHER,728624.0,0.6667258397623071,943417.0632636646
RO414,RO,SFH,279359.0,0.2556268581190825,361712.0042385017
RO415,RO,MFH_HIGH,81665.0,0.08288742372509775,110571.8232492804
RO415,RO,OTHER,656938.0,0.6667715467717904,889473.2433935684
RO415,RO,SFH,246649.0,0.2503410295031119,333954.9333571512
RO421,RO,MFH_HIGH,101577.0,0.0890261783959214,146359.0372828948
RO421,RO,OTHER,760796.0,0.6667922897792159,1096206.524397031
RO421,RO,SFH,278606.0,0.24418153182486269,401434.43832007423
RO422,RO,MFH_HIGH,59054.0,0.08712933809795005,104555.20571754006
RO422,RO,OTHER,451904.0,0.6667473228539307,800096.7874247169
RO422,RO,SFH,166816.0,0.24612333904811928,295348.00685774314
RO423,RO,MFH_HIGH,144478.0,0.13048033104604265,185282.07008538055
RO423,RO,OTHER,738292.0,0.6667629989939292,946803.4585713795
RO423,RO,SFH,224508.0,0.2027566699600281,287914.47134323994
RO424,RO,MFH_HIGH,253249.0,0.1333736747502229,370645.4421308695
RO424,RO,OTHER,1266118.0,0.6668014891565326,1853041.3383660042
RO424,RO,SFH,379426.0,0.1998248360932445,555313.2195031265
ROZZZ,RO,MFH_HIGH,0.0,0.3333333333333333,
ROZZZ,RO,OTHER,0.0,0.3333333333333333,
ROZZZ,RO,SFH,0.0,0.3333333333333333,
SI031,SI,MFH_HIGH,13106.0,0.045025267880761714,35750.0626973248
SI031,SI,OTHER,198668.0,0.682517924563953,541919.2321037786
SI031,SI,SFH,79307.0,0.2724568075552853,216330.70519889652
SI032,SI,MFH_HIGH,91482.0,0.10670383567875243,225571.90862488264
SI032,SI,OTHER,576586.0,0.6725250628393471,1421717.9828423797
SI032,SI,SFH,189277.0,0.22077110148190052,466710.1085327377
SI033,SI,MFH_HIGH,20112.0,0.11193917704222765,54066.62251139596
SI033,SI,OTHER,120582.0,0.6711341411150504,324157.79015856935
SI033,SI,SFH,38975.0,0.2169266818427219,104775.58733003467
SI034,SI,MFH_HIGH,67818.0,0.10305058167098209,170136.51033879144
SI034,SI,OTHER,441476.0,0.6708301423483218,1107540.5650170792
SI034,SI,SFH,148810.0,0.22611927598069606,373322.9246441292
SI035,SI,MFH_HIGH,23437.0,0.15377498999416053,51207.071668055454
SI035,SI,OTHER,102070.0,0.6697023180741547,223010.8719186935
SI035,SI,SFH,26904.0,0.1765226919316847,58782.05641325101
SI036,SI,MFH_HIGH,11731.0,0.06084038668990125,29629.26831798191
SI036,SI,OTHER,129240.0,0.6702763256161315,326424.570575056
SI036,SI,SFH,51845.0,0.2688832876939673,130946.16110696207
SI037,SI,MFH_HIGH,23559.0,0.06593711079080312,60200.582152003255
SI037,SI,OTHER,239632.0,0.6706838886634294,612334.3903497111
SI037,SI,SFH,94104.0,0.2633790005457675,240465.02749828575
SI038,SI,MFH_HIGH,13144.0,0.09697864020363743,36560.947356771314
SI038,SI,OTHER,91682.0,0.6764451986571735,255019.8398937544
SI038,SI,SFH,30709.0,0.22657616113918913,85419.2127494743
SI041,SI,MFH_HIGH,222884.0,0.15831178793647185,598893.493763673
SI041,SI,OTHER,944602.0,0.6709392845981191,2538163.313634685
SI041,SI,SFH,240394.0,0.17074892746540898,645943.1926016422
SI042,SI,MFH_HIGH,62453.0,0.11847449363834861,170840.2198264987
SI042,SI,OTHER,354670.0,0.672815535822348,970200.0026558258
SI042,SI,SFH,110020.0,0.20870997053930337,300959.7775176755
SI043,SI,MFH_HIGH,26536.0,0.08690924573412373,76306.31775456063
SI043,SI,OTHER,206262.0,0.675537942553958,593122.3135623751
SI043,SI,SFH,72532.0,0.23755281171191825,208571.3686830642
SI044,SI,MFH_HIGH,44038.0,0.1405563783066081,102887.26892043714
SI044,SI,OTHER,211014.0,0.6734947911347156,492998.18711061176
SI044,SI,SFH,58260.0,0.18594883055867634,136114.54396895107
SIZZZ,SI,MFH_HIGH,0.0,0.3333333333333333,
SIZZZ,SI,OTHER,0.0,0.3333333333333333,
SIZZZ,SI,SFH,0.0,0.3333333333333333,
SK010,SK,MFH_HIGH,441004.0,0.22478413782557724,1793327.8515724551
SK010,SK,OTHER,1318062.0,0.6718293491003619,5359854.547122687
SK010,SK,SFH,202834.0,0.10338651307406085,824817.6013048575
SK021,SK,MFH_HIGH,177527.0,0.12156502637046289,469605.6968690981
SK021,SK,OTHER,975420.0,0.6679375983499801,2580242.9424259732
SK021,SK,SFH,307399.0,0.21049737527955703,813151.3607049288
SK022,SK,MFH_HIGH,238292.0,0.15884661354714463,665090.7709218946
SK022,SK,OTHER,1001814.0,0.6678141158919273,2796137.7032394996
SK022,SK,SFH,260033.0,0.17333927056092802,725771.5258386056
SK023,SK,MFH_HIGH,214815.0,0.1220842208638049,556826.1313598141
SK023,SK,OTHER,1173962.0,0.6671891445835446,3043049.688445547
SK023,SK,SFH,370787.0,0.21072663455265053,961124.1801946391
SK031,SK,MFH_HIGH,219747.0,0.1307631794422599,654077.423570184
SK031,SK,OTHER,1122126.0,0.6677350020470146,3340010.4802391673
SK031,SK,SFH,338623.0,0.2015018185107254,1007912.0961906485
SK032,SK,MFH_HIGH,247217.0,0.15682417362134896,700219.935219323
SK032,SK,OTHER,1051968.0,0.6673247077510981,2979604.820108653
SK032,SK,SFH,277211.0,0.17585111862755298,785175.244672024
SK041,SK,MFH_HIGH,238055.0,0.13702923631909383,642667.1183365501
SK041,SK,OTHER,1159860.0,0.6676386970954786,3131225.489377795
SK041,SK,SFH,339342.0,0.19533206658542748,916107.3922856549
SK042,SK,MFH_HIGH,295680.0,0.16655241348349037,841089.6880916264
SK042,SK,OTHER,1184104.0,0.6669892418001044,3368295.6710905274
SK042,SK,SFH,295513.0,0.1664583447164052,840614.6408178462
SKZZZ,SK,MFH_HIGH,0.0,0.3333333333333333,
SKZZZ,SK,OTHER,0.0,0.3333333333333333,
SKZZZ,SK,SFH,0.0,0.3333333333333333,
FI193,FI,MFH_HIGH,171221.0,0.18450677968476056,709059.5543285349
FI193,FI,OTHER,622254.0,0.6705373855190718,2576875.172549793
FI193,FI,SFH,134518.0,0.14495583479616764,557065.2731216722
FI194,FI,MFH_HIGH,70932.0,0.11717518790782191,313092.1020897002
FI194,FI,OTHER,406577.0,0.6716395473692905,1794620.8705707444
FI194,FI,SFH,127841.0,0.2111852647228876,564287.0273395557
FI195,FI,MFH_HIGH,80722.0,0.14136061474232797,351987.93070839666
FI195,FI,OTHER,383799.0,0.6721099895628296,1673553.8740114458
FI195,FI,SFH,106515.0,0.18652939569484236,464458.1952801575
FI196,FI,MFH_HIGH,103803.0,0.14272200673991384,462419.30183732085
FI196,FI,OTHER,488279.0,0.6713501414116971,2175174.4581738985
FI196,FI,SFH,135227.0,0.18592785184838906,602406.2399887806
FI197,FI,MFH_HIGH,362962.0,0.20708711463785628,1408192.3795374227
FI197,FI,OTHER,1176531.0,0.6712669923352629,4564615.547879787
FI197,FI,SFH,213209.0,0.12164589302688078,827192.0725827893
FI1B1,FI,MFH_HIGH,1378960.0,0.2454038826191529,5558397.941323813
FI1B1,FI,OTHER,3759309.0,0.669017973374953,15153257.096942684
FI1B1,FI,SFH,480876.0,0.08557814400589414,1938344.9617335023
FI1C1,FI,MFH_HIGH,321085.0,0.19737032176369163,1286262.3869339784
FI1C1,FI,OTHER,1090436.0,0.6702888773462256,4368272.613665352
FI1C1,FI,SFH,215294.0,0.13234080089008277,862464.9994006694
FI1C2,FI,MFH_HIGH,95960.0,0.16761425664404678,415850.97073388007
FI1C2,FI,OTHER,384277.0,0.6712203386869984,1665297.660282443
FI1C2,FI,SFH,92268.0,0.16116540466895485,399851.368983677
FI1C3,FI,MFH_HIGH,138828.0,0.20131466182912877,582805.9459953278
FI1C3,FI,OTHER,462601.0,0.6708183066587201,1942018.9977769947
FI1C3,FI,SFH,88178.0,0.12786703151215112,370175.0562276775
FI1C4,FI,MFH_HIGH,99099.0,0.16860510618315702,458437.28371200396
FI1C4,FI,OTHER,393845.0,0.6700802030767765,1821948.0721657553
FI1C4,FI,SFH,94814.0,0.1613146907400665,438614.6441222408
FI1C5,FI,MFH_HIGH,75300.0,0.17042021142969657,334023.6144022053
FI1C5,FI,OTHER,296111.0,0.6701633363434114,1313520.1392330863
FI1C5,FI,SFH,70438.0,0.159416452226892,312456.2463647083
FI1D1,FI,MFH_HIGH,76619.0,0.15779609808941072,375554.7134527975
FI1D1,FI,OTHER,326463.0,0.6723474277994139,1600186.8781626052
FI1D1,FI,SFH,82475.0,0.1698564741111754,404258.40838459745
FI1D2,FI,MFH_HIGH,152345.0,0.18397177115020247,674992.4283500928
FI1D2,FI,OTHER,555558.0,0.6708916553655464,2461501.48353619
FI1D2,FI,SFH,120186.0,0.1451365734842511,532506.0881137173
FI1D3,FI,MFH_HIGH,86643.0,0.15744455832006804,400538.9563662531
FI1D3,FI,OTHER,369495.0,0.6714330883795984,1708125.7768376982
FI1D3,FI,SFH,94170.0,0.17112235330033362,435335.26679604873
FI1D4,FI,OTHER,0.0,1.0,1316000.0
FI1D5,FI,MFH_HIGH,24829.0,0.11831671844919277,112755.83268208071
FI1D5,FI,OTHER,141002.0,0.671911632960372,640331.7862112345
FI1D5,FI,SFH,44021.0,0.20977164859043515,199912.3811066847
FI1D6,FI,OTHER,0.0,1.0,5547000.0
FI1D7,FI,MFH_HIGH,84246.0,0.14414331177497178,437186.6646134894
FI1D7,FI,OTHER,393882.0,0.6739246483933887,2044013.458577148
FI1D7,FI,SFH,106332.0,0.18193203983163947,551799.8768093626
FI200,FI,MFH_HIGH,10843.0,0.11270606822859282,48350.903270066316
FI200,FI,OTHER,64904.0,0.6746356776084652,289418.70569403155
FI200,FI,SFH,20459.0,0.212658254162942,91230.39103590212
FIZZZ,FI,MFH_HIGH,0.0,0.3333333333333333,
FIZZZ,FI,OTHER,0.0,0.3333333333333333,
FIZZZ,FI,SFH,0.0,0.3333333333333333,
SE110,SE,MFH_HIGH,1626799.0,0.22860963994662212,5173436.151992058
SE110,SE,OTHER,4767828.0,0.6700099043627538,15162324.135729117
SE110,SE,SFH,721429.0,0.10138045569062414,2294239.7122788243
SE121,SE,MFH_HIGH,196388.0,0.17373027169571637,572962.4360524726
SE121,SE,OTHER,756792.0,0.66947919311335,2207942.3788878284
SE121,SE,SFH,177239.0,0.15679053519093364,517095.1850596991
SE122,SE,MFH_HIGH,149911.0,0.16577940460919185,439149.64280974923
SE122,SE,OTHER,606118.0,0.6702769053832883,1775563.5223603307
SE122,SE,SFH,148251.0,0.1639436900075198,434286.8348299199
SE123,SE,MFH_HIGH,245261.0,0.17077232978713774,733467.1564357566
SE123,SE,OTHER,960098.0,0.6685048674023647,2871228.4054931565
SE123,SE,SFH,230828.0,0.16072280281049753,690304.4380710869
SE124,SE,MFH_HIGH,145558.0,0.15607361594812058,460573.2406629038
SE124,SE,OTHER,625348.0,0.6705253135239925,1978720.200209302
SE124,SE,SFH,161718.0,0.17340107052788692,511706.5591277943
SE125,SE,MFH_HIGH,148396.0,0.1730947112541423,443295.55552185845
SE125,SE,OTHER,574132.0,0.6696892959497779,1715074.286927381
SE125,SE,SFH,134783.0,0.15721599279607984,402630.1575507605
SE211,SE,MFH_HIGH,146910.0,0.1352411252326744,470098.1513087762
SE211,SE,OTHER,727464.0,0.6696824581462272,2327816.2245162856
SE211,SE,SFH,211908.0,0.1950764166210984,678085.6241749381
SE212,SE,MFH_HIGH,69738.0,0.1163960583766173,227554.29412628684
SE212,SE,OTHER,402524.0,0.671831813387099,1313431.1951717786
SE212,SE,SFH,126882.0,0.21177212823628377,414014.5107019348
SE213,SE,MFH_HIGH,92647.0,0.12097245943080387,292148.4895253914
SE213,SE,OTHER,512780.0,0.6695549531763317,1616975.2119208411
SE213,SE,SFH,160425.0,0.20947258739286442,505876.29855376756
SE214,SE,MFH_HIGH,18512.0,0.10297086979013122,61061.72578554781
SE214,SE,OTHER,120442.0,0.6699447655176634,397277.24595197436
SE214,SE,SFH,40825.0,0.22708436469220544,134661.02826247783
SE221,SE,MFH_HIGH,59141.0,0.11992448575692687,186602.49983777822
SE221,SE,OTHER,330348.0,0.6698705470118747,1042318.5711504769
SE221,SE,SFH,103663.0,0.2102049672311985,327078.92901174485
SE224,SE,MFH_HIGH,692066.0,0.16573914284633184,1978759.6264423558
SE224,SE,OTHER,2794714.0,0.669290938813124,7990664.518489887
SE224,SE,SFH,688854.0,0.16496991834054422,1969575.8550677574
SE231,SE,MFH_HIGH,112675.0,0.1124240694769275,340757.35458456725
SE231,SE,OTHER,670500.0,0.6690067768740172,2027759.5407051463
SE231,SE,SFH,219057.0,0.2185691536490553,662483.1047102866
SE232,SE,MFH_HIGH,878171.0,0.1670606475668683,2657433.7208461743
SE232,SE,OTHER,3519590.0,0.669556367233573,10650633.133584447
SE232,SE,SFH,858839.0,0.16338298519955866,2598933.1455693794
SE311,SE,MFH_HIGH,117485.0,0.1315100173055698,399790.45260893216
SE311,SE,OTHER,597700.0,0.6690516861177093,2033917.125797836
SE311,SE,SFH,178169.0,0.199438296576721,606292.4215932318
SE312,SE,MFH_HIGH,105802.0,0.1179203172420096,385245.6764296454
SE312,SE,OTHER,600686.0,0.6694871900609987,2187214.6499292827
SE312,SE,SFH,190745.0,0.21259249269699176,694539.6736410721
SE313,SE,MFH_HIGH,123986.0,0.13656470152837563,424716.2217532482
SE313,SE,OTHER,607716.0,0.6693703656382036,2081741.8371348132
SE313,SE,SFH,176190.0,0.19406493283342072,603541.9411119384
SE321,SE,MFH_HIGH,104578.0,0.13613647754121727,403780.7923872504
SE321,SE,OTHER,514016.0,0.669130482891491,1984641.0122561625
SE321,SE,SFH,149591.0,0.19473303956729174,577578.1953565873
SE322,SE,MFH_HIGH,51785.0,0.12517312977542078,193517.65863280054
SE322,SE,OTHER,277224.0,0.6700974361081635,1035970.6362232208
SE322,SE,SFH,84698.0,0.20472943411641573,316511.7051439787
SE331,SE,MFH_HIGH,119978.0,0.14474590625742711,457541.8096797271
SE331,SE,OTHER,555260.0,0.6698862450490839,2117510.420600154
SE331,SE,SFH,153649.0,0.185367848693489,585947.7697201187
SE332,SE,MFH_HIGH,104764.0,0.1341683315403924,412433.45115516626
SE332,SE,OTHER,522696.0,0.6694021822652528,2057742.3082833872
SE332,SE,SFH,153380.0,0.1964294861943548,603824.2405614466
SEZZZ,SE,MFH_HIGH,0.0,0.3333333333333333,3666.6666666666665
SEZZZ,SE,OTHER,0.0,0.3333333333333333,3666.6666666666665
SEZZZ,SE,SFH,0.0,0.3333333333333333,3666.6666666666665
UKC11,UK,SFH,0.7788703641916007,0.7788703641916007,1673792.41264775
UKC11,UK,MFH_HIGH,0.21692307499869568,0.21692307499869568,466167.688172197
UKC11,UK,OTHER,0.004206560809703642,0.004206560809703642,9039.899180053126
UKC12,UK,SFH,0.7788703641916007,0.7788703641916007,1683138.857018049
UKC12,UK,MFH_HIGH,0.21692307499869568,0.21692307499869568,468770.76507218136
UKC12,UK,OTHER,0.004206560809703642,0.004206560809703642,9090.37790976957
UKC13,UK,SFH,0.7788703641916007,0.7788703641916007,685405.9204886087
UKC13,UK,MFH_HIGH,0.21692307499869568,0.21692307499869568,190892.30599885219
UKC13,UK,OTHER,0.004206560809703642,0.004206560809703642,3701.7735125392046
UKC14,UK,SFH,0.7788703641916007,0.7788703641916007,3015786.050149878
UKC14,UK,MFH_HIGH,0.21692307499869568,0.21692307499869568,839926.1463949496
UKC14,UK,OTHER,0.004206560809703642,0.004206560809703642,16287.8034551725
UKC21,UK,SFH,0.7788703641916007,0.7788703641916007,2001696.835972414
UKC21,UK,MFH_HIGH,0.21692307499869568,0.21692307499869568,557492.3027466479
UKC21,UK,OTHER,0.004206560809703642,0.004206560809703642,10810.86128093836
UKC22,UK,SFH,0.7788703641916007,0.7788703641916007,5266721.402663604
UKC22,UK,MFH_HIGH,0.21692307499869568,0.21692307499869568,1466833.8331411802
UKC22,UK,OTHER,0.004206560809703642,0.004206560809703642,28444.764195216023
UKC23,UK,SFH,0.7788703641916007,0.7788703641916007,1663667.0979132592
UKC23,UK,MFH_HIGH,0.21692307499869568,0.21692307499869568,463347.688197214
UKC23,UK,OTHER,0.004206560809703642,0.004206560809703642,8985.213889526978
UKD11,UK,SFH,0.7788703641916007,0.7788703641916007,1369254.1002488341
UKD11,UK,MFH_HIGH,0.21692307499869568,0.21692307499869568,381350.765847707
UKD11,UK,OTHER,0.004206560809703642,0.004206560809703642,7395.133903459002
UKD12,UK,SFH,0.7788703641916007,0.7788703641916007,1722861.2455918207
UKD12,UK,MFH_HIGH,0.21692307499869568,0.21692307499869568,479833.8418971148
UKD12,UK,OTHER,0.004206560809703642,0.004206560809703642,9304.912511064455
UKD33,UK,SFH,0.7788703641916007,0.7788703641916007,2799260.088904613
UKD33,UK,MFH_HIGH,0.21692307499869568,0.21692307499869568,779621.5315453123
UKD33,UK,OTHER,0.004206560809703642,0.004206560809703642,15118.379550074887
UKD34,UK,SFH,0.7788703641916007,0.7788703641916007,2485375.332135398
UKD34,UK,MFH_HIGH,0.21692307499869568,0.21692307499869568,692201.532320838
UKD34,UK,OTHER,0.004206560809703642,0.004206560809703642,13423.13554376432
UKD35,UK,SFH,0.7788703641916007,0.7788703641916007,2750970.1263247337
UKD35,UK,MFH_HIGH,0.21692307499869568,0.21692307499869568,766172.3008953931
UKD35,UK,OTHER,0.004206560809703642,0.004206560809703642,14857.572779873262
UKD36,UK,SFH,0.7788703641916007,0.7788703641916007,3272813.270333106
UKD36,UK,MFH_HIGH,0.21692307499869568,0.21692307499869568,911510.7611445192
UKD36,UK,OTHER,0.004206560809703642,0.004206560809703642,17675.968522374704
UKD37,UK,SFH,0.7788703641916007,0.7788703641916007,3535292.5830656756
UKD37,UK,MFH_HIGH,0.21692307499869568,0.21692307499869568,984613.8374190796
UKD37,UK,OTHER,0.004206560809703642,0.004206560809703642,19093.57951524483
UKD41,UK,SFH,0.7788703641916007,0.7788703641916007,778091.4938274091
UKD41,UK,MFH_HIGH,0.21692307499869568,0.21692307499869568,216706.15192369698
UKD41,UK,OTHER,0.004206560809703642,0.004206560809703642,4202.354248893938
UKD42,UK,SFH,0.7788703641916007,0.7788703641916007,809246.3083950732
UKD42,UK,MFH_HIGH,0.21692307499869568,0.21692307499869568,225383.0749236448
UKD42,UK,OTHER,0.004206560809703642,0.004206560809703642,4370.616681282084
UKD44,UK,SFH,0.7788703641916007,0.7788703641916007,1352118.9522366188
UKD44,UK,MFH_HIGH,0.21692307499869568,0.21692307499869568,376578.4581977357
UKD44,UK,OTHER,0.004206560809703642,0.004206560809703642,7302.589565645522
UKD45,UK,SFH,0.7788703641916007,0.7788703641916007,2152797.6866255845
UKD45,UK,MFH_HIGH,0.21692307499869568,0.21692307499869568,599575.3792963949
UKD45,UK,OTHER,0.004206560809703642,0.004206560809703642,11626.934078020866
UKD46,UK,SFH,0.7788703641916007,0.7788703641916007,1845143.892769902
UKD46,UK,MFH_HIGH,0.21692307499869568,0.21692307499869568,513890.76467191003
UKD46,UK,OTHER,0.004206560809703642,0.004206560809703642,9965.342558187927
UKD47,UK,SFH,0.7788703641916007,0.7788703641916007,1197123.7497624904
UKD47,UK,MFH_HIGH,0.21692307499869568,0.21692307499869568,333410.7662729953
UKD47,UK,OTHER,0.004206560809703642,0.004206560809703642,6465.4839645144975
UKD61,UK,SFH,0.7788703641916007,0.7788703641916007,1345109.1189588944
UKD61,UK,MFH_HIGH,0.21692307499869568,0.21692307499869568,374626.1505227474
UKD61,UK,OTHER,0.004206560809703642,0.004206560809703642,7264.730518358189
UKD62,UK,SFH,0.7788703641916007,0.7788703641916007,2436306.499191327
UKD62,UK,MFH_HIGH,0.21692307499869568,0.21692307499869568,678535.37859592
UKD62,UK,OTHER,0.004206560809703642,0.004206560809703642,13158.12221275299
UKD63,UK,SFH,0.7788703641916007,0.7788703641916007,2123200.6127863037
UKD63,UK,MFH_HIGH,0.21692307499869568,0.21692307499869568,591332.3024464444
UKD63,UK,OTHER,0.004206560809703642,0.004206560809703642,11467.084767252127
UKD71,UK,SFH,0.7788703641916007,0.7788703641916007,2614667.8125912035
UKD71,UK,MFH_HIGH,0.21692307499869568,0.21692307499869568,728210.7627706213
UKD71,UK,OTHER,0.004206560809703642,0.004206560809703642,14121.424638175125
UKD72,UK,SFH,0.7788703641916007,0.7788703641916007,2917648.384261736
UKD72,UK,MFH_HIGH,0.21692307499869568,0.21692307499869568,812593.838945114
UKD72,UK,OTHER,0.004206560809703642,0.004206560809703642,15757.776793149842
UKD73,UK,SFH,0.7788703641916007,0.7788703641916007,1624723.579703679
UKD73,UK,MFH_HIGH,0.21692307499869568,0.21692307499869568,452501.5344472792
UKD73,UK,OTHER,0.004206560809703642,0.004206560809703642,8774.885849041797
UKD74,UK,SFH,0.7788703641916007,0.7788703641916007,1828008.744757687
UKD74,UK,MFH_HIGH,0.21692307499869568,0.21692307499869568,509118.45702193875
UKD74,UK,OTHER,0.004206560809703642,0.004206560809703642,9872.798220374447
UKE11,UK,SFH,0.7788703641916007,0.7788703641916007,1395735.6926313485
UKE11,UK,MFH_HIGH,0.21692307499869568,0.21692307499869568,388726.15039766266
UKE11,UK,OTHER,0.004206560809703642,0.004206560809703642,7538.156970988925
UKE12,UK,SFH,0.7788703641916007,0.7788703641916007,1948733.651207385
UKE12,UK,MFH_HIGH,0.21692307499869568,0.21692307499869568,542741.5336467365
UKE12,UK,OTHER,0.004206560809703642,0.004206560809703642,10524.81514587851
UKE13,UK,SFH,0.7788703641916007,0.7788703641916007,1849038.24459086
UKE13,UK,MFH_HIGH,0.21692307499869568,0.21692307499869568,514975.3800469035
UKE13,UK,OTHER,0.004206560809703642,0.004206560809703642,9986.375362236446
UKE21,UK,SFH,0.7788703641916007,0.7788703641916007,1285136.1009161412
UKE21,UK,MFH_HIGH,0.21692307499869568,0.21692307499869568,357923.07374784787
UKE21,UK,OTHER,0.004206560809703642,0.004206560809703642,6940.825336011008
UKE22,UK,SFH,0.7788703641916007,0.7788703641916007,3721442.600107468
UKE22,UK,MFH_HIGH,0.21692307499869568,0.21692307499869568,1036458.452343768
UKE22,UK,OTHER,0.004206560809703642,0.004206560809703642,20098.947548764
UKE31,UK,SFH,0.7788703641916007,0.7788703641916007,4368683.872750688
UKE31,UK,MFH_HIGH,0.21692307499869568,0.21692307499869568,1216721.527667684
UKE31,UK,OTHER,0.004206560809703642,0.004206560809703642,23594.599581627725
UKE32,UK,SFH,0.7788703641916007,0.7788703641916007,3279823.103610831
UKE32,UK,MFH_HIGH,0.21692307499869568,0.21692307499869568,913463.0688195075
UKE32,UK,OTHER,0.004206560809703642,0.004206560809703642,17713.827569662033
UKE41,UK,SFH,0.7788703641916007,0.7788703641916007,2827299.4220155105
UKE41,UK,MFH_HIGH,0.21692307499869568,0.21692307499869568,787430.7622452653
UKE41,UK,OTHER,0.004206560809703642,0.004206560809703642,15269.81573922422
UKE42,UK,SFH,0.7788703641916007,0.7788703641916007,4820428.683981817
UKE42,UK,MFH_HIGH,0.21692307499869568,0.21692307499869568,1342536.9111669275
UKE42,UK,OTHER,0.004206560809703642,0.004206560809703642,26034.404851255837
UKE44,UK,SFH,0.7788703641916007,0.7788703641916007,3598381.0825651954
UKE44,UK,MFH_HIGH,0.21692307499869568,0.21692307499869568,1002184.606493974
UKE44,UK,OTHER,0.004206560809703642,0.004206560809703642,19434.310940830823
UKE45,UK,SFH,0.7788703641916007,0.7788703641916007,1942502.6882938521
UKE45,UK,MFH_HIGH,0.21692307499869568,0.21692307499869568,541006.149046747
UKE45,UK,OTHER,0.004206560809703642,0.004206560809703642,10491.162659400883
UKF11,UK,SFH,0.7788703641916007,0.7788703641916007,1470507.247593742
UKF11,UK,MFH_HIGH,0.21692307499869568,0.21692307499869568,409550.76559753745
UKF11,UK,OTHER,0.004206560809703642,0.004206560809703642,7941.986808720475
UKF12,UK,SFH,0.7788703641916007,0.7788703641916007,1637964.3758949363
UKF12,UK,MFH_HIGH,0.21692307499869568,0.21692307499869568,456189.226722257
UKF12,UK,OTHER,0.004206560809703642,0.004206560809703642,8846.39738280676
UKF13,UK,SFH,0.7788703641916007,0.7788703641916007,2892724.532607605
UKF13,UK,MFH_HIGH,0.21692307499869568,0.21692307499869568,805652.3005451558
UKF13,UK,OTHER,0.004206560809703642,0.004206560809703642,15623.166847239325
UKF14,UK,SFH,0.7788703641916007,0.7788703641916007,1923809.7995532537
UKF14,UK,MFH_HIGH,0.21692307499869568,0.21692307499869568,535799.9952467784
UKF14,UK,OTHER,0.004206560809703642,0.004206560809703642,10390.205199967995
UKF15,UK,SFH,0.7788703641916007,0.7788703641916007,2597532.664578988
UKF15,UK,MFH_HIGH,0.21692307499869568,0.21692307499869568,723438.4551206501
UKF15,UK,OTHER,0.004206560809703642,0.004206560809703642,14028.880300361645
UKF16,UK,SFH,0.7788703641916007,0.7788703641916007,1881750.7998869072
UKF16,UK,MFH_HIGH,0.21692307499869568,0.21692307499869568,524086.14919684874
UKF16,UK,OTHER,0.004206560809703642,0.004206560809703642,10163.050916243998
UKF21,UK,SFH,0.7788703641916007,0.7788703641916007,1697158.523573498
UKF21,UK,MFH_HIGH,0.21692307499869568,0.21692307499869568,472675.3804221579
UKF21,UK,OTHER,0.004206560809703642,0.004206560809703642,9166.096004344236
UKF22,UK,SFH,0.7788703641916007,0.7788703641916007,3974575.4684697385
UKF22,UK,MFH_HIGH,0.21692307499869568,0.21692307499869568,1106958.4517183441
UKF22,UK,OTHER,0.004206560809703642,0.004206560809703642,21466.079811917683
UKF24,UK,SFH,0.7788703641916007,0.7788703641916007,2232242.4637731276
UKF24,UK,MFH_HIGH,0.21692307499869568,0.21692307499869568,621701.5329462618
UKF24,UK,OTHER,0.004206560809703642,0.004206560809703642,12056.003280610637
UKF25,UK,SFH,0.7788703641916007,0.7788703641916007,1778939.911813616
UKF25,UK,MFH_HIGH,0.21692307499869568,0.21692307499869568,495452.3032970209
UKF25,UK,OTHER,0.004206560809703642,0.004206560809703642,9607.784889363118
UKF30,UK,SFH,0.7788703641916007,0.7788703641916007,4121781.967301951
UKF30,UK,MFH_HIGH,0.21692307499869568,0.21692307499869568,1147956.9128930976
UKF30,UK,OTHER,0.004206560809703642,0.004206560809703642,22261.11980495167
UKG11,UK,SFH,0.7788703641916007,0.7788703641916007,1064715.7878499182
UKG11,UK,MFH_HIGH,0.21692307499869568,0.21692307499869568,296533.843523217
UKG11,UK,OTHER,0.004206560809703642,0.004206560809703642,5750.368626864878
UKG12,UK,SFH,0.7788703641916007,0.7788703641916007,3273592.1406972976
UKG12,UK,MFH_HIGH,0.21692307499869568,0.21692307499869568,911727.684219518
UKG12,UK,OTHER,0.004206560809703642,0.004206560809703642,17680.175083184407
UKG13,UK,SFH,0.7788703641916007,0.7788703641916007,3324218.714369752
UKG13,UK,MFH_HIGH,0.21692307499869568,0.21692307499869568,925827.6840944331
UKG13,UK,OTHER,0.004206560809703642,0.004206560809703642,17953.60153581514
UKG21,UK,SFH,0.7788703641916007,0.7788703641916007,960347.1590482437
UKG21,UK,MFH_HIGH,0.21692307499869568,0.21692307499869568,267466.15147339174
UKG21,UK,OTHER,0.004206560809703642,0.004206560809703642,5186.68947836459
UKG22,UK,SFH,0.7788703641916007,0.7788703641916007,1817883.4300231962
UKG22,UK,MFH_HIGH,0.21692307499869568,0.21692307499869568,506298.4570469557
UKG22,UK,OTHER,0.004206560809703642,0.004206560809703642,9818.1129298483
UKG23,UK,SFH,0.7788703641916007,0.7788703641916007,1504777.5436181726
UKG23,UK,MFH_HIGH,0.21692307499869568,0.21692307499869568,419095.38089748006
UKG23,UK,OTHER,0.004206560809703642,0.004206560809703642,8127.075484347436
UKG24,UK,SFH,0.7788703641916007,0.7788703641916007,4942711.331159898
UKG24,UK,MFH_HIGH,0.21692307499869568,0.21692307499869568,1376593.8339417228
UKG24,UK,OTHER,0.004206560809703642,0.004206560809703642,26694.83489837931
UKG31,UK,SFH,0.7788703641916007,0.7788703641916007,5954463.934244787
UKG31,UK,MFH_HIGH,0.21692307499869568,0.21692307499869568,1658376.9083650284
UKG31,UK,OTHER,0.004206560809703642,0.004206560809703642,32159.15739018434
UKG32,UK,SFH,0.7788703641916007,0.7788703641916007,1282799.4898235663
UKG32,UK,MFH_HIGH,0.21692307499869568,0.21692307499869568,357272.3045228518
UKG32,UK,OTHER,0.004206560809703642,0.004206560809703642,6928.205653581897
UKG33,UK,SFH,0.7788703641916007,0.7788703641916007,1729871.0788695451
UKG33,UK,MFH_HIGH,0.21692307499869568,0.21692307499869568,481786.1495721031
UKG33,UK,OTHER,0.004206560809703642,0.004206560809703642,9342.771558351787
UKG36,UK,SFH,0.7788703641916007,0.7788703641916007,1728313.338141162
UKG36,UK,MFH_HIGH,0.21692307499869568,0.21692307499869568,481352.30342210573
UKG36,UK,OTHER,0.004206560809703642,0.004206560809703642,9334.35843673238
UKG37,UK,SFH,0.7788703641916007,0.7788703641916007,1655099.5239071515
UKG37,UK,MFH_HIGH,0.21692307499869568,0.21692307499869568,460961.5343722283
UKG37,UK,OTHER,0.004206560809703642,0.004206560809703642,8938.941720620238
UKG38,UK,SFH,0.7788703641916007,0.7788703641916007,1456487.5810382934
UKG38,UK,MFH_HIGH,0.21692307499869568,0.21692307499869568,405646.15024756093
UKG38,UK,OTHER,0.004206560809703642,0.004206560809703642,7866.26871414581
UKG39,UK,SFH,0.7788703641916007,0.7788703641916007,1437794.692297695
UKG39,UK,MFH_HIGH,0.21692307499869568,0.21692307499869568,400439.9964475922
UKG39,UK,OTHER,0.004206560809703642,0.004206560809703642,7765.311254712922
UKH11,UK,SFH,0.7788703641916007,0.7788703641916007,1086524.158047283
UKH11,UK,MFH_HIGH,0.21692307499869568,0.21692307499869568,302607.6896231805
UKH11,UK,OTHER,0.004206560809703642,0.004206560809703642,5868.1523295365805
UKH12,UK,SFH,0.7788703641916007,0.7788703641916007,3663806.1931572896
UKH12,UK,MFH_HIGH,0.21692307499869568,0.21692307499869568,1020406.1447938645
UKH12,UK,OTHER,0.004206560809703642,0.004206560809703642,19787.66204884593
UKH14,UK,SFH,0.7788703641916007,0.7788703641916007,4194216.9111717697
UKH14,UK,MFH_HIGH,0.21692307499869568,0.21692307499869568,1168130.7588679763
UKH14,UK,OTHER,0.004206560809703642,0.004206560809703642,22652.329960254112
UKH15,UK,SFH,0.7788703641916007,0.7788703641916007,1967426.5399479833
UKH15,UK,MFH_HIGH,0.21692307499869568,0.21692307499869568,547947.6874467053
UKH15,UK,OTHER,0.004206560809703642,0.004206560809703642,10625.772605311398
UKH16,UK,SFH,0.7788703641916007,0.7788703641916007,1394177.9519029653
UKH16,UK,MFH_HIGH,0.21692307499869568,0.21692307499869568,388292.3042476653
UKH16,UK,OTHER,0.004206560809703642,0.004206560809703642,7529.743849369518
UKH17,UK,SFH,0.7788703641916007,0.7788703641916007,1433900.340476737
UKH17,UK,MFH_HIGH,0.21692307499869568,0.21692307499869568,399355.38107259874
UKH17,UK,OTHER,0.004206560809703642,0.004206560809703642,7744.278450664404
UKH21,UK,SFH,0.7788703641916007,0.7788703641916007,1066273.5285783014
UKH21,UK,MFH_HIGH,0.21692307499869568,0.21692307499869568,296967.6896732144
UKH21,UK,OTHER,0.004206560809703642,0.004206560809703642,5758.781748484285
UKH23,UK,SFH,0.7788703641916007,0.7788703641916007,6533943.485203339
UKH23,UK,MFH_HIGH,0.21692307499869568,0.21692307499869568,1819767.676164058
UKH23,UK,OTHER,0.004206560809703642,0.004206560809703642,35288.83863260385
UKH24,UK,SFH,0.7788703641916007,0.7788703641916007,908941.7150115981
UKH24,UK,MFH_HIGH,0.21692307499869568,0.21692307499869568,253149.22852347785
UKH24,UK,OTHER,0.004206560809703642,0.004206560809703642,4909.05646492415
UKH25,UK,SFH,0.7788703641916007,0.7788703641916007,1420659.5442854797
UKH25,UK,MFH_HIGH,0.21692307499869568,0.21692307499869568,395667.68879762094
UKH25,UK,OTHER,0.004206560809703642,0.004206560809703642,7672.766916899443
UKH31,UK,SFH,0.7788703641916007,0.7788703641916007,934644.4370299209
UKH31,UK,MFH_HIGH,0.21692307499869568,0.21692307499869568,260307.6899984348
UKH31,UK,OTHER,0.004206560809703642,0.004206560809703642,5047.8729716443695
UKH32,UK,SFH,0.7788703641916007,0.7788703641916007,800678.7343889655
UKH32,UK,MFH_HIGH,0.21692307499869568,0.21692307499869568,222996.92109865916
UKH32,UK,OTHER,0.004206560809703642,0.004206560809703642,4324.344512375344
UKH34,UK,SFH,0.7788703641916007,0.7788703641916007,2398920.72171013
UKH34,UK,MFH_HIGH,0.21692307499869568,0.21692307499869568,668123.0709959827
UKH34,UK,OTHER,0.004206560809703642,0.004206560809703642,12956.207293887217
UKH35,UK,SFH,0.7788703641916007,0.7788703641916007,1533595.747093262
UKH35,UK,MFH_HIGH,0.21692307499869568,0.21692307499869568,427121.53467243176
UKH35,UK,OTHER,0.004206560809703642,0.004206560809703642,8282.71823430647
UKH36,UK,SFH,0.7788703641916007,0.7788703641916007,1573318.1356670335
UKH36,UK,MFH_HIGH,0.21692307499869568,0.21692307499869568,438184.6114973653
UKH36,UK,OTHER,0.004206560809703642,0.004206560809703642,8497.252835601355
UKH37,UK,SFH,0.7788703641916007,0.7788703641916007,1796075.0598258313
UKH37,UK,MFH_HIGH,0.21692307499869568,0.21692307499869568,500224.61094699224
UKH37,UK,OTHER,0.004206560809703642,0.004206560809703642,9700.329227176597
UKI31,UK,SFH,0.7788703641916007,0.7788703641916007,1228278.5643301543
UKI31,UK,MFH_HIGH,0.21692307499869568,0.21692307499869568,342087.68927294307
UKI31,UK,OTHER,0.004206560809703642,0.004206560809703642,6633.746396902643
UKI32,UK,SFH,0.7788703641916007,0.7788703641916007,1176873.1202935087
UKI32,UK,MFH_HIGH,0.21692307499869568,0.21692307499869568,327770.7663230292
UKI32,UK,OTHER,0.004206560809703642,0.004206560809703642,6356.113383462202
UKI33,UK,SFH,0.7788703641916007,0.7788703641916007,1725197.8566843956
UKI33,UK,MFH_HIGH,0.21692307499869568,0.21692307499869568,480484.6111221109
UKI33,UK,OTHER,0.004206560809703642,0.004206560809703642,9317.532193493566
UKI34,UK,SFH,0.7788703641916007,0.7788703641916007,1609146.172419847
UKI34,UK,MFH_HIGH,0.21692307499869568,0.21692307499869568,448163.0729473053
UKI34,UK,OTHER,0.004206560809703642,0.004206560809703642,8690.754632847724
UKI41,UK,SFH,0.7788703641916007,0.7788703641916007,2728382.885763177
UKI41,UK,MFH_HIGH,0.21692307499869568,0.21692307499869568,759881.5317204309
UKI41,UK,OTHER,0.004206560809703642,0.004206560809703642,14735.582516391856
UKI42,UK,SFH,0.7788703641916007,0.7788703641916007,1291367.063829674
UKI42,UK,MFH_HIGH,0.21692307499869568,0.21692307499869568,359658.45834783744
UKI42,UK,OTHER,0.004206560809703642,0.004206560809703642,6974.477822488638
UKI43,UK,SFH,0.7788703641916007,0.7788703641916007,2268849.370890133
UKI43,UK,MFH_HIGH,0.21692307499869568,0.21692307499869568,631896.9174712005
UKI43,UK,OTHER,0.004206560809703642,0.004206560809703642,12253.711638666708
UKI44,UK,SFH,0.7788703641916007,0.7788703641916007,2768884.1447011405
UKI44,UK,MFH_HIGH,0.21692307499869568,0.21692307499869568,771161.5316203631
UKI44,UK,OTHER,0.004206560809703642,0.004206560809703642,14954.323678496447
UKI45,UK,SFH,0.7788703641916007,0.7788703641916007,1486863.5252417657
UKI45,UK,MFH_HIGH,0.21692307499869568,0.21692307499869568,414106.15017251007
UKI45,UK,OTHER,0.004206560809703642,0.004206560809703642,8030.324585724252
UKI51,UK,SFH,0.7788703641916007,0.7788703641916007,2469019.054487374
UKI51,UK,MFH_HIGH,0.21692307499869568,0.21692307499869568,687646.1477458653
UKI51,UK,OTHER,0.004206560809703642,0.004206560809703642,13334.797766760545
UKI52,UK,SFH,0.7788703641916007,0.7788703641916007,2146566.7237120518
UKI52,UK,MFH_HIGH,0.21692307499869568,0.21692307499869568,597839.9946964053
UKI52,UK,OTHER,0.004206560809703642,0.004206560809703642,11593.281591543237
UKI53,UK,SFH,0.7788703641916007,0.7788703641916007,2728382.885763177
UKI53,UK,MFH_HIGH,0.21692307499869568,0.21692307499869568,759881.5317204309
UKI53,UK,OTHER,0.004206560809703642,0.004206560809703642,14735.582516391856
UKI54,UK,SFH,0.7788703641916007,0.7788703641916007,1578770.2282163748
UKI54,UK,MFH_HIGH,0.21692307499869568,0.21692307499869568,439703.07302235614
UKI54,UK,OTHER,0.004206560809703642,0.004206560809703642,8526.698761269281
UKI61,UK,SFH,0.7788703641916007,0.7788703641916007,1652762.9128145766
UKI61,UK,MFH_HIGH,0.21692307499869568,0.21692307499869568,460310.7651472322
UKI61,UK,OTHER,0.004206560809703642,0.004206560809703642,8926.322038191127
UKI62,UK,SFH,0.7788703641916007,0.7788703641916007,1928483.0217384035
UKI62,UK,MFH_HIGH,0.21692307499869568,0.21692307499869568,537101.5336967704
UKI62,UK,OTHER,0.004206560809703642,0.004206560809703642,10415.444564826217
UKI63,UK,SFH,0.7788703641916007,0.7788703641916007,2937899.013730718
UKI63,UK,MFH_HIGH,0.21692307499869568,0.21692307499869568,818233.83889508
UKI63,UK,OTHER,0.004206560809703642,0.004206560809703642,15867.147374202135
UKI71,UK,SFH,0.7788703641916007,0.7788703641916007,1802306.022739364
UKI71,UK,MFH_HIGH,0.21692307499869568,0.21692307499869568,501959.9955469818
UKI71,UK,OTHER,0.004206560809703642,0.004206560809703642,9733.981713654226
UKI72,UK,SFH,0.7788703641916007,0.7788703641916007,1546836.543284519
UKI72,UK,MFH_HIGH,0.21692307499869568,0.21692307499869568,430809.2269474096
UKI72,UK,OTHER,0.004206560809703642,0.004206560809703642,8354.229768071433
UKI73,UK,SFH,0.7788703641916007,0.7788703641916007,1675350.1533761332
UKI73,UK,MFH_HIGH,0.21692307499869568,0.21692307499869568,466601.5343221944
UKI73,UK,OTHER,0.004206560809703642,0.004206560809703642,9048.312301672533
UKI74,UK,SFH,0.7788703641916007,0.7788703641916007,2595974.9238506053
UKI74,UK,MFH_HIGH,0.21692307499869568,0.21692307499869568,723004.6089706527
UKI74,UK,OTHER,0.004206560809703642,0.004206560809703642,14020.467178742238
UKI75,UK,SFH,0.7788703641916007,0.7788703641916007,2190183.4641067814
UKI75,UK,MFH_HIGH,0.21692307499869568,0.21692307499869568,609987.6868963322
UKI75,UK,OTHER,0.004206560809703642,0.004206560809703642,11828.84899688664
UKJ11,UK,SFH,0.7788703641916007,0.7788703641916007,5790122.287400359
UKJ11,UK,MFH_HIGH,0.21692307499869568,0.21692307499869568,1612606.1395403037
UKJ11,UK,OTHER,0.004206560809703642,0.004206560809703642,31271.57305933687
UKJ12,UK,SFH,0.7788703641916007,0.7788703641916007,1762583.6341655925
UKJ12,UK,MFH_HIGH,0.21692307499869568,0.21692307499869568,490896.9187220483
UKJ12,UK,OTHER,0.004206560809703642,0.004206560809703642,9519.447112359341
UKJ13,UK,SFH,0.7788703641916007,0.7788703641916007,3120154.6789515526
UKJ13,UK,MFH_HIGH,0.21692307499869568,0.21692307499869568,868993.8384447749
UKJ13,UK,OTHER,0.004206560809703642,0.004206560809703642,16851.48260367279
UKJ14,UK,SFH,0.7788703641916007,0.7788703641916007,3978469.8202906963
UKJ14,UK,MFH_HIGH,0.21692307499869568,0.21692307499869568,1108043.0670933374
UKJ14,UK,OTHER,0.004206560809703642,0.004206560809703642,21487.1126159662
UKJ21,UK,SFH,0.7788703641916007,0.7788703641916007,1554625.246926435
UKJ21,UK,MFH_HIGH,0.21692307499869568,0.21692307499869568,432978.4576973966
UKJ21,UK,OTHER,0.004206560809703642,0.004206560809703642,8396.29537616847
UKJ22,UK,SFH,0.7788703641916007,0.7788703641916007,2897397.7547927545
UKJ22,UK,MFH_HIGH,0.21692307499869568,0.21692307499869568,806953.838995148
UKJ22,UK,OTHER,0.004206560809703642,0.004206560809703642,15648.406212097547
UKJ25,UK,SFH,0.7788703641916007,0.7788703641916007,3866312.487847106
UKJ25,UK,MFH_HIGH,0.21692307499869568,0.21692307499869568,1076806.1442935253
UKJ25,UK,OTHER,0.004206560809703642,0.004206560809703642,20881.36785936888
UKJ26,UK,SFH,0.7788703641916007,0.7788703641916007,1987677.169416965
UKJ26,UK,MFH_HIGH,0.21692307499869568,0.21692307499869568,553587.6873966714
UKJ26,UK,OTHER,0.004206560809703642,0.004206560809703642,10735.143186363694
UKJ27,UK,SFH,0.7788703641916007,0.7788703641916007,2251714.222877918
UKJ27,UK,MFH_HIGH,0.21692307499869568,0.21692307499869568,627124.6098212292
UKJ27,UK,OTHER,0.004206560809703642,0.004206560809703642,12161.167300853227
UKJ28,UK,SFH,0.7788703641916007,0.7788703641916007,1975994.113954091
UKJ28,UK,MFH_HIGH,0.21692307499869568,0.21692307499869568,550333.8412716909
UKJ28,UK,OTHER,0.004206560809703642,0.004206560809703642,10672.044774218139
UKJ31,UK,SFH,0.7788703641916007,0.7788703641916007,1097428.3431459654
UKJ31,UK,MFH_HIGH,0.21692307499869568,0.21692307499869568,305644.6126731622
UKJ31,UK,OTHER,0.004206560809703642,0.004206560809703642,5927.044180872431
UKJ32,UK,SFH,0.7788703641916007,0.7788703641916007,1302271.2489283565
UKJ32,UK,MFH_HIGH,0.21692307499869568,0.21692307499869568,362695.38139781915
UKJ32,UK,OTHER,0.004206560809703642,0.004206560809703642,7033.369673824489
UKJ34,UK,SFH,0.7788703641916007,0.7788703641916007,777312.6234632175
UKJ34,UK,MFH_HIGH,0.21692307499869568,0.21692307499869568,216489.2288486983
UKJ34,UK,OTHER,0.004206560809703642,0.004206560809703642,4198.147688084235
UKJ35,UK,SFH,0.7788703641916007,0.7788703641916007,2291436.611451689
UKJ35,UK,MFH_HIGH,0.21692307499869568,0.21692307499869568,638187.6866461626
UKJ35,UK,OTHER,0.004206560809703642,0.004206560809703642,12375.701902148114
UKJ36,UK,SFH,0.7788703641916007,0.7788703641916007,2712805.4784793453
UKJ36,UK,MFH_HIGH,0.21692307499869568,0.21692307499869568,755543.070220457
UKJ36,UK,OTHER,0.004206560809703642,0.004206560809703642,14651.451300197783
UKJ37,UK,SFH,0.7788703641916007,0.7788703641916007,1908232.3922694218
UKJ37,UK,MFH_HIGH,0.21692307499869568,0.21692307499869568,531461.5337468045
UKJ37,UK,OTHER,0.004206560809703642,0.004206560809703642,10306.073983773922
UKJ41,UK,SFH,0.7788703641916007,0.7788703641916007,1283578.360187758
UKJ41,UK,MFH_HIGH,0.21692307499869568,0.21692307499869568,357489.2275978505
UKJ41,UK,OTHER,0.004206560809703642,0.004206560809703642,6932.412214391601
UKJ43,UK,SFH,0.7788703641916007,0.7788703641916007,1717409.1530424797
UKJ43,UK,MFH_HIGH,0.21692307499869568,0.21692307499869568,478315.38037212397
UKJ43,UK,OTHER,0.004206560809703642,0.004206560809703642,9275.466585396529
UKJ44,UK,SFH,0.7788703641916007,0.7788703641916007,2577282.0351100066
UKJ44,UK,MFH_HIGH,0.21692307499869568,0.21692307499869568,717798.455170684
UKJ44,UK,OTHER,0.004206560809703642,0.004206560809703642,13919.50971930935
UKJ45,UK,SFH,0.7788703641916007,0.7788703641916007,1391841.3408103904
UKJ45,UK,MFH_HIGH,0.21692307499869568,0.21692307499869568,387641.5350226692
UKJ45,UK,OTHER,0.004206560809703642,0.004206560809703642,7517.124166940408
UKJ46,UK,SFH,0.7788703641916007,0.7788703641916007,1781276.522906191
UKJ46,UK,MFH_HIGH,0.21692307499869568,0.21692307499869568,496103.072522017
UKJ46,UK,OTHER,0.004206560809703642,0.004206560809703642,9620.404571792229
UKK11,UK,SFH,0.7788703641916007,0.7788703641916007,2612331.2014986286
UKK11,UK,MFH_HIGH,0.21692307499869568,0.21692307499869568,727559.9935456252
UKK11,UK,OTHER,0.004206560809703642,0.004206560809703642,14108.804955746014
UKK12,UK,SFH,0.7788703641916007,0.7788703641916007,3742472.0999406413
UKK12,UK,MFH_HIGH,0.21692307499869568,0.21692307499869568,1042315.3753687327
UKK12,UK,OTHER,0.004206560809703642,0.004206560809703642,20212.524690625996
UKK13,UK,SFH,0.7788703641916007,0.7788703641916007,3555543.212534657
UKK13,UK,MFH_HIGH,0.21692307499869568,0.21692307499869568,990253.8373690457
UKK13,UK,OTHER,0.004206560809703642,0.004206560809703642,19202.950096297125
UKK14,UK,SFH,0.7788703641916007,0.7788703641916007,1293703.6749222488
UKK14,UK,MFH_HIGH,0.21692307499869568,0.21692307499869568,360309.22757283354
UKK14,UK,OTHER,0.004206560809703642,0.004206560809703642,6987.097504917749
UKK15,UK,SFH,0.7788703641916007,0.7788703641916007,2719815.3117570695
UKK15,UK,MFH_HIGH,0.21692307499869568,0.21692307499869568,757495.3778954453
UKK15,UK,OTHER,0.004206560809703642,0.004206560809703642,14689.310347485116
UKK21,UK,SFH,0.7788703641916007,0.7788703641916007,1968984.2806763665
UKK21,UK,MFH_HIGH,0.21692307499869568,0.21692307499869568,548381.5335967026
UKK21,UK,OTHER,0.004206560809703642,0.004206560809703642,10634.185726930806
UKK22,UK,SFH,0.7788703641916007,0.7788703641916007,2319475.944562587
UKK22,UK,MFH_HIGH,0.21692307499869568,0.21692307499869568,645996.9173461157
UKK22,UK,OTHER,0.004206560809703642,0.004206560809703642,12527.138091297445
UKK23,UK,SFH,0.7788703641916007,0.7788703641916007,2983852.3652180224
UKK23,UK,MFH_HIGH,0.21692307499869568,0.21692307499869568,831032.3003200032
UKK23,UK,OTHER,0.004206560809703642,0.004206560809703642,16115.334461974651
UKK30,UK,SFH,0.7788703641916007,0.7788703641916007,2911417.4213482034
UKK30,UK,MFH_HIGH,0.21692307499869568,0.21692307499869568,810858.4543451244
UKK30,UK,OTHER,0.004206560809703642,0.004206560809703642,15724.124306672213
UKK41,UK,SFH,0.7788703641916007,0.7788703641916007,1359128.7855143433
UKK41,UK,MFH_HIGH,0.21692307499869568,0.21692307499869568,378530.76587272395
UKK41,UK,OTHER,0.004206560809703642,0.004206560809703642,7340.448612932854
UKK42,UK,SFH,0.7788703641916007,0.7788703641916007,567796.4954956769
UKK42,UK,MFH_HIGH,0.21692307499869568,0.21692307499869568,158136.92167404914
UKK42,UK,OTHER,0.004206560809703642,0.004206560809703642,3066.5828302739546
UKK43,UK,SFH,0.7788703641916007,0.7788703641916007,4397502.076225778
UKK43,UK,MFH_HIGH,0.21692307499869568,0.21692307499869568,1224747.6814426358
UKK43,UK,OTHER,0.004206560809703642,0.004206560809703642,23750.24233158676
UKL11,UK,SFH,0.7788703641916007,0.7788703641916007,432273.0521263384
UKL11,UK,MFH_HIGH,0.21692307499869568,0.21692307499869568,120392.3066242761
UKL11,UK,OTHER,0.004206560809703642,0.004206560809703642,2334.641249385521
UKL12,UK,SFH,0.7788703641916007,0.7788703641916007,815477.2713086059
UKL12,UK,MFH_HIGH,0.21692307499869568,0.21692307499869568,227118.45952363437
UKL12,UK,OTHER,0.004206560809703642,0.004206560809703642,4404.269167759713
UKL13,UK,SFH,0.7788703641916007,0.7788703641916007,1471286.1179579338
UKL13,UK,MFH_HIGH,0.21692307499869568,0.21692307499869568,409767.6886725361
UKL13,UK,OTHER,0.004206560809703642,0.004206560809703642,7946.193369530179
UKL14,UK,SFH,0.7788703641916007,0.7788703641916007,2336611.092574802
UKL14,UK,MFH_HIGH,0.21692307499869568,0.21692307499869568,650769.224996087
UKL14,UK,OTHER,0.004206560809703642,0.004206560809703642,12619.682429110924
UKL15,UK,SFH,0.7788703641916007,0.7788703641916007,1754794.9305236763
UKL15,UK,MFH_HIGH,0.21692307499869568,0.21692307499869568,488727.68797206134
UKL15,UK,OTHER,0.004206560809703642,0.004206560809703642,9477.381504262305
UKL16,UK,SFH,0.7788703641916007,0.7788703641916007,1997802.4841514558
UKL16,UK,MFH_HIGH,0.21692307499869568,0.21692307499869568,556407.6873716544
UKL16,UK,OTHER,0.004206560809703642,0.004206560809703642,10789.828476889841
UKL17,UK,SFH,0.7788703641916007,0.7788703641916007,1674571.2830119415
UKL17,UK,MFH_HIGH,0.21692307499869568,0.21692307499869568,466384.6112471957
UKL17,UK,OTHER,0.004206560809703642,0.004206560809703642,9044.10574086283
UKL18,UK,SFH,0.7788703641916007,0.7788703641916007,1430784.8590199705
UKL18,UK,MFH_HIGH,0.21692307499869568,0.21692307499869568,398487.6887726039
UKL18,UK,OTHER,0.004206560809703642,0.004206560809703642,7727.452207425589
UKL21,UK,SFH,0.7788703641916007,0.7788703641916007,1549173.1543770938
UKL21,UK,MFH_HIGH,0.21692307499869568,0.21692307499869568,431459.9961724057
UKL21,UK,OTHER,0.004206560809703642,0.004206560809703642,8366.849450500544
UKL22,UK,SFH,0.7788703641916007,0.7788703641916007,2879483.736416348
UKL22,UK,MFH_HIGH,0.21692307499869568,0.21692307499869568,801964.608270178
UKL22,UK,OTHER,0.004206560809703642,0.004206560809703642,15551.655313474363
UKL23,UK,SFH,0.7788703641916007,0.7788703641916007,1854490.3371402014
UKL23,UK,MFH_HIGH,0.21692307499869568,0.21692307499869568,516493.8415718944
UKL23,UK,OTHER,0.004206560809703642,0.004206560809703642,10015.821287904371
UKL24,UK,SFH,0.7788703641916007,0.7788703641916007,879344.6411723172
UKL24,UK,MFH_HIGH,0.21692307499869568,0.21692307499869568,244906.1516735274
UKL24,UK,OTHER,0.004206560809703642,0.004206560809703642,4749.207154155411
UKM21,UK,SFH,0.7788703641916007,0.7788703641916007,1906674.6515410386
UKM21,UK,MFH_HIGH,0.21692307499869568,0.21692307499869568,531027.687596807
UKM21,UK,OTHER,0.004206560809703642,0.004206560809703642,10297.660862154515
UKM22,UK,SFH,0.7788703641916007,0.7788703641916007,2520424.49852402
UKM22,UK,MFH_HIGH,0.21692307499869568,0.21692307499869568,701963.0706957792
UKM22,UK,OTHER,0.004206560809703642,0.004206560809703642,13612.430780200984
UKM23,UK,SFH,0.7788703641916007,0.7788703641916007,1105217.0467878815
UKM23,UK,MFH_HIGH,0.21692307499869568,0.21692307499869568,307813.84342314914
UKM23,UK,OTHER,0.004206560809703642,0.004206560809703642,5969.109788969467
UKM24,UK,SFH,0.7788703641916007,0.7788703641916007,792890.0307470495
UKM24,UK,MFH_HIGH,0.21692307499869568,0.21692307499869568,220827.6903486722
UKM24,UK,OTHER,0.004206560809703642,0.004206560809703642,4282.278904278307
UKM25,UK,SFH,0.7788703641916007,0.7788703641916007,4022086.560685426
UKM25,UK,MFH_HIGH,0.21692307499869568,0.21692307499869568,1120190.7592932645
UKM25,UK,OTHER,0.004206560809703642,0.004206560809703642,21722.680021309607
UKM26,UK,SFH,0.7788703641916007,0.7788703641916007,940096.529579262
UKM26,UK,MFH_HIGH,0.21692307499869568,0.21692307499869568,261826.15152342568
UKM26,UK,OTHER,0.004206560809703642,0.004206560809703642,5077.318897312295
UKM27,UK,SFH,0.7788703641916007,0.7788703641916007,1755573.800887868
UKM27,UK,MFH_HIGH,0.21692307499869568,0.21692307499869568,488944.61104706005
UKM27,UK,OTHER,0.004206560809703642,0.004206560809703642,9481.588065072008
UKM28,UK,SFH,0.7788703641916007,0.7788703641916007,1128583.1577136295
UKM28,UK,MFH_HIGH,0.21692307499869568,0.21692307499869568,314321.53567311005
UKM28,UK,OTHER,0.004206560809703642,0.004206560809703642,6095.306613260576
UKM31,UK,SFH,0.7788703641916007,0.7788703641916007,1378600.5446191332
UKM31,UK,MFH_HIGH,0.21692307499869568,0.21692307499869568,383953.8427476913
UKM31,UK,OTHER,0.004206560809703642,0.004206560809703642,7445.612633175446
UKM32,UK,SFH,0.7788703641916007,0.7788703641916007,1047580.639837703
UKM32,UK,MFH_HIGH,0.21692307499869568,0.21692307499869568,291761.5358732457
UKM32,UK,OTHER,0.004206560809703642,0.004206560809703642,5657.824289051398
UKM33,UK,SFH,0.7788703641916007,0.7788703641916007,1533595.747093262
UKM33,UK,MFH_HIGH,0.21692307499869568,0.21692307499869568,427121.53467243176
UKM33,UK,OTHER,0.004206560809703642,0.004206560809703642,8282.71823430647
UKM34,UK,SFH,0.7788703641916007,0.7788703641916007,4516669.241947092
UKM34,UK,MFH_HIGH,0.21692307499869568,0.21692307499869568,1257936.9119174362
UKM34,UK,OTHER,0.004206560809703642,0.004206560809703642,24393.846135471416
UKM35,UK,SFH,0.7788703641916007,0.7788703641916007,2176163.7975513325
UKM35,UK,MFH_HIGH,0.21692307499869568,0.21692307499869568,606083.0715463557
UKM35,UK,OTHER,0.004206560809703642,0.004206560809703642,11753.130902311974
UKM36,UK,SFH,0.7788703641916007,0.7788703641916007,1999360.224879839
UKM36,UK,MFH_HIGH,0.21692307499869568,0.21692307499869568,556841.5335216518
UKM36,UK,OTHER,0.004206560809703642,0.004206560809703642,10798.241598509248
UKM37,UK,SFH,0.7788703641916007,0.7788703641916007,759398.6050868107
UKM37,UK,MFH_HIGH,0.21692307499869568,0.21692307499869568,211499.9981237283
UKM37,UK,OTHER,0.004206560809703642,0.004206560809703642,4101.3967894610505
UKM38,UK,SFH,0.7788703641916007,0.7788703641916007,1983003.9472318154
UKM38,UK,MFH_HIGH,0.21692307499869568,0.21692307499869568,552286.1489466792
UKM38,UK,OTHER,0.004206560809703642,0.004206560809703642,10709.903821505472
UKM50,UK,SFH,0.7788703641916007,0.7788703641916007,3651344.267330224
UKM50,UK,MFH_HIGH,0.21692307499869568,0.21692307499869568,1016935.3755938853
UKM50,UK,OTHER,0.004206560809703642,0.004206560809703642,19720.35707589067
UKM61,UK,SFH,0.7788703641916007,0.7788703641916007,677617.2168466926
UKM61,UK,MFH_HIGH,0.21692307499869568,0.21692307499869568,188723.07524886524
UKM61,UK,OTHER,0.004206560809703642,0.004206560809703642,3659.707904442168
UKM62,UK,SFH,0.7788703641916007,0.7788703641916007,1434679.2108409286
UKM62,UK,MFH_HIGH,0.21692307499869568,0.21692307499869568,399572.30414759746
UKM62,UK,OTHER,0.004206560809703642,0.004206560809703642,7748.4850114741075
UKM63,UK,SFH,0.7788703641916007,0.7788703641916007,759398.6050868107
UKM63,UK,MFH_HIGH,0.21692307499869568,0.21692307499869568,211499.9981237283
UKM63,UK,OTHER,0.004206560809703642,0.004206560809703642,4101.3967894610505
UKM64,UK,SFH,0.7788703641916007,0.7788703641916007,175245.83194311016
UKM64,UK,MFH_HIGH,0.21692307499869568,0.21692307499869568,48807.69187470653
UKM64,UK,OTHER,0.004206560809703642,0.004206560809703642,946.4761821833193
UKM65,UK,SFH,0.7788703641916007,0.7788703641916007,139417.7951902965
UKM65,UK,MFH_HIGH,0.21692307499869568,0.21692307499869568,38829.23042476652
UKM65,UK,OTHER,0.004206560809703642,0.004206560809703642,752.9743849369519
UKM66,UK,SFH,0.7788703641916007,0.7788703641916007,165899.38757281096
UKM66,UK,MFH_HIGH,0.21692307499869568,0.21692307499869568,46204.61497472218
UKM66,UK,OTHER,0.004206560809703642,0.004206560809703642,895.9974524668756
UKN01,UK,SFH,0.7788703641916007,0.7788703641916007,1862279.0407821173
UKN01,UK,MFH_HIGH,0.21692307499869568,0.21692307499869568,518663.07232188137
UKN01,UK,OTHER,0.004206560809703642,0.004206560809703642,10057.886896001408
UKN02,UK,SFH,0.7788703641916007,0.7788703641916007,2004812.3174291803
UKN02,UK,MFH_HIGH,0.21692307499869568,0.21692307499869568,558359.9950466427
UKN02,UK,OTHER,0.004206560809703642,0.004206560809703642,10827.687524177174
UKN03,UK,SFH,0.7788703641916007,0.7788703641916007,2217443.9268534873
UKN03,UK,MFH_HIGH,0.21692307499869568,0.21692307499869568,617579.9945212866
UKN03,UK,OTHER,0.004206560809703642,0.004206560809703642,11976.078625226268
UKN04,UK,SFH,0.7788703641916007,0.7788703641916007,1517239.4694452381
UKN04,UK,MFH_HIGH,0.21692307499869568,0.21692307499869568,422566.15009745915
UKN04,UK,OTHER,0.004206560809703642,0.004206560809703642,8194.380457302694
UKN05,UK,SFH,0.7788703641916007,0.7788703641916007,2030515.0394475032
UKN05,UK,MFH_HIGH,0.21692307499869568,0.21692307499869568,565518.4565215997
UKN05,UK,OTHER,0.004206560809703642,0.004206560809703642,10966.504030897393
UKZZZ,UK,SFH,0.7788703641916007,0.7788703641916007,
UKZZZ,UK,MFH_HIGH,0.21692307499869568,0.21692307499869568,
UKZZZ,UK,OTHER,0.004206560809703642,0.004206560809703642,
CH011,CH,MFH_HIGH,597561.0,0.23449278012551833,1587750.6142298847
CH011,CH,OTHER,1710343.0,0.6711667679755194,4544470.185962242
CH011,CH,SFH,240409.0,0.09434045189896217,638779.1998078729
CH012,CH,MFH_HIGH,197724.0,0.1799729117666334,784501.922390755
CH012,CH,OTHER,737895.0,0.6716489233883594,2927717.6570498585
CH012,CH,SFH,163013.0,0.14837816484500724,646780.4205593866
CH013,CH,MFH_HIGH,408935.0,0.28290426284807424,1100780.486741857
CH013,CH,OTHER,967090.0,0.6690400272848842,2603234.7461654847
CH013,CH,SFH,69464.0,0.04805570986704153,186984.76709265859
CH021,CH,MFH_HIGH,647414.0,0.1970671898138495,1989787.4155504382
CH021,CH,OTHER,2218037.0,0.6751511683299115,6817001.346627116
CH021,CH,SFH,419794.0,0.12778164185623903,1290211.2378224453
CH022,CH,MFH_HIGH,167657.0,0.1710902684163101,426356.9488934447
CH022,CH,OTHER,661672.0,0.6752216733184819,1682652.409909657
CH022,CH,SFH,150604.0,0.15368805826520793,382990.6411968981
CH023,CH,MFH_HIGH,140698.0,0.1620957772700932,405887.82628431334
CH023,CH,OTHER,583863.0,0.6726586504729877,1684337.260784361
CH023,CH,SFH,143432.0,0.16524557225691913,413774.9129313255
CH024,CH,MFH_HIGH,135629.0,0.2404189769842733,436360.44322645606
CH024,CH,OTHER,380129.0,0.6738251060028079,1222992.5673950962
CH024,CH,SFH,48378.0,0.08575591701291888,155646.98937844776
CH025,CH,MFH_HIGH,29762.0,0.13053737784873418,90984.55236056772
CH025,CH,OTHER,154019.0,0.6755337812944087,470847.04556220287
CH025,CH,SFH,44215.0,0.19392884085685713,135168.40207722943
CH031,CH,MFH_HIGH,190278.0,0.28813497724030784,557541.1809599957
CH031,CH,OTHER,441686.0,0.6688381502715112,1294201.820775374
CH031,CH,SFH,28414.0,0.04302687248818101,83256.99826463025
CH032,CH,MFH_HIGH,170121.0,0.1869771797298233,495115.5719245721
CH032,CH,OTHER,608566.0,0.6688648336152483,1771154.0794131774
CH032,CH,SFH,131162.0,0.14415798665492846,381730.34866225056
CH033,CH,MFH_HIGH,392807.0,0.18385451039311776,1013222.2067764719
CH033,CH,OTHER,1436873.0,0.6725327754141099,3706328.12530716
CH033,CH,SFH,306830.0,0.14361271419277233,791449.6679163683
CH040,CH,MFH_HIGH,1233746.0,0.2528416211345335,3305904.196334026
CH040,CH,OTHER,3279856.0,0.6721676164525165,8788591.585116655
CH040,CH,SFH,365919.0,0.07499076241294995,980504.2185493207
CH051,CH,MFH_HIGH,19487.0,0.1527805000431207,72112.39602035297
CH051,CH,OTHER,85672.0,0.6716791193972512,317032.5443555026
CH051,CH,SFH,22390.0,0.17554038055962806,82855.05962414444
CH052,CH,MFH_HIGH,49106.0,0.18604210630003296,128183.01124072271
CH052,CH,OTHER,177923.0,0.6740758701425643,464438.2745282268
CH052,CH,SFH,36922.0,0.1398820235574027,96378.71423105046
CH053,CH,MFH_HIGH,24216.0,0.14420723537293434,76429.8347476552
CH053,CH,OTHER,113810.0,0.6777430400476403,359203.8112252494
CH053,CH,SFH,29899.0,0.17804972457942533,94366.35402709543
CH054,CH,MFH_HIGH,5191.0,0.10855971725536943,16066.838153794677
CH054,CH,OTHER,31988.0,0.6689671037497125,99007.13135495744
CH054,CH,SFH,10638.0,0.2224731789949181,32926.03049124788
CH055,CH,MFH_HIGH,311070.0,0.19677090014763984,891765.7194691037
CH055,CH,OTHER,1067910.0,0.6755187320431609,3061450.8936196053
CH055,CH,SFH,201894.0,0.12771036780919923,578783.3869112909
CH056,CH,MFH_HIGH,120106.0,0.18876963239697167,521004.1854156418
CH056,CH,OTHER,432305.0,0.6794502850263336,1875282.7866726809
CH056,CH,SFH,83846.0,0.13178008257669463,363713.0279116772
CH057,CH,MFH_HIGH,153215.0,0.1761332871967545,368823.1033900039
CH057,CH,OTHER,586398.0,0.6741128959018532,1411592.4040184806
CH057,CH,SFH,130268.0,0.14975381690139225,313584.49259151536
CH061,CH,MFH_HIGH,289720.0,0.2262767508682976,785406.602263861
CH061,CH,OTHER,861175.0,0.672593817924224,2334573.1420149817
CH061,CH,SFH,129484.0,0.10112943120747842,351020.2557211576
CH062,CH,MFH_HIGH,17977.0,0.16225022112312495,59059.08048881748
CH062,CH,OTHER,74549.0,0.6728370548204842,244912.68795465623
CH062,CH,SFH,18272.0,0.1649127240563909,60028.23155652629
CH063,CH,MFH_HIGH,104074.0,0.20871026545513613,282176.27889534406
CH063,CH,OTHER,335004.0,0.6718178773616121,908297.7701928996
CH063,CH,SFH,59575.0,0.11947185718325168,161525.95091175626
CH064,CH,MFH_HIGH,21747.0,0.18773145950052228,73778.46358370526
CH064,CH,OTHER,78126.0,0.6744244265847152,265048.7996477931
CH064,CH,SFH,15968.0,0.13784411391476248,54172.73676850165
CH065,CH,MFH_HIGH,31764.0,0.23364644094476605,100000.67672435987
CH065,CH,OTHER,91095.0,0.6700674517650002,286788.86935542006
CH065,CH,SFH,13090.0,0.09628610729023383,41210.45392022008
CH066,CH,MFH_HIGH,101377.0,0.25948659143090436,265973.75621667696
CH066,CH,OTHER,263355.0,0.674088711308145,690940.9290908485
CH066,CH,SFH,25951.0,0.0664246972609507,68085.31469247447
CH070,CH,MFH_HIGH,221171.0,0.19341599774026913,739816.1913565294
CH070,CH,OTHER,765790.0,0.6696901352777747,2561564.767437488
CH070,CH,SFH,156538.0,0.13689386698195627,523619.04120598274
CHZZZ,CH,MFH_HIGH,0.0,0.3333333333333333,
CHZZZ,CH,OTHER,0.0,0.3333333333333333,
CHZZZ,CH,SFH,0.0,0.3333333333333333,
