nuts_id,country,building_type,n_buildings,dwellings_2021,dwellings_share,heat_2015_MWh
AT111,AT,MFH_HIGH,4458,26748.0,0.6117464092946665,163564.3902416204
AT111,AT,OTHER,22628,0.0,0.0,0.0
AT111,AT,SFH,16976,16976.0,0.38825359070533344,320893.3635312272
AT112,AT,MFH_HIGH,15891,95430.0,0.6052783468537323,672541.8201740519
AT112,AT,OTHER,60559,0.0,0.0,0.0
AT112,AT,SFH,62233,62233.0,0.39472165314626767,1077268.7551084235
AT113,AT,MFH_HIGH,17531,105186.0,0.7405378766544636,678611.7301895511
AT113,AT,OTHER,44671,0.0,0.0,0.0
AT113,AT,SFH,36854,36854.0,0.2594621233455365,666025.5960988103
AT121,AT,MFH_HIGH,19227,115474.0,0.6601418910034701,929140.6803144277
AT121,AT,OTHER,90638,0.0,0.0,0.0
AT121,AT,SFH,59449,59449.0,0.3398581089965299,1192691.0637683992
AT122,AT,MFH_HIGH,19056,114602.0,0.6056035849415544,1049832.6742903145
AT122,AT,OTHER,89035,0.0,0.0,0.0
AT122,AT,SFH,74634,74634.0,0.3943964150584455,1404838.5405326786
AT123,AT,MFH_HIGH,11579,70384.0,0.6390528246381811,664930.1878731084
AT123,AT,OTHER,49128,0.0,0.0,0.0
AT123,AT,SFH,39754,39754.0,0.3609471753618188,796748.3108086549
AT124,AT,MFH_HIGH,24969,150108.0,0.6913628010445885,1219205.5132298216
AT124,AT,OTHER,113258,0.0,0.0,0.0
AT124,AT,SFH,67011,67011.0,0.30863719895541153,1245117.7216312794
AT125,AT,MFH_HIGH,18861,113180.0,0.6710263418451742,777514.0541858732
AT125,AT,OTHER,63866,0.0,0.0,0.0
AT125,AT,SFH,55487,55487.0,0.32897365815482577,984552.643723318
AT126,AT,MFH_HIGH,24755,148978.0,0.5632097869316034,1210735.3831751887
AT126,AT,OTHER,93837,0.0,0.0,0.0
AT126,AT,SFH,115538,115538.0,0.4367902130683966,2054994.2360754483
AT127,AT,MFH_HIGH,20603,125396.0,0.5998689239806926,1245789.4870750161
AT127,AT,OTHER,61355,0.0,0.0,0.0
AT127,AT,SFH,83643,83643.0,0.4001310760193074,1461917.345386048
AT130,AT,MFH_HIGH,66081,519182.0,0.883202912357104,8619242.795802983
AT130,AT,OTHER,104140,0.0,0.0,0.0
AT130,AT,SFH,68658,68658.0,0.11679708764289602,946494.2220566235
AT211,AT,MFH_HIGH,17183,104582.0,0.5994405786800867,943866.4467768454
AT211,AT,OTHER,81262,0.0,0.0,0.0
AT211,AT,SFH,69884,69884.0,0.40055942131991334,1239791.7464569395
AT212,AT,MFH_HIGH,11766,70750.0,0.6237766923524537,533357.123066113
AT212,AT,OTHER,57226,0.0,0.0,0.0
AT212,AT,SFH,42672,42672.0,0.37622330764754636,850751.3733791502
AT213,AT,MFH_HIGH,11974,71844.0,0.6264299665178571,489449.8674857764
AT213,AT,OTHER,76285,0.0,0.0,0.0
AT213,AT,SFH,42844,42844.0,0.37357003348214285,800691.3442583121
AT221,AT,MFH_HIGH,27982,179596.0,0.7189073645614007,1860356.2790076777
AT221,AT,OTHER,101813,0.0,0.0,0.0
AT221,AT,SFH,70222,70222.0,0.2810926354385993,1396030.2281899247
AT222,AT,MFH_HIGH,6783,40726.0,0.5896337049370204,325932.6287854983
AT222,AT,OTHER,41174,0.0,0.0,0.0
AT222,AT,SFH,28344,28344.0,0.4103662950629796,540383.7929170271
AT223,AT,MFH_HIGH,10864,65688.0,0.6111080100474463,618232.5759879897
AT223,AT,OTHER,56844,0.0,0.0,0.0
AT223,AT,SFH,41802,41802.0,0.38889198995255375,736542.7737084277
AT224,AT,MFH_HIGH,43304,259824.0,0.7524195089743367,2013741.1697373092
AT224,AT,OTHER,114015,0.0,0.0,0.0
AT224,AT,SFH,85494,85494.0,0.2475804910256633,1616077.1133846042
AT225,AT,MFH_HIGH,18138,108842.0,0.6100803784626078,763195.1774973401
AT225,AT,OTHER,96064,0.0,0.0,0.0
AT225,AT,SFH,69564,69564.0,0.38991962153739224,1352478.5967224592
AT226,AT,MFH_HIGH,7993,47958.0,0.6127016979034916,389945.8935003021
AT226,AT,OTHER,50915,0.0,0.0,0.0
AT226,AT,SFH,30315,30315.0,0.3872983020965084,582629.8316136829
AT311,AT,MFH_HIGH,28361,170684.0,0.7195086479810137,1125357.9878603208
AT311,AT,OTHER,121088,0.0,0.0,0.0
AT311,AT,SFH,66539,66539.0,0.28049135201898634,1506542.1426907256
AT312,AT,MFH_HIGH,37536,241456.0,0.6687235162156923,1958511.9660962457
AT312,AT,OTHER,108138,0.0,0.0,0.0
AT312,AT,SFH,119614,119614.0,0.33127648378430774,1869971.6132906172
AT313,AT,MFH_HIGH,22006,132050.0,0.727604333116604,902635.6410582882
AT313,AT,OTHER,75360,0.0,0.0,0.0
AT313,AT,SFH,49436,49436.0,0.27239566688339595,940882.4751542856
AT314,AT,MFH_HIGH,13300,79940.0,0.6898158535112093,653770.4665130958
AT314,AT,OTHER,46820,0.0,0.0,0.0
AT314,AT,SFH,35946,35946.0,0.3101841464887907,684349.3315347303
AT315,AT,MFH_HIGH,24613,147986.0,0.7234781078279915,1137157.4185465407
AT315,AT,OTHER,69853,0.0,0.0,0.0
AT315,AT,SFH,56562,56562.0,0.2765218921720085,1219266.7800059344
AT321,AT,MFH_HIGH,1789,10902.0,0.6246490574686301,97087.57218644928
AT321,AT,OTHER,11264,0.0,0.0,0.0
AT321,AT,SFH,6551,6551.0,0.37535094253136997,132278.36683417106
AT322,AT,MFH_HIGH,15013,90470.0,0.7050837418459835,775257.855974967
AT322,AT,OTHER,61198,0.0,0.0,0.0
AT322,AT,SFH,37841,37841.0,0.2949162581540164,804651.8965692556
AT323,AT,MFH_HIGH,22551,140640.0,0.7260000309726976,1307247.37071277
AT323,AT,OTHER,77483,0.0,0.0,0.0
AT323,AT,SFH,53079,53079.0,0.27399996902730245,1137778.9709699184
AT331,AT,MFH_HIGH,4606,27636.0,0.7717828418230563,205821.27005045663
AT331,AT,OTHER,24321,0.0,0.0,0.0
AT331,AT,SFH,8172,8172.0,0.2282171581769437,157894.62148861834
AT332,AT,MFH_HIGH,22932,143570.0,0.805509580048812,1318041.638081684
AT332,AT,OTHER,75518,0.0,0.0,0.0
AT332,AT,SFH,34665,34665.0,0.19449041995118804,744716.7209690321
AT333,AT,MFH_HIGH,5337,32022.0,0.7372565271446332,274611.7317587736
AT333,AT,OTHER,28286,0.0,0.0,0.0
AT333,AT,SFH,11412,11412.0,0.26274347285536676,237771.44232040783
AT334,AT,MFH_HIGH,11335,68318.0,0.721178917144335,527883.119001938
AT334,AT,OTHER,64964,0.0,0.0,0.0
AT334,AT,SFH,26413,26413.0,0.278821082855665,545847.8235401942
AT335,AT,MFH_HIGH,29615,178166.0,0.7900475804055642,1515089.4409353926
AT335,AT,OTHER,110210,0.0,0.0,0.0
AT335,AT,SFH,47347,47347.0,0.2099524195944358,1035194.4381543888
AT341,AT,MFH_HIGH,7846,47076.0,0.6632477669136916,341021.56137402635
AT341,AT,OTHER,28189,0.0,0.0,0.0
AT341,AT,SFH,23902,23902.0,0.3367522330863084,523547.0442228893
AT342,AT,MFH_HIGH,16510,100418.0,0.6510545322518948,861703.3485245246
AT342,AT,OTHER,49882,0.0,0.0,0.0
AT342,AT,SFH,53821,53821.0,0.3489454677481052,1165224.0996633123
BE100,BE,MFH_HIGH,120482,754280.0,0.915831816619941,6025437.5546898395
BE100,BE,OTHER,66397,0.0,0.0,0.0
BE100,BE,SFH,69321,69321.0,0.08416818338005903,1456494.0258709125
BE211,BE,MFH_HIGH,89664,542282.0,0.7097597495405976,5014257.844142362
BE211,BE,OTHER,251907,0.0,0.0,0.0
BE211,BE,SFH,221754,221754.0,0.29024025045940244,5634679.117414701
BE212,BE,MFH_HIGH,21286,127968.0,0.5283043794173987,1318238.643175218
BE212,BE,OTHER,140610,0.0,0.0,0.0
BE212,BE,SFH,114256,114256.0,0.4716956205826012,2930971.569342884
BE213,BE,MFH_HIGH,20533,123422.0,0.41303954968642703,1492410.1473527346
BE213,BE,OTHER,266637,0.0,0.0,0.0
BE213,BE,SFH,175392,175392.0,0.586960450313573,4575117.976298086
BE221,BE,MFH_HIGH,17210,103960.0,0.4133384755459956,1174322.4442762753
BE221,BE,OTHER,187070,0.0,0.0,0.0
BE221,BE,SFH,147553,147553.0,0.5866615244540043,3866743.676330796
BE222,BE,MFH_HIGH,9748,58502.0,0.39074010993781766,687188.2560035915
BE222,BE,OTHER,130813,0.0,0.0,0.0
BE222,BE,SFH,91219,91219.0,0.6092598900621823,2357973.1502968376
BE223,BE,MFH_HIGH,9305,55928.0,0.4375938908362544,664587.8906746763
BE223,BE,OTHER,88638,0.0,0.0,0.0
BE223,BE,SFH,71880,71880.0,0.5624061091637457,1948399.7776941643
BE231,BE,MFH_HIGH,16909,101468.0,0.48999893759839286,1229677.3779163528
BE231,BE,OTHER,115980,0.0,0.0,0.0
BE231,BE,SFH,105610,105610.0,0.5100010624016071,2809180.4870786746
BE232,BE,MFH_HIGH,9402,56468.0,0.41522114783631753,767733.4492086349
BE232,BE,OTHER,89511,0.0,0.0,0.0
BE232,BE,SFH,79527,79527.0,0.5847788521636825,1988532.3650816544
BE233,BE,MFH_HIGH,3621,21726.0,0.3874730252715307,293614.46688299964
BE233,BE,OTHER,45427,0.0,0.0,0.0
BE233,BE,SFH,34345,34345.0,0.6125269747284693,890913.8758176377
BE234,BE,MFH_HIGH,48941,297846.0,0.6365332461387548,2782998.063303805
BE234,BE,OTHER,208219,0.0,0.0,0.0
BE234,BE,SFH,170073,170073.0,0.3634667538612452,4430796.786454752
BE235,BE,MFH_HIGH,7549,45294.0,0.4978237931944078,512235.6576734161
BE235,BE,OTHER,65490,0.0,0.0,0.0
BE235,BE,SFH,45690,45690.0,0.5021762068055922,1261615.7573848793
BE236,BE,MFH_HIGH,11607,69978.0,0.44911816804867405,965284.230491362
BE236,BE,OTHER,109147,0.0,0.0,0.0
BE236,BE,SFH,85834,85834.0,0.550881831951326,2138458.16869541
BE241,BE,MFH_HIGH,28937,174784.0,0.4620150776615879,1809508.3309161912
BE241,BE,OTHER,183538,0.0,0.0,0.0
BE241,BE,SFH,203524,203524.0,0.5379849223384121,5251022.058200163
BE242,BE,MFH_HIGH,26006,157618.0,0.4688458369399999,1552017.270392569
BE242,BE,OTHER,193268,0.0,0.0,0.0
BE242,BE,SFH,178565,178565.0,0.5311541630600001,4652817.91719393
BE251,BE,MFH_HIGH,24033,147264.0,0.6040608720620206,1608551.75308856
BE251,BE,OTHER,112154,0.0,0.0,0.0
BE251,BE,SFH,96526,96526.0,0.3959391279379794,2463071.7772188494
BE252,BE,MFH_HIGH,2528,15168.0,0.4308968495213204,183597.49631367257
BE252,BE,OTHER,37628,0.0,0.0,0.0
BE252,BE,SFH,20033,20033.0,0.5691031504786795,523525.6967843007
BE253,BE,MFH_HIGH,6679,40214.0,0.4837716238000144,445812.5710094041
BE253,BE,OTHER,59430,0.0,0.0,0.0
BE253,BE,SFH,42912,42912.0,0.5162283761999855,1086643.3483233703
BE254,BE,MFH_HIGH,16361,98880.0,0.47208456272021543,1161296.1084126288
BE254,BE,OTHER,105423,0.0,0.0,0.0
BE254,BE,SFH,110574,110574.0,0.5279154372797846,2713551.839537105
BE255,BE,MFH_HIGH,14242,87972.0,0.6167846876533688,915358.7907256397
BE255,BE,OTHER,56045,0.0,0.0,0.0
BE255,BE,SFH,54658,54658.0,0.38321531234663114,1160271.2060846775
BE256,BE,MFH_HIGH,8730,52884.0,0.48749550612549664,620686.6449219617
BE256,BE,OTHER,73068,0.0,0.0,0.0
BE256,BE,SFH,55597,55597.0,0.5125044938745034,1474104.2992905264
BE257,BE,MFH_HIGH,4751,28520.0,0.435586101565483,368284.4788710093
BE257,BE,OTHER,57408,0.0,0.0,0.0
BE257,BE,SFH,36955,36955.0,0.564413898434517,1012327.2536724592
BE258,BE,MFH_HIGH,5856,37306.0,0.5970010721887052,509419.4586226836
BE258,BE,OTHER,26546,0.0,0.0,0.0
BE258,BE,SFH,25183,25183.0,0.40299892781129476,572703.0367856716
BE310,BE,MFH_HIGH,21826,133602.0,0.4123925819834058,1084627.9794452374
BE310,BE,OTHER,145334,0.0,0.0,0.0
BE310,BE,SFH,190366,190366.0,0.5876074180165942,3527171.1065204684
BE321,BE,MFH_HIGH,4469,26814.0,0.32315368299267255,232812.0314112244
BE321,BE,OTHER,57044,0.0,0.0,0.0
BE321,BE,SFH,56162,56162.0,0.6768463170073274,1033357.9170026812
BE322,BE,MFH_HIGH,26365,158624.0,0.3682951859539631,983483.0193008705
BE322,BE,OTHER,116197,0.0,0.0,0.0
BE322,BE,SFH,272074,272074.0,0.6317048140460368,3628896.510118654
BE323,BE,MFH_HIGH,11363,68458.0,0.2801132597363274,576506.9451824068
BE323,BE,OTHER,86672,0.0,0.0,0.0
BE323,BE,SFH,175936,175936.0,0.7198867402636726,2492496.963321025
BE324,BE,MFH_HIGH,3649,21992.0,0.29159760802980683,170904.09180984204
BE324,BE,OTHER,25606,0.0,0.0,0.0
BE324,BE,SFH,53427,53427.0,0.7084023919701932,713659.6741612722
BE325,BE,MFH_HIGH,11272,67786.0,0.3479416897649112,457747.37834595644
BE325,BE,OTHER,62910,0.0,0.0,0.0
BE325,BE,SFH,127034,127034.0,0.6520583102350888,1729313.7192652717
BE326,BE,MFH_HIGH,7923,47608.0,0.2895898976873198,311708.24344322714
BE326,BE,OTHER,71949,0.0,0.0,0.0
BE326,BE,SFH,116790,116790.0,0.7104101023126802,1636242.0096041022
BE327,BE,MFH_HIGH,11350,68380.0,0.4163926440141274,495086.3415544206
BE327,BE,OTHER,79361,0.0,0.0,0.0
BE327,BE,SFH,95840,95840.0,0.5836073559858727,1514557.103476484
BE331,BE,MFH_HIGH,6123,36752.0,0.38118550018150704,233946.97234558614
BE331,BE,OTHER,69052,0.0,0.0,0.0
BE331,BE,SFH,59663,59663.0,0.618814499818493,1080363.371750898
BE332,BE,MFH_HIGH,82613,503042.0,0.6876122573396138,2534819.779733348
BE332,BE,OTHER,222655,0.0,0.0,0.0
BE332,BE,SFH,228536,228536.0,0.31238774266038616,3840587.63102876
BE334,BE,MFH_HIGH,2951,17762.0,0.28333519437221844,149545.3252823724
BE334,BE,OTHER,51315,0.0,0.0,0.0
BE334,BE,SFH,44927,44927.0,0.7166648056277816,840790.7192558835
BE335,BE,MFH_HIGH,31828,191052.0,0.7403222431471019,1057139.022234641
BE335,BE,OTHER,96308,0.0,0.0,0.0
BE335,BE,SFH,67014,67014.0,0.2596777568528981,1522519.2839093795
BE336,BE,MFH_HIGH,8678,52082.0,0.6669569337550744,398642.1667266078
BE336,BE,OTHER,38266,0.0,0.0,0.0
BE336,BE,SFH,26007,26007.0,0.33304306624492563,711584.310168662
BE341,BE,MFH_HIGH,10208,61584.0,0.7454697316338018,353781.13437822455
BE341,BE,OTHER,24971,0.0,0.0,0.0
BE341,BE,SFH,21027,21027.0,0.2545302683661982,431837.9501015481
BE342,BE,MFH_HIGH,6362,38172.0,0.6563160881002734,275930.58902645955
BE342,BE,OTHER,37284,0.0,0.0,0.0
BE342,BE,SFH,19989,19989.0,0.34368391189972664,506437.7125987764
BE343,BE,MFH_HIGH,7481,44900.0,0.6085577587725838,291056.7047123425
BE343,BE,OTHER,41972,0.0,0.0,0.0
BE343,BE,SFH,28881,28881.0,0.3914422412274163,644402.4485644611
BE344,BE,MFH_HIGH,8580,51480.0,0.6150684604172143,388543.7119916584
BE344,BE,OTHER,47260,0.0,0.0,0.0
BE344,BE,SFH,32218,32218.0,0.38493153958278575,698566.0225136867
BE345,BE,MFH_HIGH,8979,53874.0,0.6933590733590733,360086.4867781813
BE345,BE,OTHER,31423,0.0,0.0,0.0
BE345,BE,SFH,23826,23826.0,0.3066409266409266,511109.3188463961
BE351,BE,MFH_HIGH,11069,66540.0,0.538763612809198,442417.7357828667
BE351,BE,OTHER,75195,0.0,0.0,0.0
BE351,BE,SFH,56965,56965.0,0.461236387190802,1172013.4990013016
BE352,BE,MFH_HIGH,21426,129844.0,0.49691352118820825,867258.7674613686
BE352,BE,OTHER,135831,0.0,0.0,0.0
BE352,BE,SFH,131457,131457.0,0.5030864788117918,2665697.35442128
BE353,BE,MFH_HIGH,3667,22002.0,0.349171586364502,161252.53657514683
BE353,BE,OTHER,44738,0.0,0.0,0.0
BE353,BE,SFH,41010,41010.0,0.650828413635498,773298.2127264696
BG311,BG,MFH_HIGH,2144,12990.0,0.16784246840840375,100472.72914538621
BG311,BG,OTHER,34392,0.0,0.0,0.0
BG311,BG,SFH,64404,64404.0,0.8321575315915962,547637.8589708965
BG312,BG,MFH_HIGH,3950,23700.0,0.2069435227550557,145348.06963756625
BG312,BG,OTHER,56523,0.0,0.0,0.0
BG312,BG,SFH,90824,90824.0,0.7930564772449443,804442.4886895687
BG313,BG,MFH_HIGH,4794,29156.0,0.2072328206294601,202349.1103071489
BG313,BG,OTHER,51019,0.0,0.0,0.0
BG313,BG,SFH,111536,111536.0,0.7927671793705399,908692.240682818
BG314,BG,MFH_HIGH,9576,58002.0,0.37631625046226913,397864.9279346821
BG314,BG,OTHER,109699,0.0,0.0,0.0
BG314,BG,SFH,96129,96129.0,0.6236837495377309,1032710.5451413678
BG315,BG,MFH_HIGH,5425,33502.0,0.30950731225113864,237015.72618886657
BG315,BG,OTHER,57732,0.0,0.0,0.0
BG315,BG,SFH,74741,74741.0,0.6904926877488614,705736.2607677535
BG321,BG,MFH_HIGH,11205,68686.0,0.46011521972132907,511894.7254072136
BG321,BG,OTHER,91030,0.0,0.0,0.0
BG321,BG,SFH,80594,80594.0,0.5398847802786709,1013086.4920217054
BG322,BG,MFH_HIGH,4718,37786.0,0.4581620651607193,239617.61248550913
BG322,BG,OTHER,44065,0.0,0.0,0.0
BG322,BG,SFH,44687,44687.0,0.5418379348392808,444794.8759798604
BG323,BG,MFH_HIGH,6170,41066.0,0.43135648410747673,443969.53669861576
BG323,BG,OTHER,67591,0.0,0.0,0.0
BG323,BG,SFH,54136,54136.0,0.5686435158925233,605351.0828069032
BG324,BG,MFH_HIGH,4732,29750.0,0.517895689715201,199286.41406725152
BG324,BG,OTHER,31248,0.0,0.0,0.0
BG324,BG,SFH,27694,27694.0,0.4821043102847991,351515.4575992781
BG325,BG,MFH_HIGH,5135,31006.0,0.4493753442128757,202374.97290914226
BG325,BG,OTHER,50542,0.0,0.0,0.0
BG325,BG,SFH,37992,37992.0,0.5506246557871243,484165.5728131645
BG331,BG,MFH_HIGH,12700,89780.0,0.4847261065339222,943554.2036875791
BG331,BG,OTHER,79655,0.0,0.0,0.0
BG331,BG,SFH,95438,95438.0,0.5152738934660778,1041181.424018278
BG332,BG,MFH_HIGH,5623,36230.0,0.3839835511324494,329687.5097813332
BG332,BG,OTHER,64105,0.0,0.0,0.0
BG332,BG,SFH,58123,58123.0,0.6160164488675506,637052.3206103696
BG333,BG,MFH_HIGH,8075,49710.0,0.5382141813102933,372468.2855330419
BG333,BG,OTHER,60321,0.0,0.0,0.0
BG333,BG,SFH,42651,42651.0,0.4617858186897067,560076.8399207325
BG334,BG,MFH_HIGH,1145,6884.0,0.5765977050004188,55586.95057915143
BG334,BG,OTHER,6656,0.0,0.0,0.0
BG334,BG,SFH,5055,5055.0,0.4234022949995812,72283.34276421994
BG341,BG,MFH_HIGH,14635,96476.0,0.4801520942825291,1020110.4003748111
BG341,BG,OTHER,101573,0.0,0.0,0.0
BG341,BG,SFH,104452,104452.0,0.519847905717471,1163817.4715648172
BG342,BG,MFH_HIGH,6072,37664.0,0.3896302733122297,333082.5092183083
BG342,BG,OTHER,54632,0.0,0.0,0.0
BG342,BG,SFH,59002,59002.0,0.6103697266877702,727533.1262791703
BG343,BG,MFH_HIGH,4328,29384.0,0.3710194701886411,294999.4681588524
BG343,BG,OTHER,42032,0.0,0.0,0.0
BG343,BG,SFH,49814,49814.0,0.6289805298113589,540946.6604447701
BG344,BG,MFH_HIGH,10947,67740.0,0.38865365417053943,635396.0428588369
BG344,BG,OTHER,84190,0.0,0.0,0.0
BG344,BG,SFH,106554,106554.0,0.6113463458294606,1234429.921457709
BG411,BG,MFH_HIGH,25353,221824.0,0.7343196030203819,3169348.0212812545
BG411,BG,OTHER,100275,0.0,0.0,0.0
BG411,BG,SFH,80257,80257.0,0.26568039697961804,972628.9424411384
BG412,BG,MFH_HIGH,5571,33916.0,0.19430313029928045,228360.52194201841
BG412,BG,OTHER,109049,0.0,0.0,0.0
BG412,BG,SFH,140636,140636.0,0.8056968697007195,1303274.5725168756
BG413,BG,MFH_HIGH,8860,54406.0,0.3585924163431562,509252.4094995531
BG413,BG,OTHER,53917,0.0,0.0,0.0
BG413,BG,SFH,97315,97315.0,0.6414075836568438,995607.6909006428
BG414,BG,MFH_HIGH,1748,10586.0,0.1410206881852212,104389.18068082436
BG414,BG,OTHER,52108,0.0,0.0,0.0
BG414,BG,SFH,64481,64481.0,0.8589793118147788,566605.4739283287
BG415,BG,MFH_HIGH,2795,16812.0,0.22346873670778392,143208.266913825
BG415,BG,OTHER,40276,0.0,0.0,0.0
BG415,BG,SFH,58420,58420.0,0.7765312632922161,570824.77078552
BG421,BG,MFH_HIGH,22544,140542.0,0.45711107569513787,1280210.4321160128
BG421,BG,OTHER,118706,0.0,0.0,0.0
BG421,BG,SFH,166915,166915.0,0.5428889243048621,1977972.5465198809
BG422,BG,MFH_HIGH,9052,60850.0,0.4088749722825101,474550.63305778604
BG422,BG,OTHER,80824,0.0,0.0,0.0
BG422,BG,SFH,87973,87973.0,0.5911250277174899,1042296.9421005788
BG423,BG,MFH_HIGH,6225,37406.0,0.29356458954638204,291196.2072707553
BG423,BG,OTHER,63461,0.0,0.0,0.0
BG423,BG,SFH,90014,90014.0,0.7064354104536179,956961.5451593047
BG424,BG,MFH_HIGH,3606,21860.0,0.3379611020067407,192271.92697674967
BG424,BG,OTHER,30493,0.0,0.0,0.0
BG424,BG,SFH,42822,42822.0,0.6620388979932593,508190.43621666136
BG425,BG,MFH_HIGH,2934,23316.0,0.3386492374727669,178964.77940063173
BG425,BG,OTHER,63274,0.0,0.0,0.0
BG425,BG,SFH,45534,45534.0,0.6613507625272331,581705.8581198475
CH011,CH,MFH_HIGH,39696,253142.0,0.7051210985919416,4399815.288098116
CH011,CH,OTHER,116921,0.0,0.0,0.0
CH011,CH,SFH,105863,105863.0,0.2948789014080584,2759081.854288219
CH012,CH,MFH_HIGH,23049,141836.0,0.5272380555875651,1872742.2727582948
CH012,CH,OTHER,70010,0.0,0.0,0.0
CH012,CH,SFH,127181,127181.0,0.4727619444124349,2733325.0344268256
CH013,CH,MFH_HIGH,8897,73990.0,0.6902567355772818,2191475.3014025614
CH013,CH,OTHER,43094,0.0,0.0,0.0
CH013,CH,SFH,33202,33202.0,0.3097432644227181,736016.8939881137
CH021,CH,MFH_HIGH,47354,291194.0,0.6724366864260594,5714989.134757609
CH021,CH,OTHER,203711,0.0,0.0,0.0
CH021,CH,SFH,141849,141849.0,0.3275633135739407,4385137.794830082
CH022,CH,MFH_HIGH,19326,120184.0,0.6471107665137515,1686887.607929391
CH022,CH,OTHER,87821,0.0,0.0,0.0
CH022,CH,SFH,65540,65540.0,0.3528892334862484,1837243.859176436
CH023,CH,MFH_HIGH,12563,76582.0,0.6132103421493029,1325526.9087626433
CH023,CH,OTHER,40401,0.0,0.0,0.0
CH023,CH,SFH,48305,48305.0,0.386789657850697,1469820.124189417
CH024,CH,MFH_HIGH,10213,63042.0,0.7646088538508187,1028371.9063548051
CH024,CH,OTHER,22346,0.0,0.0,0.0
CH024,CH,SFH,19408,19408.0,0.23539114614918133,515251.4655466481
CH025,CH,MFH_HIGH,4601,27746.0,0.6226940167871089,422338.80996663537
CH025,CH,OTHER,16834,0.0,0.0,0.0
CH025,CH,SFH,16812,16812.0,0.37730598321289105,518177.7121405838
CH031,CH,MFH_HIGH,3787,28392.0,0.9059349074664965,1676976.4135476635
CH031,CH,OTHER,4628,0.0,0.0,0.0
CH031,CH,SFH,2948,2948.0,0.09406509253350351,93643.0027179958
CH032,CH,MFH_HIGH,12231,74562.0,0.6676695768972465,1510887.1094176504
CH032,CH,OTHER,25146,0.0,0.0,0.0
CH032,CH,SFH,37113,37113.0,0.3323304231027535,1120377.5344639814
CH033,CH,MFH_HIGH,35391,216154.0,0.6910780169960803,4049982.1359787295
CH033,CH,OTHER,71967,0.0,0.0,0.0
CH033,CH,SFH,96624,96624.0,0.3089219830039197,3162575.1453640587
CH040,CH,MFH_HIGH,73612,465542.0,0.8005936412288305,9376414.580900677
CH040,CH,OTHER,122822,0.0,0.0,0.0
CH040,CH,SFH,115954,115954.0,0.19940635877116952,3422393.584128377
CH051,CH,MFH_HIGH,3856,23262.0,0.5958504098360655,218227.97578862892
CH051,CH,OTHER,14886,0.0,0.0,0.0
CH051,CH,SFH,15778,15778.0,0.4041495901639344,350918.57636831765
CH052,CH,MFH_HIGH,4362,26914.0,0.7227369155992374,550840.7304688676
CH052,CH,OTHER,8755,0.0,0.0,0.0
CH052,CH,SFH,10325,10325.0,0.27726308440076264,311342.34864844085
CH053,CH,MFH_HIGH,5322,32100.0,0.6536346976175932,278186.6340140053
CH053,CH,OTHER,12553,0.0,0.0,0.0
CH053,CH,SFH,17010,17010.0,0.3463653023824068,427296.1769748913
CH054,CH,MFH_HIGH,1389,8334.0,0.48945791977447584,74577.96903226837
CH054,CH,OTHER,7992,0.0,0.0,0.0
CH054,CH,SFH,8693,8693.0,0.5105420802255242,208184.38045563028
CH055,CH,MFH_HIGH,34957,212920.0,0.6567956073786169,2849965.2685945146
CH055,CH,OTHER,101425,0.0,0.0,0.0
CH055,CH,SFH,111260,111260.0,0.3432043926213832,2923176.803892852
CH056,CH,MFH_HIGH,25262,154582.0,0.637136262468057,1707583.1920156546
CH056,CH,OTHER,56036,0.0,0.0,0.0
CH056,CH,SFH,88038,88038.0,0.36286373753194295,1956538.6743884883
CH057,CH,MFH_HIGH,18089,109052.0,0.7063182097865863,1728756.3173209962
CH057,CH,OTHER,36547,0.0,0.0,0.0
CH057,CH,SFH,45343,45343.0,0.2936817902134137,1423731.3302392843
CH061,CH,MFH_HIGH,26002,161248.0,0.7951006400331357,2934374.7530008676
CH061,CH,OTHER,45070,0.0,0.0,0.0
CH061,CH,SFH,41554,41554.0,0.20489935996686423,1368837.4408492276
CH062,CH,MFH_HIGH,2925,17900.0,0.5859438934171332,189571.7809277903
CH062,CH,OTHER,9605,0.0,0.0,0.0
CH062,CH,SFH,12649,12649.0,0.41405610658286685,289466.3090215257
CH063,CH,MFH_HIGH,13072,78992.0,0.7066864678201435,921198.3569940579
CH063,CH,OTHER,31709,0.0,0.0,0.0
CH063,CH,SFH,32786,32786.0,0.2933135321798565,832765.1240604596
CH064,CH,MFH_HIGH,2647,15882.0,0.6488805360352999,227430.79595460772
CH064,CH,OTHER,6203,0.0,0.0,0.0
CH064,CH,SFH,8594,8594.0,0.3511194639647001,255856.9422934148
CH065,CH,MFH_HIGH,3522,21244.0,0.8001807977701608,315474.9104857208
CH065,CH,OTHER,4014,0.0,0.0,0.0
CH065,CH,SFH,5305,5305.0,0.19981920222983918,175289.81525699983
CH066,CH,MFH_HIGH,8629,54378.0,0.8300337337627647,862240.8274902055
CH066,CH,OTHER,15306,0.0,0.0,0.0
CH066,CH,SFH,11135,11135.0,0.16996626623723535,298586.15366173827
CH070,CH,MFH_HIGH,22573,141080.0,0.5448261213771264,2562562.913741995
CH070,CH,OTHER,24697,0.0,0.0,0.0
CH070,CH,SFH,117865,117865.0,0.45517387862287356,2517391.048462939
CY000,CY,MFH_HIGH,181732,1197548.0,0.6990462414417696,2184563.8279518182
CY000,CY,OTHER,193392,0.0,0.0,0.0
CY000,CY,SFH,515569,515569.0,0.3009537585582304,1069787.806394525
CZ010,CZ,MFH_HIGH,31157,301798.0,0.8065755855595822,6380900.118944585
CZ010,CZ,OTHER,90296,0.0,0.0,0.0
CZ010,CZ,SFH,72374,72374.0,0.19342441444041777,1267174.4926778118
CZ020,CZ,MFH_HIGH,41701,271038.0,0.3690438746624947,3143087.6544320434
CZ020,CZ,OTHER,532785,0.0,0.0,0.0
CZ020,CZ,SFH,463395,463395.0,0.6309561253375052,7869691.260851404
CZ031,CZ,MFH_HIGH,32662,216748.0,0.5405133115879144,2617179.622260488
CZ031,CZ,OTHER,304380,0.0,0.0,0.0
CZ031,CZ,SFH,184256,184256.0,0.4594866884120857,3437269.304659473
CZ032,CZ,MFH_HIGH,21502,146484.0,0.4711217460103047,1924074.303140769
CZ032,CZ,OTHER,235608,0.0,0.0,0.0
CZ032,CZ,SFH,164442,164442.0,0.5288782539896953,3000169.334452469
CZ041,CZ,MFH_HIGH,9383,72062.0,0.5724976762292152,1090762.7536271834
CZ041,CZ,OTHER,107882,0.0,0.0,0.0
CZ041,CZ,SFH,53811,53811.0,0.42750232377078484,827268.3317702372
CZ042,CZ,MFH_HIGH,22092,169918.0,0.5267893127972371,2580419.1632233057
CZ042,CZ,OTHER,271742,0.0,0.0,0.0
CZ042,CZ,SFH,152636,152636.0,0.47321068720276294,2531446.136675967
CZ051,CZ,MFH_HIGH,13549,96260.0,0.49239110974705236,1402988.3041514629
CZ051,CZ,OTHER,157245,0.0,0.0,0.0
CZ051,CZ,SFH,99235,99235.0,0.5076088902529476,1865984.554457344
CZ052,CZ,MFH_HIGH,18125,119950.0,0.44716917123652805,1642206.2285522523
CZ052,CZ,OTHER,230833,0.0,0.0,0.0
CZ052,CZ,SFH,148293,148293.0,0.5528308287634719,2655346.957708037
CZ053,CZ,MFH_HIGH,20174,130242.0,0.47946723408641617,1697199.6930158478
CZ053,CZ,OTHER,170712,0.0,0.0,0.0
CZ053,CZ,SFH,141397,141397.0,0.5205327659135839,2497081.821403371
CZ063,CZ,MFH_HIGH,23328,147318.0,0.5012214291060773,1556030.9655453048
CZ063,CZ,OTHER,214202,0.0,0.0,0.0
CZ063,CZ,SFH,146600,146600.0,0.4987785708939228,2639201.507245035
CZ064,CZ,MFH_HIGH,50464,363460.0,0.5684951754708393,4142190.91510229
CZ064,CZ,OTHER,253731,0.0,0.0,0.0
CZ064,CZ,SFH,275877,275877.0,0.43150482452916067,5020834.391686892
CZ071,CZ,MFH_HIGH,24379,163704.0,0.5454908964892171,2246075.730007602
CZ071,CZ,OTHER,129504,0.0,0.0,0.0
CZ071,CZ,SFH,136400,136400.0,0.45450910351078294,2599862.795469395
CZ072,CZ,MFH_HIGH,16110,108168.0,0.4253608969040138,1420170.4840872218
CZ072,CZ,OTHER,111572,0.0,0.0,0.0
CZ072,CZ,SFH,146129,146129.0,0.5746391030959862,2672605.9090324384
CZ080,CZ,MFH_HIGH,32275,244694.0,0.5438913524266773,3351836.328538319
CZ080,CZ,OTHER,207347,0.0,0.0,0.0
CZ080,CZ,SFH,205201,205201.0,0.45610864757332265,3815967.589789628
DE111,DE,MFH_HIGH,35884,234498.0,0.7905137540453074,3029006.533195172
DE111,DE,OTHER,80645,0.0,0.0,0.0
DE111,DE,SFH,62142,62142.0,0.20948624595469256,1488223.2581512297
DE112,DE,MFH_HIGH,13046,84380.0,0.4882904049025792,1380779.593893968
DE112,DE,OTHER,103404,0.0,0.0,0.0
DE112,DE,SFH,88427,88427.0,0.5117095950974209,2220077.449894152
DE113,DE,MFH_HIGH,18450,114340.0,0.491130106095099,1678200.350779929
DE113,DE,OTHER,124955,0.0,0.0,0.0
DE113,DE,SFH,118470,118470.0,0.508869893904901,3057607.35410007
DE114,DE,MFH_HIGH,8332,50552.0,0.4343365781989707,690884.0055921387
DE114,DE,OTHER,80089,0.0,0.0,0.0
DE114,DE,SFH,65837,65837.0,0.5656634218010294,1760117.217552082
DE115,DE,MFH_HIGH,18265,112698.0,0.4852840490718293,1752736.0932085095
DE115,DE,OTHER,128837,0.0,0.0,0.0
DE115,DE,SFH,119533,119533.0,0.5147159509281707,3005720.717777171
DE116,DE,MFH_HIGH,13219,81344.0,0.42093279585194077,1202044.1061660876
DE116,DE,OTHER,118609,0.0,0.0,0.0
DE116,DE,SFH,111903,111903.0,0.5790672041480592,2724151.658472627
DE117,DE,MFH_HIGH,5063,32100.0,0.6158982328901168,524973.9944740466
DE117,DE,OTHER,28241,0.0,0.0,0.0
DE117,DE,SFH,20019,20019.0,0.38410176710988314,487275.8495458514
DE118,DE,MFH_HIGH,7071,42678.0,0.28917768863833476,571013.587304209
DE118,DE,OTHER,138479,0.0,0.0,0.0
DE118,DE,SFH,104906,104906.0,0.7108223113616652,2644996.002009444
DE119,DE,MFH_HIGH,3566,21452.0,0.34433939549591486,276640.4719223097
DE119,DE,OTHER,49911,0.0,0.0,0.0
DE119,DE,SFH,40847,40847.0,0.6556606045040851,1039444.3008982948
DE11A,DE,MFH_HIGH,6775,40888.0,0.3721963297407515,546347.826432226
DE11A,DE,OTHER,99887,0.0,0.0,0.0
DE11A,DE,SFH,68968,68968.0,0.6278036702592484,1813397.0083873568
DE11B,DE,MFH_HIGH,3968,24144.0,0.2853057607090103,287131.79442882637
DE11B,DE,OTHER,63953,0.0,0.0,0.0
DE11B,DE,SFH,60481,60481.0,0.7146942392909896,1467883.687830521
DE11C,DE,MFH_HIGH,3265,19786.0,0.33065944717403656,294924.9399948189
DE11C,DE,OTHER,54374,0.0,0.0,0.0
DE11C,DE,SFH,40052,40052.0,0.6693405528259634,1033204.125227901
DE11D,DE,MFH_HIGH,8455,51514.0,0.3542112175365976,666855.9654074144
DE11D,DE,OTHER,130244,0.0,0.0,0.0
DE11D,DE,SFH,93919,93919.0,0.6457887824634024,2542204.739507416
DE121,DE,MFH_HIGH,3378,20478.0,0.662975912975913,292644.9072370679
DE121,DE,OTHER,14214,0.0,0.0,0.0
DE121,DE,SFH,10410,10410.0,0.33702408702408704,304684.17238729226
DE122,DE,MFH_HIGH,15121,102304.0,0.7556914712878016,1582706.0611746819
DE122,DE,OTHER,60715,0.0,0.0,0.0
DE122,DE,SFH,33074,33074.0,0.24430852871219844,867125.2705768546
DE123,DE,MFH_HIGH,8803,54218.0,0.28912411678442873,691027.678702771
DE123,DE,OTHER,178320,0.0,0.0,0.0
DE123,DE,SFH,133307,133307.0,0.7108758832155713,3434247.679918571
DE124,DE,MFH_HIGH,4992,30680.0,0.32240098359622116,498518.939115559
DE124,DE,OTHER,89927,0.0,0.0,0.0
DE124,DE,SFH,64481,64481.0,0.6775990164037788,1689032.729077675
DE125,DE,MFH_HIGH,9243,61814.0,0.7557740038391471,876647.4837484192
DE125,DE,OTHER,20263,0.0,0.0,0.0
DE125,DE,SFH,19975,19975.0,0.24422599616085292,464065.7109624933
DE126,DE,MFH_HIGH,16876,113982.0,0.7609758051594295,1715262.4174619678
DE126,DE,OTHER,48049,0.0,0.0,0.0
DE126,DE,SFH,35802,35802.0,0.23902419484057041,825187.3414476756
DE127,DE,MFH_HIGH,3110,18674.0,0.2283220032278574,220282.2804238526
DE127,DE,OTHER,67011,0.0,0.0,0.0
DE127,DE,SFH,63114,63114.0,0.7716779967721427,1476831.4719828984
DE128,DE,MFH_HIGH,12518,78440.0,0.3113513856803766,1096290.0018490446
DE128,DE,OTHER,159995,0.0,0.0,0.0
DE128,DE,SFH,173494,173494.0,0.6886486143196234,3982724.178996526
DE129,DE,MFH_HIGH,7001,46220.0,0.7626559303016303,690504.6827221815
DE129,DE,OTHER,22587,0.0,0.0,0.0
DE129,DE,SFH,14384,14384.0,0.23734406969836974,386366.5513273825
DE12A,DE,MFH_HIGH,4259,25764.0,0.3582413304040713,351209.44984160934
DE12A,DE,OTHER,68643,0.0,0.0,0.0
DE12A,DE,SFH,46154,46154.0,0.6417586695959286,1267807.3354684203
DE12B,DE,MFH_HIGH,3363,20486.0,0.2393364098370232,257003.58628588013
DE12B,DE,OTHER,88601,0.0,0.0,0.0
DE12B,DE,SFH,65109,65109.0,0.7606635901629768,1657743.5382413713
DE12C,DE,MFH_HIGH,4062,24596.0,0.41844876571564676,315649.3914387156
DE12C,DE,OTHER,57805,0.0,0.0,0.0
DE12C,DE,SFH,34183,34183.0,0.5815512342843533,1009171.0403655558
DE131,DE,MFH_HIGH,11244,74912.0,0.7676432311680859,1320324.087920687
DE131,DE,OTHER,31853,0.0,0.0,0.0
DE131,DE,SFH,22675,22675.0,0.23235676883191408,555690.6181003611
DE132,DE,MFH_HIGH,6503,39242.0,0.37175066312997346,593076.8575390481
DE132,DE,OTHER,108087,0.0,0.0,0.0
DE132,DE,SFH,66318,66318.0,0.6282493368700265,1904090.7740803636
DE133,DE,MFH_HIGH,5186,31382.0,0.425957596981296,436866.07310700044
DE133,DE,OTHER,69771,0.0,0.0,0.0
DE133,DE,SFH,42292,42292.0,0.574042403018704,1170569.91036921
DE134,DE,MFH_HIGH,13890,84124.0,0.4216784128161686,1202990.4862628472
DE134,DE,OTHER,185980,0.0,0.0,0.0
DE134,DE,SFH,115374,115374.0,0.5783215871838314,3311281.383980926
DE135,DE,MFH_HIGH,4232,25532.0,0.35426668516719856,319891.44640753174
DE135,DE,OTHER,65480,0.0,0.0,0.0
DE135,DE,SFH,46538,46538.0,0.6457333148328015,1272326.924244376
DE136,DE,MFH_HIGH,7933,48872.0,0.4930987166034385,737221.8157113736
DE136,DE,OTHER,81923,0.0,0.0,0.0
DE136,DE,SFH,50240,50240.0,0.5069012833965615,1408306.431448568
DE137,DE,MFH_HIGH,4626,28134.0,0.42037474225263727,366723.1493215132
DE137,DE,OTHER,60206,0.0,0.0,0.0
DE137,DE,SFH,38792,38792.0,0.5796252577473627,1176700.613637675
DE138,DE,MFH_HIGH,10844,68354.0,0.5099674714255872,1108853.1649943017
DE138,DE,OTHER,82959,0.0,0.0,0.0
DE138,DE,SFH,65682,65682.0,0.4900325285744128,1718376.4029450973
DE139,DE,MFH_HIGH,7528,45728.0,0.4649847981045931,750821.0307891215
DE139,DE,OTHER,78625,0.0,0.0,0.0
DE139,DE,SFH,52615,52615.0,0.5350152018954069,1421454.087544425
DE13A,DE,MFH_HIGH,5938,35950.0,0.42168109414221033,500058.8576524005
DE13A,DE,OTHER,73157,0.0,0.0,0.0
DE13A,DE,SFH,49304,49304.0,0.5783189058577897,1420809.3628399612
DE141,DE,MFH_HIGH,9890,60796.0,0.432151945522526,855887.7328939989
DE141,DE,OTHER,106921,0.0,0.0,0.0
DE141,DE,SFH,79886,79886.0,0.567848054477474,2153276.035709482
DE142,DE,MFH_HIGH,6455,41348.0,0.4144290425073418,599938.3239735177
DE142,DE,OTHER,73118,0.0,0.0,0.0
DE142,DE,SFH,58423,58423.0,0.5855709574926582,1505866.2394288995
DE143,DE,MFH_HIGH,6043,36384.0,0.357431257552091,464340.17063405743
DE143,DE,OTHER,92655,0.0,0.0,0.0
DE143,DE,SFH,65409,65409.0,0.642568742447909,1876430.914490213
DE144,DE,MFH_HIGH,6753,43654.0,0.698352263637818,613626.5855623715
DE144,DE,OTHER,24158,0.0,0.0,0.0
DE144,DE,SFH,18856,18856.0,0.30164773636218206,463900.453956968
DE145,DE,MFH_HIGH,5812,35124.0,0.3337450827616351,451705.7784462703
DE145,DE,OTHER,91206,0.0,0.0,0.0
DE145,DE,SFH,70118,70118.0,0.6662549172383649,1853902.2175347544
DE146,DE,MFH_HIGH,5890,35746.0,0.3413483575248281,457911.28645533154
DE146,DE,OTHER,112241,0.0,0.0,0.0
DE146,DE,SFH,68974,68974.0,0.6586516424751719,1971287.0866360653
DE147,DE,MFH_HIGH,7545,46306.0,0.460183850931677,719747.4640445327
DE147,DE,OTHER,74929,0.0,0.0,0.0
DE147,DE,SFH,54319,54319.0,0.539816149068323,1473322.6934075416
DE148,DE,MFH_HIGH,9209,55702.0,0.42175160706578935,761163.272944454
DE148,DE,OTHER,118828,0.0,0.0,0.0
DE148,DE,SFH,76371,76371.0,0.5782483929342106,2128332.0656989086
DE149,DE,MFH_HIGH,4329,25988.0,0.3634583648009846,337420.1792271548
DE149,DE,OTHER,76166,0.0,0.0,0.0
DE149,DE,SFH,45514,45514.0,0.6365416351990154,1310695.5316338155
DE211,DE,MFH_HIGH,16658,101810.0,0.8912485884114048,916390.7907844564
DE211,DE,OTHER,55135,0.0,0.0,0.0
DE211,DE,SFH,12423,12423.0,0.10875141158859523,443692.09168655815
DE212,DE,MFH_HIGH,68195,517138.0,0.8531011933630932,8467906.761145087
DE212,DE,OTHER,167827,0.0,0.0,0.0
DE212,DE,SFH,89048,89048.0,0.14689880663690683,2418615.6688714977
DE213,DE,MFH_HIGH,6787,41450.0,0.9211725226126186,405891.3038255766
DE213,DE,OTHER,15181,0.0,0.0,0.0
DE213,DE,SFH,3547,3547.0,0.07882747738738138,115156.7221114251
DE214,DE,MFH_HIGH,14670,89084.0,0.8330356558411804,729133.425965804
DE214,DE,OTHER,67863,0.0,0.0,0.0
DE214,DE,SFH,17855,17855.0,0.16696434415881953,651010.5116126637
DE215,DE,MFH_HIGH,14824,89322.0,0.9097408946467856,773384.1390184679
DE215,DE,OTHER,55638,0.0,0.0,0.0
DE215,DE,SFH,8862,8862.0,0.09025910535321437,319318.85796549224
DE216,DE,MFH_HIGH,18752,112806.0,0.9020655242177317,846589.4448235071
DE216,DE,OTHER,61175,0.0,0.0,0.0
DE216,DE,SFH,12247,12247.0,0.09793447578226831,396715.03143427393
DE217,DE,MFH_HIGH,19480,117398.0,0.870382040465299,830885.2098414705
DE217,DE,OTHER,63087,0.0,0.0,0.0
DE217,DE,SFH,17483,17483.0,0.12961795953470095,599859.7431825817
DE218,DE,MFH_HIGH,13350,80800.0,0.783727945527028,655001.0827530398
DE218,DE,OTHER,58554,0.0,0.0,0.0
DE218,DE,SFH,22297,22297.0,0.21627205447297204,691860.2391061151
DE219,DE,MFH_HIGH,19190,115210.0,0.8270460794096323,867566.4136404569
DE219,DE,OTHER,111245,0.0,0.0,0.0
DE219,DE,SFH,24093,24093.0,0.17295392059036777,955171.4716930994
DE21A,DE,MFH_HIGH,19260,115826.0,0.8659240430622009,851303.7238284091
DE21A,DE,OTHER,71411,0.0,0.0,0.0
DE21A,DE,SFH,17934,17934.0,0.13407595693779906,675221.3219150635
DE21B,DE,MFH_HIGH,18489,111662.0,0.8250907021938477,920281.3875693942
DE21B,DE,OTHER,84591,0.0,0.0,0.0
DE21B,DE,SFH,23671,23671.0,0.17490929780615222,808248.4470703695
DE21C,DE,MFH_HIGH,22072,135988.0,0.8269210889565889,1015158.6604089884
DE21C,DE,OTHER,71618,0.0,0.0,0.0
DE21C,DE,SFH,28463,28463.0,0.1730789110434111,864546.5008402579
DE21D,DE,MFH_HIGH,14384,86416.0,0.9167055628633258,741415.2812335832
DE21D,DE,OTHER,49688,0.0,0.0,0.0
DE21D,DE,SFH,7852,7852.0,0.08329443713667416,248121.3805718629
DE21E,DE,MFH_HIGH,21080,126802.0,0.8968117008034401,855166.8468287874
DE21E,DE,OTHER,73441,0.0,0.0,0.0
DE21E,DE,SFH,14590,14590.0,0.10318829919655992,532545.6879981209
DE21F,DE,MFH_HIGH,14686,88186.0,0.8791171544780285,740301.7530474268
DE21F,DE,OTHER,48714,0.0,0.0,0.0
DE21F,DE,SFH,12126,12126.0,0.12088284552197145,420245.928265949
DE21G,DE,MFH_HIGH,16826,102132.0,0.853939348333208,828582.645824088
DE21G,DE,OTHER,74839,0.0,0.0,0.0
DE21G,DE,SFH,17469,17469.0,0.14606065166679208,653103.4144951331
DE21H,DE,MFH_HIGH,21249,136510.0,0.7131811295125646,1413266.5391389518
DE21H,DE,OTHER,107770,0.0,0.0,0.0
DE21H,DE,SFH,54900,54900.0,0.2868188704874354,1546135.4876596606
DE21I,DE,MFH_HIGH,15200,91326.0,0.8545922425490105,717217.4038445933
DE21I,DE,OTHER,81884,0.0,0.0,0.0
DE21I,DE,SFH,15539,15539.0,0.14540775745098958,606192.3969321091
DE21J,DE,MFH_HIGH,21327,128046.0,0.8740102659313056,933098.0159188914
DE21J,DE,OTHER,83629,0.0,0.0,0.0
DE21J,DE,SFH,18458,18458.0,0.12598973406869438,718663.0202740137
DE21K,DE,MFH_HIGH,34031,204550.0,0.8452409484219139,1608904.696580186
DE21K,DE,OTHER,129987,0.0,0.0,0.0
DE21K,DE,SFH,37452,37452.0,0.15475905157808614,1300754.0870976015
DE21L,DE,MFH_HIGH,20509,123208.0,0.8819533425436116,950507.1685084279
DE21L,DE,OTHER,58630,0.0,0.0,0.0
DE21L,DE,SFH,16491,16491.0,0.11804665745638838,562380.7791605508
DE21M,DE,MFH_HIGH,25380,152588.0,0.8538397833337064,1295048.999281374
DE21M,DE,OTHER,103063,0.0,0.0,0.0
DE21M,DE,SFH,26120,26120.0,0.1461602166662936,926083.9560514808
DE21N,DE,MFH_HIGH,22951,137958.0,0.9002682049843058,981923.2007020176
DE21N,DE,OTHER,77506,0.0,0.0,0.0
DE21N,DE,SFH,15283,15283.0,0.09973179501569424,518640.8053061929
DE221,DE,MFH_HIGH,3485,21694.0,0.6824802592254695,298767.5646068541
DE221,DE,OTHER,24562,0.0,0.0,0.0
DE221,DE,SFH,10093,10093.0,0.3175197407745305,298522.7759949343
DE222,DE,MFH_HIGH,3740,23700.0,0.7571401188422465,316493.1368742209
DE222,DE,OTHER,21332,0.0,0.0,0.0
DE222,DE,SFH,7602,7602.0,0.2428598811577535,252182.81672118933
DE223,DE,MFH_HIGH,2158,13074.0,0.5944889050563842,168414.69591966926
DE223,DE,OTHER,18853,0.0,0.0,0.0
DE223,DE,SFH,8918,8918.0,0.40551109494361587,249364.11942513628
DE224,DE,MFH_HIGH,5597,33974.0,0.5150385058516767,382589.59776800254
DE224,DE,OTHER,92830,0.0,0.0,0.0
DE224,DE,SFH,31990,31990.0,0.48496149414832335,1090327.8550943153
DE225,DE,MFH_HIGH,5401,32406.0,0.5943982831673361,327209.0471201731
DE225,DE,OTHER,72143,0.0,0.0,0.0
DE225,DE,SFH,22113,22113.0,0.40560171683266383,778058.7272885074
DE226,DE,MFH_HIGH,3243,19500.0,0.35756197740941764,228082.83520287255
DE226,DE,OTHER,90041,0.0,0.0,0.0
DE226,DE,SFH,35036,35036.0,0.6424380225905824,1175552.859643007
DE227,DE,MFH_HIGH,6356,38248.0,0.45448388131706213,415465.49982943834
DE227,DE,OTHER,133307,0.0,0.0,0.0
DE227,DE,SFH,45909,45909.0,0.5455161186829378,1583710.3481611523
DE228,DE,MFH_HIGH,11395,68482.0,0.5652941953377798,735338.7075493789
DE228,DE,OTHER,172370,0.0,0.0,0.0
DE228,DE,SFH,52662,52662.0,0.43470580466222014,1949472.5534244997
DE229,DE,MFH_HIGH,3770,22718.0,0.5089955862254386,255532.7662862754
DE229,DE,OTHER,67245,0.0,0.0,0.0
DE229,DE,SFH,21915,21915.0,0.49100441377456144,774941.7728179956
DE22A,DE,MFH_HIGH,5096,30646.0,0.4509550016186468,352523.42363707756
DE22A,DE,OTHER,103739,0.0,0.0,0.0
DE22A,DE,SFH,37312,37312.0,0.5490449983813532,1293205.2682033682
DE22B,DE,MFH_HIGH,2883,17340.0,0.33735408560311286,196750.23524034608
DE22B,DE,OTHER,97765,0.0,0.0,0.0
DE22B,DE,SFH,34060,34060.0,0.6626459143968871,1144870.0796566473
DE22C,DE,MFH_HIGH,3707,22284.0,0.4283654677918533,255551.489227945
DE22C,DE,OTHER,83601,0.0,0.0,0.0
DE22C,DE,SFH,29737,29737.0,0.5716345322081468,1027602.3571264312
DE231,DE,MFH_HIGH,2816,17050.0,0.712107922983753,174122.01087212408
DE231,DE,OTHER,17190,0.0,0.0,0.0
DE231,DE,SFH,6893,6893.0,0.2878920770162469,197693.4477720754
DE232,DE,MFH_HIGH,9462,60664.0,0.8177504583198534,886190.381395004
DE232,DE,OTHER,32277,0.0,0.0,0.0
DE232,DE,SFH,13520,13520.0,0.18224954168014668,415177.9708393669
DE233,DE,MFH_HIGH,3868,23544.0,0.8028918292183876,223191.85652523988
DE233,DE,OTHER,20125,0.0,0.0,0.0
DE233,DE,SFH,5780,5780.0,0.19710817078161233,172579.90718396913
DE234,DE,MFH_HIGH,7155,42944.0,0.613555834952566,389007.6903861433
DE234,DE,OTHER,94098,0.0,0.0,0.0
DE234,DE,SFH,27048,27048.0,0.386444165047434,932558.7721756554
DE235,DE,MFH_HIGH,10648,63972.0,0.6510879964174486,664139.774822321
DE235,DE,OTHER,132406,0.0,0.0,0.0
DE235,DE,SFH,34282,34282.0,0.34891200358255137,1281672.3562802728
DE236,DE,MFH_HIGH,6023,36278.0,0.5014582901375354,371456.8614917933
DE236,DE,OTHER,102205,0.0,0.0,0.0
DE236,DE,SFH,36067,36067.0,0.4985417098624646,1234903.3765206942
DE237,DE,MFH_HIGH,6637,39864.0,0.6134621895294081,341770.8577377826
DE237,DE,OTHER,94215,0.0,0.0,0.0
DE237,DE,SFH,25118,25118.0,0.3865378104705919,864133.7576195098
DE238,DE,MFH_HIGH,7137,42892.0,0.43999466573658996,419948.6702401811
DE238,DE,OTHER,136784,0.0,0.0,0.0
DE238,DE,SFH,54591,54591.0,0.56000533426341,1816303.284240361
DE239,DE,MFH_HIGH,8278,49710.0,0.5614031125064938,476962.5095433446
DE239,DE,OTHER,128467,0.0,0.0,0.0
DE239,DE,SFH,38836,38836.0,0.4385968874935062,1451354.457062403
DE23A,DE,MFH_HIGH,7335,44024.0,0.7222732642079013,392483.70327937556
DE23A,DE,OTHER,69272,0.0,0.0,0.0
DE23A,DE,SFH,16928,16928.0,0.2777267357920987,596954.0608004285
DE241,DE,MFH_HIGH,4425,28076.0,0.7402446741193841,386251.64577433036
DE241,DE,OTHER,22086,0.0,0.0,0.0
DE241,DE,SFH,9852,9852.0,0.2597553258806159,288268.32914789265
DE242,DE,MFH_HIGH,5301,32884.0,0.7906898458727067,391155.8108018687
DE242,DE,OTHER,23378,0.0,0.0,0.0
DE242,DE,SFH,8705,8705.0,0.20931015412729329,248467.8764004197
DE243,DE,MFH_HIGH,3831,23280.0,0.7919714237115155,251745.35603703873
DE243,DE,OTHER,18719,0.0,0.0,0.0
DE243,DE,SFH,6115,6115.0,0.20802857628848442,186669.2768690941
DE244,DE,MFH_HIGH,6229,38088.0,0.9048535385931152,348329.1149091297
DE244,DE,OTHER,19282,0.0,0.0,0.0
DE244,DE,SFH,4005,4005.0,0.09514646140688475,122279.583039319
DE245,DE,MFH_HIGH,9166,55122.0,0.611508636469531,424675.7060397863
DE245,DE,OTHER,111991,0.0,0.0,0.0
DE245,DE,SFH,35019,35019.0,0.3884913635304689,1191673.537920304
DE246,DE,MFH_HIGH,9166,55010.0,0.6749030769985769,444709.7763948058
DE246,DE,OTHER,103384,0.0,0.0,0.0
DE246,DE,SFH,26498,26498.0,0.3250969230014232,886584.5040783277
DE247,DE,MFH_HIGH,6699,40236.0,0.6623755041567208,327927.28218475234
DE247,DE,OTHER,72469,0.0,0.0,0.0
DE247,DE,SFH,20509,20509.0,0.3376244958432793,665554.5328647193
DE248,DE,MFH_HIGH,11478,69078.0,0.7383204540353352,541413.1131204688
DE248,DE,OTHER,79522,0.0,0.0,0.0
DE248,DE,SFH,24483,24483.0,0.26167954596466475,802018.3655465373
DE249,DE,MFH_HIGH,13436,80686.0,0.7956649935408798,578149.7562024574
DE249,DE,OTHER,82182,0.0,0.0,0.0
DE249,DE,SFH,20721,20721.0,0.20433500645912017,667668.3130195987
DE24A,DE,MFH_HIGH,7020,42148.0,0.7225536583693342,302147.0077135115
DE24A,DE,OTHER,54219,0.0,0.0,0.0
DE24A,DE,SFH,16184,16184.0,0.27744634163066584,528907.2615164424
DE24B,DE,MFH_HIGH,6520,39162.0,0.6934518539504905,311781.7355573138
DE24B,DE,OTHER,61121,0.0,0.0,0.0
DE24B,DE,SFH,17312,17312.0,0.30654814604950953,559020.8375433573
DE24C,DE,MFH_HIGH,5762,34628.0,0.6851331565826442,281341.28466643096
DE24C,DE,OTHER,59569,0.0,0.0,0.0
DE24C,DE,SFH,15914,15914.0,0.3148668434173559,524875.2230218988
DE24D,DE,MFH_HIGH,9927,59730.0,0.8109098808004561,460839.05197610974
DE24D,DE,OTHER,57237,0.0,0.0,0.0
DE24D,DE,SFH,13928,13928.0,0.18909011919954383,445414.4640338385
DE251,DE,MFH_HIGH,2765,16716.0,0.6938114805130121,180897.6624559918
DE251,DE,OTHER,19100,0.0,0.0,0.0
DE251,DE,SFH,7377,7377.0,0.30618851948698794,216824.36368194188
DE252,DE,MFH_HIGH,5934,37942.0,0.7333062754875244,574398.0145184282
DE252,DE,OTHER,27797,0.0,0.0,0.0
DE252,DE,SFH,13799,13799.0,0.2666937245124756,387879.000670517
DE253,DE,MFH_HIGH,6578,43234.0,0.755165848631465,594520.3331080666
DE253,DE,OTHER,29530,0.0,0.0,0.0
DE253,DE,SFH,14017,14017.0,0.24483415136853504,368656.0562118793
DE254,DE,MFH_HIGH,24461,170146.0,0.7694770689085967,2585230.98550249
DE254,DE,OTHER,111285,0.0,0.0,0.0
DE254,DE,SFH,50973,50973.0,0.23052293109140326,1266284.8364660814
DE255,DE,MFH_HIGH,1890,11578.0,0.5835097268420523,133429.425742469
DE255,DE,OTHER,16366,0.0,0.0,0.0
DE255,DE,SFH,8264,8264.0,0.4164902731579478,228432.7509528688
DE256,DE,MFH_HIGH,5814,34926.0,0.3895773611002666,366849.478889186
DE256,DE,OTHER,173531,0.0,0.0,0.0
DE256,DE,SFH,54725,54725.0,0.6104226388997334,1863188.0535921955
DE257,DE,MFH_HIGH,8319,50208.0,0.6016897357540896,433165.4992938477
DE257,DE,OTHER,72737,0.0,0.0,0.0
DE257,DE,SFH,33237,33237.0,0.3983102642459105,1047090.3639651616
DE258,DE,MFH_HIGH,4623,28522.0,0.5027409091710292,295189.48894344975
DE258,DE,OTHER,58041,0.0,0.0,0.0
DE258,DE,SFH,28211,28211.0,0.4972590908289708,839982.3510838534
DE259,DE,MFH_HIGH,10572,63936.0,0.6110033352127751,582802.8329350578
DE259,DE,OTHER,108872,0.0,0.0,0.0
DE259,DE,SFH,40705,40705.0,0.3889966647872249,1194709.8153052889
DE25A,DE,MFH_HIGH,4474,26900.0,0.4912075671530048,249834.91229545075
DE25A,DE,OTHER,91864,0.0,0.0,0.0
DE25A,DE,SFH,27863,27863.0,0.5087924328469953,920482.282956418
DE25B,DE,MFH_HIGH,5790,34796.0,0.5125274336804584,326850.6065499979
DE25B,DE,OTHER,95937,0.0,0.0,0.0
DE25B,DE,SFH,33095,33095.0,0.4874725663195416,1034512.1082729794
DE25C,DE,MFH_HIGH,4445,26782.0,0.5130454771847822,274054.4259535351
DE25C,DE,OTHER,91190,0.0,0.0,0.0
DE25C,DE,SFH,25420,25420.0,0.4869545228152178,868290.1554647373
DE261,DE,MFH_HIGH,5115,31068.0,0.791743119266055,357803.25459278893
DE261,DE,OTHER,21762,0.0,0.0,0.0
DE261,DE,SFH,8172,8172.0,0.20825688073394497,248236.49755415917
DE262,DE,MFH_HIGH,4564,27916.0,0.8473516466838671,293864.5758442299
DE262,DE,OTHER,17317,0.0,0.0,0.0
DE262,DE,SFH,5029,5029.0,0.15264835331613294,134570.97567494013
DE263,DE,MFH_HIGH,9585,59624.0,0.8318196403409646,769742.6845149846
DE263,DE,OTHER,33137,0.0,0.0,0.0
DE263,DE,SFH,12055,12055.0,0.1681803596590354,341640.9857252803
DE264,DE,MFH_HIGH,17792,106920.0,0.7574705640647803,800854.7186135099
DE264,DE,OTHER,107045,0.0,0.0,0.0
DE264,DE,SFH,34234,34234.0,0.2425294359352197,1087851.3850755214
DE265,DE,MFH_HIGH,8904,53564.0,0.6954105809802013,430916.6745613164
DE265,DE,OTHER,98195,0.0,0.0,0.0
DE265,DE,SFH,23461,23461.0,0.30458941901979875,783925.1461025873
DE266,DE,MFH_HIGH,6965,41818.0,0.6661675215853697,330601.60823191714
DE266,DE,OTHER,74960,0.0,0.0,0.0
DE266,DE,SFH,20956,20956.0,0.33383247841463026,685100.8581220049
DE267,DE,MFH_HIGH,7544,45320.0,0.6860429912201029,338503.62435217336
DE267,DE,OTHER,80326,0.0,0.0,0.0
DE267,DE,SFH,20740,20740.0,0.3139570087798971,693569.5780667498
DE268,DE,MFH_HIGH,6673,40080.0,0.6438037105453377,354390.60510729114
DE268,DE,OTHER,65396,0.0,0.0,0.0
DE268,DE,SFH,22175,22175.0,0.35619628945466225,745147.9891058158
DE269,DE,MFH_HIGH,10828,65010.0,0.6915221784916499,493273.96704576624
DE269,DE,OTHER,74582,0.0,0.0,0.0
DE269,DE,SFH,29000,29000.0,0.3084778215083502,909761.740446617
DE26A,DE,MFH_HIGH,14642,87852.0,0.7601166322019087,636406.0189251134
DE26A,DE,OTHER,103991,0.0,0.0,0.0
DE26A,DE,SFH,27725,27725.0,0.23988336779809133,876190.818621043
DE26B,DE,MFH_HIGH,8205,49286.0,0.6266815858403479,361219.4307964327
DE26B,DE,OTHER,92758,0.0,0.0,0.0
DE26B,DE,SFH,29360,29360.0,0.3733184141596521,943154.37023357
DE26C,DE,MFH_HIGH,14706,88600.0,0.7104824223761869,701608.0005817523
DE26C,DE,OTHER,100452,0.0,0.0,0.0
DE26C,DE,SFH,36104,36104.0,0.2895175776238132,1122110.5848612036
DE271,DE,MFH_HIGH,12873,83888.0,0.7594698341421018,1357514.1375284777
DE271,DE,OTHER,59370,0.0,0.0,0.0
DE271,DE,SFH,26568,26568.0,0.24053016585789816,665652.0105198418
DE272,DE,MFH_HIGH,2861,17278.0,0.7194370419720186,207121.0130734129
DE272,DE,OTHER,12761,0.0,0.0,0.0
DE272,DE,SFH,6738,6738.0,0.28056295802798137,166278.2704364147
DE273,DE,MFH_HIGH,3608,22544.0,0.7725839616175463,312834.06386556267
DE273,DE,OTHER,17292,0.0,0.0,0.0
DE273,DE,SFH,6636,6636.0,0.22741603838245372,183994.7059753056
DE274,DE,MFH_HIGH,2424,14656.0,0.6778281380075849,172813.26767751022
DE274,DE,OTHER,14192,0.0,0.0,0.0
DE274,DE,SFH,6966,6966.0,0.32217186199241515,184899.7704991745
DE275,DE,MFH_HIGH,4681,28128.0,0.44052559865937885,288329.7944332704
DE275,DE,OTHER,80468,0.0,0.0,0.0
DE275,DE,SFH,35723,35723.0,0.5594744013406211,1140231.633367651
DE276,DE,MFH_HIGH,9080,55642.0,0.4657949370479507,619382.854074033
DE276,DE,OTHER,149365,0.0,0.0,0.0
DE276,DE,SFH,63814,63814.0,0.5342050629520493,1958104.0350881552
DE277,DE,MFH_HIGH,3583,21568.0,0.4281148891403164,245843.89889265687
DE277,DE,OTHER,67951,0.0,0.0,0.0
DE277,DE,SFH,28811,28811.0,0.5718851108596836,942407.1498391991
DE278,DE,MFH_HIGH,3667,22072.0,0.37602003441285203,249375.27280938363
DE278,DE,OTHER,86239,0.0,0.0,0.0
DE278,DE,SFH,36627,36627.0,0.623979965587148,1146365.1494539306
DE279,DE,MFH_HIGH,5670,35322.0,0.4626204945515507,440725.2038865927
DE279,DE,OTHER,84753,0.0,0.0,0.0
DE279,DE,SFH,41030,41030.0,0.5373795054484493,1176515.002153075
DE27A,DE,MFH_HIGH,5489,32976.0,0.7066538090646094,356354.0428044199
DE27A,DE,OTHER,38199,0.0,0.0,0.0
DE27A,DE,SFH,13689,13689.0,0.29334619093539055,422592.849190764
DE27B,DE,MFH_HIGH,7019,42338.0,0.5274054511933828,457855.30967151956
DE27B,DE,OTHER,92328,0.0,0.0,0.0
DE27B,DE,SFH,37938,37938.0,0.47259454880661717,1188533.4124435675
DE27C,DE,MFH_HIGH,7450,44714.0,0.5236935185402075,429919.8475620081
DE27C,DE,OTHER,102482,0.0,0.0,0.0
DE27C,DE,SFH,40668,40668.0,0.4763064814597925,1255446.7727823132
DE27D,DE,MFH_HIGH,4115,24844.0,0.38157551183400146,277730.78372861946
DE27D,DE,OTHER,105358,0.0,0.0,0.0
DE27D,DE,SFH,40265,40265.0,0.6184244881659986,1373311.1140802838
DE27E,DE,MFH_HIGH,10258,61716.0,0.6671423012063822,707761.6868744908
DE27E,DE,OTHER,89551,0.0,0.0,0.0
DE27E,DE,SFH,30792,30792.0,0.3328576987936179,976057.2697134992
DE300,DE,MFH_HIGH,134537,994514.0,0.7918319444953128,11269742.11115038
DE300,DE,OTHER,437682,0.0,0.0,0.0
DE300,DE,SFH,261452,261452.0,0.20816805550468723,3307856.7766237976
DE401,DE,MFH_HIGH,2682,16652.0,0.5318428617055254,332810.00346910575
DE401,DE,OTHER,39039,0.0,0.0,0.0
DE401,DE,SFH,14658,14658.0,0.4681571382944746,264524.396743
DE402,DE,MFH_HIGH,2429,17570.0,0.5675247908524177,455089.188302928
DE402,DE,OTHER,39532,0.0,0.0,0.0
DE402,DE,SFH,13389,13389.0,0.4324752091475823,317903.484809857
DE403,DE,MFH_HIGH,1956,14284.0,0.6799638215832817,296035.25281321455
DE403,DE,OTHER,23310,0.0,0.0,0.0
DE403,DE,SFH,6723,6723.0,0.3200361784167182,167541.70071310393
DE404,DE,MFH_HIGH,5146,33830.0,0.676884291402389,856224.7061289492
DE404,DE,OTHER,33702,0.0,0.0,0.0
DE404,DE,SFH,16149,16149.0,0.323115708597611,393679.7626509917
DE405,DE,MFH_HIGH,3685,22754.0,0.264873988708457,419203.9907286094
DE405,DE,OTHER,126275,0.0,0.0,0.0
DE405,DE,SFH,63151,63151.0,0.735126011291543,1352808.1319462417
DE406,DE,MFH_HIGH,3667,22576.0,0.2550182430219029,345793.65861353884
DE406,DE,OTHER,165230,0.0,0.0,0.0
DE406,DE,SFH,65951,65951.0,0.7449817569780971,1385476.9524222347
DE407,DE,MFH_HIGH,2793,16828.0,0.27888631090487237,250222.67938128364
DE407,DE,OTHER,135817,0.0,0.0,0.0
DE407,DE,SFH,43512,43512.0,0.7211136890951276,1072159.0126132465
DE408,DE,MFH_HIGH,3528,21322.0,0.2748955701098448,343087.89369008725
DE408,DE,OTHER,110762,0.0,0.0,0.0
DE408,DE,SFH,56242,56242.0,0.7251044298901552,1249921.86007626
DE409,DE,MFH_HIGH,3160,19758.0,0.2196675746289399,360482.5712786914
DE409,DE,OTHER,158265,0.0,0.0,0.0
DE409,DE,SFH,70187,70187.0,0.7803324253710601,1526465.903224319
DE40A,DE,MFH_HIGH,5853,35314.0,0.3141898805128251,532191.5813676696
DE40A,DE,OTHER,131243,0.0,0.0,0.0
DE40A,DE,SFH,77083,77083.0,0.685810119487175,1728792.3313531762
DE40B,DE,MFH_HIGH,2269,13768.0,0.2946098046348405,294781.6453627893
DE40B,DE,OTHER,112388,0.0,0.0,0.0
DE40B,DE,SFH,32965,32965.0,0.7053901953651596,824105.7066978215
DE40C,DE,MFH_HIGH,3718,23932.0,0.28050024027473364,450609.5591366496
DE40C,DE,OTHER,137016,0.0,0.0,0.0
DE40C,DE,SFH,61387,61387.0,0.7194997597252664,1320309.9789243534
DE40D,DE,MFH_HIGH,2866,17308.0,0.3251366633479233,261779.7480535807
DE40D,DE,OTHER,103604,0.0,0.0,0.0
DE40D,DE,SFH,35925,35925.0,0.6748633366520768,806545.7935547961
DE40E,DE,MFH_HIGH,3811,23034.0,0.20780181513090235,361453.38275507477
DE40E,DE,OTHER,171582,0.0,0.0,0.0
DE40E,DE,SFH,87812,87812.0,0.7921981848690977,1829431.6981352435
DE40F,DE,MFH_HIGH,2462,14842.0,0.3502123643227938,196127.91675690032
DE40F,DE,OTHER,78656,0.0,0.0,0.0
DE40F,DE,SFH,27538,27538.0,0.6497876356772062,632525.6216443095
DE40G,DE,MFH_HIGH,2295,13938.0,0.2775664642039231,252702.45894112776
DE40G,DE,OTHER,131145,0.0,0.0,0.0
DE40G,DE,SFH,36277,36277.0,0.7224335357960768,888511.393188531
DE40H,DE,MFH_HIGH,3624,21954.0,0.25511887884351686,378683.0032961429
DE40H,DE,OTHER,134601,0.0,0.0,0.0
DE40H,DE,SFH,64100,64100.0,0.7448811211564831,1329745.595892473
DE40I,DE,MFH_HIGH,2926,18144.0,0.34968970435184826,342860.22311544477
DE40I,DE,OTHER,110713,0.0,0.0,0.0
DE40I,DE,SFH,33742,33742.0,0.6503102956481517,791574.7987192643
DE501,DE,MFH_HIGH,32997,212080.0,0.5823126113733275,2660301.616237331
DE501,DE,OTHER,130715,0.0,0.0,0.0
DE501,DE,SFH,152123,152123.0,0.4176873886266725,1833460.7634023316
DE502,DE,MFH_HIGH,3777,23390.0,0.6817254444768289,701812.1000518833
DE502,DE,OTHER,10671,0.0,0.0,0.0
DE502,DE,SFH,10920,10920.0,0.3182745555231711,337213.4223804227
DE600,DE,MFH_HIGH,47073,322618.0,0.6492143857559123,7402702.241563476
DE600,DE,OTHER,199615,0.0,0.0,0.0
DE600,DE,SFH,174318,174318.0,0.3507856142440878,3519156.615444364
DE711,DE,MFH_HIGH,6913,44082.0,0.45194693350283993,585331.3706467566
DE711,DE,OTHER,17370,0.0,0.0,0.0
DE711,DE,SFH,53456,53456.0,0.5480530664971601,581873.5790271496
DE712,DE,MFH_HIGH,48099,361646.0,0.704925861601826,3929946.4819095903
DE712,DE,OTHER,53032,0.0,0.0,0.0
DE712,DE,SFH,151381,151381.0,0.295074138398174,1620697.9411930386
DE713,DE,MFH_HIGH,4953,37964.0,0.48910074723009533,429756.1526979037
DE713,DE,OTHER,9412,0.0,0.0,0.0
DE713,DE,SFH,39656,39656.0,0.5108992527699047,393121.39383972617
DE714,DE,MFH_HIGH,12516,81228.0,0.4751231267767106,1058954.9890095533
DE714,DE,OTHER,24008,0.0,0.0,0.0
DE714,DE,SFH,89734,89734.0,0.5248768732232894,1072648.7114914637
DE715,DE,MFH_HIGH,4854,31770.0,0.12765290624321957,355312.48566505243
DE715,DE,OTHER,55202,0.0,0.0,0.0
DE715,DE,SFH,217108,217108.0,0.8723470937567804,2261061.6431350247
DE716,DE,MFH_HIGH,3633,22540.0,0.09081934846989141,286378.3698371772
DE716,DE,OTHER,44054,0.0,0.0,0.0
DE716,DE,SFH,225645,225645.0,0.9091806515301086,2464457.4523175946
DE717,DE,MFH_HIGH,3982,27644.0,0.13741201733805225,389276.0430324528
DE717,DE,OTHER,40010,0.0,0.0,0.0
DE717,DE,SFH,173532,173532.0,0.8625879826619477,1710872.6470268604
DE718,DE,MFH_HIGH,5979,40130.0,0.23611021222266024,511422.76020566607
DE718,DE,OTHER,26108,0.0,0.0,0.0
DE718,DE,SFH,129833,129833.0,0.7638897877773397,1667238.3458505468
DE719,DE,MFH_HIGH,7249,47092.0,0.13327371316662326,595360.1291837308
DE719,DE,OTHER,75966,0.0,0.0,0.0
DE719,DE,SFH,306256,306256.0,0.8667262868333767,3328451.918221312
DE71A,DE,MFH_HIGH,4123,28154.0,0.18279088188127748,431967.96913488756
DE71A,DE,OTHER,20908,0.0,0.0,0.0
DE71A,DE,SFH,125869,125869.0,0.8172091181187225,1470175.406159087
DE71B,DE,MFH_HIGH,1132,7002.0,0.06846381742982019,72288.12896351855
DE71B,DE,OTHER,29726,0.0,0.0,0.0
DE71B,DE,SFH,95271,95271.0,0.9315361825701798,953324.9068542018
DE71C,DE,MFH_HIGH,8406,59564.0,0.23176924244251879,715257.0531114226
DE71C,DE,OTHER,37831,0.0,0.0,0.0
DE71C,DE,SFH,197433,197433.0,0.7682307575574813,2169734.316382563
DE71D,DE,MFH_HIGH,2470,15884.0,0.10603117385935049,189839.94031813627
DE71D,DE,OTHER,32912,0.0,0.0,0.0
DE71D,DE,SFH,133921,133921.0,0.8939688261406495,1554292.761643393
DE71E,DE,MFH_HIGH,4398,27032.0,0.10375414045497987,319946.47637870896
DE71E,DE,OTHER,66635,0.0,0.0,0.0
DE71E,DE,SFH,233507,233507.0,0.8962458595450201,2591413.9581465707
DE721,DE,MFH_HIGH,4923,30840.0,0.12486739924366957,381710.54571478715
DE721,DE,OTHER,49452,0.0,0.0,0.0
DE721,DE,SFH,216142,216142.0,0.8751326007563304,2240654.034596057
DE722,DE,MFH_HIGH,3646,22506.0,0.09289405471445789,235461.7032524196
DE722,DE,OTHER,53691,0.0,0.0,0.0
DE722,DE,SFH,219770,219770.0,0.9071059452855421,2385648.3303500856
DE723,DE,MFH_HIGH,2278,13752.0,0.08083040426957575,157198.18915575306
DE723,DE,OTHER,34882,0.0,0.0,0.0
DE723,DE,SFH,156382,156382.0,0.9191695957304242,1687753.0722808517
DE724,DE,MFH_HIGH,3953,23928.0,0.11578998306315025,275785.5232489877
DE724,DE,OTHER,75988,0.0,0.0,0.0
DE724,DE,SFH,182722,182722.0,0.8842100169368498,1945827.23021359
DE725,DE,MFH_HIGH,1651,9948.0,0.08279650436953807,83805.62661935423
DE725,DE,OTHER,51245,0.0,0.0,0.0
DE725,DE,SFH,110202,110202.0,0.9172034956304619,1234434.3854111694
DE731,DE,MFH_HIGH,9167,59174.0,0.445990352728369,777596.8156541829
DE731,DE,OTHER,17091,0.0,0.0,0.0
DE731,DE,SFH,73506,73506.0,0.554009647271631,852996.3542931614
DE732,DE,MFH_HIGH,4719,28874.0,0.16523883919629623,284359.9199701385
DE732,DE,OTHER,63681,0.0,0.0,0.0
DE732,DE,SFH,145867,145867.0,0.8347611608037038,2043277.668401228
DE733,DE,MFH_HIGH,1365,8246.0,0.06886645119802237,94542.24678333379
DE733,DE,OTHER,50848,0.0,0.0,0.0
DE733,DE,SFH,111493,111493.0,0.9311335488019776,1184081.09278885
DE734,DE,MFH_HIGH,3050,18678.0,0.08204195656757327,225313.0264837681
DE734,DE,OTHER,52825,0.0,0.0,0.0
DE734,DE,SFH,208986,208986.0,0.9179580434324267,2319623.2124810503
DE735,DE,MFH_HIGH,2461,14808.0,0.08479060019926478,147318.46025506253
DE735,DE,OTHER,70745,0.0,0.0,0.0
DE735,DE,SFH,159834,159834.0,0.9152093998007352,1812648.1440459327
DE736,DE,MFH_HIGH,2285,13808.0,0.09329981891402471,140197.31262691872
DE736,DE,OTHER,69735,0.0,0.0,0.0
DE736,DE,SFH,134188,134188.0,0.9067001810859753,1597578.243774246
DE737,DE,MFH_HIGH,3212,19384.0,0.13021543587642162,162904.20089703964
DE737,DE,OTHER,31388,0.0,0.0,0.0
DE737,DE,SFH,129477,129477.0,0.8697845641235784,1244274.1969545635
DE803,DE,MFH_HIGH,5727,47746.0,0.6019794490323394,1053940.0670366217
DE803,DE,OTHER,38028,0.0,0.0,0.0
DE803,DE,SFH,31569,31569.0,0.3980205509676606,398889.316191482
DE804,DE,MFH_HIGH,3455,21332.0,0.6423173045075427,474416.28165598697
DE804,DE,OTHER,27151,0.0,0.0,0.0
DE804,DE,SFH,11879,11879.0,0.3576826954924573,230457.02378122625
DE80J,DE,MFH_HIGH,5909,39150.0,0.3075509049773756,744913.8911581887
DE80J,DE,OTHER,201729,0.0,0.0,0.0
DE80J,DE,SFH,88146,88146.0,0.6924490950226244,1529029.373037398
DE80K,DE,MFH_HIGH,5064,30622.0,0.28208222408504285,444639.41927680385
DE80K,DE,OTHER,209301,0.0,0.0,0.0
DE80K,DE,SFH,77935,77935.0,0.7179177759149571,1494830.7712398442
DE80L,DE,MFH_HIGH,5810,36036.0,0.2864501359278867,696114.1967980394
DE80L,DE,OTHER,181058,0.0,0.0,0.0
DE80L,DE,SFH,89766,89766.0,0.7135498640721133,1627751.015451995
DE80M,DE,MFH_HIGH,4524,27214.0,0.35380535115317613,389435.000712434
DE80M,DE,OTHER,119061,0.0,0.0,0.0
DE80M,DE,SFH,49704,49704.0,0.6461946488468239,1004908.6022772804
DE80N,DE,MFH_HIGH,6837,43024.0,0.3369911726233835,681100.8044794858
DE80N,DE,OTHER,243574,0.0,0.0,0.0
DE80N,DE,SFH,84647,84647.0,0.6630088273766165,1534841.2496742825
DE80O,DE,MFH_HIGH,5072,30446.0,0.28304482829146754,418793.51718975935
DE80O,DE,OTHER,216848,0.0,0.0,0.0
DE80O,DE,SFH,77120,77120.0,0.7169551717085324,1602472.6613416711
DE911,DE,MFH_HIGH,25995,180386.0,0.7379078443564486,1080320.8361639665
DE911,DE,OTHER,105987,0.0,0.0,0.0
DE911,DE,SFH,64070,64070.0,0.26209215564355137,930713.9152961904
DE912,DE,MFH_HIGH,4772,29976.0,0.48763664757938574,202294.41245973535
DE912,DE,OTHER,63985,0.0,0.0,0.0
DE912,DE,SFH,31496,31496.0,0.5123633524206143,583440.3615395232
DE913,DE,MFH_HIGH,6689,45076.0,0.51608028119025,363122.481262757
DE913,DE,OTHER,76594,0.0,0.0,0.0
DE913,DE,SFH,42267,42267.0,0.48391971880975004,668868.129969816
DE914,DE,MFH_HIGH,2930,17832.0,0.12348944951904765,153745.34775703007
DE914,DE,OTHER,179088,0.0,0.0,0.0
DE914,DE,SFH,126569,126569.0,0.8765105504809524,1732145.9623864526
DE916,DE,MFH_HIGH,11739,72674.0,0.5419631005115815,434754.73290616466
DE916,DE,OTHER,144095,0.0,0.0,0.0
DE916,DE,SFH,61420,61420.0,0.4580368994884186,982128.1483235708
DE917,DE,MFH_HIGH,4130,24976.0,0.3867570999411564,177731.00866090468
DE917,DE,OTHER,105389,0.0,0.0,0.0
DE917,DE,SFH,39602,39602.0,0.6132429000588435,767675.6337418185
DE918,DE,MFH_HIGH,6413,39248.0,0.44127633738841043,262365.0018680902
DE918,DE,OTHER,161367,0.0,0.0,0.0
DE918,DE,SFH,49694,49694.0,0.5587236626115896,1085677.263935444
DE91A,DE,MFH_HIGH,3062,18750.0,0.2593181661019293,151131.12480167902
DE91A,DE,OTHER,137789,0.0,0.0,0.0
DE91A,DE,SFH,53555,53555.0,0.7406818338980706,1142114.1953174628
DE91B,DE,MFH_HIGH,3954,23864.0,0.3101315173883662,176296.2707516997
DE91B,DE,OTHER,102446,0.0,0.0,0.0
DE91B,DE,SFH,53084,53084.0,0.6898684826116338,953948.92446872
DE91C,DE,MFH_HIGH,23055,145512.0,0.5500587815029164,861162.772158436
DE91C,DE,OTHER,291783,0.0,0.0,0.0
DE91C,DE,SFH,119027,119027.0,0.44994121849708363,2028902.0679508108
DE922,DE,MFH_HIGH,4370,26220.0,0.204210378747167,250743.21254039067
DE922,DE,OTHER,247479,0.0,0.0,0.0
DE922,DE,SFH,102177,102177.0,0.795789621252833,1990395.2206014777
DE923,DE,MFH_HIGH,4822,28960.0,0.3740393929609299,248377.33359060495
DE923,DE,OTHER,133670,0.0,0.0,0.0
DE923,DE,SFH,48465,48465.0,0.6259606070390701,1145277.4972867433
DE925,DE,MFH_HIGH,13722,84684.0,0.4710292849792808,603790.7983922304
DE925,DE,OTHER,230622,0.0,0.0,0.0
DE925,DE,SFH,95101,95101.0,0.5289707150207192,1902207.9572552668
DE926,DE,MFH_HIGH,2699,16236.0,0.36786296900489396,120919.7445853888
DE926,DE,OTHER,73717,0.0,0.0,0.0
DE926,DE,SFH,27900,27900.0,0.632137030995106,644809.007993052
DE927,DE,MFH_HIGH,2724,16848.0,0.2486606154527341,159289.2650078498
DE927,DE,OTHER,159177,0.0,0.0,0.0
DE927,DE,SFH,50907,50907.0,0.7513393845472659,1098154.6195275646
DE928,DE,MFH_HIGH,3539,21430.0,0.22427578700602813,198743.15051746176
DE928,DE,OTHER,141203,0.0,0.0,0.0
DE928,DE,SFH,74122,74122.0,0.7757242129939719,1434826.6332333696
DE929,DE,MFH_HIGH,60270,392994.0,0.5856308144863135,3359307.8524242565
DE929,DE,OTHER,499240,0.0,0.0,0.0
DE929,DE,SFH,278067,278067.0,0.4143691855136865,5364003.989941362
DE931,DE,MFH_HIGH,4376,26928.0,0.2827175659075876,301686.4911719992
DE931,DE,OTHER,157378,0.0,0.0,0.0
DE931,DE,SFH,68319,68319.0,0.7172824340924123,1465783.8722134004
DE932,DE,MFH_HIGH,5746,36884.0,0.27160130189540654,306077.01460561884
DE932,DE,OTHER,257808,0.0,0.0,0.0
DE932,DE,SFH,98918,98918.0,0.7283986981045935,1849336.5095891848
DE933,DE,MFH_HIGH,4650,28292.0,0.21799297293965358,317182.54151721875
DE933,DE,OTHER,203096,0.0,0.0,0.0
DE933,DE,SFH,101492,101492.0,0.7820070270603464,1976219.9633428557
DE934,DE,MFH_HIGH,2451,14706.0,0.3640910103735981,142686.314812661
DE934,DE,OTHER,80282,0.0,0.0,0.0
DE934,DE,SFH,25685,25685.0,0.635908989626402,537742.3216035829
DE935,DE,MFH_HIGH,7620,49640.0,0.4380322082506067,415319.44193890726
DE935,DE,OTHER,153496,0.0,0.0,0.0
DE935,DE,SFH,63685,63685.0,0.5619677917493934,1243443.7864255433
DE936,DE,MFH_HIGH,2337,14190.0,0.2242308360855206,142317.61535453514
DE936,DE,OTHER,98646,0.0,0.0,0.0
DE936,DE,SFH,49093,49093.0,0.7757691639144794,972332.1740008252
DE937,DE,MFH_HIGH,3378,20268.0,0.24183271685956328,207538.13565143957
DE937,DE,OTHER,208320,0.0,0.0,0.0
DE937,DE,SFH,63542,63542.0,0.7581672831404367,1492841.6105075509
DE938,DE,MFH_HIGH,3430,20580.0,0.2572789438811866,247279.23608418208
DE938,DE,OTHER,192752,0.0,0.0,0.0
DE938,DE,SFH,59411,59411.0,0.7427210561188133,1194379.296905291
DE939,DE,MFH_HIGH,5204,32442.0,0.269536897027301,290153.35504203354
DE939,DE,OTHER,191188,0.0,0.0,0.0
DE939,DE,SFH,87920,87920.0,0.730463102972699,1617600.38533932
DE93A,DE,MFH_HIGH,3222,19388.0,0.3027719216053721,189141.19067459792
DE93A,DE,OTHER,100128,0.0,0.0,0.0
DE93A,DE,SFH,44647,44647.0,0.697228078394628,835659.5798280669
DE93B,DE,MFH_HIGH,2640,15910.0,0.22296965874851096,163444.42606966972
DE93B,DE,OTHER,126454,0.0,0.0,0.0
DE93B,DE,SFH,55445,55445.0,0.7770303412514891,1186608.8273695123
DE941,DE,MFH_HIGH,1906,12374.0,0.2851612011153873,109875.6046000017
DE941,DE,OTHER,62924,0.0,0.0,0.0
DE941,DE,SFH,31019,31019.0,0.7148387988846128,490761.4408737176
DE942,DE,MFH_HIGH,2773,16960.0,0.453415318807646,129496.22793066726
DE942,DE,OTHER,38536,0.0,0.0,0.0
DE942,DE,SFH,20445,20445.0,0.5465846811923539,309732.67019945924
DE943,DE,MFH_HIGH,7554,46220.0,0.39205041859991685,376664.4202752477
DE943,DE,OTHER,106224,0.0,0.0,0.0
DE943,DE,SFH,71673,71673.0,0.6079495814000831,1070582.638098447
DE944,DE,MFH_HIGH,9570,59268.0,0.5870443740095087,431560.44912406686
DE944,DE,OTHER,82636,0.0,0.0,0.0
DE944,DE,SFH,41692,41692.0,0.4129556259904913,736151.1237824988
DE945,DE,MFH_HIGH,5094,31740.0,0.5933042974372394,333153.9723519896
DE945,DE,OTHER,56753,0.0,0.0,0.0
DE945,DE,SFH,21757,21757.0,0.40669570256276055,329943.0437180989
DE946,DE,MFH_HIGH,1706,10264.0,0.12009313536218658,95176.61283860895
DE946,DE,OTHER,157430,0.0,0.0,0.0
DE946,DE,SFH,75203,75203.0,0.8799068646378134,1245898.5882987718
DE947,DE,MFH_HIGH,3627,21888.0,0.14461270118132086,230985.68690316504
DE947,DE,OTHER,246703,0.0,0.0,0.0
DE947,DE,SFH,129468,129468.0,0.8553872988186791,2120132.5912164957
DE948,DE,MFH_HIGH,2215,13304.0,0.13223731947081216,122899.18029040736
DE948,DE,OTHER,261815,0.0,0.0,0.0
DE948,DE,SFH,87303,87303.0,0.8677626805291878,1521095.9592497775
DE949,DE,MFH_HIGH,4749,28956.0,0.1537848732533499,268253.00092070585
DE949,DE,OTHER,499852,0.0,0.0,0.0
DE949,DE,SFH,159333,159333.0,0.8462151267466501,2838262.3525161385
DE94A,DE,MFH_HIGH,1938,11782.0,0.16571959041296275,106549.4174170555
DE94A,DE,OTHER,137556,0.0,0.0,0.0
DE94A,DE,SFH,59314,59314.0,0.8342804095870372,1017750.033563426
DE94B,DE,MFH_HIGH,1534,9218.0,0.13934785566355762,88679.68309552179
DE94B,DE,OTHER,202971,0.0,0.0,0.0
DE94B,DE,SFH,56933,56933.0,0.8606521443364424,1047121.693009165
DE94C,DE,MFH_HIGH,2730,16590.0,0.13901341533923797,172387.68878985196
DE94C,DE,OTHER,235601,0.0,0.0,0.0
DE94C,DE,SFH,102751,102751.0,0.860986584660762,1772798.2808168666
DE94D,DE,MFH_HIGH,1770,10620.0,0.1128023197765197,101303.51166204008
DE94D,DE,OTHER,162668,0.0,0.0,0.0
DE94D,DE,SFH,83527,83527.0,0.8871976802234803,1243026.8793903906
DE94E,DE,MFH_HIGH,5944,35888.0,0.18689914487183493,346862.4705130402
DE94E,DE,OTHER,366186,0.0,0.0,0.0
DE94E,DE,SFH,156130,156130.0,0.8131008551281651,2898014.24200049
DE94F,DE,MFH_HIGH,2243,13458.0,0.1284050033871137,136566.12621781317
DE94F,DE,OTHER,158211,0.0,0.0,0.0
DE94F,DE,SFH,91351,91351.0,0.8715949966128863,1348490.8399185385
DE94G,DE,MFH_HIGH,2055,12624.0,0.23568068105443954,116037.24549456983
DE94G,DE,OTHER,121949,0.0,0.0,0.0
DE94G,DE,SFH,40940,40940.0,0.7643193189455605,845675.5706256973
DE94H,DE,MFH_HIGH,1171,7026.0,0.14653374489029783,77600.11644026273
DE94H,DE,OTHER,89742,0.0,0.0,0.0
DE94H,DE,SFH,40922,40922.0,0.8534662551097022,670161.0179525753
DEA11,DE,MFH_HIGH,33752,244008.0,0.7418640852264435,3333069.4334239336
DEA11,DE,OTHER,109451,0.0,0.0,0.0
DEA11,DE,SFH,84904,84904.0,0.25813591477355646,1330391.1090955068
DEA12,DE,MFH_HIGH,19634,123474.0,0.6718978717846862,1657213.4276740137
DEA12,DE,OTHER,110909,0.0,0.0,0.0
DEA12,DE,SFH,60295,60295.0,0.3281021282153138,1509865.629609133
DEA13,DE,MFH_HIGH,24167,152268.0,0.644163447992859,1949652.3613014282
DEA13,DE,OTHER,98690,0.0,0.0,0.0
DEA13,DE,SFH,84113,84113.0,0.35583655200714104,1889518.2643090016
DEA14,DE,MFH_HIGH,8349,51648.0,0.46930115489809454,627507.3962888804
DEA14,DE,OTHER,87002,0.0,0.0,0.0
DEA14,DE,SFH,58405,58405.0,0.5306988451019055,885173.8984163281
DEA15,DE,MFH_HIGH,13144,80110.0,0.5698575178369458,725552.1418869679
DEA15,DE,OTHER,98659,0.0,0.0,0.0
DEA15,DE,SFH,60469,60469.0,0.43014248216305423,1119639.918244293
DEA16,DE,MFH_HIGH,5817,36694.0,0.5329711828956541,451364.2087702409
DEA16,DE,OTHER,38493,0.0,0.0,0.0
DEA16,DE,SFH,32154,32154.0,0.4670288171043458,697406.6998073275
DEA17,DE,MFH_HIGH,5792,36054.0,0.3588105332298322,444976.0651383285
DEA17,DE,OTHER,69796,0.0,0.0,0.0
DEA17,DE,SFH,64428,64428.0,0.6411894667701677,1002709.0422308664
DEA18,DE,MFH_HIGH,4632,28436.0,0.5946590267466907,356888.7695925237
DEA18,DE,OTHER,30711,0.0,0.0,0.0
DEA18,DE,SFH,19383,19383.0,0.40534097325330937,409248.78013822605
DEA19,DE,MFH_HIGH,6854,41992.0,0.5263210668805776,479524.8914959411
DEA19,DE,OTHER,47922,0.0,0.0,0.0
DEA19,DE,SFH,37792,37792.0,0.47367893311942244,720782.8862121413
DEA1A,DE,MFH_HIGH,17254,109348.0,0.7105456388529693,1401473.8785862601
DEA1A,DE,OTHER,101146,0.0,0.0,0.0
DEA1A,DE,SFH,44545,44545.0,0.2894543611470307,960323.3615543484
DEA1B,DE,MFH_HIGH,4563,27700.0,0.21065599951328579,372715.0870109752
DEA1B,DE,OTHER,245165,0.0,0.0,0.0
DEA1B,DE,SFH,103794,103794.0,0.7893440004867143,2141064.5455581574
DEA1C,DE,MFH_HIGH,13889,90712.0,0.4630100348104819,1438306.7170406021
DEA1C,DE,OTHER,168238,0.0,0.0,0.0
DEA1C,DE,SFH,105206,105206.0,0.536989965189518,2177620.067966794
DEA1D,DE,MFH_HIGH,12279,76404.0,0.38997151927808005,1009704.1420652875
DEA1D,DE,OTHER,210591,0.0,0.0,0.0
DEA1D,DE,SFH,119518,119518.0,0.61002848072192,2433237.5031561786
DEA1E,DE,MFH_HIGH,7350,44492.0,0.2907289788023733,515371.59943680227
DEA1E,DE,OTHER,155348,0.0,0.0,0.0
DEA1E,DE,SFH,108544,108544.0,0.7092710211976267,1961761.7155535368
DEA1F,DE,MFH_HIGH,10764,67104.0,0.3181038160701588,863234.1896919943
DEA1F,DE,OTHER,260032,0.0,0.0,0.0
DEA1F,DE,SFH,143846,143846.0,0.6818961839298412,2664918.1393145914
DEA22,DE,MFH_HIGH,1507,9364.0,0.5542468185853803,186401.6656796179
DEA22,DE,OTHER,126470,0.0,0.0,0.0
DEA22,DE,SFH,7531,7531.0,0.4457531814146197,172126.01751863392
DEA23,DE,MFH_HIGH,34915,231470.0,0.6666052292814418,3529511.860636614
DEA23,DE,OTHER,199028,0.0,0.0,0.0
DEA23,DE,SFH,115767,115767.0,0.3333947707185582,2360679.85717339
DEA24,DE,MFH_HIGH,4700,30440.0,0.5058999501412664,477381.573939
DEA24,DE,OTHER,48934,0.0,0.0,0.0
DEA24,DE,SFH,29730,29730.0,0.49410004985873357,667701.7993287191
DEA26,DE,MFH_HIGH,2752,16708.0,0.15314390467461045,208227.077487779
DEA26,DE,OTHER,159749,0.0,0.0,0.0
DEA26,DE,SFH,92392,92392.0,0.8468560953253895,1800512.5949653569
DEA27,DE,MFH_HIGH,4867,30826.0,0.17822205776924677,483201.48985513044
DEA27,DE,OTHER,201191,0.0,0.0,0.0
DEA27,DE,SFH,142138,142138.0,0.8217779422307532,2497097.759396096
DEA28,DE,MFH_HIGH,2226,13650.0,0.15039830760585726,169314.98969622617
DEA28,DE,OTHER,150511,0.0,0.0,0.0
DEA28,DE,SFH,77109,77109.0,0.8496016923941427,1540648.1177917742
DEA29,DE,MFH_HIGH,1824,11056.0,0.09597555470676065,133208.80682202114
DEA29,DE,OTHER,250508,0.0,0.0,0.0
DEA29,DE,SFH,104140,104140.0,0.9040244452932393,1774702.048063264
DEA2A,DE,MFH_HIGH,2742,16564.0,0.17394957100700462,215342.13987541723
DEA2A,DE,OTHER,127440,0.0,0.0,0.0
DEA2A,DE,SFH,78659,78659.0,0.8260504289929954,1741607.7070256637
DEA2B,DE,MFH_HIGH,3343,20898.0,0.21358052449768003,288027.02608804486
DEA2B,DE,OTHER,112535,0.0,0.0,0.0
DEA2B,DE,SFH,76948,76948.0,0.7864194755023199,1657579.9059706635
DEA2C,DE,MFH_HIGH,6602,41040.0,0.1594517099097839,569041.6876490475
DEA2C,DE,OTHER,311772,0.0,0.0,0.0
DEA2C,DE,SFH,216342,216342.0,0.8405482900902161,3856481.375999347
DEA2D,DE,MFH_HIGH,11845,73646.0,0.3426431246655966,1013794.552379474
DEA2D,DE,OTHER,217901,0.0,0.0,0.0
DEA2D,DE,SFH,141289,141289.0,0.6573568753344035,2594938.920653668
DEA31,DE,MFH_HIGH,2309,14316.0,0.34361423805294866,186037.94802005045
DEA31,DE,OTHER,47230,0.0,0.0,0.0
DEA31,DE,SFH,27347,27347.0,0.6563857619470513,592315.653425932
DEA32,DE,MFH_HIGH,11629,73834.0,0.6641062080627462,920096.7228929136
DEA32,DE,OTHER,59376,0.0,0.0,0.0
DEA32,DE,SFH,37344,37344.0,0.33589379193725377,832892.6682955837
DEA33,DE,MFH_HIGH,9333,58504.0,0.536586260662203,973070.1062872674
DEA33,DE,OTHER,83479,0.0,0.0,0.0
DEA33,DE,SFH,50526,50526.0,0.46341373933779695,1185071.8823343385
DEA34,DE,MFH_HIGH,3850,23142.0,0.17492195708206412,284195.50538413395
DEA34,DE,OTHER,245179,0.0,0.0,0.0
DEA34,DE,SFH,109157,109157.0,0.8250780429179358,2172924.102757038
DEA35,DE,MFH_HIGH,3346,20076.0,0.22528699516344416,225506.28018115947
DEA35,DE,OTHER,148868,0.0,0.0,0.0
DEA35,DE,SFH,69037,69037.0,0.7747130048365558,1423409.6504011094
DEA36,DE,MFH_HIGH,8539,52844.0,0.2560593873259228,719185.8304296207
DEA36,DE,OTHER,258340,0.0,0.0,0.0
DEA36,DE,SFH,153530,153530.0,0.7439406126740772,3267359.4608968548
DEA37,DE,MFH_HIGH,6616,40088.0,0.2048776498967639,487784.34953234415
DEA37,DE,OTHER,230265,0.0,0.0,0.0
DEA37,DE,SFH,155580,155580.0,0.7951223501032361,2892868.332836108
DEA38,DE,MFH_HIGH,4189,25246.0,0.24888599708190387,270671.15683176357
DEA38,DE,OTHER,165707,0.0,0.0,0.0
DEA38,DE,SFH,76190,76190.0,0.7511140029180962,1702829.2609435604
DEA41,DE,MFH_HIGH,9641,59428.0,0.5254836770063311,918141.649832214
DEA41,DE,OTHER,107815,0.0,0.0,0.0
DEA41,DE,SFH,53664,53664.0,0.47451632299366886,1416004.633044774
DEA42,DE,MFH_HIGH,7174,43366.0,0.3191703895606862,577284.9612235263
DEA42,DE,OTHER,204550,0.0,0.0,0.0
DEA42,DE,SFH,92505,92505.0,0.6808296104393138,2402164.14032024
DEA43,DE,MFH_HIGH,4571,27664.0,0.29068289043701206,346064.4432400356
DEA43,DE,OTHER,165974,0.0,0.0,0.0
DEA43,DE,SFH,67505,67505.0,0.709317109562988,1684501.2184772796
DEA44,DE,MFH_HIGH,2536,15370.0,0.22064629121865087,204038.2298539797
DEA44,DE,OTHER,89456,0.0,0.0,0.0
DEA44,DE,SFH,54289,54289.0,0.7793537087813491,1235873.0235585445
DEA45,DE,MFH_HIGH,5646,34184.0,0.27641303468909195,463205.4737606857
DEA45,DE,OTHER,196248,0.0,0.0,0.0
DEA45,DE,SFH,89486,89486.0,0.723586965310908,2318217.1777567705
DEA46,DE,MFH_HIGH,10323,62358.0,0.43041137493097736,755557.2586814592
DEA46,DE,OTHER,167388,0.0,0.0,0.0
DEA46,DE,SFH,82522,82522.0,0.5695886250690226,2122533.7143727792
DEA47,DE,MFH_HIGH,6008,36944.0,0.3467682892489065,566516.5474180706
DEA47,DE,OTHER,137692,0.0,0.0,0.0
DEA47,DE,SFH,69594,69594.0,0.6532317107510935,2059349.4437213852
DEA51,DE,MFH_HIGH,13070,83488.0,0.5685721679674198,1081479.1015268774
DEA51,DE,OTHER,86300,0.0,0.0,0.0
DEA51,DE,SFH,63350,63350.0,0.4314278320325801,1373046.3692739564
DEA52,DE,MFH_HIGH,18819,120250.0,0.5417374341693284,1734796.9427993377
DEA52,DE,OTHER,128317,0.0,0.0,0.0
DEA52,DE,SFH,101721,101721.0,0.4582625658306716,2044677.0191596493
DEA53,DE,MFH_HIGH,5841,36614.0,0.4725789589168398,473059.6936260655
DEA53,DE,OTHER,43458,0.0,0.0,0.0
DEA53,DE,SFH,40863,40863.0,0.5274210410831601,695107.4126626435
DEA54,DE,MFH_HIGH,3013,18680.0,0.21681097518512502,274548.9514872498
DEA54,DE,OTHER,80233,0.0,0.0,0.0
DEA54,DE,SFH,67478,67478.0,0.783189024814875,930430.7732650478
DEA55,DE,MFH_HIGH,6326,39902.0,0.5760274862496572,531548.9773822895
DEA55,DE,OTHER,37375,0.0,0.0,0.0
DEA55,DE,SFH,29369,29369.0,0.42397251375034284,570651.6873281965
DEA56,DE,MFH_HIGH,8723,54144.0,0.42368517837440234,677443.1719551574
DEA56,DE,OTHER,120788,0.0,0.0,0.0
DEA56,DE,SFH,73649,73649.0,0.5763148216255977,1556973.6087739249
DEA57,DE,MFH_HIGH,2748,16572.0,0.15948877361486713,207948.05986870689
DEA57,DE,OTHER,135170,0.0,0.0,0.0
DEA57,DE,SFH,87335,87335.0,0.8405112263851329,1943161.7717562364
DEA58,DE,MFH_HIGH,6779,41822.0,0.29878192534381137,531706.35896359
DEA58,DE,OTHER,156230,0.0,0.0,0.0
DEA58,DE,SFH,98153,98153.0,0.7012180746561886,2240018.952253782
DEA59,DE,MFH_HIGH,1220,7376.0,0.164517999732346,92066.99217452254
DEA59,DE,OTHER,69640,0.0,0.0,0.0
DEA59,DE,SFH,37458,37458.0,0.8354820002676541,977908.6377806412
DEA5A,DE,MFH_HIGH,3305,20642.0,0.20673630654902,254493.4137981144
DEA5A,DE,OTHER,140275,0.0,0.0,0.0
DEA5A,DE,SFH,79205,79205.0,0.79326369345098,1881925.6734912589
DEA5B,DE,MFH_HIGH,4050,24608.0,0.22531909828410276,326080.5644896584
DEA5B,DE,OTHER,154703,0.0,0.0,0.0
DEA5B,DE,SFH,84606,84606.0,0.7746809017158972,2023752.1161537876
DEA5C,DE,MFH_HIGH,5984,37696.0,0.28048036429113526,568899.2994447125
DEA5C,DE,OTHER,145538,0.0,0.0,0.0
DEA5C,DE,SFH,96702,96702.0,0.7195196357088647,2131749.206463295
DEB11,DE,MFH_HIGH,5181,32220.0,0.641347187388033,540091.3192039127
DEB11,DE,OTHER,27268,0.0,0.0,0.0
DEB11,DE,SFH,18018,18018.0,0.358652812611967,471062.7812206952
DEB12,DE,MFH_HIGH,3018,18346.0,0.28721722113502934,250265.0290127127
DEB12,DE,OTHER,67497,0.0,0.0,0.0
DEB12,DE,SFH,45529,45529.0,0.7127827788649707,1077107.588456235
DEB13,DE,MFH_HIGH,1739,10476.0,0.17983931882167137,135803.44644838793
DEB13,DE,OTHER,62758,0.0,0.0,0.0
DEB13,DE,SFH,47776,47776.0,0.8201606811783286,1122947.161332173
DEB14,DE,MFH_HIGH,3923,23832.0,0.31246476380275595,335813.9042831121
DEB14,DE,OTHER,83631,0.0,0.0,0.0
DEB14,DE,SFH,52439,52439.0,0.687535236197244,1267435.0109684768
DEB15,DE,MFH_HIGH,1921,11638.0,0.27634515837963625,150262.50150370883
DEB15,DE,OTHER,49734,0.0,0.0,0.0
DEB15,DE,SFH,30476,30476.0,0.7236548416203638,774736.9969320672
DEB17,DE,MFH_HIGH,4266,25932.0,0.2769211054632438,326846.07728446147
DEB17,DE,OTHER,104661,0.0,0.0,0.0
DEB17,DE,SFH,67712,67712.0,0.7230788945367562,1694928.79765339
DEB18,DE,MFH_HIGH,3677,22174.0,0.27385451401753735,292091.63039823604
DEB18,DE,OTHER,86706,0.0,0.0,0.0
DEB18,DE,SFH,58796,58796.0,0.7261454859824626,1429173.399350535
DEB1A,DE,MFH_HIGH,2985,18036.0,0.28368749705082025,218320.3722157105
DEB1A,DE,OTHER,65618,0.0,0.0,0.0
DEB1A,DE,SFH,45541,45541.0,0.7163125029491797,1007848.0267663111
DEB1B,DE,MFH_HIGH,2889,17404.0,0.1900975391303398,237105.91072407717
DEB1B,DE,OTHER,114707,0.0,0.0,0.0
DEB1B,DE,SFH,74149,74149.0,0.8099024608696602,1854884.8288417645
DEB1C,DE,MFH_HIGH,2346,14118.0,0.3368807864846807,131612.94997689454
DEB1C,DE,OTHER,48120,0.0,0.0,0.0
DEB1C,DE,SFH,27790,27790.0,0.6631192135153192,637179.637712584
DEB1D,DE,MFH_HIGH,2119,12742.0,0.25620299995978607,158435.16460367004
DEB1D,DE,OTHER,67995,0.0,0.0,0.0
DEB1D,DE,SFH,36992,36992.0,0.743797000040214,936845.5299317684
DEB21,DE,MFH_HIGH,4249,26684.0,0.5892588993905132,472379.34159059665
DEB21,DE,OTHER,29282,0.0,0.0,0.0
DEB21,DE,SFH,18600,18600.0,0.4107411006094868,460970.7045273159
DEB22,DE,MFH_HIGH,2073,12438.0,0.20439083708548328,160163.552312961
DEB22,DE,OTHER,78031,0.0,0.0,0.0
DEB22,DE,SFH,48416,48416.0,0.7956091629145167,1071346.238890814
DEB23,DE,MFH_HIGH,1667,10016.0,0.1830844316083865,151169.59111827106
DEB23,DE,OTHER,82628,0.0,0.0,0.0
DEB23,DE,SFH,44691,44691.0,0.8169155683916135,997797.2996340264
DEB24,DE,MFH_HIGH,740,4454.0,0.12811735941320293,58391.42714440883
DEB24,DE,OTHER,54066,0.0,0.0,0.0
DEB24,DE,SFH,30311,30311.0,0.8718826405867971,621702.5779460024
DEB25,DE,MFH_HIGH,1968,11864.0,0.17808198616051996,156794.78492365888
DEB25,DE,OTHER,89194,0.0,0.0,0.0
DEB25,DE,SFH,54757,54757.0,0.82191801383948,1316712.3303669037
DEB31,DE,MFH_HIGH,1798,11950.0,0.5882063398306754,194425.87427199553
DEB31,DE,OTHER,17775,0.0,0.0,0.0
DEB31,DE,SFH,8366,8366.0,0.41179366016932467,181668.8658712242
DEB32,DE,MFH_HIGH,4473,28028.0,0.5970772442588727,411375.33078698395
DEB32,DE,OTHER,31630,0.0,0.0,0.0
DEB32,DE,SFH,18914,18914.0,0.40292275574112735,466036.8186657599
DEB34,DE,MFH_HIGH,5426,36252.0,0.5845211222186392,590709.0148902728
DEB34,DE,OTHER,43226,0.0,0.0,0.0
DEB34,DE,SFH,25768,25768.0,0.41547887778136083,536485.2179460024
DEB35,DE,MFH_HIGH,7637,60214.0,0.6524009707896333,975672.7776527017
DEB35,DE,OTHER,37030,0.0,0.0,0.0
DEB35,DE,SFH,32082,32082.0,0.3475990292103667,684189.5289669666
DEB36,DE,MFH_HIGH,1736,10808.0,0.42885485278946117,152634.9238036588
DEB36,DE,OTHER,23307,0.0,0.0,0.0
DEB36,DE,SFH,14394,14394.0,0.5711451472105389,339821.2200531287
DEB37,DE,MFH_HIGH,1699,10446.0,0.5153937240970988,136726.04666730357
DEB37,DE,OTHER,16074,0.0,0.0,0.0
DEB37,DE,SFH,9822,9822.0,0.4846062759029011,225619.43716078973
DEB38,DE,MFH_HIGH,1815,11366.0,0.5454981762334421,189652.49186126818
DEB38,DE,OTHER,17493,0.0,0.0,0.0
DEB38,DE,SFH,9470,9470.0,0.4545018237665579,212202.95099717524
DEB39,DE,MFH_HIGH,2423,15196.0,0.4159185460915262,223509.2319943784
DEB39,DE,OTHER,33677,0.0,0.0,0.0
DEB39,DE,SFH,21340,21340.0,0.5840814539084739,415060.0668282792
DEB3A,DE,MFH_HIGH,834,5032.0,0.34129137276180144,79519.21926272595
DEB3A,DE,OTHER,19412,0.0,0.0,0.0
DEB3A,DE,SFH,9712,9712.0,0.6587086272381986,225305.7037408249
DEB3B,DE,MFH_HIGH,2091,12588.0,0.19516884244472696,146321.9811318808
DEB3B,DE,OTHER,81200,0.0,0.0,0.0
DEB3B,DE,SFH,51910,51910.0,0.804831157555273,1022003.1617253128
DEB3C,DE,MFH_HIGH,1956,11820.0,0.18738704461143346,158157.12008902163
DEB3C,DE,OTHER,78551,0.0,0.0,0.0
DEB3C,DE,SFH,51258,51258.0,0.8126129553885665,1087928.3705615082
DEB3D,DE,MFH_HIGH,1003,6018.0,0.1762328686892351,87542.52938057359
DEB3D,DE,OTHER,49038,0.0,0.0,0.0
DEB3D,DE,SFH,28130,28130.0,0.823767131310765,617454.2107111436
DEB3E,DE,MFH_HIGH,1665,10760.0,0.20707440052345946,164161.09753754156
DEB3E,DE,OTHER,75093,0.0,0.0,0.0
DEB3E,DE,SFH,41202,41202.0,0.7929255994765405,941546.2625122285
DEB3F,DE,MFH_HIGH,1723,10394.0,0.19242446682464456,191832.47770607547
DEB3F,DE,OTHER,76297,0.0,0.0,0.0
DEB3F,DE,SFH,43622,43622.0,0.8075755331753555,1063726.7310817773
DEB3G,DE,MFH_HIGH,1011,6066.0,0.1748177180898585,73458.6538934948
DEB3G,DE,OTHER,50597,0.0,0.0,0.0
DEB3G,DE,SFH,28633,28633.0,0.8251822819101415,683118.0176911369
DEB3H,DE,MFH_HIGH,3364,20310.0,0.27393380270292145,304416.0118109402
DEB3H,DE,OTHER,96417,0.0,0.0,0.0
DEB3H,DE,SFH,53832,53832.0,0.7260661972970786,1197903.2276478992
DEB3I,DE,MFH_HIGH,1511,9836.0,0.15226241892289355,155414.43030313303
DEB3I,DE,OTHER,81251,0.0,0.0,0.0
DEB3I,DE,SFH,54763,54763.0,0.8477375810771065,1127824.2932561703
DEB3J,DE,MFH_HIGH,3332,20216.0,0.22207575358115828,288891.45165082405
DEB3J,DE,OTHER,95016,0.0,0.0,0.0
DEB3J,DE,SFH,70816,70816.0,0.7779242464188417,1516897.3285117538
DEB3K,DE,MFH_HIGH,948,5688.0,0.12631578947368421,62151.11489929916
DEB3K,DE,OTHER,75385,0.0,0.0,0.0
DEB3K,DE,SFH,39342,39342.0,0.8736842105263158,900221.2223027664
DEC01,DE,MFH_HIGH,12911,80462.0,0.51399624381955,959857.7572590121
DEC01,DE,OTHER,90325,0.0,0.0,0.0
DEC01,DE,SFH,76080,76080.0,0.48600375618045,2065740.8870430395
DEC02,DE,MFH_HIGH,2140,12854.0,0.25085870413739264,137821.27885934067
DEC02,DE,OTHER,45826,0.0,0.0,0.0
DEC02,DE,SFH,38386,38386.0,0.7491412958626074,1141387.8613035695
DEC03,DE,MFH_HIGH,3369,20382.0,0.3550499947740654,213800.24715735196
DEC03,DE,OTHER,59192,0.0,0.0,0.0
DEC03,DE,SFH,37024,37024.0,0.6449500052259346,1038460.2586170326
DEC04,DE,MFH_HIGH,5489,33018.0,0.33734865900383143,324066.8702204737
DEC04,DE,OTHER,75095,0.0,0.0,0.0
DEC04,DE,SFH,64857,64857.0,0.6626513409961686,1909231.3390937932
DEC05,DE,MFH_HIGH,3036,18370.0,0.27474910635497524,220700.12853767627
DEC05,DE,OTHER,63196,0.0,0.0,0.0
DEC05,DE,SFH,48491,48491.0,0.7252508936450247,1333072.3202205168
DEC06,DE,MFH_HIGH,1358,8148.0,0.22077710941310355,90455.7601607919
DEC06,DE,OTHER,45591,0.0,0.0,0.0
DEC06,DE,SFH,28758,28758.0,0.7792228905868964,844414.7781882075
DED21,DE,MFH_HIGH,73749,658178.0,0.9455928326782062,5356682.735713777
DED21,DE,OTHER,76642,0.0,0.0,0.0
DED21,DE,SFH,37870,37870.0,0.054407167321793896,447338.62063406856
DED2C,DE,MFH_HIGH,95214,605794.0,0.8858683731037287,5060183.265691301
DED2C,DE,OTHER,143968,0.0,0.0,0.0
DED2C,DE,SFH,78048,78048.0,0.11413162689627136,1463855.703086564
DED2D,DE,MFH_HIGH,80761,552186.0,0.8942630968653033,4749919.730622082
DED2D,DE,OTHER,133391,0.0,0.0,0.0
DED2D,DE,SFH,65290,65290.0,0.10573690313469673,1256073.816224002
DED2E,DE,MFH_HIGH,71209,460616.0,0.9033457540694254,3880693.2444250416
DED2E,DE,OTHER,110715,0.0,0.0,0.0
DED2E,DE,SFH,49284,49284.0,0.09665424593057462,847631.5056462775
DED2F,DE,MFH_HIGH,74623,476746.0,0.8939345073802952,4161735.260442034
DED2F,DE,OTHER,93425,0.0,0.0,0.0
DED2F,DE,SFH,56566,56566.0,0.10606549261970478,786191.453263748
DED41,DE,MFH_HIGH,39628,367982.0,0.9257362227108291,2704103.702167148
DED41,DE,OTHER,54856,0.0,0.0,0.0
DED41,DE,SFH,29520,29520.0,0.07426377728917087,333909.774284138
DED42,DE,MFH_HIGH,105542,683848.0,0.9223987698616094,5888726.787379192
DED42,DE,OTHER,140594,0.0,0.0,0.0
DED42,DE,SFH,57532,57532.0,0.07760123013839057,942579.5452367602
DED43,DE,MFH_HIGH,103330,673908.0,0.9190598670590706,5867287.698758297
DED43,DE,OTHER,135218,0.0,0.0,0.0
DED43,DE,SFH,59350,59350.0,0.08094013294092939,1033709.3391062368
DED44,DE,MFH_HIGH,71813,512932.0,0.9149762038972807,3885675.9762073955
DED44,DE,OTHER,115459,0.0,0.0,0.0
DED44,DE,SFH,47664,47664.0,0.08502379610271925,843756.1962182383
DED45,DE,MFH_HIGH,93554,633886.0,0.9272395619248508,4995234.416991809
DED45,DE,OTHER,113791,0.0,0.0,0.0
DED45,DE,SFH,49741,49741.0,0.07276043807514916,813537.6961314253
DED51,DE,MFH_HIGH,63906,671094.0,0.9339883789708082,5746802.917315115
DED51,DE,OTHER,78423,0.0,0.0,0.0
DED51,DE,SFH,47431,47431.0,0.06601162102919175,598068.879998334
DED52,DE,MFH_HIGH,76628,486536.0,0.8865031904465167,4125488.5328389728
DED52,DE,OTHER,123643,0.0,0.0,0.0
DED52,DE,SFH,62290,62290.0,0.11349680955348325,1160216.921322735
DED53,DE,MFH_HIGH,57880,369442.0,0.8667423670121668,3269529.2786623086
DED53,DE,OTHER,110466,0.0,0.0,0.0
DED53,DE,SFH,56800,56800.0,0.1332576329878332,1088029.3227711143
DEE01,DE,MFH_HIGH,19886,123152.0,0.8571627434330498,742553.6442715701
DEE01,DE,OTHER,61528,0.0,0.0,0.0
DEE01,DE,SFH,20522,20522.0,0.14283725656695018,225124.0601822773
DEE02,DE,MFH_HIGH,42234,295866.0,0.9049495017464871,1787567.4047213537
DEE02,DE,OTHER,72534,0.0,0.0,0.0
DEE02,DE,SFH,31076,31076.0,0.09505049825351286,362627.6523736508
DEE03,DE,MFH_HIGH,38602,261236.0,0.838095360312093,1562312.536092938
DEE03,DE,OTHER,91077,0.0,0.0,0.0
DEE03,DE,SFH,50466,50466.0,0.16190463968790703,571742.8758353293
DEE04,DE,MFH_HIGH,5685,34404.0,0.39761458983426945,275573.7851533587
DEE04,DE,OTHER,126279,0.0,0.0,0.0
DEE04,DE,SFH,52122,52122.0,0.6023854101657306,983394.3683060844
DEE05,DE,MFH_HIGH,51341,309558.0,0.8543207559667056,1752913.1894573437
DEE05,DE,OTHER,206187,0.0,0.0,0.0
DEE05,DE,SFH,52786,52786.0,0.14567924403329433,723746.3384232909
DEE06,DE,MFH_HIGH,19411,116984.0,0.7270105834902524,675307.7520949901
DEE06,DE,OTHER,130694,0.0,0.0,0.0
DEE06,DE,SFH,43927,43927.0,0.2729894165097476,719971.8022874856
DEE07,DE,MFH_HIGH,21622,131720.0,0.5748726699806659,805363.9387974921
DEE07,DE,OTHER,218298,0.0,0.0,0.0
DEE07,DE,SFH,97409,97409.0,0.42512733001933406,1707220.534784234
DEE08,DE,MFH_HIGH,72836,455356.0,0.8887735145664419,2682706.242877446
DEE08,DE,OTHER,188374,0.0,0.0,0.0
DEE08,DE,SFH,56986,56986.0,0.11122648543355805,612849.6327338922
DEE09,DE,MFH_HIGH,35464,213624.0,0.6623014249042003,1244179.2834910622
DEE09,DE,OTHER,238358,0.0,0.0,0.0
DEE09,DE,SFH,108924,108924.0,0.3376985750957997,1718547.1378479735
DEE0A,DE,MFH_HIGH,51374,308972.0,0.8013632190228189,1556186.522508969
DEE0A,DE,OTHER,157490,0.0,0.0,0.0
DEE0A,DE,SFH,76586,76586.0,0.19863678097718113,850978.1318743007
DEE0B,DE,MFH_HIGH,63249,386816.0,0.8759836858183926,2246369.4667234314
DEE0B,DE,OTHER,207716,0.0,0.0,0.0
DEE0B,DE,SFH,54763,54763.0,0.12401631418160737,728962.8721317134
DEE0C,DE,MFH_HIGH,57982,349978.0,0.8693723234069614,2015349.3293867717
DEE0C,DE,OTHER,236157,0.0,0.0,0.0
DEE0C,DE,SFH,52586,52586.0,0.13062767659303862,786881.9566541109
DEE0D,DE,MFH_HIGH,9201,56760.0,0.5067721400319635,490692.77389694966
DEE0D,DE,OTHER,148556,0.0,0.0,0.0
DEE0D,DE,SFH,55243,55243.0,0.4932278599680366,1100392.9596666056
DEE0E,DE,MFH_HIGH,47512,287060.0,0.8480129036451025,1670312.0951861884
DEE0E,DE,OTHER,169554,0.0,0.0,0.0
DEE0E,DE,SFH,51449,51449.0,0.15198709635489752,597332.1919937326
DEF01,DE,MFH_HIGH,2924,18230.0,0.5430929186403313,327649.4525045555
DEF01,DE,OTHER,25548,0.0,0.0,0.0
DEF01,DE,SFH,15337,15337.0,0.45690708135966873,323816.8857117137
DEF02,DE,MFH_HIGH,8521,55704.0,0.6298721123511652,973599.0368339457
DEF02,DE,OTHER,46832,0.0,0.0,0.0
DEF02,DE,SFH,32733,32733.0,0.37012788764883475,605503.2330493543
DEF03,DE,MFH_HIGH,7847,48356.0,0.47742980135065755,773028.2800822256
DEF03,DE,OTHER,78530,0.0,0.0,0.0
DEF03,DE,SFH,52928,52928.0,0.5225701986493424,850765.9250476941
DEF04,DE,MFH_HIGH,1790,10978.0,0.31754020594700916,190454.21182765634
DEF04,DE,OTHER,44199,0.0,0.0,0.0
DEF04,DE,SFH,23594,23594.0,0.6824597940529908,392238.3892893944
DEF05,DE,MFH_HIGH,2701,16262.0,0.21184133394124927,189324.10001150458
DEF05,DE,OTHER,132238,0.0,0.0,0.0
DEF05,DE,SFH,60503,60503.0,0.7881586660587507,1127073.0809839787
DEF06,DE,MFH_HIGH,4530,27516.0,0.3089567824300199,392414.8210912333
DEF06,DE,OTHER,132898,0.0,0.0,0.0
DEF06,DE,SFH,61545,61545.0,0.6910432175699801,1242047.6707968442
DEF07,DE,MFH_HIGH,4456,27296.0,0.26486313399380923,323737.63462495635
DEF07,DE,OTHER,138519,0.0,0.0,0.0
DEF07,DE,SFH,75761,75761.0,0.7351368660061908,1470687.3416402594
DEF08,DE,MFH_HIGH,5183,31672.0,0.26126839569722166,518224.35120649927
DEF08,DE,OTHER,154077,0.0,0.0,0.0
DEF08,DE,SFH,89552,89552.0,0.7387316043027783,1585511.7435134472
DEF09,DE,MFH_HIGH,5607,35840.0,0.2913892208753059,636376.3851304963
DEF09,DE,OTHER,150883,0.0,0.0,0.0
DEF09,DE,SFH,87157,87157.0,0.7086107791246941,1679624.5265376146
DEF0A,DE,MFH_HIGH,2564,15818.0,0.24328647451474977,233420.90306468387
DEF0A,DE,OTHER,82843,0.0,0.0,0.0
DEF0A,DE,SFH,49200,49200.0,0.7567135254852503,922444.7996482464
DEF0B,DE,MFH_HIGH,5348,32788.0,0.25866816033828505,455710.0361883162
DEF0B,DE,OTHER,186867,0.0,0.0,0.0
DEF0B,DE,SFH,93969,93969.0,0.7413318396617149,1910587.722525246
DEF0C,DE,MFH_HIGH,5162,31182.0,0.28385205683959475,349321.30374498933
DEF0C,DE,OTHER,172025,0.0,0.0,0.0
DEF0C,DE,SFH,78671,78671.0,0.7161479431604053,1608298.3709722406
DEF0D,DE,MFH_HIGH,5038,31292.0,0.2724858279852663,581775.026986121
DEF0D,DE,OTHER,162464,0.0,0.0,0.0
DEF0D,DE,SFH,83547,83547.0,0.7275141720147337,1685205.2508790211
DEF0E,DE,MFH_HIGH,2846,17174.0,0.2656416760761628,224591.66082383774
DEF0E,DE,OTHER,102251,0.0,0.0,0.0
DEF0E,DE,SFH,47477,47477.0,0.7343583239238373,937034.8832050802
DEF0F,DE,MFH_HIGH,4558,27950.0,0.289154881493053,504370.0280354858
DEF0F,DE,OTHER,116164,0.0,0.0,0.0
DEF0F,DE,SFH,68711,68711.0,0.710845118506947,1443791.6547716325
DEG01,DE,MFH_HIGH,5409,38908.0,0.5717728662120856,693858.7344819844
DEG01,DE,OTHER,25661,0.0,0.0,0.0
DEG01,DE,SFH,29140,29140.0,0.42822713378791444,486923.5899482768
DEG02,DE,MFH_HIGH,4526,31048.0,0.705363836699457,484354.89660844876
DEG02,DE,OTHER,17373,0.0,0.0,0.0
DEG02,DE,SFH,12969,12969.0,0.294636163300543,276522.7303473207
DEG03,DE,MFH_HIGH,3138,21054.0,0.598057038972844,402310.6434356296
DEG03,DE,OTHER,11221,0.0,0.0,0.0
DEG03,DE,SFH,14150,14150.0,0.401942961027156,272157.6490652018
DEG04,DE,MFH_HIGH,1237,8458.0,0.49108749927422635,133693.08305907703
DEG04,DE,OTHER,9364,0.0,0.0,0.0
DEG04,DE,SFH,8765,8765.0,0.5089125007257737,167391.13931481622
DEG05,DE,MFH_HIGH,2623,16060.0,0.5871599883006727,248814.6547818236
DEG05,DE,OTHER,9709,0.0,0.0,0.0
DEG05,DE,SFH,11292,11292.0,0.41284001169932727,228661.12416173896
DEG06,DE,MFH_HIGH,5479,33224.0,0.49829771278590174,282176.4353169622
DEG06,DE,OTHER,30973,0.0,0.0,0.0
DEG06,DE,SFH,33451,33451.0,0.5017022872140983,639769.9052386701
DEG07,DE,MFH_HIGH,1978,12568.0,0.2843824953613613,185463.18233663475
DEG07,DE,OTHER,30032,0.0,0.0,0.0
DEG07,DE,SFH,31626,31626.0,0.7156175046386387,513610.3069806293
DEG09,DE,MFH_HIGH,4407,26946.0,0.40133450499694673,255446.14236914006
DEG09,DE,OTHER,24671,0.0,0.0,0.0
DEG09,DE,SFH,40195,40195.0,0.5986654950030533,630705.3932562084
DEG0A,DE,MFH_HIGH,1479,8888.0,0.19563303398485649,137492.77744656857
DEG0A,DE,OTHER,29599,0.0,0.0,0.0
DEG0A,DE,SFH,36544,36544.0,0.8043669660151435,575035.5012969403
DEG0B,DE,MFH_HIGH,4565,28258.0,0.35550914626475105,259225.82138133742
DEG0B,DE,OTHER,46200,0.0,0.0,0.0
DEG0B,DE,SFH,51228,51228.0,0.644490853735249,941163.748316397
DEG0C,DE,MFH_HIGH,5313,32956.0,0.38040931284845264,374945.0177843161
DEG0C,DE,OTHER,32723,0.0,0.0,0.0
DEG0C,DE,SFH,53677,53677.0,0.6195906871515473,834485.4186587995
DEG0D,DE,MFH_HIGH,1513,9218.0,0.2730692893325829,128443.51319703006
DEG0D,DE,OTHER,26691,0.0,0.0,0.0
DEG0D,DE,SFH,24539,24539.0,0.7269307106674171,455046.5821924968
DEG0E,DE,MFH_HIGH,3587,21606.0,0.5121118748518606,172608.12854206513
DEG0E,DE,OTHER,30251,0.0,0.0,0.0
DEG0E,DE,SFH,20584,20584.0,0.4878881251481394,488450.34024220594
DEG0F,DE,MFH_HIGH,3345,22366.0,0.38477815817090166,268520.8347425187
DEG0F,DE,OTHER,38457,0.0,0.0,0.0
DEG0F,DE,SFH,35761,35761.0,0.6152218418290983,674519.3131391964
DEG0G,DE,MFH_HIGH,2781,16868.0,0.38643757159221076,158212.08938016222
DEG0G,DE,OTHER,38067,0.0,0.0,0.0
DEG0G,DE,SFH,26782,26782.0,0.6135624284077892,500862.45492468553
DEG0H,DE,MFH_HIGH,4583,28030.0,0.6525737433939423,234360.36014974184
DEG0H,DE,OTHER,21191,0.0,0.0,0.0
DEG0H,DE,SFH,14923,14923.0,0.3474262566060578,325352.09486110456
DEG0I,DE,MFH_HIGH,5373,32882.0,0.5139338241040309,329621.22201560135
DEG0I,DE,OTHER,46078,0.0,0.0,0.0
DEG0I,DE,SFH,31099,31099.0,0.4860661758959691,631048.7555852418
DEG0J,DE,MFH_HIGH,4616,28326.0,0.5247596287445118,283602.2174752155
DEG0J,DE,OTHER,37047,0.0,0.0,0.0
DEG0J,DE,SFH,25653,25653.0,0.47524037125548824,545315.0156567034
DEG0K,DE,MFH_HIGH,4357,26408.0,0.5067449580718822,241603.675030095
DEG0K,DE,OTHER,41436,0.0,0.0,0.0
DEG0K,DE,SFH,25705,25705.0,0.49325504192811775,538918.3953503172
DEG0L,DE,MFH_HIGH,6142,37286.0,0.5767898026112246,378803.789668009
DEG0L,DE,OTHER,52457,0.0,0.0,0.0
DEG0L,DE,SFH,27358,27358.0,0.42321019738877547,617328.2501443602
DEG0M,DE,MFH_HIGH,6060,38502.0,0.6458008353041815,443601.67591948167
DEG0M,DE,OTHER,33459,0.0,0.0,0.0
DEG0M,DE,SFH,21117,21117.0,0.35419916469581847,531133.2922995434
DEG0N,DE,MFH_HIGH,2502,16062.0,0.6119789682237293,164784.98810095587
DEG0N,DE,OTHER,4722,0.0,0.0,0.0
DEG0N,DE,SFH,10184,10184.0,0.3880210317762707,136875.33190477613
DEG0P,DE,MFH_HIGH,6781,40994.0,0.39716710587505816,314328.9677955891
DEG0P,DE,OTHER,34838,0.0,0.0,0.0
DEG0P,DE,SFH,62222,62222.0,0.6028328941249419,995789.2950273156
DK011,DK,MFH_HIGH,27017,204844.0,0.7531998602761385,3115103.3736314354
DK011,DK,OTHER,117402,0.0,0.0,0.0
DK011,DK,SFH,67121,67121.0,0.24680013972386153,661302.6291409627
DK012,DK,MFH_HIGH,14966,93534.0,0.4174749048190781,1745180.6613427154
DK012,DK,OTHER,194414,0.0,0.0,0.0
DK012,DK,SFH,130513,130513.0,0.5825250951809219,1962745.6151460663
DK013,DK,MFH_HIGH,18145,109780.0,0.36526854458219377,1269218.158945897
DK013,DK,OTHER,311493,0.0,0.0,0.0
DK013,DK,SFH,190766,190766.0,0.6347314554178063,3195556.570077957
DK014,DK,MFH_HIGH,1474,8844.0,0.26270607455814643,85980.56651282379
DK014,DK,OTHER,41438,0.0,0.0,0.0
DK014,DK,SFH,24821,24821.0,0.7372939254418536,369021.3933835266
DK021,DK,MFH_HIGH,9693,58466.0,0.3856621745526026,645462.4209373838
DK021,DK,OTHER,143295,0.0,0.0,0.0
DK021,DK,SFH,93133,93133.0,0.6143378254473975,1525327.653161476
DK022,DK,MFH_HIGH,26789,161140.0,0.34201785013106367,1617692.8243242179
DK022,DK,OTHER,592645,0.0,0.0,0.0
DK022,DK,SFH,310005,310005.0,0.6579821498689363,4740063.688688756
DK031,DK,MFH_HIGH,24711,149288.0,0.4131659134246818,1369072.275385992
DK031,DK,OTHER,386586,0.0,0.0,0.0
DK031,DK,SFH,212039,212039.0,0.5868340865753182,3300917.6408952456
DK032,DK,MFH_HIGH,41453,249992.0,0.44835663068937937,2160988.4503967864
DK032,DK,OTHER,583004,0.0,0.0,0.0
DK032,DK,SFH,307582,307582.0,0.5516433693106206,5077797.9383461
DK041,DK,MFH_HIGH,24270,145942.0,0.42814939551203257,1285224.9107147877
DK041,DK,OTHER,395509,0.0,0.0,0.0
DK041,DK,SFH,194925,194925.0,0.5718506044879674,3493342.312217427
DK042,DK,MFH_HIGH,40825,251544.0,0.4677069078360207,2560046.386464895
DK042,DK,OTHER,555318,0.0,0.0,0.0
DK042,DK,SFH,286280,286280.0,0.5322930921639792,5091208.8980381945
DK050,DK,MFH_HIGH,28840,174524.0,0.398163906899494,1786324.777283682
DK050,DK,OTHER,492193,0.0,0.0,0.0
DK050,DK,SFH,263798,263798.0,0.601836093100506,4610383.276229782
EE001,EE,MFH_HIGH,19249,129998.0,0.5976837101097456,2366992.5390957184
EE001,EE,OTHER,107931,0.0,0.0,0.0
EE001,EE,SFH,87505,87505.0,0.40231628989025436,1281911.2056328144
EE004,EE,MFH_HIGH,8807,53038.0,0.37376762672567493,628849.8565280205
EE004,EE,OTHER,120152,0.0,0.0,0.0
EE004,EE,SFH,88863,88863.0,0.626232373274325,1030549.3336070584
EE006,EE,MFH_HIGH,8177,49076.0,0.436417315832533,580665.5841916536
EE006,EE,OTHER,107462,0.0,0.0,0.0
EE006,EE,SFH,63376,63376.0,0.563582684167467,850454.8872654008
EE007,EE,MFH_HIGH,3965,25386.0,0.3355096214844576,594285.3482060491
EE007,EE,OTHER,47247,0.0,0.0,0.0
EE007,EE,SFH,50278,50278.0,0.6644903785155424,376821.16977523407
EE008,EE,MFH_HIGH,15683,95064.0,0.38777100201913073,1135651.8461235235
EE008,EE,OTHER,263055,0.0,0.0,0.0
EE008,EE,SFH,150091,150091.0,0.6122289979808693,1939042.1354443368
EL301,EL,MFH_HIGH,60163,365864.0,0.9301942438726737,2381355.9980574576
EL301,EL,OTHER,17966,0.0,0.0,0.0
EL301,EL,SFH,27456,27456.0,0.06980575612732635,418729.7799299144
EL302,EL,MFH_HIGH,36073,216886.0,0.9605013175084697,1797938.0807610522
EL302,EL,OTHER,12187,0.0,0.0,0.0
EL302,EL,SFH,8919,8919.0,0.0394986824915303,119469.8441861258
EL303,EL,MFH_HIGH,85022,521178.0,0.9864349998580473,2875320.405480406
EL303,EL,OTHER,24491,0.0,0.0,0.0
EL303,EL,SFH,7167,7167.0,0.013565000141952702,79909.26331554733
EL304,EL,MFH_HIGH,47729,292646.0,0.9521463849502528,1596640.855924259
EL304,EL,OTHER,11352,0.0,0.0,0.0
EL304,EL,SFH,14708,14708.0,0.047853615049747195,209739.07316154716
EL305,EL,MFH_HIGH,38050,228398.0,0.587730629680142,1635090.9212798446
EL305,EL,OTHER,114136,0.0,0.0,0.0
EL305,EL,SFH,160212,160212.0,0.41226937031985794,2235960.015794216
EL306,EL,MFH_HIGH,10243,61458.0,0.5511186835851679,477456.18813831685
EL306,EL,OTHER,34521,0.0,0.0,0.0
EL306,EL,SFH,50057,50057.0,0.4488813164148321,598288.9948075385
EL307,EL,MFH_HIGH,18884,131994.0,0.7143073609472579,1267205.0314797973
EL307,EL,OTHER,50230,0.0,0.0,0.0
EL307,EL,SFH,52792,52792.0,0.2856926390527421,598288.6663547526
EL411,EL,MFH_HIGH,3454,20836.0,0.2577149995670942,124096.56811273345
EL411,EL,OTHER,46509,0.0,0.0,0.0
EL411,EL,SFH,60013,60013.0,0.7422850004329058,479828.2625233861
EL412,EL,MFH_HIGH,2013,12078.0,0.28490552685584886,76585.29880815031
EL412,EL,OTHER,15238,0.0,0.0,0.0
EL412,EL,SFH,30315,30315.0,0.7150944731441512,247059.4009098904
EL413,EL,MFH_HIGH,2972,17972.0,0.412097865217491,123351.79075949593
EL413,EL,OTHER,15902,0.0,0.0,0.0
EL413,EL,SFH,25639,25639.0,0.587902134782509,275295.5247149325
EL421,EL,MFH_HIGH,13945,83866.0,0.5253313622810754,591583.3262745253
EL421,EL,OTHER,51790,0.0,0.0,0.0
EL421,EL,SFH,75778,75778.0,0.4746686377189246,755879.0690318935
EL422,EL,MFH_HIGH,14335,86010.0,0.5203046452963275,518978.2067178897
EL422,EL,OTHER,91016,0.0,0.0,0.0
EL422,EL,SFH,79297,79297.0,0.4796953547036726,865052.4452100232
EL431,EL,MFH_HIGH,18529,111888.0,0.5563688439812237,879026.299227047
EL431,EL,OTHER,81791,0.0,0.0,0.0
EL431,EL,SFH,89216,89216.0,0.44363115601877634,946536.6002935752
EL432,EL,MFH_HIGH,6446,38830.0,0.5380277396738302,254897.62998514087
EL432,EL,OTHER,36322,0.0,0.0,0.0
EL432,EL,SFH,33341,33341.0,0.4619722603261698,342023.1934853772
EL433,EL,MFH_HIGH,4518,27528.0,0.4941835415769065,194708.4443360673
EL433,EL,OTHER,33836,0.0,0.0,0.0
EL433,EL,SFH,28176,28176.0,0.5058164584230935,315368.0331039737
EL434,EL,MFH_HIGH,10980,65964.0,0.5746493597003224,383265.06497298676
EL434,EL,OTHER,64288,0.0,0.0,0.0
EL434,EL,SFH,48826,48826.0,0.4253506402996777,632393.495415306
EL511,EL,MFH_HIGH,8395,50566.0,0.5440538824871157,419608.16577689187
EL511,EL,OTHER,57945,0.0,0.0,0.0
EL511,EL,SFH,42377,42377.0,0.4559461175128842,602090.7167299838
EL512,EL,MFH_HIGH,4568,27506.0,0.49946432786766176,242327.8953287788
EL512,EL,OTHER,30683,0.0,0.0,0.0
EL512,EL,SFH,27565,27565.0,0.5005356721323383,352356.4377713208
EL513,EL,MFH_HIGH,5276,31656.0,0.485424685262141,237017.5472974078
EL513,EL,OTHER,49080,0.0,0.0,0.0
EL513,EL,SFH,33557,33557.0,0.514575314737859,435636.4741181648
EL514,EL,MFH_HIGH,5794,34764.0,0.52798323284176,247974.18332825624
EL514,EL,OTHER,31457,0.0,0.0,0.0
EL514,EL,SFH,31079,31079.0,0.47201676715824004,417717.6048899254
EL515,EL,MFH_HIGH,8415,51120.0,0.5290611028315947,345394.2891079004
EL515,EL,OTHER,43518,0.0,0.0,0.0
EL515,EL,SFH,45504,45504.0,0.47093889716840537,569097.2976038572
EL521,EL,MFH_HIGH,9033,54338.0,0.5721174600166357,394340.63941764005
EL521,EL,OTHER,29676,0.0,0.0,0.0
EL521,EL,SFH,40639,40639.0,0.4278825399833644,494876.49600303377
EL522,EL,MFH_HIGH,76366,477936.0,0.7636272999763531,2750631.064106942
EL522,EL,OTHER,92555,0.0,0.0,0.0
EL522,EL,SFH,147940,147940.0,0.23637270002364685,1639245.4685434557
EL523,EL,MFH_HIGH,6212,37272.0,0.45295676056680356,210020.3048031436
EL523,EL,OTHER,19914,0.0,0.0,0.0
EL523,EL,SFH,45014,45014.0,0.5470432394331964,458556.0717087437
EL524,EL,MFH_HIGH,11609,69682.0,0.6253544889973794,470858.28180870623
EL524,EL,OTHER,35033,0.0,0.0,0.0
EL524,EL,SFH,41746,41746.0,0.3746455110026205,524048.08065468015
EL525,EL,MFH_HIGH,11627,69804.0,0.6134835608131267,468773.4217978156
EL525,EL,OTHER,27439,0.0,0.0,0.0
EL525,EL,SFH,43979,43979.0,0.3865164391868733,513651.1740129522
EL526,EL,MFH_HIGH,11636,70460.0,0.4461413773016235,447619.7866635961
EL526,EL,OTHER,35760,0.0,0.0,0.0
EL526,EL,SFH,87472,87472.0,0.5538586226983765,918926.531503074
EL527,EL,MFH_HIGH,10687,64150.0,0.43309478800972184,430578.2620815823
EL527,EL,OTHER,46623,0.0,0.0,0.0
EL527,EL,SFH,83970,83970.0,0.5669052119902781,909307.0626256872
EL531,EL,MFH_HIGH,11258,67590.0,0.5028494055678724,484010.4934312194
EL531,EL,OTHER,57305,0.0,0.0,0.0
EL531,EL,SFH,66824,66824.0,0.4971505944321276,784228.7690366909
EL532,EL,MFH_HIGH,3700,22410.0,0.6176616504051596,138043.89541314507
EL532,EL,OTHER,17813,0.0,0.0,0.0
EL532,EL,SFH,13872,13872.0,0.3823383495948404,192242.63889951323
EL533,EL,MFH_HIGH,3602,21640.0,0.5231602359539697,130707.54865625367
EL533,EL,OTHER,20175,0.0,0.0,0.0
EL533,EL,SFH,19724,19724.0,0.47683976404603035,242906.31083186145
EL541,EL,MFH_HIGH,5811,34866.0,0.38922937807696173,225736.00901919827
EL541,EL,OTHER,54892,0.0,0.0,0.0
EL541,EL,SFH,54711,54711.0,0.6107706219230383,670521.6278753174
EL542,EL,MFH_HIGH,2529,15300.0,0.4750225092365488,95819.36804849979
EL542,EL,OTHER,21459,0.0,0.0,0.0
EL542,EL,SFH,16909,16909.0,0.5249774907634512,239886.51599639055
EL543,EL,MFH_HIGH,7538,45312.0,0.43875940468467073,308383.9303138468
EL543,EL,OTHER,57078,0.0,0.0,0.0
EL543,EL,SFH,57961,57961.0,0.5612405953153293,692896.3478043212
EL611,EL,MFH_HIGH,16449,100528.0,0.4582911640544508,644783.3854933317
EL611,EL,OTHER,76104,0.0,0.0,0.0
EL611,EL,SFH,118826,118826.0,0.5417088359455492,1427463.8858480449
EL612,EL,MFH_HIGH,20094,120886.0,0.549956780856194,754336.5607106844
EL612,EL,OTHER,59391,0.0,0.0,0.0
EL612,EL,SFH,98924,98924.0,0.450043219143806,1111447.613196873
EL613,EL,MFH_HIGH,11428,68680.0,0.5737821332197132,613979.1833228872
EL613,EL,OTHER,52212,0.0,0.0,0.0
EL613,EL,SFH,51017,51017.0,0.4262178667802869,652957.4362309445
EL621,EL,MFH_HIGH,2777,16662.0,0.4152626856744093,91416.81535973908
EL621,EL,OTHER,18319,0.0,0.0,0.0
EL621,EL,SFH,23462,23462.0,0.5847373143255906,299469.8559522437
EL622,EL,MFH_HIGH,6017,36186.0,0.48151696606786426,208065.54471302356
EL622,EL,OTHER,48091,0.0,0.0,0.0
EL622,EL,SFH,38964,38964.0,0.5184830339321357,544522.5681810332
EL623,EL,MFH_HIGH,1714,10284.0,0.30035046728971965,55998.39826259174
EL623,EL,OTHER,22121,0.0,0.0,0.0
EL623,EL,SFH,23956,23956.0,0.6996495327102804,284038.26557036326
EL624,EL,MFH_HIGH,1599,9594.0,0.4184768385239466,53433.35803180652
EL624,EL,OTHER,7869,0.0,0.0,0.0
EL624,EL,SFH,13332,13332.0,0.5815231614760534,156928.94208250334
EL631,EL,MFH_HIGH,9689,58162.0,0.41848584708811215,369867.5974377176
EL631,EL,OTHER,88825,0.0,0.0,0.0
EL631,EL,SFH,80820,80820.0,0.5815141529118879,981180.7401842362
EL632,EL,MFH_HIGH,23928,144786.0,0.5968489265573986,764270.5778560815
EL632,EL,OTHER,62189,0.0,0.0,0.0
EL632,EL,SFH,97798,97798.0,0.4031510734426013,1174748.8937367476
EL633,EL,MFH_HIGH,6580,39774.0,0.32122176367498245,247255.25770542372
EL633,EL,OTHER,67595,0.0,0.0,0.0
EL633,EL,SFH,84047,84047.0,0.6787782363250175,942828.740344072
EL641,EL,MFH_HIGH,6673,40052.0,0.46991740191477377,279469.4405035374
EL641,EL,OTHER,41390,0.0,0.0,0.0
EL641,EL,SFH,45180,45180.0,0.5300825980852262,553215.4555784881
EL642,EL,MFH_HIGH,11222,68858.0,0.4059329477860507,450150.3807725223
EL642,EL,OTHER,79612,0.0,0.0,0.0
EL642,EL,SFH,100771,100771.0,0.5940670522139493,1177403.035757868
EL643,EL,MFH_HIGH,831,4986.0,0.27248879658979125,32039.74280514505
EL643,EL,OTHER,8184,0.0,0.0,0.0
EL643,EL,SFH,13312,13312.0,0.7275112034102088,137341.94322431725
EL644,EL,MFH_HIGH,9379,56554.0,0.4780962042438076,362117.03895675455
EL644,EL,OTHER,58367,0.0,0.0,0.0
EL644,EL,SFH,61736,61736.0,0.5219037957561924,780608.5285393981
EL645,EL,MFH_HIGH,2229,13374.0,0.36106911447084233,78337.94328499242
EL645,EL,OTHER,16516,0.0,0.0,0.0
EL645,EL,SFH,23666,23666.0,0.6389308855291577,274584.9450721777
EL651,EL,MFH_HIGH,10092,60580.0,0.37653522947640594,396650.3513079374
EL651,EL,OTHER,67746,0.0,0.0,0.0
EL651,EL,SFH,100308,100308.0,0.6234647705235941,1115145.050098877
EL652,EL,MFH_HIGH,9643,57858.0,0.41479431627546853,340533.01901070523
EL652,EL,OTHER,37472,0.0,0.0,0.0
EL652,EL,SFH,81628,81628.0,0.5852056837245315,947947.241798068
EL653,EL,MFH_HIGH,11239,68204.0,0.3999741967265029,440306.89223370433
EL653,EL,OTHER,137515,0.0,0.0,0.0
EL653,EL,SFH,102317,102317.0,0.6000258032734971,1296024.9443386325
ES111,ES,MFH_HIGH,123899,927396.0,0.7526880673185554,3169841.9450294226
ES111,ES,OTHER,165907,0.0,0.0,0.0
ES111,ES,SFH,304716,304716.0,0.24731193268144455,1871228.8212453155
ES112,ES,MFH_HIGH,43876,319634.0,0.6612205213074058,1212587.4356050366
ES112,ES,OTHER,130113,0.0,0.0,0.0
ES112,ES,SFH,163766,163766.0,0.3387794786925941,1252128.5556429392
ES113,ES,MFH_HIGH,39292,285858.0,0.55258228577283,952117.0589550164
ES113,ES,OTHER,72524,0.0,0.0,0.0
ES113,ES,SFH,231455,231455.0,0.44741771422717,1476352.245532038
ES114,ES,MFH_HIGH,104902,732648.0,0.7066551052631072,2413355.188721461
ES114,ES,OTHER,147707,0.0,0.0,0.0
ES114,ES,SFH,304135,304135.0,0.29334489473689285,1592503.383934658
ES120,ES,MFH_HIGH,70266,595854.0,0.6966420872582638,2549235.781268851
ES120,ES,OTHER,206312,0.0,0.0,0.0
ES120,ES,SFH,259469,259469.0,0.3033579127417362,1413303.7029641669
ES130,ES,MFH_HIGH,47045,356302.0,0.7896816689827282,1639974.8364840546
ES130,ES,OTHER,85856,0.0,0.0,0.0
ES130,ES,SFH,94895,94895.0,0.21031833101727185,719002.8532419123
ES211,ES,MFH_HIGH,11312,86506.0,0.8663682160061693,681973.0496017616
ES211,ES,OTHER,28391,0.0,0.0,0.0
ES211,ES,SFH,13343,13343.0,0.1336317839938307,126296.1072034472
ES212,ES,MFH_HIGH,24329,172546.0,0.9223507526513856,1198116.0721864868
ES212,ES,OTHER,29960,0.0,0.0,0.0
ES212,ES,SFH,14526,14526.0,0.07764924734861443,146319.5996478264
ES213,ES,MFH_HIGH,33087,252352.0,0.8963177915984415,2123117.8772942508
ES213,ES,OTHER,34094,0.0,0.0,0.0
ES213,ES,SFH,29191,29191.0,0.10368220840155855,262812.3543003279
ES220,ES,MFH_HIGH,25531,165268.0,0.8086507645259939,1447599.0207789678
ES220,ES,OTHER,69370,0.0,0.0,0.0
ES220,ES,SFH,39107,39107.0,0.19134923547400612,356666.2553767801
ES230,ES,MFH_HIGH,42479,300360.0,0.8980929428720077,1175279.6895727385
ES230,ES,OTHER,62397,0.0,0.0,0.0
ES230,ES,SFH,34082,34082.0,0.10190705712799229,192664.189162718
ES241,ES,MFH_HIGH,40294,266502.0,0.851177586570339,1037655.9042393222
ES241,ES,OTHER,95356,0.0,0.0,0.0
ES241,ES,SFH,46596,46596.0,0.148822413429661,326834.9064388835
ES242,ES,MFH_HIGH,53605,331010.0,0.8724519111654656,855698.4473165724
ES242,ES,OTHER,82298,0.0,0.0,0.0
ES242,ES,SFH,48392,48392.0,0.12754808883453433,293882.538689595
ES243,ES,MFH_HIGH,79583,578620.0,0.8212489763129097,2747214.870912808
ES243,ES,OTHER,125982,0.0,0.0,0.0
ES243,ES,SFH,125941,125941.0,0.17875102368709025,726409.6300574208
ES300,ES,MFH_HIGH,281861,2312962.0,0.8681312164546034,13720197.120940883
ES300,ES,OTHER,173543,0.0,0.0,0.0
ES300,ES,SFH,351338,351338.0,0.13186878354539655,1962176.7610945248
ES411,ES,MFH_HIGH,28520,177518.0,0.6091629405688833,518781.5959299235
ES411,ES,OTHER,86200,0.0,0.0,0.0
ES411,ES,SFH,113895,113895.0,0.3908370594311167,641048.6849660282
ES412,ES,MFH_HIGH,45502,322236.0,0.7442902546287742,1261840.4677913096
ES412,ES,OTHER,105335,0.0,0.0,0.0
ES412,ES,SFH,110708,110708.0,0.2557097453712258,728195.6216915421
ES413,ES,MFH_HIGH,51691,354008.0,0.6307492204899777,1502999.3284712774
ES413,ES,OTHER,168057,0.0,0.0,0.0
ES413,ES,SFH,207242,207242.0,0.3692507795100223,1437050.936759815
ES414,ES,MFH_HIGH,14321,103496.0,0.6198144676875535,484549.2964367749
ES414,ES,OTHER,51535,0.0,0.0,0.0
ES414,ES,SFH,63483,63483.0,0.38018553231244645,432697.1857231266
ES415,ES,MFH_HIGH,29647,213610.0,0.6498769368377179,1030487.4720211534
ES415,ES,OTHER,117927,0.0,0.0,0.0
ES415,ES,SFH,115083,115083.0,0.35012306316228214,737121.146731808
ES416,ES,MFH_HIGH,18211,113970.0,0.5662345921292548,439538.95227801014
ES416,ES,OTHER,55698,0.0,0.0,0.0
ES416,ES,SFH,87307,87307.0,0.4337654078707453,559001.1595774823
ES417,ES,MFH_HIGH,18072,117546.0,0.7510734549915657,391888.00077657803
ES417,ES,OTHER,51879,0.0,0.0,0.0
ES417,ES,SFH,38958,38958.0,0.24892654500843428,269921.7270849952
ES418,ES,MFH_HIGH,25109,199136.0,0.6347125982495171,1242226.5330669493
ES418,ES,OTHER,70646,0.0,0.0,0.0
ES418,ES,SFH,114606,114606.0,0.36528740175048285,649519.8889264896
ES419,ES,MFH_HIGH,21157,141166.0,0.5296379810379953,590073.352343672
ES419,ES,OTHER,88201,0.0,0.0,0.0
ES419,ES,SFH,125367,125367.0,0.4703620189620047,778575.293980483
ES421,ES,MFH_HIGH,33152,238868.0,0.6480131084923063,1054352.9249032477
ES421,ES,OTHER,80610,0.0,0.0,0.0
ES421,ES,SFH,129748,129748.0,0.35198689150769363,912047.1642357812
ES422,ES,MFH_HIGH,38328,245690.0,0.5344386534295087,1036024.961890136
ES422,ES,OTHER,134516,0.0,0.0,0.0
ES422,ES,SFH,214026,214026.0,0.46556134657049136,1439071.5057999464
ES423,ES,MFH_HIGH,29108,185246.0,0.6069301286293731,590622.7851803964
ES423,ES,OTHER,92662,0.0,0.0,0.0
ES423,ES,SFH,119972,119972.0,0.3930698713706269,843449.5343492806
ES424,ES,MFH_HIGH,37912,236012.0,0.6786712522573298,648914.8809241528
ES424,ES,OTHER,70502,0.0,0.0,0.0
ES424,ES,SFH,111744,111744.0,0.3213287477426702,631960.8990531157
ES425,ES,MFH_HIGH,58228,369234.0,0.5239940793553707,1342343.9475364946
ES425,ES,OTHER,135927,0.0,0.0,0.0
ES425,ES,SFH,335419,335419.0,0.4760059206446293,1996718.6525208564
ES431,ES,MFH_HIGH,43789,288102.0,0.4727734592303413,1219541.2311440953
ES431,ES,OTHER,148857,0.0,0.0,0.0
ES431,ES,SFH,321285,321285.0,0.5272265407696587,1986881.9482637448
ES432,ES,MFH_HIGH,51600,325210.0,0.6024114239775343,920364.6948348937
ES432,ES,OTHER,114146,0.0,0.0,0.0
ES432,ES,SFH,214637,214637.0,0.3975885760224656,1199986.419040925
ES511,ES,MFH_HIGH,326879,2873080.0,0.8679087515874464,11936186.034230653
ES511,ES,OTHER,183590,0.0,0.0,0.0
ES511,ES,SFH,437268,437268.0,0.1320912484125536,2653685.272515577
ES512,ES,MFH_HIGH,88468,594676.0,0.7687204624660028,2318982.977576761
ES512,ES,OTHER,78494,0.0,0.0,0.0
ES512,ES,SFH,178916,178916.0,0.23127953753399724,1169356.2476700165
ES513,ES,MFH_HIGH,80777,534376.0,0.9152938355343165,1896557.2379956883
ES513,ES,OTHER,120909,0.0,0.0,0.0
ES513,ES,SFH,49454,49454.0,0.0847061644656835,346965.8723242633
ES514,ES,MFH_HIGH,105552,738886.0,0.8309577844304643,2591925.069037912
ES514,ES,OTHER,125824,0.0,0.0,0.0
ES514,ES,SFH,150312,150312.0,0.1690422155695357,846908.8122545242
ES521,ES,MFH_HIGH,134180,1123580.0,0.7286407068122245,5088421.913461607
ES521,ES,OTHER,117726,0.0,0.0,0.0
ES521,ES,SFH,418442,418442.0,0.2713592931877755,2321247.2875207644
ES522,ES,MFH_HIGH,93416,676108.0,0.8607654241457058,2542860.787562741
ES522,ES,OTHER,74122,0.0,0.0,0.0
ES522,ES,SFH,109365,109365.0,0.13923457585429416,633918.6769661116
ES523,ES,MFH_HIGH,192217,1622302.0,0.8115068457518622,7425827.576700876
ES523,ES,OTHER,189955,0.0,0.0,0.0
ES523,ES,SFH,376821,376821.0,0.1884931542481378,2350880.977624274
ES531,ES,MFH_HIGH,8057,59234.0,0.6889597096864242,344760.4727637743
ES531,ES,OTHER,35031,0.0,0.0,0.0
ES531,ES,SFH,26742,26742.0,0.3110402903135759,138484.1801399201
ES532,ES,MFH_HIGH,69769,517048.0,0.7347061732324639,2957177.5335354265
ES532,ES,OTHER,148898,0.0,0.0,0.0
ES532,ES,SFH,186700,186700.0,0.2652938267675361,1188347.1610229712
ES533,ES,MFH_HIGH,11833,74708.0,0.7499523173755483,243696.50931563578
ES533,ES,OTHER,14803,0.0,0.0,0.0
ES533,ES,SFH,24909,24909.0,0.25004768262445165,142917.0383309598
ES611,ES,MFH_HIGH,45170,316576.0,0.6589649760414975,1443515.4747570935
ES611,ES,OTHER,97132,0.0,0.0,0.0
ES611,ES,SFH,163838,163838.0,0.34103502395850244,1037484.1497079307
ES612,ES,MFH_HIGH,70752,481114.0,0.6781229606514075,2278453.2763641477
ES612,ES,OTHER,101682,0.0,0.0,0.0
ES612,ES,SFH,228365,228365.0,0.3218770393485924,1095812.585089289
ES613,ES,MFH_HIGH,60377,398466.0,0.6444093326842869,1575566.9609328606
ES613,ES,OTHER,88454,0.0,0.0,0.0
ES613,ES,SFH,219877,219877.0,0.35559066731571315,1258889.8066490905
ES614,ES,MFH_HIGH,83096,555724.0,0.6950590030455203,2095281.8092131945
ES614,ES,OTHER,117203,0.0,0.0,0.0
ES614,ES,SFH,243811,243811.0,0.3049409969544798,1503956.8884249693
ES615,ES,MFH_HIGH,26993,195362.0,0.5324550023439119,862119.7490052332
ES615,ES,OTHER,81843,0.0,0.0,0.0
ES615,ES,SFH,171546,171546.0,0.4675449976560882,957659.3199315174
ES616,ES,MFH_HIGH,78477,498848.0,0.7181533659839971,1473366.7708795008
ES616,ES,OTHER,100620,0.0,0.0,0.0
ES616,ES,SFH,195778,195778.0,0.28184663401600285,1212010.5907379207
ES617,ES,MFH_HIGH,102351,740260.0,0.7382585809869444,3873092.8339859927
ES617,ES,OTHER,136747,0.0,0.0,0.0
ES617,ES,SFH,262451,262451.0,0.2617414190130556,1425166.2575809597
ES618,ES,MFH_HIGH,131025,896652.0,0.678993246052246,3192709.9280372867
ES618,ES,OTHER,141158,0.0,0.0,0.0
ES618,ES,SFH,423909,423909.0,0.321006753947754,2178317.868129784
ES620,ES,MFH_HIGH,92497,666464.0,0.6683025001779896,3108206.690163574
ES620,ES,OTHER,195122,0.0,0.0,0.0
ES620,ES,SFH,330785,330785.0,0.33169749982201036,2116073.289806287
ES630,ES,MFH_HIGH,2890,24508.0,0.8504997223764575,102217.5134458282
ES630,ES,OTHER,2424,0.0,0.0,0.0
ES630,ES,SFH,4308,4308.0,0.14950027762354248,18829.897137193868
ES640,ES,MFH_HIGH,4935,38948.0,0.894287288758266,125552.344067125
ES640,ES,OTHER,2364,0.0,0.0,0.0
ES640,ES,SFH,4604,4604.0,0.10571271124173402,21459.1584187647
ES703,ES,MFH_HIGH,688,4128.0,0.37969094922737306,10593.973293734292
ES703,ES,OTHER,2131,0.0,0.0,0.0
ES703,ES,SFH,6744,6744.0,0.6203090507726269,31359.557614535264
ES704,ES,MFH_HIGH,7365,44512.0,0.6642788920725884,174368.77880603092
ES704,ES,OTHER,17679,0.0,0.0,0.0
ES704,ES,SFH,22496,22496.0,0.33572110792741167,122589.255758491
ES705,ES,MFH_HIGH,65129,438766.0,0.8214407404772514,1610762.3263092288
ES705,ES,OTHER,39757,0.0,0.0,0.0
ES705,ES,SFH,95376,95376.0,0.17855925952274862,627620.4423183636
ES706,ES,MFH_HIGH,1787,11170.0,0.5548380687462746,33525.77245692095
ES706,ES,OTHER,3793,0.0,0.0,0.0
ES706,ES,SFH,8962,8962.0,0.4451619312537254,42027.05316425695
ES707,ES,MFH_HIGH,5208,35574.0,0.5368039837030331,121670.49760588992
ES707,ES,OTHER,14161,0.0,0.0,0.0
ES707,ES,SFH,30696,30696.0,0.46319601629696694,137051.5644528382
ES708,ES,MFH_HIGH,9313,57418.0,0.6371636242578927,223740.30157133657
ES708,ES,OTHER,11641,0.0,0.0,0.0
ES708,ES,SFH,32697,32697.0,0.3628363757421073,218977.66861968272
ES709,ES,MFH_HIGH,69529,467826.0,0.7784696383761873,1905417.3705580868
ES709,ES,OTHER,54769,0.0,0.0,0.0
ES709,ES,SFH,133130,133130.0,0.22153036162381273,790105.5853701731
FI193,FI,MFH_HIGH,13463,84432.0,0.42716206781410315,1155771.2121982244
FI193,FI,OTHER,283055,0.0,0.0,0.0
FI193,FI,SFH,113226,113226.0,0.5728379321858968,2763591.93560135
FI194,FI,MFH_HIGH,13892,84150.0,0.4737615484655531,991038.8063891495
FI194,FI,OTHER,232903,0.0,0.0,0.0
FI194,FI,SFH,93471,93471.0,0.5262384515344469,2530082.8479856774
FI195,FI,MFH_HIGH,11389,69524.0,0.43680731823779245,928562.8446437597
FI195,FI,OTHER,185295,0.0,0.0,0.0
FI195,FI,SFH,89640,89640.0,0.5631926817622075,2085509.6765321384
FI196,FI,MFH_HIGH,14315,87626.0,0.4594387701600218,1053202.3304653002
FI196,FI,OTHER,212697,0.0,0.0,0.0
FI196,FI,SFH,103098,103098.0,0.5405612298399782,2723499.0407873783
FI197,FI,MFH_HIGH,26649,179886.0,0.5362863676068557,2505153.265150262
FI197,FI,OTHER,361250,0.0,0.0,0.0
FI197,FI,SFH,155543,155543.0,0.4637136323931443,3875283.966930924
FI1B1,FI,MFH_HIGH,59675,425418.0,0.6098273519073859,6823430.650999841
FI1B1,FI,OTHER,389260,0.0,0.0,0.0
FI1B1,FI,SFH,272186,272186.0,0.39017264809261415,5959329.458307838
FI1C1,FI,MFH_HIGH,26572,177618.0,0.47959756769308864,2302337.3695827182
FI1C1,FI,OTHER,302597,0.0,0.0,0.0
FI1C1,FI,SFH,192730,192730.0,0.5204024323069113,4162731.997256189
FI1C2,FI,MFH_HIGH,8730,54228.0,0.43330403515781063,668492.6458215148
FI1C2,FI,OTHER,160712,0.0,0.0,0.0
FI1C2,FI,SFH,70922,70922.0,0.5666959648421894,1693114.5220774028
FI1C3,FI,MFH_HIGH,8557,54324.0,0.453781512605042,710674.8212394464
FI1C3,FI,OTHER,158760,0.0,0.0,0.0
FI1C3,FI,SFH,65390,65390.0,0.5462184873949579,1536572.749193845
FI1C4,FI,MFH_HIGH,8940,55194.0,0.39848386398094,620472.7672712526
FI1C4,FI,OTHER,147183,0.0,0.0,0.0
FI1C4,FI,SFH,83316,83316.0,0.60151613601906,1509595.8899692418
FI1C5,FI,MFH_HIGH,7553,47320.0,0.3041248377186781,477344.1599026456
FI1C5,FI,OTHER,101935,0.0,0.0,0.0
FI1C5,FI,SFH,108274,108274.0,0.695875162281322,1371445.0247866353
FI1D1,FI,MFH_HIGH,9200,55536.0,0.30952380952380953,592192.1283205749
FI1D1,FI,OTHER,281215,0.0,0.0,0.0
FI1D1,FI,SFH,123888,123888.0,0.6904761904761905,2189282.3208555696
FI1D2,FI,MFH_HIGH,13730,84410.0,0.4215904663916331,984268.9943071029
FI1D2,FI,OTHER,322949,0.0,0.0,0.0
FI1D2,FI,SFH,115808,115808.0,0.5784095336083669,2534878.672339758
FI1D3,FI,MFH_HIGH,10090,61618.0,0.39725612311342345,657454.5071661022
FI1D3,FI,OTHER,206915,0.0,0.0,0.0
FI1D3,FI,SFH,93491,93491.0,0.6027438768865765,1825492.024930508
FI1D5,FI,MFH_HIGH,3726,22496.0,0.4401056441357723,267369.18512361834
FI1D5,FI,OTHER,78993,0.0,0.0,0.0
FI1D5,FI,SFH,28619,28619.0,0.5598943558642278,752745.0880806677
FI1D7,FI,MFH_HIGH,9183,55308.0,0.31352141897522234,643569.2729734243
FI1D7,FI,OTHER,273066,0.0,0.0,0.0
FI1D7,FI,SFH,121101,121101.0,0.6864785810247777,2370504.8025081605
FI1D8,FI,MFH_HIGH,4555,27414.0,0.35271412580574607,298728.52480513003
FI1D8,FI,OTHER,121210,0.0,0.0,0.0
FI1D8,FI,SFH,50309,50309.0,0.647285874194254,986951.717130295
FI1D9,FI,MFH_HIGH,23175,144216.0,0.4435136406830951,1764479.572283551
FI1D9,FI,OTHER,424386,0.0,0.0,0.0
FI1D9,FI,SFH,180951,180951.0,0.5564863593169048,4080952.3186701126
FI200,FI,MFH_HIGH,1963,11792.0,0.359074299634592,135351.6552451707
FI200,FI,OTHER,30615,0.0,0.0,0.0
FI200,FI,SFH,21048,21048.0,0.6409257003654081,394880.502043974
FR101,FR,MFH_HIGH,83177,1255174.0,0.9877722095958801,16336232.69398323
FR101,FR,OTHER,23925,0.0,0.0,0.0
FR101,FR,SFH,15538,15538.0,0.012227790404119894,195232.93421236583
FR102,FR,MFH_HIGH,35170,223032.0,0.291605325021377,2727984.009924122
FR102,FR,OTHER,327923,0.0,0.0,0.0
FR102,FR,SFH,541810,541810.0,0.7083946749786231,6714613.814399684
FR103,FR,MFH_HIGH,45779,303920.0,0.39139981583912326,4120220.910494363
FR103,FR,OTHER,96673,0.0,0.0,0.0
FR103,FR,SFH,472575,472575.0,0.6086001841608768,5360245.990427664
FR104,FR,MFH_HIGH,28233,188396.0,0.3212580486740151,2825095.5508555947
FR104,FR,OTHER,135387,0.0,0.0,0.0
FR104,FR,SFH,398036,398036.0,0.6787419513259849,4859118.020253962
FR105,FR,MFH_HIGH,61526,565968.0,0.8125664913663518,6973415.3257357385
FR105,FR,OTHER,44561,0.0,0.0,0.0
FR105,FR,SFH,130551,130551.0,0.1874335086336482,1666423.8579994368
FR106,FR,MFH_HIGH,36792,289212.0,0.5222375106989241,4379365.081338402
FR106,FR,OTHER,69767,0.0,0.0,0.0
FR106,FR,SFH,264582,264582.0,0.47776248930107584,3061480.2536455514
FR107,FR,MFH_HIGH,39657,318638.0,0.6062585976281487,4445442.247453824
FR107,FR,OTHER,69225,0.0,0.0,0.0
FR107,FR,SFH,206943,206943.0,0.39374140237185135,2625546.254488165
FR108,FR,MFH_HIGH,30651,207412.0,0.36878882815861624,2614177.519196025
FR108,FR,OTHER,81512,0.0,0.0,0.0
FR108,FR,SFH,355002,355002.0,0.6312111718413838,3948426.4332059934
FRB01,FR,MFH_HIGH,9217,57486.0,0.2836699547497915,632847.5851629183
FRB01,FR,OTHER,245996,0.0,0.0,0.0
FRB01,FR,SFH,145165,145165.0,0.7163300452502085,2824074.1880723345
FRB02,FR,MFH_HIGH,12060,75608.0,0.2408281573498965,849985.3841551614
FRB02,FR,OTHER,170561,0.0,0.0,0.0
FRB02,FR,SFH,238342,238342.0,0.7591718426501035,3368683.9845511504
FRB03,FR,MFH_HIGH,8166,50970.0,0.3101931023570294,507063.62134924956
FRB03,FR,OTHER,213572,0.0,0.0,0.0
FRB03,FR,SFH,113347,113347.0,0.6898068976429707,2368950.469191632
FRB04,FR,MFH_HIGH,20613,132974.0,0.37584298562472795,1540002.2222057562
FRB04,FR,OTHER,313198,0.0,0.0,0.0
FRB04,FR,SFH,220828,220828.0,0.624157014375272,3945725.2182500246
FRB05,FR,MFH_HIGH,10774,65722.0,0.2848758582425966,726924.1627694233
FRB05,FR,OTHER,245614,0.0,0.0,0.0
FRB05,FR,SFH,164982,164982.0,0.7151241417574035,2984408.66680964
FRB06,FR,MFH_HIGH,20162,128784.0,0.3401153577993281,1490123.4584899407
FRB06,FR,OTHER,304398,0.0,0.0,0.0
FRB06,FR,SFH,249864,249864.0,0.6598846422006719,4360591.47558207
FRC11,FR,MFH_HIGH,21035,136682.0,0.4737628378214438,1755708.1906073503
FRC11,FR,OTHER,251582,0.0,0.0,0.0
FRC11,FR,SFH,151821,151821.0,0.5262371621785562,3255383.4775660783
FRC12,FR,MFH_HIGH,8515,52742.0,0.3249200667804316,579701.7190917905
FRC12,FR,OTHER,187594,0.0,0.0,0.0
FRC12,FR,SFH,109581,109581.0,0.6750799332195684,2455619.192855536
FRC13,FR,MFH_HIGH,21088,133304.0,0.41851192550522887,1565366.5782015612
FRC13,FR,OTHER,443922,0.0,0.0,0.0
FRC13,FR,SFH,185215,185215.0,0.5814880744947711,3967921.537320407
FRC14,FR,MFH_HIGH,6299,38298.0,0.22839933206106872,333938.74527282844
FRC14,FR,OTHER,310482,0.0,0.0,0.0
FRC14,FR,SFH,129382,129382.0,0.7716006679389313,2037036.4673475805
FRC21,FR,MFH_HIGH,24973,161150.0,0.5330691418628807,2065553.51065608
FRC21,FR,OTHER,200640,0.0,0.0,0.0
FRC21,FR,SFH,141156,141156.0,0.4669308581371193,2765323.629320124
FRC22,FR,MFH_HIGH,16303,101010.0,0.5307572262535928,1152225.4395000148
FRC22,FR,OTHER,147407,0.0,0.0,0.0
FRC22,FR,SFH,89303,89303.0,0.4692427737464072,2129828.564291102
FRC23,FR,MFH_HIGH,11827,71914.0,0.5070007473103876,903922.2426447805
FRC23,FR,OTHER,157311,0.0,0.0,0.0
FRC23,FR,SFH,69928,69928.0,0.49299925268961237,1675961.6730285722
FRC24,FR,MFH_HIGH,6023,38028.0,0.5257278734758205,507977.7464580798
FRC24,FR,OTHER,40794,0.0,0.0,0.0
FRC24,FR,SFH,34306,34306.0,0.4742721265241795,720585.4196910382
FRD11,FR,MFH_HIGH,30775,194576.0,0.4355951554769527,2129754.6413140856
FRD11,FR,OTHER,323313,0.0,0.0,0.0
FRD11,FR,SFH,252114,252114.0,0.5644048445230473,4709396.555712436
FRD12,FR,MFH_HIGH,19652,121566.0,0.353123665612228,1143376.4820020834
FRD12,FR,OTHER,405614,0.0,0.0,0.0
FRD12,FR,SFH,222693,222693.0,0.646876334387772,4706344.59215982
FRD13,FR,MFH_HIGH,11745,71422.0,0.3332042603417791,685449.5301276012
FRD13,FR,OTHER,240222,0.0,0.0,0.0
FRD13,FR,SFH,142927,142927.0,0.6667957396582209,2847379.1687735063
FRD21,FR,MFH_HIGH,14825,91008.0,0.2236860215899483,918611.21620774
FRD21,FR,OTHER,223597,0.0,0.0,0.0
FRD21,FR,SFH,315848,315848.0,0.7763139784100517,3881108.455801703
FRD22,FR,MFH_HIGH,52605,345268.0,0.4059025320414099,3276416.7167202625
FRD22,FR,OTHER,408614,0.0,0.0,0.0
FRD22,FR,SFH,505350,505350.0,0.5940974679585901,6592935.024170546
FRE11,FR,MFH_HIGH,123255,774642.0,0.4563243084669901,6740916.619087782
FRE11,FR,OTHER,660896,0.0,0.0,0.0
FRE11,FR,SFH,922927,922927.0,0.5436756915330099,16287959.492944043
FRE12,FR,MFH_HIGH,44236,274446.0,0.2638979970576074,2523475.249587495
FRE12,FR,OTHER,444016,0.0,0.0,0.0
FRE12,FR,SFH,765524,765524.0,0.7361020029423926,11554462.007871931
FRE21,FR,MFH_HIGH,19308,118438.0,0.3374205863080824,1292272.2032568008
FRE21,FR,OTHER,245599,0.0,0.0,0.0
FRE21,FR,SFH,232572,232572.0,0.6625794136919176,4047090.000123473
FRE22,FR,MFH_HIGH,21699,134870.0,0.22838419074067803,1535874.2503434538
FRE22,FR,OTHER,155965,0.0,0.0,0.0
FRE22,FR,SFH,455670,455670.0,0.7716158092593219,5348955.900176277
FRE23,FR,MFH_HIGH,25678,158268.0,0.22600093103221772,1250313.7079645365
FRE23,FR,OTHER,145059,0.0,0.0,0.0
FRE23,FR,SFH,542030,542030.0,0.7739990689677823,5098676.945741775
FRF11,FR,MFH_HIGH,33854,218020.0,0.44958509988946993,3683303.096793083
FRF11,FR,OTHER,471232,0.0,0.0,0.0
FRF11,FR,SFH,266916,266916.0,0.5504149001105301,5288012.41755748
FRF12,FR,MFH_HIGH,32410,207634.0,0.48339925825730046,2075194.4460864898
FRF12,FR,OTHER,379957,0.0,0.0,0.0
FRF12,FR,SFH,221895,221895.0,0.5166007417426995,3907082.996835069
FRF21,FR,MFH_HIGH,13367,81042.0,0.6233376662333766,1425216.8088809305
FRF21,FR,OTHER,95993,0.0,0.0,0.0
FRF21,FR,SFH,48971,48971.0,0.37666233376662334,1060383.990631473
FRF22,FR,MFH_HIGH,11568,72712.0,0.3924226887581629,810259.0290897812
FRF22,FR,OTHER,188093,0.0,0.0,0.0
FRF22,FR,SFH,112578,112578.0,0.6075773112418371,2241583.3203628124
FRF23,FR,MFH_HIGH,24061,147558.0,0.6382156018061971,2868361.94393281
FRF23,FR,OTHER,184263,0.0,0.0,0.0
FRF23,FR,SFH,83646,83646.0,0.36178439819380287,1719596.9958875014
FRF24,FR,MFH_HIGH,11362,69992.0,0.49530468257955856,752417.842600007
FRF24,FR,OTHER,121995,0.0,0.0,0.0
FRF24,FR,SFH,71319,71319.0,0.5046953174204415,1732651.644613476
FRF31,FR,MFH_HIGH,34835,221036.0,0.5420139527470237,2529437.4489847757
FRF31,FR,OTHER,273131,0.0,0.0,0.0
FRF31,FR,SFH,186769,186769.0,0.4579860472529763,4145410.984642783
FRF32,FR,MFH_HIGH,10268,61720.0,0.7071737112870515,1365598.1932990905
FRF32,FR,OTHER,72147,0.0,0.0,0.0
FRF32,FR,SFH,25557,25557.0,0.2928262887129484,607798.8248316246
FRF33,FR,MFH_HIGH,42098,267918.0,0.45714802478910155,2671166.7460373957
FRF33,FR,OTHER,609448,0.0,0.0,0.0
FRF33,FR,SFH,318146,318146.0,0.5428519752108985,6185393.117602972
FRF34,FR,MFH_HIGH,20389,123804.0,0.49226438276096524,1366102.89697715
FRF34,FR,OTHER,240071,0.0,0.0,0.0
FRF34,FR,SFH,127695,127695.0,0.5077356172390347,3063763.19172048
FRG01,FR,MFH_HIGH,39753,267596.0,0.3638138485173956,3189243.546879467
FRG01,FR,OTHER,640564,0.0,0.0,0.0
FRG01,FR,SFH,467934,467934.0,0.6361861514826044,8080052.191331938
FRG02,FR,MFH_HIGH,28292,178054.0,0.3972495465366106,1884546.9735605402
FRG02,FR,OTHER,502154,0.0,0.0,0.0
FRG02,FR,SFH,270163,270163.0,0.6027504534633894,5195204.297122858
FRG03,FR,MFH_HIGH,11282,69036.0,0.35461998397337113,662430.4596328398
FRG03,FR,OTHER,245191,0.0,0.0,0.0
FRG03,FR,SFH,125640,125640.0,0.6453800160266289,2475962.7563377684
FRG04,FR,MFH_HIGH,18974,119220.0,0.354145811116293,1226618.176404411
FRG04,FR,OTHER,353520,0.0,0.0,0.0
FRG04,FR,SFH,217421,217421.0,0.6458541888837069,4193811.641752784
FRG05,FR,MFH_HIGH,22856,142022.0,0.2820163027829903,1157464.264193499
FRG05,FR,OTHER,506442,0.0,0.0,0.0
FRG05,FR,SFH,361573,361573.0,0.7179836972170097,5860424.58498324
FRH01,FR,MFH_HIGH,21324,130296.0,0.3084403517700948,1225094.0484565191
FRH01,FR,OTHER,448563,0.0,0.0,0.0
FRH01,FR,SFH,292139,292139.0,0.6915596482299052,6089695.840749806
FRH02,FR,MFH_HIGH,31554,199166.0,0.3326268815749699,2028940.8510160674
FRH02,FR,OTHER,454202,0.0,0.0,0.0
FRH02,FR,SFH,399601,399601.0,0.6673731184250301,8031514.376197736
FRH03,FR,MFH_HIGH,35009,231082.0,0.4198857080558559,2660294.9195730374
FRH03,FR,OTHER,487954,0.0,0.0,0.0
FRH03,FR,SFH,319263,319263.0,0.5801142919441441,6192495.129923422
FRH04,FR,MFH_HIGH,24314,150574.0,0.30661494445971677,1489647.9814872683
FRH04,FR,OTHER,404017,0.0,0.0,0.0
FRH04,FR,SFH,340511,340511.0,0.6933850555402833,6321989.775384069
FRI11,FR,MFH_HIGH,26690,161330.0,0.37391300317060056,1411251.092806578
FRI11,FR,OTHER,356517,0.0,0.0,0.0
FRI11,FR,SFH,270134,270134.0,0.6260869968293994,4743812.360805951
FRI12,FR,MFH_HIGH,64405,410650.0,0.4175614775768521,4548527.3868944775
FRI12,FR,OTHER,820506,0.0,0.0,0.0
FRI12,FR,SFH,572798,572798.0,0.582438522423148,9462347.931541476
FRI13,FR,MFH_HIGH,16769,101734.0,0.32289537496667386,926466.2387566466
FRI13,FR,OTHER,407280,0.0,0.0,0.0
FRI13,FR,SFH,213334,213334.0,0.6771046250333261,3504893.1253673737
FRI14,FR,MFH_HIGH,20574,124480.0,0.4435844531631406,1111401.0991656089
FRI14,FR,OTHER,305466,0.0,0.0,0.0
FRI14,FR,SFH,156143,156143.0,0.5564155468368595,2976408.000246763
FRI15,FR,MFH_HIGH,33294,217180.0,0.5296776034515137,2657793.235921368
FRI15,FR,OTHER,383936,0.0,0.0,0.0
FRI15,FR,SFH,192843,192843.0,0.4703223965484863,4117961.7657911913
FRI21,FR,MFH_HIGH,8901,55478.0,0.2986364933170409,505477.35167666466
FRI21,FR,OTHER,224606,0.0,0.0,0.0
FRI21,FR,SFH,130293,130293.0,0.7013635066829591,2307722.9971077475
FRI22,FR,MFH_HIGH,8164,49754.0,0.3621554340784522,455947.23770258477
FRI22,FR,OTHER,149899,0.0,0.0,0.0
FRI22,FR,SFH,87629,87629.0,0.6378445659215478,1931373.8972051025
FRI23,FR,MFH_HIGH,15603,101934.0,0.4098211701135377,1134111.8329425429
FRI23,FR,OTHER,235668,0.0,0.0,0.0
FRI23,FR,SFH,146794,146794.0,0.5901788298864623,2817894.0745126647
FRI31,FR,MFH_HIGH,18995,115272.0,0.42514771293898956,1093391.6974701618
FRI31,FR,OTHER,326102,0.0,0.0,0.0
FRI31,FR,SFH,155862,155862.0,0.5748522870610104,3237578.921208646
FRI32,FR,MFH_HIGH,31583,193404.0,0.3546556299041496,1847400.5034502
FRI32,FR,OTHER,531215,0.0,0.0,0.0
FRI32,FR,SFH,351925,351925.0,0.6453443700958504,6230527.057041491
FRI33,FR,MFH_HIGH,17745,107478.0,0.4027882399235483,944051.8148079595
FRI33,FR,OTHER,347035,0.0,0.0,0.0
FRI33,FR,SFH,159357,159357.0,0.5972117600764517,3350813.206666768
FRI34,FR,MFH_HIGH,18020,110682.0,0.3897788780853709,1098552.352734459
FRI34,FR,OTHER,329877,0.0,0.0,0.0
FRI34,FR,SFH,173279,173279.0,0.6102211219146291,3377455.65713241
FRJ11,FR,MFH_HIGH,23047,140606.0,0.413415738530114,1181497.3793414575
FRJ11,FR,OTHER,243347,0.0,0.0,0.0
FRJ11,FR,SFH,199502,199502.0,0.5865842614698861,3281543.6315113725
FRJ12,FR,MFH_HIGH,33707,208584.0,0.40828214734517954,2292676.511452813
FRJ12,FR,OTHER,401796,0.0,0.0,0.0
FRJ12,FR,SFH,302298,302298.0,0.5917178526548205,5045196.208278685
FRJ13,FR,MFH_HIGH,54141,346574.0,0.4538524698576661,3785599.3958791518
FRJ13,FR,OTHER,505186,0.0,0.0,0.0
FRJ13,FR,SFH,417053,417053.0,0.5461475301423339,5970310.866454853
FRJ14,FR,MFH_HIGH,6992,42232.0,0.4782731792391932,331255.109688967
FRJ14,FR,OTHER,71386,0.0,0.0,0.0
FRJ14,FR,SFH,46069,46069.0,0.5217268207608068,885670.2991445989
FRJ15,FR,MFH_HIGH,31121,196974.0,0.48399533140856316,1731289.4353009071
FRJ15,FR,OTHER,191891,0.0,0.0,0.0
FRJ15,FR,SFH,210001,210001.0,0.5160046685914368,3056686.9991555195
FRJ21,FR,MFH_HIGH,11540,69912.0,0.3996501517723929,481217.40033581806
FRJ21,FR,OTHER,181531,0.0,0.0,0.0
FRJ21,FR,SFH,105021,105021.0,0.6003498482276072,1828875.739278728
FRJ22,FR,MFH_HIGH,19280,119474.0,0.4421802193247049,1096915.0326825737
FRJ22,FR,OTHER,271975,0.0,0.0,0.0
FRJ22,FR,SFH,150719,150719.0,0.557819780675295,2988472.5108960755
FRJ23,FR,MFH_HIGH,51301,342722.0,0.48665719069006597,3975446.9066042104
FRJ23,FR,OTHER,695724,0.0,0.0,0.0
FRJ23,FR,SFH,361515,361515.0,0.513342809309934,6501458.993710135
FRJ24,FR,MFH_HIGH,14251,85800.0,0.508827384164675,821623.8060444322
FRJ24,FR,OTHER,233119,0.0,0.0,0.0
FRJ24,FR,SFH,82823,82823.0,0.49117261583532495,1822469.6069213997
FRJ25,FR,MFH_HIGH,9285,56326.0,0.32995331236197273,459433.7290986964
FRJ25,FR,OTHER,227036,0.0,0.0,0.0
FRJ25,FR,SFH,114383,114383.0,0.6700466876380273,2135102.105939938
FRJ26,FR,MFH_HIGH,14224,89488.0,0.49081585081585083,1054999.9614291005
FRJ26,FR,OTHER,187890,0.0,0.0,0.0
FRJ26,FR,SFH,92837,92837.0,0.5091841491841492,2050492.761505752
FRJ27,FR,MFH_HIGH,18344,112010.0,0.3953982575789667,1076178.3382729958
FRJ27,FR,OTHER,312412,0.0,0.0,0.0
FRJ27,FR,SFH,171274,171274.0,0.6046017424210333,3448137.8935490223
FRJ28,FR,MFH_HIGH,13781,83568.0,0.4513139561258546,740143.7114716304
FRJ28,FR,OTHER,213108,0.0,0.0,0.0
FRJ28,FR,SFH,101598,101598.0,0.5486860438741453,1962074.2748632107
FRK11,FR,MFH_HIGH,14205,90620.0,0.3755288774330434,993091.8864018114
FRK11,FR,OTHER,343759,0.0,0.0,0.0
FRK11,FR,SFH,150693,150693.0,0.6244711225669566,3097298.371264233
FRK12,FR,MFH_HIGH,8553,53082.0,0.4247681387886402,538098.7771206856
FRK12,FR,OTHER,131075,0.0,0.0,0.0
FRK12,FR,SFH,71885,71885.0,0.5752318612113598,1629581.9154974665
FRK13,FR,MFH_HIGH,14932,91678.0,0.47533571835951677,807491.2517293742
FRK13,FR,OTHER,217605,0.0,0.0,0.0
FRK13,FR,SFH,101192,101192.0,0.5246642816404832,2221749.5377786392
FRK14,FR,MFH_HIGH,33425,213136.0,0.4696456548037451,2194214.88734403
FRK14,FR,OTHER,432755,0.0,0.0,0.0
FRK14,FR,SFH,240687,240687.0,0.5303543451962549,4950122.651648148
FRK21,FR,MFH_HIGH,29915,186896.0,0.49429132869093306,1974063.1881541456
FRK21,FR,OTHER,393550,0.0,0.0,0.0
FRK21,FR,SFH,191213,191213.0,0.5057086713090669,3836158.0717110992
FRK22,FR,MFH_HIGH,17326,106308.0,0.3858225422449335,983325.4971920112
FRK22,FR,OTHER,245684,0.0,0.0,0.0
FRK22,FR,SFH,169228,169228.0,0.6141774577550665,2966204.728861054
FRK23,FR,MFH_HIGH,23503,147094.0,0.4719043448410827,1690664.154128504
FRK23,FR,OTHER,289930,0.0,0.0,0.0
FRK23,FR,SFH,164609,164609.0,0.5280956551589173,3117871.5822075163
FRK24,FR,MFH_HIGH,50132,360348.0,0.5294034683575546,4284901.992603686
FRK24,FR,OTHER,535428,0.0,0.0,0.0
FRK24,FR,SFH,320320,320320.0,0.47059653164244536,6269531.895612731
FRK25,FR,MFH_HIGH,32792,223506.0,0.5369410317639541,2825738.6518909177
FRK25,FR,OTHER,330514,0.0,0.0,0.0
FRK25,FR,SFH,192752,192752.0,0.4630589682360459,3951107.682880512
FRK26,FR,MFH_HIGH,62620,572392.0,0.6994455924169458,7512906.8358263485
FRK26,FR,OTHER,410748,0.0,0.0,0.0
FRK26,FR,SFH,245959,245959.0,0.30055440758305424,4924600.585017994
FRK27,FR,MFH_HIGH,29287,197422.0,0.5670210871575706,2193602.8293835428
FRK27,FR,OTHER,189930,0.0,0.0,0.0
FRK27,FR,SFH,150752,150752.0,0.43297891284242934,2758490.035743493
FRK28,FR,MFH_HIGH,43660,292984.0,0.574573066936515,2961680.335751291
FRK28,FR,OTHER,317673,0.0,0.0,0.0
FRK28,FR,SFH,216932,216932.0,0.42542693306348495,3996708.835058955
FRL01,FR,MFH_HIGH,11607,71658.0,0.4324171016504239,636295.0962513585
FRL01,FR,OTHER,110559,0.0,0.0,0.0
FRL01,FR,SFH,94057,94057.0,0.5675828983495761,1400140.926648758
FRL02,FR,MFH_HIGH,12738,82602.0,0.5014295860574384,775003.05542902
FRL02,FR,OTHER,75619,0.0,0.0,0.0
FRL02,FR,SFH,82131,82131.0,0.4985704139425616,1203248.9629465186
FRL03,FR,MFH_HIGH,54087,438230.0,0.6355027698019085,5726468.161615036
FRL03,FR,OTHER,287376,0.0,0.0,0.0
FRL03,FR,SFH,251350,251350.0,0.3644972301980916,3672128.63425544
FRL04,FR,MFH_HIGH,76499,576622.0,0.5948757627809329,6431054.644828802
FRL04,FR,OTHER,714091,0.0,0.0,0.0
FRL04,FR,SFH,392693,392693.0,0.4051242372190671,6564476.313986753
FRL05,FR,MFH_HIGH,57125,377890.0,0.49971833071940713,3773438.5887257685
FRL05,FR,OTHER,571900,0.0,0.0,0.0
FRL05,FR,SFH,378316,378316.0,0.5002816692805928,5937841.544316827
FRL06,FR,MFH_HIGH,28245,173222.0,0.4661944311374022,1762678.9966454566
FRL06,FR,OTHER,306205,0.0,0.0,0.0
FRL06,FR,SFH,198344,198344.0,0.5338055688625978,3578898.8982086284
FRM01,FR,MFH_HIGH,10168,73384.0,0.48548198230978384,655836.5682508621
FRM01,FR,OTHER,74442,0.0,0.0,0.0
FRM01,FR,SFH,77773,77773.0,0.5145180176902161,983604.2205350756
FRM02,FR,MFH_HIGH,10816,74584.0,0.46119218402176604,720014.879696127
FRM02,FR,OTHER,83442,0.0,0.0,0.0
FRM02,FR,SFH,87136,87136.0,0.538807815978234,1152024.776867556
HR031,HR,MFH_HIGH,11192,72346.0,0.47327035796525013,468826.5162915075
HR031,HR,OTHER,60624,0.0,0.0,0.0
HR031,HR,SFH,80518,80518.0,0.5267296420347498,683620.293345422
HR032,HR,MFH_HIGH,2177,13062.0,0.24247712042176392,62784.45323800181
HR032,HR,OTHER,33583,0.0,0.0,0.0
HR032,HR,SFH,40807,40807.0,0.757522879578236,280028.7448147797
HR033,HR,MFH_HIGH,6847,41446.0,0.3028394394189598,204257.0389826483
HR033,HR,OTHER,44785,0.0,0.0,0.0
HR033,HR,SFH,95412,95412.0,0.6971605605810403,803281.6652044923
HR034,HR,MFH_HIGH,3395,20398.0,0.23199053749744103,92041.4807271004
HR034,HR,OTHER,37092,0.0,0.0,0.0
HR034,HR,SFH,67528,67528.0,0.768009462502559,511356.6352977394
HR035,HR,MFH_HIGH,14889,94710.0,0.42794594081685217,572706.9311208735
HR035,HR,OTHER,85826,0.0,0.0,0.0
HR035,HR,SFH,126603,126603.0,0.5720540591831479,1097275.1016120636
HR036,HR,MFH_HIGH,12476,75052.0,0.5071492283158094,333338.12293305097
HR036,HR,OTHER,84319,0.0,0.0,0.0
HR036,HR,SFH,72936,72936.0,0.4928507716841906,684184.7067436739
HR037,HR,MFH_HIGH,3978,23994.0,0.36988962200160325,126911.67348489782
HR037,HR,OTHER,23889,0.0,0.0,0.0
HR037,HR,SFH,40874,40874.0,0.6301103779983968,335021.312807892
HR041,HR,MFH_HIGH,17586,113748.0,0.5461747886086342,1107996.328319095
HR041,HR,OTHER,59702,0.0,0.0,0.0
HR041,HR,SFH,94515,94515.0,0.4538252113913657,764555.6139581833
HR042,HR,MFH_HIGH,13111,78960.0,0.39334854387310825,371389.1328702809
HR042,HR,OTHER,111457,0.0,0.0,0.0
HR042,HR,SFH,121778,121778.0,0.6066514561268918,962100.8201175552
HR043,HR,MFH_HIGH,4226,25356.0,0.30234305133249867,114374.74479589722
HR043,HR,OTHER,52450,0.0,0.0,0.0
HR043,HR,SFH,58509,58509.0,0.6976569486675014,431166.1052336708
HR044,HR,MFH_HIGH,7067,42430.0,0.39021833097283276,195326.31482594385
HR044,HR,OTHER,67183,0.0,0.0,0.0
HR044,HR,SFH,66304,66304.0,0.6097816690271672,492941.41639802256
HR045,HR,MFH_HIGH,8506,51036.0,0.5430401566257368,243831.9487110919
HR045,HR,OTHER,52751,0.0,0.0,0.0
HR045,HR,SFH,42946,42946.0,0.45695984337426315,340941.0832789875
HR046,HR,MFH_HIGH,7410,44460.0,0.5234652789224574,203487.83210366717
HR046,HR,OTHER,45192,0.0,0.0,0.0
HR046,HR,SFH,40474,40474.0,0.4765347210775426,358704.8611325835
HR047,HR,MFH_HIGH,10607,63656.0,0.5866912442396314,306880.9622802733
HR047,HR,OTHER,62142,0.0,0.0,0.0
HR047,HR,SFH,44844,44844.0,0.4133087557603687,374044.67656515446
HR048,HR,MFH_HIGH,5539,33234.0,0.4803225853073377,150883.61355071058
HR048,HR,OTHER,51086,0.0,0.0,0.0
HR048,HR,SFH,35957,35957.0,0.5196774146926624,280337.82563263306
HR049,HR,MFH_HIGH,3961,23808.0,0.4267813928475397,111269.50628689058
HR049,HR,OTHER,41852,0.0,0.0,0.0
HR049,HR,SFH,31977,31977.0,0.5732186071524603,253727.023328702
HR04A,HR,MFH_HIGH,7390,44648.0,0.45723882966194557,255338.5369059792
HR04A,HR,OTHER,63185,0.0,0.0,0.0
HR04A,HR,SFH,52999,52999.0,0.5427611703380544,435171.3680214083
HR04B,HR,MFH_HIGH,14725,89330.0,0.4900057047568896,621878.5597731023
HR04B,HR,OTHER,113239,0.0,0.0,0.0
HR04B,HR,SFH,92974,92974.0,0.5099942952431105,767096.3538337515
HR04C,HR,MFH_HIGH,9906,59492.0,0.48475070685342264,322452.9462034111
HR04C,HR,OTHER,74862,0.0,0.0,0.0
HR04C,HR,SFH,63235,63235.0,0.5152492931465774,546067.5842606485
HR04D,HR,MFH_HIGH,5537,34958.0,0.37497318402196766,208626.00936882198
HR04D,HR,OTHER,53049,0.0,0.0,0.0
HR04D,HR,SFH,58270,58270.0,0.6250268159780323,422641.50687793264
HR04E,HR,MFH_HIGH,6986,42084.0,0.30393459671828055,200152.63457392796
HR04E,HR,OTHER,87002,0.0,0.0,0.0
HR04E,HR,SFH,96380,96380.0,0.6960654032817194,666557.292842285
HU110,HU,MFH_HIGH,48361,346628.0,0.6896107177459947,4835216.090564595
HU110,HU,OTHER,104873,0.0,0.0,0.0
HU110,HU,SFH,156015,156015.0,0.3103892822540053,2897815.475189999
HU120,HU,MFH_HIGH,51050,308876.0,0.3706277763245363,2079646.5887610451
HU120,HU,OTHER,269290,0.0,0.0,0.0
HU120,HU,SFH,524510,524510.0,0.6293722236754637,7927463.221629155
HU211,HU,MFH_HIGH,14011,85592.0,0.3712497451756878,693961.7897097587
HU211,HU,OTHER,87555,0.0,0.0,0.0
HU211,HU,SFH,144959,144959.0,0.6287502548243122,2041156.5837268552
HU212,HU,MFH_HIGH,8760,53162.0,0.33035264874941744,444759.47267747874
HU212,HU,OTHER,71975,0.0,0.0,0.0
HU212,HU,SFH,107763,107763.0,0.6696473512505826,1421861.1371628204
HU213,HU,MFH_HIGH,16151,97508.0,0.4013071249835375,721958.9668482356
HU213,HU,OTHER,85434,0.0,0.0,0.0
HU213,HU,SFH,145468,145468.0,0.5986928750164625,2003806.3899207823
HU221,HU,MFH_HIGH,18790,115456.0,0.4501103288032249,867109.7721267581
HU221,HU,OTHER,134271,0.0,0.0,0.0
HU221,HU,SFH,141050,141050.0,0.5498896711967751,2248578.8780609374
HU222,HU,MFH_HIGH,15197,92540.0,0.5011507947252986,628931.5009803964
HU222,HU,OTHER,72246,0.0,0.0,0.0
HU222,HU,SFH,92115,92115.0,0.49884920527470145,1369812.6112396223
HU223,HU,MFH_HIGH,15406,93178.0,0.42246100834240113,682392.7066901086
HU223,HU,OTHER,82799,0.0,0.0,0.0
HU223,HU,SFH,127382,127382.0,0.5775389916575988,1684736.2679585835
HU231,HU,MFH_HIGH,15465,95324.0,0.4859229957537047,807093.4704926214
HU231,HU,OTHER,110649,0.0,0.0,0.0
HU231,HU,SFH,100847,100847.0,0.5140770042462953,1565340.775967121
HU232,HU,MFH_HIGH,14907,90226.0,0.35586635586635584,620005.2459208759
HU232,HU,OTHER,90664,0.0,0.0,0.0
HU232,HU,SFH,163313,163313.0,0.6441336441336442,2145641.646636161
HU233,HU,MFH_HIGH,11437,69084.0,0.5016665577413241,505529.9345534895
HU233,HU,OTHER,62104,0.0,0.0,0.0
HU233,HU,SFH,68625,68625.0,0.49833344225867593,1097049.545930951
HU311,HU,MFH_HIGH,23452,146956.0,0.45086134163739283,1169486.5061786326
HU311,HU,OTHER,197725,0.0,0.0,0.0
HU311,HU,SFH,178989,178989.0,0.5491386583626072,3308492.307733412
HU312,HU,MFH_HIGH,10931,66006.0,0.38876225815001325,481382.6755990163
HU312,HU,OTHER,100110,0.0,0.0,0.0
HU312,HU,SFH,103779,103779.0,0.6112377418499867,1812079.8396990588
HU313,HU,MFH_HIGH,4671,28390.0,0.25097241867043846,205387.37591926643
HU313,HU,OTHER,46760,0.0,0.0,0.0
HU313,HU,SFH,84730,84730.0,0.7490275813295615,1201490.3964416222
HU321,HU,MFH_HIGH,9988,62700.0,0.3527862801584444,575869.5473068015
HU321,HU,OTHER,146986,0.0,0.0,0.0
HU321,HU,SFH,115028,115028.0,0.6472137198415556,1834106.9189816727
HU322,HU,MFH_HIGH,14937,90462.0,0.3437776705264478,670210.7201850076
HU322,HU,OTHER,137027,0.0,0.0,0.0
HU322,HU,SFH,172679,172679.0,0.6562223294735522,2701933.9551403644
HU323,HU,MFH_HIGH,22241,135000.0,0.4583060330048241,888825.478190393
HU323,HU,OTHER,208464,0.0,0.0,0.0
HU323,HU,SFH,159563,159563.0,0.5416939669951759,2876134.9220877416
HU331,HU,MFH_HIGH,29079,175188.0,0.4204185755185398,1360185.7795304232
HU331,HU,OTHER,192433,0.0,0.0,0.0
HU331,HU,SFH,241511,241511.0,0.5795814244814602,3539317.8827482043
HU332,HU,MFH_HIGH,23232,139672.0,0.48407298941202975,1083646.6696994763
HU332,HU,OTHER,140882,0.0,0.0,0.0
HU332,HU,SFH,148863,148863.0,0.5159270105879703,2522169.212278809
HU333,HU,MFH_HIGH,16152,100482.0,0.46928548410448495,813110.7380272615
HU333,HU,OTHER,116490,0.0,0.0,0.0
HU333,HU,SFH,113635,113635.0,0.5307145158955151,1718481.6110577649
IE041,IE,MFH_HIGH,8652,51912.0,0.21527118313725652,406161.5564396133
IE041,IE,OTHER,300545,0.0,0.0,0.0
IE041,IE,SFH,189235,189235.0,0.7847288168627434,3265162.796627058
IE042,IE,MFH_HIGH,12732,76546.0,0.2653222507989546,642102.5927422327
IE042,IE,OTHER,286737,0.0,0.0,0.0
IE042,IE,SFH,211956,211956.0,0.7346777492010454,3883276.240871463
IE051,IE,MFH_HIGH,11724,70484.0,0.3130159829822762,581342.970685697
IE051,IE,OTHER,198719,0.0,0.0,0.0
IE051,IE,SFH,154693,154693.0,0.6869840170177238,2488978.1195839485
IE052,IE,MFH_HIGH,12850,77100.0,0.2918243754731264,548648.3290159081
IE052,IE,OTHER,196346,0.0,0.0,0.0
IE052,IE,SFH,187100,187100.0,0.7081756245268735,2858026.0619496587
IE053,IE,MFH_HIGH,26081,156780.0,0.4193122188404324,1322250.893812533
IE053,IE,OTHER,313673,0.0,0.0,0.0
IE053,IE,SFH,217118,217118.0,0.5806877811595675,4134599.479792999
IE061,IE,MFH_HIGH,72693,442570.0,0.5568746468966541,2437239.94266583
IE061,IE,OTHER,112012,0.0,0.0,0.0
IE061,IE,SFH,352169,352169.0,0.4431253531033459,4850872.2763175
IE062,IE,MFH_HIGH,19664,118026.0,0.32791558311662333,876652.0265082824
IE062,IE,OTHER,185712,0.0,0.0,0.0
IE062,IE,SFH,241902,241902.0,0.6720844168833767,4297422.0238076
IE063,IE,MFH_HIGH,10152,60926.0,0.3723582403344294,488939.07262076315
IE063,IE,OTHER,155814,0.0,0.0,0.0
IE063,IE,SFH,102696,102696.0,0.6276417596655707,1973635.559017812
ITC11,IT,MFH_HIGH,114469,828578.0,0.5857003602937486,9824245.16878047
ITC11,IT,OTHER,108983,0.0,0.0,0.0
ITC11,IT,SFH,586101,586101.0,0.4142996397062514,8121961.319265379
ITC12,IT,MFH_HIGH,14605,92110.0,0.4886057416877082,905381.8514979503
ITC12,IT,OTHER,24622,0.0,0.0,0.0
ITC12,IT,SFH,96406,96406.0,0.5113942583122918,1312057.9724205958
ITC13,IT,MFH_HIGH,13438,85472.0,0.43260971893932876,898235.8830301545
ITC13,IT,OTHER,14501,0.0,0.0,0.0
ITC13,IT,SFH,112101,112101.0,0.5673902810606712,1424181.072856108
ITC14,IT,MFH_HIGH,11556,70526.0,0.33829313685987833,706636.9234797723
ITC14,IT,OTHER,22036,0.0,0.0,0.0
ITC14,IT,SFH,137950,137950.0,0.6617068631401216,1533429.2748432648
ITC15,IT,MFH_HIGH,23985,149636.0,0.4905615841064813,1662150.680058259
ITC15,IT,OTHER,28407,0.0,0.0,0.0
ITC15,IT,SFH,155394,155394.0,0.5094384158935187,2191668.403481678
ITC16,IT,MFH_HIGH,55549,342072.0,0.4939596540122164,3647693.251155921
ITC16,IT,OTHER,75187,0.0,0.0,0.0
ITC16,IT,SFH,350438,350438.0,0.5060403459877836,4912351.391452955
ITC17,IT,MFH_HIGH,20072,124268.0,0.5341620780515902,1320475.4937099009
ITC17,IT,OTHER,18782,0.0,0.0,0.0
ITC17,IT,SFH,108373,108373.0,0.4658379219484098,1644144.337877334
ITC18,IT,MFH_HIGH,31602,198782.0,0.4806013379721526,2250084.359780889
ITC18,IT,OTHER,41440,0.0,0.0,0.0
ITC18,IT,SFH,214829,214829.0,0.5193986620278475,3031368.296915172
ITC20,IT,MFH_HIGH,10390,63586.0,0.5990710470035142,978527.5396244468
ITC20,IT,OTHER,16195,0.0,0.0,0.0
ITC20,IT,SFH,42555,42555.0,0.4009289529964858,817504.3416954277
ITC31,IT,MFH_HIGH,22935,151344.0,0.6109207164222483,1470460.619607165
ITC31,IT,OTHER,14925,0.0,0.0,0.0
ITC31,IT,SFH,96387,96387.0,0.3890792835777517,1118843.3444667885
ITC32,IT,MFH_HIGH,23446,175802.0,0.65866881474682,2051713.3346787202
ITC32,IT,OTHER,12362,0.0,0.0,0.0
ITC32,IT,SFH,91103,91103.0,0.34133118525317996,1311841.8499987873
ITC33,IT,MFH_HIGH,47554,428670.0,0.7435307259081441,4580798.754326388
ITC33,IT,OTHER,19526,0.0,0.0,0.0
ITC33,IT,SFH,147863,147863.0,0.256469274091856,1800326.2078896128
ITC34,IT,MFH_HIGH,15184,105692.0,0.5858790791523235,1108855.5158084652
ITC34,IT,OTHER,8526,0.0,0.0,0.0
ITC34,IT,SFH,74707,74707.0,0.41412092084767654,1034062.3566538276
ITC41,IT,MFH_HIGH,37529,232552.0,0.4203357234393668,2636604.0385780497
ITC41,IT,OTHER,51582,0.0,0.0,0.0
ITC41,IT,SFH,320701,320701.0,0.5796642765606332,3875515.688397881
ITC42,IT,MFH_HIGH,31041,188318.0,0.4613014168414039,2108240.47043943
ITC42,IT,OTHER,34575,0.0,0.0,0.0
ITC42,IT,SFH,219914,219914.0,0.5386985831585961,2811010.4419386038
ITC43,IT,MFH_HIGH,15957,96890.0,0.47148189059907253,1195213.6226763213
ITC43,IT,OTHER,19864,0.0,0.0,0.0
ITC43,IT,SFH,108611,108611.0,0.5285181094009275,1337113.017879858
ITC44,IT,MFH_HIGH,9458,57756.0,0.29323720552396426,531854.753273269
ITC44,IT,OTHER,36713,0.0,0.0,0.0
ITC44,IT,SFH,139204,139204.0,0.7067627944760357,1609592.9607312556
ITC46,IT,MFH_HIGH,56743,344994.0,0.5056086901722617,4018749.394849164
ITC46,IT,OTHER,65681,0.0,0.0,0.0
ITC46,IT,SFH,337340,337340.0,0.4943913098277383,4237785.02408073
ITC47,IT,MFH_HIGH,70075,426288.0,0.5108892095435784,5367380.122313532
ITC47,IT,OTHER,97428,0.0,0.0,0.0
ITC47,IT,SFH,408116,408116.0,0.4891107904564216,4948102.724775245
ITC48,IT,MFH_HIGH,34027,205842.0,0.47733027854817317,2272422.442816922
ITC48,IT,OTHER,53435,0.0,0.0,0.0
ITC48,IT,SFH,225394,225394.0,0.5226697214518269,2528081.488109735
ITC49,IT,MFH_HIGH,11267,68064.0,0.5988597170408954,890600.6141175486
ITC49,IT,OTHER,19741,0.0,0.0,0.0
ITC49,IT,SFH,45592,45592.0,0.40114028295910464,640021.47803455
ITC4A,IT,MFH_HIGH,19862,120866.0,0.47085818467975366,1237281.6712306642
ITC4A,IT,OTHER,57225,0.0,0.0,0.0
ITC4A,IT,SFH,135827,135827.0,0.5291418153202464,1488533.2760229222
ITC4B,IT,MFH_HIGH,39241,235950.0,0.6336541663533531,2122316.4247937636
ITC4B,IT,OTHER,66202,0.0,0.0,0.0
ITC4B,IT,SFH,136414,136414.0,0.36634583364664686,1774002.475152935
ITC4C,IT,MFH_HIGH,107125,838638.0,0.7606176450581593,14286512.48250878
ITC4C,IT,OTHER,90258,0.0,0.0,0.0
ITC4C,IT,SFH,263937,263937.0,0.23938235494184068,3333053.2088066963
ITC4D,IT,MFH_HIGH,38478,250440.0,0.6516088577591254,3564970.2186958375
ITC4D,IT,OTHER,33900,0.0,0.0,0.0
ITC4D,IT,SFH,133901,133901.0,0.34839114224087464,1709540.8940181094
ITF11,IT,MFH_HIGH,20430,122902.0,0.5280112044817927,1247305.5219507853
ITF11,IT,OTHER,28539,0.0,0.0,0.0
ITF11,IT,SFH,109862,109862.0,0.47198879551820727,1747935.0055595976
ITF12,IT,MFH_HIGH,17953,108502.0,0.5592338894644339,1088008.296818796
ITF12,IT,OTHER,30048,0.0,0.0,0.0
ITF12,IT,SFH,85517,85517.0,0.4407661105355661,1550728.301562862
ITF13,IT,MFH_HIGH,15567,102110.0,0.6372316525212182,1189610.8743309455
ITF13,IT,OTHER,25918,0.0,0.0,0.0
ITF13,IT,SFH,58130,58130.0,0.36276834747878184,1081391.5527027035
ITF14,IT,MFH_HIGH,21253,129478.0,0.5600041520875052,1303659.9760051218
ITF14,IT,OTHER,44539,0.0,0.0,0.0
ITF14,IT,SFH,101731,101731.0,0.43999584791249474,1677767.6032730555
ITF21,IT,MFH_HIGH,7265,44010.0,0.6259155490449846,528944.904265781
ITF21,IT,OTHER,13368,0.0,0.0,0.0
ITF21,IT,SFH,26303,26303.0,0.3740844509550154,383273.16047881247
ITF22,IT,MFH_HIGH,16975,103180.0,0.7075070627279958,1326659.4794992816
ITF22,IT,OTHER,45572,0.0,0.0,0.0
ITF22,IT,SFH,42656,42656.0,0.29249293727200415,691152.0281743915
ITF31,IT,MFH_HIGH,59613,362172.0,0.7674111115819807,6422919.808818366
ITF31,IT,OTHER,54666,0.0,0.0,0.0
ITF31,IT,SFH,109768,109768.0,0.23258888841801925,1856974.141420337
ITF32,IT,MFH_HIGH,21701,134056.0,0.7176599070643911,1605940.224836695
ITF32,IT,OTHER,58226,0.0,0.0,0.0
ITF32,IT,SFH,52740,52740.0,0.2823400929356089,899759.5369948611
ITF33,IT,MFH_HIGH,130840,907932.0,0.7973583331503722,18686907.3275525
ITF33,IT,OTHER,70994,0.0,0.0,0.0
ITF33,IT,SFH,230743,230743.0,0.20264166684962787,3774820.806715884
ITF34,IT,MFH_HIGH,30336,189730.0,0.7197921013695512,2560058.3502350287
ITF34,IT,OTHER,62527,0.0,0.0,0.0
ITF34,IT,SFH,73860,73860.0,0.2802078986304488,1334007.3940612024
ITF35,IT,MFH_HIGH,66365,422004.0,0.691464104013567,6312356.424606809
ITF35,IT,OTHER,85378,0.0,0.0,0.0
ITF35,IT,SFH,188301,188301.0,0.308535895986433,2947295.637596751
ITF43,IT,MFH_HIGH,25990,167378.0,0.7699363362037241,5105698.5592156
ITF43,IT,OTHER,167140,0.0,0.0,0.0
ITF43,IT,SFH,50014,50014.0,0.23006366379627585,1195613.5615747017
ITF44,IT,MFH_HIGH,18915,117046.0,0.7298406205572044,4552707.905312476
ITF44,IT,OTHER,157170,0.0,0.0,0.0
ITF44,IT,SFH,43326,43326.0,0.2701593794427955,943395.0850263787
ITF45,IT,MFH_HIGH,65522,398284.0,0.8095482974005199,12213120.411011027
ITF45,IT,OTHER,312956,0.0,0.0,0.0
ITF45,IT,SFH,93699,93699.0,0.19045170259948008,2156909.0237189657
ITF46,IT,MFH_HIGH,26043,165862.0,0.8112634446732437,4609741.710078743
ITF46,IT,OTHER,158677,0.0,0.0,0.0
ITF46,IT,SFH,38587,38587.0,0.18873655532675632,687248.3560682286
ITF47,IT,MFH_HIGH,42776,279924.0,0.8500860945856071,9084724.8405017
ITF47,IT,OTHER,281578,0.0,0.0,0.0
ITF47,IT,SFH,49365,49365.0,0.14991390541439284,1108150.6193634053
ITF48,IT,MFH_HIGH,10615,70830.0,0.8473096155226452,2813514.52915728
ITF48,IT,OTHER,66319,0.0,0.0,0.0
ITF48,IT,SFH,12764,12764.0,0.15269038447735483,239068.3219145809
ITF51,IT,MFH_HIGH,40276,246318.0,0.5106031019514683,1934271.8825594378
ITF51,IT,OTHER,72273,0.0,0.0,0.0
ITF51,IT,SFH,236088,236088.0,0.48939689804853176,2575360.8089869427
ITF52,IT,MFH_HIGH,21885,132304.0,0.6854064135108532,1020248.4180633167
ITF52,IT,OTHER,74617,0.0,0.0,0.0
ITF52,IT,SFH,60726,60726.0,0.31459358648914676,775872.7449670872
ITF61,IT,MFH_HIGH,58661,352526.0,0.6645265150087089,4197152.7711269315
ITF61,IT,OTHER,38910,0.0,0.0,0.0
ITF61,IT,SFH,177966,177966.0,0.3354734849912911,3121733.354175896
ITF62,IT,MFH_HIGH,16012,96268.0,0.7099095910210462,1179121.7451476927
ITF62,IT,OTHER,12922,0.0,0.0,0.0
ITF62,IT,SFH,39338,39338.0,0.2900904089789537,735012.646149836
ITF63,IT,MFH_HIGH,31180,188270.0,0.6616086363700258,2480661.762735006
ITF63,IT,OTHER,23865,0.0,0.0,0.0
ITF63,IT,SFH,96294,96294.0,0.3383913636299743,1667572.5506895825
ITF64,IT,MFH_HIGH,17497,105094.0,0.5964336791446279,1110014.1847308145
ITF64,IT,OTHER,16376,0.0,0.0,0.0
ITF64,IT,SFH,71110,71110.0,0.4035663208553722,1165381.8146279266
ITF65,IT,MFH_HIGH,46411,280272.0,0.5874971963753063,3428566.3992266017
ITF65,IT,OTHER,34551,0.0,0.0,0.0
ITF65,IT,SFH,196789,196789.0,0.4125028036246937,2992419.535315532
ITG11,IT,MFH_HIGH,35963,219782.0,0.7633254262365113,3788238.689521247
ITG11,IT,OTHER,110107,0.0,0.0,0.0
ITG11,IT,SFH,68145,68145.0,0.23667457376348866,1401380.5090310464
ITG12,IT,MFH_HIGH,111057,707110.0,0.8581265412322091,7568365.907883921
ITG12,IT,OTHER,148801,0.0,0.0,0.0
ITG12,IT,SFH,116906,116906.0,0.14187345876779092,2386518.963199273
ITG13,IT,MFH_HIGH,74292,452528.0,0.7271757278136746,4272519.009964206
ITG13,IT,OTHER,50051,0.0,0.0,0.0
ITG13,IT,SFH,169781,169781.0,0.27282427218632543,2522397.9309277283
ITG14,IT,MFH_HIGH,85743,515914.0,0.8534515130611428,3164550.37893543
ITG14,IT,OTHER,101552,0.0,0.0,0.0
ITG14,IT,SFH,88589,88589.0,0.14654848693885722,1534744.001912641
ITG15,IT,MFH_HIGH,37362,226860.0,0.8655607105793297,1998884.9953465683
ITG15,IT,OTHER,35224,0.0,0.0,0.0
ITG15,IT,SFH,35236,35236.0,0.1344392894206703,630669.62974135
ITG16,IT,MFH_HIGH,37314,224556.0,0.8390257025321421,1245389.6974732068
ITG16,IT,OTHER,29156,0.0,0.0,0.0
ITG16,IT,SFH,43083,43083.0,0.16097429746785782,659730.9472202556
ITG17,IT,MFH_HIGH,136545,830470.0,0.8007084669904326,6796452.412726336
ITG17,IT,OTHER,44586,0.0,0.0,0.0
ITG17,IT,SFH,206699,206699.0,0.1992915330095674,3403522.563997037
ITG18,IT,MFH_HIGH,40501,244854.0,0.8283064057806284,2589698.2931774845
ITG18,IT,OTHER,94952,0.0,0.0,0.0
ITG18,IT,SFH,50754,50754.0,0.1716935942193716,1139049.019101346
ITG19,IT,MFH_HIGH,43181,261900.0,0.7851237191901145,2648106.611479551
ITG19,IT,OTHER,51533,0.0,0.0,0.0
ITG19,IT,SFH,71678,71678.0,0.21487628080988555,1288780.8574972737
ITG25,IT,MFH_HIGH,17415,107094.0,0.6584362645943105,2360935.194555212
ITG25,IT,OTHER,55947,0.0,0.0,0.0
ITG25,IT,SFH,55555,55555.0,0.3415637354056896,990256.8033948852
ITG26,IT,MFH_HIGH,12545,75424.0,0.6760361393948086,1228007.5638849875
ITG26,IT,OTHER,31451,0.0,0.0,0.0
ITG26,IT,SFH,36144,36144.0,0.32396386060519144,716844.6971106768
ITG27,IT,MFH_HIGH,27980,176322.0,0.6830770661181037,3981356.7798470524
ITG27,IT,OTHER,56144,0.0,0.0,0.0
ITG27,IT,SFH,81807,81807.0,0.31692293388189624,1535928.262574378
ITG28,IT,MFH_HIGH,13750,82626.0,0.6667473612859495,1325186.906895405
ITG28,IT,OTHER,32523,0.0,0.0,0.0
ITG28,IT,SFH,41298,41298.0,0.33325263871405053,722995.5339542673
ITG29,IT,MFH_HIGH,15515,93202.0,0.6302499983094515,1429057.6196006492
ITG29,IT,OTHER,31490,0.0,0.0,0.0
ITG29,IT,SFH,54679,54679.0,0.3697500016905485,1105342.0209526834
ITG2A,IT,MFH_HIGH,4835,29010.0,0.6133970482513638,429606.8770044503
ITG2A,IT,OTHER,11259,0.0,0.0,0.0
ITG2A,IT,SFH,18284,18284.0,0.3866029517486362,348163.45283726614
ITG2B,IT,MFH_HIGH,7039,42248.0,0.695715179659454,682259.8331173317
ITG2B,IT,OTHER,19825,0.0,0.0,0.0
ITG2B,IT,SFH,18478,18478.0,0.30428482034054605,366256.782802596
ITG2C,IT,MFH_HIGH,7801,46862.0,0.6585626352623739,820944.4435733234
ITG2C,IT,OTHER,22581,0.0,0.0,0.0
ITG2C,IT,SFH,24296,24296.0,0.34143736473762615,512538.9928554512
ITH10,IT,MFH_HIGH,33624,204194.0,0.7978759153179484,2631790.6960652354
ITH10,IT,OTHER,92466,0.0,0.0,0.0
ITH10,IT,SFH,51728,51728.0,0.20212408468205156,1431805.8837635997
ITH20,IT,MFH_HIGH,1497,9052.0,0.19379147934061228,96973.45792343753
ITH20,IT,OTHER,162751,0.0,0.0,0.0
ITH20,IT,SFH,37658,37658.0,0.8062085206593878,274825.11957235454
ITH31,IT,MFH_HIGH,60027,371432.0,0.6160429368485998,3910453.294473935
ITH31,IT,OTHER,139338,0.0,0.0,0.0
ITH31,IT,SFH,231500,231500.0,0.38395706315140016,3344698.8956166035
ITH32,IT,MFH_HIGH,58596,352178.0,0.6121076973614459,3651520.2842947193
ITH32,IT,OTHER,149467,0.0,0.0,0.0
ITH32,IT,SFH,223175,223175.0,0.38789230263855407,3717648.445365795
ITH33,IT,MFH_HIGH,12764,76668.0,0.43301798876055464,734314.9805888546
ITH33,IT,OTHER,85779,0.0,0.0,0.0
ITH33,IT,SFH,100387,100387.0,0.5669820112394454,1594130.9473467798
ITH34,IT,MFH_HIGH,51540,310318.0,0.492886674407117,2723038.9946168847
ITH34,IT,OTHER,151009,0.0,0.0,0.0
ITH34,IT,SFH,319275,319275.0,0.507113325592883,4575567.776253297
ITH35,IT,MFH_HIGH,49363,304228.0,0.6031781908302355,3475124.3705182145
ITH35,IT,OTHER,164766,0.0,0.0,0.0
ITH35,IT,SFH,200147,200147.0,0.39682180916976456,3244400.1103094043
ITH36,IT,MFH_HIGH,60734,366112.0,0.6165930686499396,3792180.2638669093
ITH36,IT,OTHER,167537,0.0,0.0,0.0
ITH36,IT,SFH,227654,227654.0,0.3834069313500605,3868195.151230538
ITH37,IT,MFH_HIGH,12982,77906.0,0.45345595296993685,738747.7622093925
ITH37,IT,OTHER,63128,0.0,0.0,0.0
ITH37,IT,SFH,93899,93899.0,0.5465440470300632,1305096.0699643495
ITH41,IT,MFH_HIGH,31085,187882.0,0.59685438089883,2207951.065389148
ITH41,IT,OTHER,31482,0.0,0.0,0.0
ITH41,IT,SFH,126905,126905.0,0.40314561910116997,1925422.9364209264
ITH42,IT,MFH_HIGH,54264,328272.0,0.6051855347767093,4411051.258954187
ITH42,IT,OTHER,68747,0.0,0.0,0.0
ITH42,IT,SFH,214160,214160.0,0.39481446522329067,3204460.898513951
ITH43,IT,MFH_HIGH,9752,59156.0,0.6089140504374678,921153.9477262256
ITH43,IT,OTHER,11778,0.0,0.0,0.0
ITH43,IT,SFH,37994,37994.0,0.3910859495625322,541220.5771140939
ITH44,IT,MFH_HIGH,7716,49334.0,0.6348311715050443,1274651.7495946544
ITH44,IT,OTHER,9984,0.0,0.0,0.0
ITH44,IT,SFH,28378,28378.0,0.36516882849495574,441625.3107846761
ITH51,IT,MFH_HIGH,19999,121856.0,0.46802169270713306,1044487.1948664201
ITH51,IT,OTHER,51157,0.0,0.0,0.0
ITH51,IT,SFH,138508,138508.0,0.5319783072928669,1809973.7639196303
ITH52,IT,MFH_HIGH,23929,145352.0,0.5145913949182365,1547377.6418803202
ITH52,IT,OTHER,60268,0.0,0.0,0.0
ITH52,IT,SFH,137109,137109.0,0.4854086050817635,2031613.0408178128
ITH53,IT,MFH_HIGH,25607,156400.0,0.4918177129847423,1493331.6760605082
ITH53,IT,OTHER,78000,0.0,0.0,0.0
ITH53,IT,SFH,161604,161604.0,0.5081822870152577,2531981.1546893525
ITH54,IT,MFH_HIGH,36284,220252.0,0.5586437445150687,2127510.0142933493
ITH54,IT,OTHER,103265,0.0,0.0,0.0
ITH54,IT,SFH,174010,174010.0,0.44135625548493135,2751635.379149406
ITH55,IT,MFH_HIGH,55620,357198.0,0.6839610990159867,3512678.2023342922
ITH55,IT,OTHER,112490,0.0,0.0,0.0
ITH55,IT,SFH,165051,165051.0,0.3160389009840134,2553702.877401858
ITH56,IT,MFH_HIGH,22456,136864.0,0.5108714721373034,1243902.3618815362
ITH56,IT,OTHER,53982,0.0,0.0,0.0
ITH56,IT,SFH,131039,131039.0,0.48912852786269656,1873315.205850248
ITH57,IT,MFH_HIGH,17932,108572.0,0.43371722812778385,1054672.8734163018
ITH57,IT,OTHER,77012,0.0,0.0,0.0
ITH57,IT,SFH,141757,141757.0,0.5662827718722162,2062481.8524229056
ITH58,IT,MFH_HIGH,17466,105538.0,0.49833083864143957,938747.3575174359
ITH58,IT,OTHER,102249,0.0,0.0,0.0
ITH58,IT,SFH,106245,106245.0,0.5016691613585604,1724057.713524782
ITH59,IT,MFH_HIGH,21275,131024.0,0.6058997350252258,1187198.1029062774
ITH59,IT,OTHER,39029,0.0,0.0,0.0
ITH59,IT,SFH,85223,85223.0,0.39410026497477424,1450574.737544011
ITI11,IT,MFH_HIGH,12987,79294.0,0.43211282649329985,598420.3498734569
ITI11,IT,OTHER,14235,0.0,0.0,0.0
ITI11,IT,SFH,104209,104209.0,0.5678871735067001,843544.5366174203
ITI12,IT,MFH_HIGH,25491,153604.0,0.379222318232317,849954.3191462264
ITI12,IT,OTHER,41111,0.0,0.0,0.0
ITI12,IT,SFH,251446,251446.0,0.620777681767683,1963374.59527119
ITI13,IT,MFH_HIGH,17043,102958.0,0.48759673034846607,674533.780235299
ITI13,IT,OTHER,35980,0.0,0.0,0.0
ITI13,IT,SFH,108196,108196.0,0.5124032696515339,1065378.8473840137
ITI14,IT,MFH_HIGH,78176,497728.0,0.7511095483787238,3394014.724650353
ITI14,IT,OTHER,97558,0.0,0.0,0.0
ITI14,IT,SFH,164929,164929.0,0.24889045162127615,1658736.9569503
ITI15,IT,MFH_HIGH,17126,104912.0,0.6988961501821985,776291.4377392915
ITI15,IT,OTHER,15024,0.0,0.0,0.0
ITI15,IT,SFH,45199,45199.0,0.30110384981780147,423095.3371848116
ITI16,IT,MFH_HIGH,28211,179598.0,0.6670256859744774,1141575.6779151105
ITI16,IT,OTHER,37843,0.0,0.0,0.0
ITI16,IT,SFH,89654,89654.0,0.3329743140255226,799852.3630159552
ITI17,IT,MFH_HIGH,26204,167136.0,0.5074291543454633,1044112.3829256628
ITI17,IT,OTHER,50961,0.0,0.0,0.0
ITI17,IT,SFH,162242,162242.0,0.49257084565453674,1385261.5088420128
ITI18,IT,MFH_HIGH,24092,145812.0,0.5474204278388058,983297.8555671872
ITI18,IT,OTHER,87699,0.0,0.0,0.0
ITI18,IT,SFH,120550,120550.0,0.45257957216119415,1207066.472926387
ITI19,IT,MFH_HIGH,26690,167434.0,0.7088593661357652,1034211.5751536577
ITI19,IT,OTHER,66725,0.0,0.0,0.0
ITI19,IT,SFH,68768,68768.0,0.29114063386423483,725807.8638667786
ITI1A,IT,MFH_HIGH,21605,136546.0,0.627442871387675,793732.7900854017
ITI1A,IT,OTHER,70709,0.0,0.0,0.0
ITI1A,IT,SFH,81077,81077.0,0.372557128612325,713694.5026398831
ITI21,IT,MFH_HIGH,39531,244788.0,0.7619859922178989,2966589.992775369
ITI21,IT,OTHER,163027,0.0,0.0,0.0
ITI21,IT,SFH,76462,76462.0,0.23801400778210116,1909645.111083263
ITI22,IT,MFH_HIGH,11367,72178.0,0.7412907731492893,1013331.8011394374
ITI22,IT,OTHER,51158,0.0,0.0,0.0
ITI22,IT,SFH,25190,25190.0,0.2587092268507107,582556.082922137
ITI31,IT,MFH_HIGH,20482,124306.0,0.6450518144125538,1521799.4680024835
ITI31,IT,OTHER,42229,0.0,0.0,0.0
ITI31,IT,SFH,68401,68401.0,0.35494818558744623,1359246.497504047
ITI32,IT,MFH_HIGH,24769,150728.0,0.6549575464729245,2011877.9141605743
ITI32,IT,OTHER,47950,0.0,0.0,0.0
ITI32,IT,SFH,79406,79406.0,0.3450424535270755,1386840.0102830916
ITI33,IT,MFH_HIGH,16075,97038.0,0.6341814094227288,1108063.2828925762
ITI33,IT,OTHER,53484,0.0,0.0,0.0
ITI33,IT,SFH,55975,55975.0,0.36581859057727123,1075478.7432779344
ITI34,IT,MFH_HIGH,11654,72220.0,0.6956806534889993,990367.7884109569
ITI34,IT,OTHER,24635,0.0,0.0,0.0
ITI34,IT,SFH,31592,31592.0,0.3043193465110007,583751.7304899378
ITI35,IT,MFH_HIGH,7062,42442.0,0.5944923800986105,482021.04485896183
ITI35,IT,OTHER,22789,0.0,0.0,0.0
ITI35,IT,SFH,28950,28950.0,0.4055076199013895,525616.666907782
ITI41,IT,MFH_HIGH,26269,158286.0,0.5585546165111068,1504586.8106381712
ITI41,IT,OTHER,117539,0.0,0.0,0.0
ITI41,IT,SFH,125099,125099.0,0.44144538348889323,1504157.7013239374
ITI42,IT,MFH_HIGH,13924,83866.0,0.3373219694074965,660724.6498026022
ITI42,IT,OTHER,23382,0.0,0.0,0.0
ITI42,IT,SFH,164757,164757.0,0.6626780305925035,1660215.169425007
ITI43,IT,MFH_HIGH,214920,1524454.0,0.7017869983418085,16635665.506471936
ITI43,IT,OTHER,221065,0.0,0.0,0.0
ITI43,IT,SFH,647792,647792.0,0.2982130016581916,8625090.601476084
ITI44,IT,MFH_HIGH,45361,277430.0,0.5262798466479371,2739063.042701921
ITI44,IT,OTHER,88453,0.0,0.0,0.0
ITI44,IT,SFH,249723,249723.0,0.47372015335206286,3407268.2509306488
ITI45,IT,MFH_HIGH,39246,241986.0,0.35977324054016685,1723221.7698602988
ITI45,IT,OTHER,54599,0.0,0.0,0.0
ITI45,IT,SFH,430621,430621.0,0.6402267594598332,4734081.095701466
LT011,LT,MFH_HIGH,21393,147692.0,0.46748774242150876,2834577.709286177
LT011,LT,OTHER,330461,0.0,0.0,0.0
LT011,LT,SFH,168235,168235.0,0.5325122575784912,2130338.035309642
LT021,LT,MFH_HIGH,3807,23598.0,0.2725477287689269,319002.8360636337
LT021,LT,OTHER,122868,0.0,0.0,0.0
LT021,LT,SFH,62985,62985.0,0.727452271231073,702386.3459558316
LT022,LT,MFH_HIGH,15969,104592.0,0.41911234352209525,1692294.6929409585
LT022,LT,OTHER,258575,0.0,0.0,0.0
LT022,LT,SFH,144964,144964.0,0.5808876564779047,1778676.1472756553
LT023,LT,MFH_HIGH,10820,67244.0,0.4103196202145446,1074611.4544299608
LT023,LT,OTHER,118873,0.0,0.0,0.0
LT023,LT,SFH,96638,96638.0,0.5896803797854554,1148500.257598219
LT024,LT,MFH_HIGH,3765,22786.0,0.3087282876730889,272372.99980982323
LT024,LT,OTHER,112635,0.0,0.0,0.0
LT024,LT,SFH,51020,51020.0,0.6912717123269111,602704.2677335531
LT025,LT,MFH_HIGH,5431,33160.0,0.28477941618502073,442939.2879572311
LT025,LT,OTHER,170941,0.0,0.0,0.0
LT025,LT,SFH,83281,83281.0,0.7152205838149792,926324.4434425618
LT026,LT,MFH_HIGH,7377,46348.0,0.333189556015643,630765.9897503732
LT026,LT,OTHER,165676,0.0,0.0,0.0
LT026,LT,SFH,92756,92756.0,0.6668104439843571,1077964.333643
LT027,LT,MFH_HIGH,3299,19808.0,0.3407358987150156,189885.17973877303
LT027,LT,OTHER,88074,0.0,0.0,0.0
LT027,LT,SFH,38325,38325.0,0.6592641012849845,464366.1174508996
LT028,LT,MFH_HIGH,4075,24562.0,0.3602628413857843,287010.9421062841
LT028,LT,OTHER,67689,0.0,0.0,0.0
LT028,LT,SFH,43616,43616.0,0.6397371586142158,567907.3350016922
LT029,LT,MFH_HIGH,3208,19696.0,0.2420369642154935,269605.64649383246
LT029,LT,OTHER,166879,0.0,0.0,0.0
LT029,LT,SFH,61680,61680.0,0.7579630357845065,702035.0456051212
LU000,LU,MFH_HIGH,27513,166744.0,0.7001490625852911,3913222.5062735444
LU000,LU,OTHER,87247,0.0,0.0,0.0
LU000,LU,SFH,71411,71411.0,0.2998509374147089,2686536.901950004
LV003,LV,MFH_HIGH,6850,41842.0,0.4200118448921412,1218842.6370023184
LV003,LV,OTHER,130750,0.0,0.0,0.0
LV003,LV,SFH,57779,57779.0,0.5799881551078588,1572413.8614423869
LV005,LV,MFH_HIGH,6982,42914.0,0.29637763734935596,1282594.0048575671
LV005,LV,OTHER,212234,0.0,0.0,0.0
LV005,LV,SFH,101881,101881.0,0.703622362650644,2472832.738385668
LV006,LV,MFH_HIGH,11992,94632.0,0.7710018820423826,4717985.579760147
LV006,LV,OTHER,46644,0.0,0.0,0.0
LV006,LV,SFH,28107,28107.0,0.22899811795761738,778090.7607561471
LV007,LV,MFH_HIGH,13874,84700.0,0.4198140327920855,1804657.3027606755
LV007,LV,OTHER,210127,0.0,0.0,0.0
LV007,LV,SFH,117056,117056.0,0.5801859672079145,3224161.81310018
LV008,LV,MFH_HIGH,7195,43198.0,0.4298180153826254,842157.4227643054
LV008,LV,OTHER,147032,0.0,0.0,0.0
LV008,LV,SFH,57305,57305.0,0.5701819846173746,1641026.2744723444
LV009,LV,MFH_HIGH,5338,32616.0,0.37122695196904165,800993.2895903275
LV009,LV,OTHER,151772,0.0,0.0,0.0
LV009,LV,SFH,55244,55244.0,0.6287730480309583,1500628.3932738758
MT001,MT,MFH_HIGH,12330,84004.0,0.7884516110866036,789095.0091413306
MT001,MT,OTHER,81512,0.0,0.0,0.0
MT001,MT,SFH,22539,22539.0,0.21154838891339647,51163.841860980814
MT002,MT,MFH_HIGH,2897,17410.0,0.7849767798367825,137567.7841445811
MT002,MT,OTHER,19230,0.0,0.0,0.0
MT002,MT,SFH,4769,4769.0,0.21502322016321745,12501.170016167727
NL111,NL,MFH_HIGH,3847,23180.0,0.2725039088675452,384365.95302060305
NL111,NL,OTHER,45934,0.0,0.0,0.0
NL111,NL,SFH,61883,61883.0,0.7274960911324547,1016781.4323023588
NL112,NL,MFH_HIGH,1353,8118.0,0.27766186681260047,177189.49267211105
NL112,NL,OTHER,19547,0.0,0.0,0.0
NL112,NL,SFH,21119,21119.0,0.7223381331873995,327722.86711200967
NL113,NL,MFH_HIGH,19143,116132.0,0.4709307748143763,1446524.8062490227
NL113,NL,OTHER,110862,0.0,0.0,0.0
NL113,NL,SFH,130469,130469.0,0.5290692251856237,1988732.47980318
NL124,NL,MFH_HIGH,9296,55916.0,0.2774574505036471,969770.2452682353
NL124,NL,OTHER,106638,0.0,0.0,0.0
NL124,NL,SFH,145614,145614.0,0.7225425494963529,2126077.3047323115
NL125,NL,MFH_HIGH,4780,28694.0,0.29549456773595595,575850.0131217835
NL125,NL,OTHER,44704,0.0,0.0,0.0
NL125,NL,SFH,68411,68411.0,0.704505432264044,1003368.770631639
NL126,NL,MFH_HIGH,5059,30550.0,0.2597965848016872,555830.4252775145
NL126,NL,OTHER,70892,0.0,0.0,0.0
NL126,NL,SFH,87042,87042.0,0.7402034151983128,1274506.287949708
NL131,NL,MFH_HIGH,5378,32408.0,0.26319721924438816,509458.4253454308
NL131,NL,OTHER,78382,0.0,0.0,0.0
NL131,NL,SFH,90724,90724.0,0.7368027807556119,1334986.4493761042
NL132,NL,MFH_HIGH,4397,26438.0,0.25230710502457415,434095.4291497159
NL132,NL,OTHER,67577,0.0,0.0,0.0
NL132,NL,SFH,78347,78347.0,0.7476928949754259,1194365.727284193
NL133,NL,MFH_HIGH,4103,24618.0,0.2929772573101503,389604.3835187015
NL133,NL,OTHER,50501,0.0,0.0,0.0
NL133,NL,SFH,59409,59409.0,0.7070227426898497,847171.3389494343
NL211,NL,MFH_HIGH,10811,64964.0,0.2961753965250772,825868.5033987397
NL211,NL,OTHER,138889,0.0,0.0,0.0
NL211,NL,SFH,154379,154379.0,0.7038246034749228,2122919.682058528
NL212,NL,MFH_HIGH,4200,25256.0,0.2967697965994148,359616.9022568763
NL212,NL,OTHER,54121,0.0,0.0,0.0
NL212,NL,SFH,59847,59847.0,0.7032302034005852,837230.9996010321
NL213,NL,MFH_HIGH,11557,71092.0,0.22180207163359542,1170390.6304004265
NL213,NL,OTHER,206301,0.0,0.0,0.0
NL213,NL,SFH,249428,249428.0,0.7781979283664046,3724525.747217001
NL221,NL,MFH_HIGH,12802,77260.0,0.20299953756253417,1203365.7201097792
NL221,NL,OTHER,257407,0.0,0.0,0.0
NL221,NL,SFH,303332,303332.0,0.7970004624374658,4040245.406787916
NL224,NL,MFH_HIGH,6047,36352.0,0.26115505362902935,585420.601491583
NL224,NL,OTHER,89045,0.0,0.0,0.0
NL224,NL,SFH,102845,102845.0,0.7388449463709706,1526206.054647941
NL225,NL,MFH_HIGH,10999,66190.0,0.2720095998553446,903161.1284202879
NL225,NL,OTHER,164128,0.0,0.0,0.0
NL225,NL,SFH,177147,177147.0,0.7279904001446553,2762133.683011088
NL226,NL,MFH_HIGH,17863,108872.0,0.29540552053854147,1558546.4009817892
NL226,NL,OTHER,228867,0.0,0.0,0.0
NL226,NL,SFH,259679,259679.0,0.7045944794614585,3639752.866580615
NL230,NL,MFH_HIGH,5239,32568.0,0.1766189254705879,525976.6907086705
NL230,NL,OTHER,131799,0.0,0.0,0.0
NL230,NL,SFH,151829,151829.0,0.8233810745294121,1722451.5002589657
NL310,NL,MFH_HIGH,62204,380644.0,0.5092527185546708,3417953.8284991593
NL310,NL,OTHER,323548,0.0,0.0,0.0
NL310,NL,SFH,366812,366812.0,0.4907472814453292,5187742.390224774
NL321,NL,MFH_HIGH,7694,46220.0,0.21381023532078475,762366.9069072183
NL321,NL,OTHER,131911,0.0,0.0,0.0
NL321,NL,SFH,169953,169953.0,0.7861897646792153,2271091.4982274165
NL323,NL,MFH_HIGH,6019,37766.0,0.3706400769427052,454951.96578780457
NL323,NL,OTHER,62848,0.0,0.0,0.0
NL323,NL,SFH,64128,64128.0,0.6293599230572948,923128.2055578432
NL324,NL,MFH_HIGH,16360,100386.0,0.6354710674744098,854674.2764063717
NL324,NL,OTHER,50111,0.0,0.0,0.0
NL324,NL,SFH,57585,57585.0,0.36452893252559015,961191.143675667
NL325,NL,MFH_HIGH,5107,31846.0,0.3794849795636268,382736.3161816843
NL325,NL,OTHER,43918,0.0,0.0,0.0
NL325,NL,SFH,52073,52073.0,0.6205150204363732,691148.280265013
NL327,NL,MFH_HIGH,6003,36298.0,0.2817620803415486,543179.2605742255
NL327,NL,OTHER,77271,0.0,0.0,0.0
NL327,NL,SFH,92527,92527.0,0.7182379196584514,1441557.425701779
NL328,NL,MFH_HIGH,5228,31662.0,0.2529115744069015,483010.7786845086
NL328,NL,OTHER,69940,0.0,0.0,0.0
NL328,NL,SFH,93528,93528.0,0.7470884255930985,1266665.5896520636
NL329,NL,MFH_HIGH,84640,525214.0,0.7042705657078187,5591279.013961174
NL329,NL,OTHER,209977,0.0,0.0,0.0
NL329,NL,SFH,220542,220542.0,0.29572943429218135,2835332.579099446
NL332,NL,MFH_HIGH,63652,393434.0,0.7570027283607131,3973612.256224392
NL332,NL,OTHER,145408,0.0,0.0,0.0
NL332,NL,SFH,126292,126292.0,0.24299727163928686,1830931.9292200685
NL333,NL,MFH_HIGH,7654,48626.0,0.4434332196465374,697276.562843737
NL333,NL,OTHER,59230,0.0,0.0,0.0
NL333,NL,SFH,61032,61032.0,0.5565667803534626,833720.9468156829
NL337,NL,MFH_HIGH,14667,89878.0,0.4147347631880099,1099030.0029259732
NL337,NL,OTHER,107234,0.0,0.0,0.0
NL337,NL,SFH,126834,126834.0,0.58526523681199,1760647.6359203006
NL33A,NL,MFH_HIGH,12839,78490.0,0.36979279542435006,933278.9012492218
NL33A,NL,OTHER,123082,0.0,0.0,0.0
NL33A,NL,SFH,133764,133764.0,0.6302072045756499,1778529.64323045
NL33B,NL,MFH_HIGH,8158,49508.0,0.30452968530866326,702877.2602025975
NL33B,NL,OTHER,97697,0.0,0.0,0.0
NL33B,NL,SFH,113064,113064.0,0.6954703146913368,1551771.7273592236
NL33C,NL,MFH_HIGH,69205,422664.0,0.5597353512184915,4651967.85241227
NL33C,NL,OTHER,311381,0.0,0.0,0.0
NL33C,NL,SFH,332450,332450.0,0.4402646487815085,4362258.909672997
NL341,NL,MFH_HIGH,2160,13002.0,0.17931567115806313,196123.7206699135
NL341,NL,OTHER,60540,0.0,0.0,0.0
NL341,NL,SFH,59507,59507.0,0.8206843288419369,898634.9502250227
NL342,NL,MFH_HIGH,7246,43658.0,0.2445963359291837,540841.7680548
NL342,NL,OTHER,125776,0.0,0.0,0.0
NL342,NL,SFH,134832,134832.0,0.7554036640708163,1897849.3159533371
NL411,NL,MFH_HIGH,19718,119442.0,0.33306284978124295,1430167.4953654166
NL411,NL,OTHER,223078,0.0,0.0,0.0
NL411,NL,SFH,239175,239175.0,0.6669371502187571,3600181.518172732
NL412,NL,MFH_HIGH,15011,90780.0,0.333562371166219,1105967.5792810677
NL412,NL,OTHER,165622,0.0,0.0,0.0
NL412,NL,SFH,181373,181373.0,0.666437628833781,2670835.2200965965
NL413,NL,MFH_HIGH,18617,112920.0,0.30631094955851834,1535663.8312160585
NL413,NL,OTHER,228029,0.0,0.0,0.0
NL413,NL,SFH,255725,255725.0,0.6936890504414817,3877686.8383554136
NL414,NL,MFH_HIGH,20463,125228.0,0.2981200259963481,1709164.6678306484
NL414,NL,OTHER,273925,0.0,0.0,0.0
NL414,NL,SFH,294831,294831.0,0.7018799740036519,4558711.316277531
NL421,NL,MFH_HIGH,8110,49304.0,0.2986456036634119,669974.4486667912
NL421,NL,OTHER,118679,0.0,0.0,0.0
NL421,NL,SFH,115788,115788.0,0.7013543963365881,1835599.460139649
NL422,NL,MFH_HIGH,7355,44480.0,0.3135264678931416,637373.6695280775
NL422,NL,OTHER,80859,0.0,0.0,0.0
NL422,NL,SFH,97390,97390.0,0.6864735321068584,1692230.6317946222
NL423,NL,MFH_HIGH,21252,128870.0,0.36875735039531177,1644098.711064527
NL423,NL,OTHER,169463,0.0,0.0,0.0
NL423,NL,SFH,220601,220601.0,0.6312426496046882,3890875.112260384
PL213,PL,MFH_HIGH,17879,132922.0,0.7379553857940729,4119649.2924087895
PL213,PL,OTHER,69700,0.0,0.0,0.0
PL213,PL,SFH,47200,47200.0,0.2620446142059271,1160376.6039370082
PL214,PL,MFH_HIGH,10899,65562.0,0.21374150325199276,714625.1385836137
PL214,PL,OTHER,329437,0.0,0.0,0.0
PL214,PL,SFH,241173,241173.0,0.7862584967480072,5902814.126159756
PL217,PL,MFH_HIGH,5759,35352.0,0.2157359321889093,591202.6288126378
PL217,PL,OTHER,189212,0.0,0.0,0.0
PL217,PL,SFH,128515,128515.0,0.7842640678110907,2831153.2017696737
PL218,PL,MFH_HIGH,7341,44298.0,0.23773056344150653,574578.3172580252
PL218,PL,OTHER,205429,0.0,0.0,0.0
PL218,PL,SFH,142039,142039.0,0.7622694365584934,3347722.7208398697
PL219,PL,MFH_HIGH,14754,88636.0,0.4692093909637119,796133.9453184544
PL219,PL,OTHER,138782,0.0,0.0,0.0
PL219,PL,SFH,100269,100269.0,0.530790609036288,2461196.244590233
PL21A,PL,MFH_HIGH,7934,48024.0,0.26923961002192087,803386.6639200543
PL21A,PL,OTHER,171012,0.0,0.0,0.0
PL21A,PL,SFH,130345,130345.0,0.7307603899780791,3301754.462756639
PL224,PL,MFH_HIGH,7198,44070.0,0.22430220484944727,966238.2154580993
PL224,PL,OTHER,187919,0.0,0.0,0.0
PL224,PL,SFH,152406,152406.0,0.7756977951505527,3238475.098516535
PL225,PL,MFH_HIGH,12776,79344.0,0.3216214025131739,1209119.4123411167
PL225,PL,OTHER,173182,0.0,0.0,0.0
PL225,PL,SFH,167356,167356.0,0.678378597486826,4046787.619523315
PL227,PL,MFH_HIGH,8947,56202.0,0.32347964222813136,1113505.0717032987
PL227,PL,OTHER,157312,0.0,0.0,0.0
PL227,PL,SFH,117540,117540.0,0.6765203577718686,2956142.31781519
PL228,PL,MFH_HIGH,10004,60976.0,0.4457570618164805,1117399.9734076047
PL228,PL,OTHER,106729,0.0,0.0,0.0
PL228,PL,SFH,75816,75816.0,0.5542429381835196,1670892.7156230472
PL229,PL,MFH_HIGH,14340,92452.0,0.6189172362545774,1511667.509562214
PL229,PL,OTHER,86206,0.0,0.0,0.0
PL229,PL,SFH,56925,56925.0,0.38108276374542266,1212790.4254614068
PL22A,PL,MFH_HIGH,19300,129604.0,0.739255177763708,2958976.8392318087
PL22A,PL,OTHER,89924,0.0,0.0,0.0
PL22A,PL,SFH,45713,45713.0,0.260744822236292,1078485.1433602949
PL22B,PL,MFH_HIGH,11360,76700.0,0.40096398642891123,1850501.995642843
PL22B,PL,OTHER,166003,0.0,0.0,0.0
PL22B,PL,SFH,114589,114589.0,0.5990360135710888,2527482.515099901
PL22C,PL,MFH_HIGH,5817,36106.0,0.3335951142442693,816267.7019734813
PL22C,PL,OTHER,100467,0.0,0.0,0.0
PL22C,PL,SFH,72127,72127.0,0.6664048857557306,1952897.900802703
PL411,PL,MFH_HIGH,5976,37060.0,0.2927214564985585,699321.4058156086
PL411,PL,OTHER,163011,0.0,0.0,0.0
PL411,PL,SFH,89545,89545.0,0.7072785435014415,1943508.2050613312
PL414,PL,MFH_HIGH,8371,51514.0,0.21288712196976584,982720.7423064744
PL414,PL,OTHER,274631,0.0,0.0,0.0
PL414,PL,SFH,190464,190464.0,0.7871128780302341,3708562.931615265
PL415,PL,MFH_HIGH,13807,98060.0,0.6729066878937183,2887979.211991714
PL415,PL,OTHER,46507,0.0,0.0,0.0
PL415,PL,SFH,47666,47666.0,0.3270933121062817,1104000.4623021872
PL416,PL,MFH_HIGH,9829,60192.0,0.26552443634727446,1041624.9453115526
PL416,PL,OTHER,276123,0.0,0.0,0.0
PL416,PL,SFH,166499,166499.0,0.7344755636527255,3655698.897657892
PL417,PL,MFH_HIGH,9162,56036.0,0.2866804798813087,851767.2234513505
PL417,PL,OTHER,247605,0.0,0.0,0.0
PL417,PL,SFH,139429,139429.0,0.7133195201186914,3085695.602778681
PL418,PL,MFH_HIGH,9789,59406.0,0.24015135283725933,1009296.0011216708
PL418,PL,OTHER,219293,0.0,0.0,0.0
PL418,PL,SFH,187963,187963.0,0.7598486471627407,4096343.2112183697
PL424,PL,MFH_HIGH,7736,55166.0,0.6075550660792951,1779065.7182625926
PL424,PL,OTHER,43864,0.0,0.0,0.0
PL424,PL,SFH,35634,35634.0,0.39244493392070484,638481.8464131497
PL426,PL,MFH_HIGH,8455,53180.0,0.4051253923271475,1082073.0460366264
PL426,PL,OTHER,107270,0.0,0.0,0.0
PL426,PL,SFH,78088,78088.0,0.5948746076728525,1474763.6440826734
PL427,PL,MFH_HIGH,7570,45602.0,0.37096210007402647,778558.1074077702
PL427,PL,OTHER,166872,0.0,0.0,0.0
PL427,PL,SFH,77327,77327.0,0.6290378999259735,1634865.5051310451
PL428,PL,MFH_HIGH,12074,75272.0,0.4219400767958743,1426864.4154311754
PL428,PL,OTHER,190064,0.0,0.0,0.0
PL428,PL,SFH,103123,103123.0,0.5780599232041257,2219274.0722280843
PL431,PL,MFH_HIGH,6955,44824.0,0.4011814194934216,970043.5982225144
PL431,PL,OTHER,135875,0.0,0.0,0.0
PL431,PL,SFH,66906,66906.0,0.5988185805065783,1532135.9772527446
PL432,PL,MFH_HIGH,12165,75174.0,0.3693600294804078,1487305.7559847888
PL432,PL,OTHER,194658,0.0,0.0,0.0
PL432,PL,SFH,128351,128351.0,0.6306399705195922,2882057.5116575714
PL514,PL,MFH_HIGH,20111,154826.0,0.7163459536489106,3813127.284749084
PL514,PL,OTHER,44402,0.0,0.0,0.0
PL514,PL,SFH,61307,61307.0,0.2836540463510894,957073.2918169164
PL515,PL,MFH_HIGH,28208,173182.0,0.6515451351005636,2133411.5893882285
PL515,PL,OTHER,164557,0.0,0.0,0.0
PL515,PL,SFH,92620,92620.0,0.34845486489943645,2309712.6811120803
PL516,PL,MFH_HIGH,10055,63326.0,0.4585650561927934,1344677.773078183
PL516,PL,OTHER,110078,0.0,0.0,0.0
PL516,PL,SFH,74770,74770.0,0.5414349438072066,1636992.688415575
PL517,PL,MFH_HIGH,22052,134426.0,0.5785969156074738,2078926.337847826
PL517,PL,OTHER,166183,0.0,0.0,0.0
PL517,PL,SFH,97905,97905.0,0.42140308439252616,2349907.399515624
PL518,PL,MFH_HIGH,12330,74218.0,0.31470841407618166,1129165.7432355327
PL518,PL,OTHER,238091,0.0,0.0,0.0
PL518,PL,SFH,161613,161613.0,0.6852915859238183,3895667.043233281
PL523,PL,MFH_HIGH,9550,58028.0,0.3793349153118524,921912.1699694442
PL523,PL,OTHER,124407,0.0,0.0,0.0
PL523,PL,SFH,94945,94945.0,0.6206650846881476,2156128.7645850256
PL524,PL,MFH_HIGH,11826,73882.0,0.3078134504337102,1394203.3415516864
PL524,PL,OTHER,202287,0.0,0.0,0.0
PL524,PL,SFH,166140,166140.0,0.6921865495662898,3675854.929132289
PL613,PL,MFH_HIGH,13212,86412.0,0.4191827072337783,2181462.1772727957
PL613,PL,OTHER,144768,0.0,0.0,0.0
PL613,PL,SFH,119732,119732.0,0.5808172927662216,2490518.1484322487
PL616,PL,MFH_HIGH,5565,33964.0,0.31365378399593663,580045.7787887431
PL616,PL,OTHER,147089,0.0,0.0,0.0
PL616,PL,SFH,74321,74321.0,0.6863462160040633,1573324.95846174
PL617,PL,MFH_HIGH,5070,30868.0,0.2895440347437834,560984.0747718773
PL617,PL,OTHER,138981,0.0,0.0,0.0
PL617,PL,SFH,75741,75741.0,0.7104559652562167,1540714.8420913117
PL618,PL,MFH_HIGH,1891,11346.0,0.19449396599012617,172048.51172299555
PL618,PL,OTHER,98419,0.0,0.0,0.0
PL618,PL,SFH,46990,46990.0,0.8055060340098739,968130.028832784
PL619,PL,MFH_HIGH,4095,25130.0,0.21473126548748184,475034.15691007435
PL619,PL,OTHER,143338,0.0,0.0,0.0
PL619,PL,SFH,91900,91900.0,0.7852687345125181,1719534.6337833332
PL621,PL,MFH_HIGH,8954,54228.0,0.36670521169334386,1012596.946988362
PL621,PL,OTHER,183005,0.0,0.0,0.0
PL621,PL,SFH,93651,93651.0,0.6332947883066561,2092401.2117963205
PL622,PL,MFH_HIGH,11274,70920.0,0.3600895654249026,1451312.7262722924
PL622,PL,OTHER,200088,0.0,0.0,0.0
PL622,PL,SFH,126031,126031.0,0.6399104345750973,2565222.479284831
PL623,PL,MFH_HIGH,5489,33354.0,0.32599644232460856,665437.0141226914
PL623,PL,OTHER,104996,0.0,0.0,0.0
PL623,PL,SFH,68960,68960.0,0.6740035576753914,1215765.4793353097
PL633,PL,MFH_HIGH,20802,139890.0,0.7686728318744539,3494316.26837528
PL633,PL,OTHER,67219,0.0,0.0,0.0
PL633,PL,SFH,42099,42099.0,0.23132716812554605,951478.2773559972
PL634,PL,MFH_HIGH,12377,74626.0,0.3156514493335984,1129165.9021009353
PL634,PL,OTHER,205201,0.0,0.0,0.0
PL634,PL,SFH,161793,161793.0,0.6843485506664017,3725976.336083542
PL636,PL,MFH_HIGH,6038,36676.0,0.3620533070088845,710283.0114355838
PL636,PL,OTHER,104085,0.0,0.0,0.0
PL636,PL,SFH,64624,64624.0,0.6379466929911155,1411995.7959618373
PL637,PL,MFH_HIGH,2459,14782.0,0.20346868547832073,250035.07920709494
PL637,PL,OTHER,95916,0.0,0.0,0.0
PL637,PL,SFH,57868,57868.0,0.7965313145216792,1215279.1490436692
PL638,PL,MFH_HIGH,6619,40778.0,0.36199167325053927,779624.2421453188
PL638,PL,OTHER,126002,0.0,0.0,0.0
PL638,PL,SFH,71871,71871.0,0.6380083267494607,1715661.7452328114
PL711,PL,MFH_HIGH,15750,112714.0,0.6652305295214712,3516339.7831623913
PL711,PL,OTHER,58422,0.0,0.0,0.0
PL711,PL,SFH,56722,56722.0,0.3347694704785288,1118488.2323737338
PL712,PL,MFH_HIGH,6822,41478.0,0.24927581523372236,762694.6998227313
PL712,PL,OTHER,145712,0.0,0.0,0.0
PL712,PL,SFH,124916,124916.0,0.7507241847662777,2498752.1351916287
PL713,PL,MFH_HIGH,7367,45364.0,0.19294305789482638,924689.007527532
PL713,PL,OTHER,270920,0.0,0.0,0.0
PL713,PL,SFH,189752,189752.0,0.8070569421051736,3676606.7815851048
PL714,PL,MFH_HIGH,4985,30190.0,0.15522090315017711,520481.0290844374
PL714,PL,OTHER,242621,0.0,0.0,0.0
PL714,PL,SFH,164307,164307.0,0.8447790968498229,3051404.765728564
PL715,PL,MFH_HIGH,5603,34136.0,0.2594887154031516,608472.3276982763
PL715,PL,OTHER,190776,0.0,0.0,0.0
PL715,PL,SFH,97415,97415.0,0.7405112845968483,1973224.3763544173
PL721,PL,MFH_HIGH,7989,51994.0,0.22090325869906954,1311759.2436309885
PL721,PL,OTHER,289362,0.0,0.0,0.0
PL721,PL,SFH,183376,183376.0,0.7790967413009304,3612181.05995464
PL722,PL,MFH_HIGH,4828,28982.0,0.15172471560122922,401487.02486946166
PL722,PL,OTHER,325322,0.0,0.0,0.0
PL722,PL,SFH,162035,162035.0,0.8482752843987708,3213767.728360689
PL811,PL,MFH_HIGH,3974,23914.0,0.18320692561097066,432577.5257662197
PL811,PL,OTHER,188483,0.0,0.0,0.0
PL811,PL,SFH,106616,106616.0,0.8167930743890294,2032194.9221417771
PL812,PL,MFH_HIGH,6177,37188.0,0.18030283195880786,684790.7311787584
PL812,PL,OTHER,383168,0.0,0.0,0.0
PL812,PL,SFH,169065,169065.0,0.8196971680411921,3352098.482184006
PL814,PL,MFH_HIGH,14167,91316.0,0.3983823189379496,1969584.6500669867
PL814,PL,OTHER,266017,0.0,0.0,0.0
PL814,PL,SFH,137901,137901.0,0.6016176810620504,3004673.184945161
PL815,PL,MFH_HIGH,4870,30130.0,0.1814480918742811,535776.1683372561
PL815,PL,OTHER,302491,0.0,0.0,0.0
PL815,PL,SFH,135923,135923.0,0.8185519081257189,2843738.104076461
PL821,PL,MFH_HIGH,5230,31702.0,0.18111495789485713,524125.6814013748
PL821,PL,OTHER,177320,0.0,0.0,0.0
PL821,PL,SFH,143336,143336.0,0.8188850421051429,2967373.0106718065
PL822,PL,MFH_HIGH,4518,27598.0,0.20438269730654443,519962.8522288396
PL822,PL,OTHER,162375,0.0,0.0,0.0
PL822,PL,SFH,107433,107433.0,0.7956173026934555,2222691.572840619
PL823,PL,MFH_HIGH,8032,54198.0,0.2196527575138605,1151417.278143629
PL823,PL,OTHER,235977,0.0,0.0,0.0
PL823,PL,SFH,192546,192546.0,0.7803472424861395,4190440.080058392
PL824,PL,MFH_HIGH,6742,41306.0,0.19464039167455954,869388.9623503778
PL824,PL,OTHER,247718,0.0,0.0,0.0
PL824,PL,SFH,170911,170911.0,0.8053596083254405,3434310.8700798936
PL841,PL,MFH_HIGH,11991,78288.0,0.385012220970891,1611651.8594590556
PL841,PL,OTHER,156630,0.0,0.0,0.0
PL841,PL,SFH,125051,125051.0,0.6149877790291091,2475508.729591914
PL842,PL,MFH_HIGH,7018,43144.0,0.22411419725831,635330.0603319049
PL842,PL,OTHER,238207,0.0,0.0,0.0
PL842,PL,SFH,149365,149365.0,0.77588580274169,2859940.683082436
PL843,PL,MFH_HIGH,3773,23422.0,0.23874420264002855,475271.1904751564
PL843,PL,OTHER,147671,0.0,0.0,0.0
PL843,PL,SFH,74683,74683.0,0.7612557973599715,1453874.628496499
PL911,PL,MFH_HIGH,47045,381894.0,0.829171488558817,12671953.056864891
PL911,PL,OTHER,86732,0.0,0.0,0.0
PL911,PL,SFH,78679,78679.0,0.17082851144118305,2007209.7629778392
PL912,PL,MFH_HIGH,18579,113742.0,0.35222965440356746,1618055.0430934315
PL912,PL,OTHER,213819,0.0,0.0,0.0
PL912,PL,SFH,209178,209178.0,0.6477703455964325,4872735.382743651
PL913,PL,MFH_HIGH,21557,132058.0,0.386868648400034,1966536.7252211613
PL913,PL,OTHER,190428,0.0,0.0,0.0
PL913,PL,SFH,209293,209293.0,0.613131351599966,5023130.70900188
PL921,PL,MFH_HIGH,7303,46604.0,0.2052759314807229,999077.1631356314
PL921,PL,OTHER,320276,0.0,0.0,0.0
PL921,PL,SFH,180427,180427.0,0.7947240685192771,3505837.866182544
PL922,PL,MFH_HIGH,4499,27162.0,0.21181920269511512,439163.4039381364
PL922,PL,OTHER,185703,0.0,0.0,0.0
PL922,PL,SFH,101070,101070.0,0.7881807973048849,1925886.148915613
PL923,PL,MFH_HIGH,4256,26460.0,0.24811057142321324,541968.7629897571
PL923,PL,OTHER,130323,0.0,0.0,0.0
PL923,PL,SFH,80186,80186.0,0.7518894285767868,1660098.1118670325
PL924,PL,MFH_HIGH,7549,45616.0,0.2727658683887942,567116.0896100285
PL924,PL,OTHER,215108,0.0,0.0,0.0
PL924,PL,SFH,121619,121619.0,0.7272341316112058,2508130.2870408604
PL925,PL,MFH_HIGH,7084,43218.0,0.23747719629865705,617199.7334513413
PL925,PL,OTHER,272998,0.0,0.0,0.0
PL925,PL,SFH,138770,138770.0,0.762522803701343,2961537.913154401
PL926,PL,MFH_HIGH,5132,31184.0,0.2803585395894955,506582.0608451745
PL926,PL,OTHER,127087,0.0,0.0,0.0
PL926,PL,SFH,80045,80045.0,0.7196414604105045,1828836.1783784856
PT111,PT,MFH_HIGH,17884,107458.0,0.42431421791029456,226529.63420233948
PT111,PT,OTHER,95266,0.0,0.0,0.0
PT111,PT,SFH,145793,145793.0,0.5756857820897054,437395.1069840976
PT112,PT,MFH_HIGH,31839,200330.0,0.6150657803840899,467079.37006598077
PT112,PT,OTHER,79801,0.0,0.0,0.0
PT112,PT,SFH,125375,125375.0,0.3849342196159101,433615.1341694823
PT119,PT,MFH_HIGH,28008,170260.0,0.555698801197171,396839.14628689457
PT119,PT,OTHER,81276,0.0,0.0,0.0
PT119,PT,SFH,136129,136129.0,0.4443011988028291,467913.550977837
PT11A,PT,MFH_HIGH,110930,697150.0,0.7094172429653569,1747202.478952063
PT11A,PT,OTHER,154191,0.0,0.0,0.0
PT11A,PT,SFH,285558,285558.0,0.29058275703464304,963895.639531493
PT11B,PT,MFH_HIGH,11725,70364.0,0.5558548666134753,152565.6593684103
PT11B,PT,OTHER,51596,0.0,0.0,0.0
PT11B,PT,SFH,56223,56223.0,0.44414513338652467,192123.49951883184
PT11C,PT,MFH_HIGH,24967,149914.0,0.46872293526349523,312212.1631319257
PT11C,PT,OTHER,101487,0.0,0.0,0.0
PT11C,PT,SFH,169921,169921.0,0.5312770647365047,559573.1889490997
PT11D,PT,MFH_HIGH,19658,118018.0,0.5592289503736312,238882.55812702066
PT11D,PT,OTHER,96265,0.0,0.0,0.0
PT11D,PT,SFH,93019,93019.0,0.4407710496263688,299803.7168461121
PT11E,PT,MFH_HIGH,13571,84394.0,0.5915826662367341,170519.87424372186
PT11E,PT,OTHER,75676,0.0,0.0,0.0
PT11E,PT,SFH,58264,58264.0,0.408417333763266,185192.9371578089
PT150,PT,MFH_HIGH,44581,271070.0,0.6580502950751221,723988.9534984902
PT150,PT,OTHER,122877,0.0,0.0,0.0
PT150,PT,SFH,140859,140859.0,0.3419497049248778,430512.3035079804
PT16B,PT,MFH_HIGH,48629,293370.0,0.6618194451337536,694021.2273584993
PT16B,PT,OTHER,111677,0.0,0.0,0.0
PT16B,PT,SFH,149908,149908.0,0.3381805548662465,547767.0605549584
PT16D,PT,MFH_HIGH,44996,272216.0,0.6573677855590437,671091.204222764
PT16D,PT,OTHER,101647,0.0,0.0,0.0
PT16D,PT,SFH,141884,141884.0,0.3426322144409563,483474.9802623648
PT16E,PT,MFH_HIGH,48854,302490.0,0.5868350599464556,682925.4302067481
PT16E,PT,OTHER,158086,0.0,0.0,0.0
PT16E,PT,SFH,212970,212970.0,0.4131649400535444,654889.9959708627
PT16F,PT,MFH_HIGH,39358,238010.0,0.6072675130633572,515601.9759023375
PT16F,PT,OTHER,104649,0.0,0.0,0.0
PT16F,PT,SFH,153926,153926.0,0.3927324869366427,537081.9238544295
PT16G,PT,MFH_HIGH,28944,174392.0,0.5366733343591322,346451.7804590122
PT16G,PT,OTHER,124202,0.0,0.0,0.0
PT16G,PT,SFH,150558,150558.0,0.46332666564086783,486080.3654164084
PT16H,PT,MFH_HIGH,7702,48158.0,0.5341393078970719,132976.51986747386
PT16H,PT,OTHER,53985,0.0,0.0,0.0
PT16H,PT,SFH,42002,42002.0,0.46586069210292813,118273.32729252597
PT16I,PT,MFH_HIGH,25349,152892.0,0.5642437483392873,369649.5551410934
PT16I,PT,OTHER,109501,0.0,0.0,0.0
PT16I,PT,SFH,118076,118076.0,0.4357562516607127,421754.8901507746
PT16J,PT,MFH_HIGH,23956,145206.0,0.5495293997434122,286305.4100258915
PT16J,PT,OTHER,125803,0.0,0.0,0.0
PT16J,PT,SFH,119031,119031.0,0.45047060025658786,369918.093393656
PT170,PT,MFH_HIGH,153108,965758.0,0.7958103189559912,2387227.514998412
PT170,PT,OTHER,347624,0.0,0.0,0.0
PT170,PT,SFH,247795,247795.0,0.20418968104400878,944202.628728542
PT181,PT,MFH_HIGH,7837,47176.0,0.4791728032665333,98029.45343524756
PT181,PT,OTHER,49879,0.0,0.0,0.0
PT181,PT,SFH,51277,51277.0,0.5208271967334668,159236.0552180609
PT184,PT,MFH_HIGH,6242,37480.0,0.3074777472414783,69603.35991459194
PT184,PT,OTHER,55523,0.0,0.0,0.0
PT184,PT,SFH,84415,84415.0,0.6925222527585216,210004.40378575155
PT185,PT,MFH_HIGH,24623,147920.0,0.503386081334014,382200.49712487415
PT185,PT,OTHER,65234,0.0,0.0,0.0
PT185,PT,SFH,145930,145930.0,0.49661391866598603,399734.557150321
PT186,PT,MFH_HIGH,8162,48972.0,0.40922536976685886,77283.37522408312
PT186,PT,OTHER,50692,0.0,0.0,0.0
PT186,PT,SFH,70698,70698.0,0.5907746302331411,175624.19240808772
PT187,PT,MFH_HIGH,11540,69254.0,0.46050522984034525,115107.9277601331
PT187,PT,OTHER,57508,0.0,0.0,0.0
PT187,PT,SFH,81133,81133.0,0.5394947701596547,218883.0696314673
PT200,PT,MFH_HIGH,7655,46504.0,0.358733048428653,108178.55843008746
PT200,PT,OTHER,22188,0.0,0.0,0.0
PT200,PT,SFH,83130,83130.0,0.641266951571347,234335.796153105
PT300,PT,MFH_HIGH,16963,105180.0,0.6061025153427263,206308.54959430528
PT300,PT,OTHER,37976,0.0,0.0,0.0
PT300,PT,SFH,68355,68355.0,0.39389748465727376,218242.9649816172
RO111,RO,MFH_HIGH,25267,155074.0,0.46007832433394646,1265232.3576355907
RO111,RO,OTHER,187832,0.0,0.0,0.0
RO111,RO,SFH,181986,181986.0,0.5399216756660535,2003950.6666016784
RO112,RO,MFH_HIGH,11478,68994.0,0.3574133456280402,510896.99270713003
RO112,RO,OTHER,74118,0.0,0.0,0.0
RO112,RO,SFH,124043,124043.0,0.6425866543719598,1176852.626176088
RO113,RO,MFH_HIGH,14004,88434.0,0.2939862371596689,1004621.8972977295
RO113,RO,OTHER,137595,0.0,0.0,0.0
RO113,RO,SFH,212376,212376.0,0.7060137628403311,2008838.2381600456
RO114,RO,MFH_HIGH,12615,76502.0,0.2949963753027008,624554.2155759733
RO114,RO,OTHER,145426,0.0,0.0,0.0
RO114,RO,SFH,182830,182830.0,0.7050036246972993,1930431.6895240168
RO115,RO,MFH_HIGH,17919,107598.0,0.4937998513065746,725014.229308746
RO115,RO,OTHER,97816,0.0,0.0,0.0
RO115,RO,SFH,110300,110300.0,0.5062001486934253,1391272.7598098193
RO116,RO,MFH_HIGH,9370,56374.0,0.4059187788018433,363170.3004852045
RO116,RO,OTHER,101736,0.0,0.0,0.0
RO116,RO,SFH,82506,82506.0,0.5940812211981567,980562.288714749
RO121,RO,MFH_HIGH,11908,71616.0,0.361189844561676,606514.8145812812
RO121,RO,OTHER,132531,0.0,0.0,0.0
RO121,RO,SFH,126662,126662.0,0.638810155438324,1225223.733674978
RO122,RO,MFH_HIGH,20314,128520.0,0.5529311546503524,1266754.5448832884
RO122,RO,OTHER,105567,0.0,0.0,0.0
RO122,RO,SFH,103914,103914.0,0.44706884534964764,1332318.2345465822
RO123,RO,MFH_HIGH,7544,45698.0,0.43222230629539954,380069.2360210207
RO123,RO,OTHER,68883,0.0,0.0,0.0
RO123,RO,SFH,60030,60030.0,0.5677776937046005,733525.6209642651
RO124,RO,MFH_HIGH,8174,49940.0,0.26449590068427853,435151.32431589416
RO124,RO,OTHER,113302,0.0,0.0,0.0
RO124,RO,SFH,138872,138872.0,0.7355040993157215,1414788.7173717134
RO125,RO,MFH_HIGH,14822,91522.0,0.30735906021110326,758928.589564528
RO125,RO,OTHER,143275,0.0,0.0,0.0
RO125,RO,SFH,206247,206247.0,0.6926409397888967,1888315.7329469984
RO126,RO,MFH_HIGH,17304,106344.0,0.5280841406913401,930707.736597312
RO126,RO,OTHER,91087,0.0,0.0,0.0
RO126,RO,SFH,95033,95033.0,0.47191585930865987,1068573.4021419322
RO211,RO,MFH_HIGH,18439,111754.0,0.40741226822990717,884208.6578307305
RO211,RO,OTHER,247965,0.0,0.0,0.0
RO211,RO,SFH,162548,162548.0,0.5925877317700928,1995490.5780903527
RO212,RO,MFH_HIGH,8105,49344.0,0.2680311573183848,461308.8248528744
RO212,RO,OTHER,173560,0.0,0.0,0.0
RO212,RO,SFH,134754,134754.0,0.7319688426816152,1402398.719997594
RO213,RO,MFH_HIGH,15151,98690.0,0.334024917331456,1143022.0936083714
RO213,RO,OTHER,245997,0.0,0.0,0.0
RO213,RO,SFH,196767,196767.0,0.665975082668544,2239721.373258624
RO214,RO,MFH_HIGH,18391,112418.0,0.44316806547114546,807192.0559176848
RO214,RO,OTHER,217622,0.0,0.0,0.0
RO214,RO,SFH,141251,141251.0,0.5568319345288545,1774490.4052413912
RO215,RO,MFH_HIGH,33595,202270.0,0.49146311536153287,1358180.3222931565
RO215,RO,OTHER,315730,0.0,0.0,0.0
RO215,RO,SFH,209297,209297.0,0.5085368846384671,2625688.8310391987
RO216,RO,MFH_HIGH,8341,50060.0,0.31819279712189974,370394.04982068617
RO216,RO,OTHER,173395,0.0,0.0,0.0
RO216,RO,SFH,107266,107266.0,0.6818072028781003,1250260.4346395717
RO221,RO,MFH_HIGH,9664,58908.0,0.46898660106522727,688689.8467566359
RO221,RO,OTHER,89891,0.0,0.0,0.0
RO221,RO,SFH,66699,66699.0,0.5310133989347727,807038.8836880669
RO222,RO,MFH_HIGH,14157,88162.0,0.4288785974197817,728321.2286520113
RO222,RO,OTHER,198084,0.0,0.0,0.0
RO222,RO,SFH,117402,117402.0,0.5711214025802184,1548102.754479828
RO223,RO,MFH_HIGH,19266,125060.0,0.48016893837588787,1381534.9266232918
RO223,RO,OTHER,132511,0.0,0.0,0.0
RO223,RO,SFH,135390,135390.0,0.5198310616241121,1774102.2441004347
RO224,RO,MFH_HIGH,16191,98504.0,0.5041559186013185,935536.1096582072
RO224,RO,OTHER,183005,0.0,0.0,0.0
RO224,RO,SFH,96880,96880.0,0.4958440813986816,1346836.5701919915
RO225,RO,MFH_HIGH,6508,39160.0,0.3240005295207837,311192.46417567256
RO225,RO,OTHER,83630,0.0,0.0,0.0
RO225,RO,SFH,81704,81704.0,0.6759994704792163,949228.449667054
RO226,RO,MFH_HIGH,14414,88192.0,0.4834107116429233,639282.579737613
RO226,RO,OTHER,167719,0.0,0.0,0.0
RO226,RO,SFH,94245,94245.0,0.5165892883570767,1315787.0555211504
RO311,RO,MFH_HIGH,13090,81368.0,0.274261830928947,777578.0447497427
RO311,RO,OTHER,231879,0.0,0.0,0.0
RO311,RO,SFH,215312,215312.0,0.725738169071053,2083326.8680689903
RO312,RO,MFH_HIGH,6880,41378.0,0.3208218647024617,321005.20718510944
RO312,RO,OTHER,134144,0.0,0.0,0.0
RO312,RO,SFH,87597,87597.0,0.6791781352975382,1109742.2137896472
RO313,RO,MFH_HIGH,16564,101204.0,0.4215796949916479,722037.2036959118
RO313,RO,OTHER,212028,0.0,0.0,0.0
RO313,RO,SFH,138855,138855.0,0.5784203050083521,1720877.6500384046
RO314,RO,MFH_HIGH,10016,60600.0,0.4189567561962045,393215.4945440176
RO314,RO,OTHER,139664,0.0,0.0,0.0
RO314,RO,SFH,84045,84045.0,0.5810432438037955,1073358.8717872594
RO315,RO,MFH_HIGH,8070,49400.0,0.3677784395473496,359704.8966176238
RO315,RO,OTHER,121646,0.0,0.0,0.0
RO315,RO,SFH,84920,84920.0,0.6322215604526504,1053301.2783643515
RO316,RO,MFH_HIGH,22010,134090.0,0.43881494765571566,1115368.616877635
RO316,RO,OTHER,244388,0.0,0.0,0.0
RO316,RO,SFH,171483,171483.0,0.5611850523442844,2374082.6601514835
RO317,RO,MFH_HIGH,8355,50242.0,0.2632180054066514,351999.661230428
RO317,RO,OTHER,198969,0.0,0.0,0.0
RO317,RO,SFH,140634,140634.0,0.7367819945933486,1582945.2181596663
RO321,RO,MFH_HIGH,34841,290596.0,0.8676449951481675,5088774.1199752
RO321,RO,OTHER,67999,0.0,0.0,0.0
RO321,RO,SFH,44329,44329.0,0.1323550048518325,692966.9527623703
RO322,RO,MFH_HIGH,18604,117140.0,0.5033278763894797,994430.0871737304
RO322,RO,OTHER,132215,0.0,0.0,0.0
RO322,RO,SFH,115591,115591.0,0.4966721236105203,1753849.76704131
RO411,RO,MFH_HIGH,15732,98788.0,0.31959469951860864,886909.369266148
RO411,RO,OTHER,248656,0.0,0.0,0.0
RO411,RO,SFH,210316,210316.0,0.6804053004813914,2155959.9165370422
RO412,RO,MFH_HIGH,10395,62496.0,0.32757635638395455,409661.15892908606
RO412,RO,OTHER,168519,0.0,0.0,0.0
RO412,RO,SFH,128287,128287.0,0.6724236436160455,1304867.702478649
RO413,RO,MFH_HIGH,5729,35158.0,0.24174705878308225,369535.96301026363
RO413,RO,OTHER,111370,0.0,0.0,0.0
RO413,RO,SFH,110275,110275.0,0.7582529412169178,979333.2647436569
RO414,RO,MFH_HIGH,7924,48986.0,0.2337832162492364,398904.8906189073
RO414,RO,OTHER,217493,0.0,0.0,0.0
RO414,RO,SFH,160550,160550.0,0.7662167837507636,1613528.0222464358
RO415,RO,MFH_HIGH,6383,42778.0,0.18449130978565575,436766.195645543
RO415,RO,OTHER,170790,0.0,0.0,0.0
RO415,RO,SFH,189092,189092.0,0.8155086902143442,1533795.194148613
RO421,RO,MFH_HIGH,32421,198726.0,0.5744987164365504,1476624.2344214623
RO421,RO,OTHER,136727,0.0,0.0,0.0
RO421,RO,SFH,147186,147186.0,0.4255012835634497,1760618.5284706643
RO422,RO,MFH_HIGH,14998,90058.0,0.6982485249308016,943340.353128123
RO422,RO,OTHER,80156,0.0,0.0,0.0
RO422,RO,SFH,38919,38919.0,0.30175147506919836,457291.6714523709
RO423,RO,MFH_HIGH,13433,82236.0,0.4448266908996495,815499.8433737521
RO423,RO,OTHER,103894,0.0,0.0,0.0
RO423,RO,SFH,102636,102636.0,0.5551733091003506,1091423.1852772036
RO424,RO,MFH_HIGH,41837,255992.0,0.6125983837426624,2070370.578051175
RO424,RO,OTHER,155127,0.0,0.0,0.0
RO424,RO,SFH,161887,161887.0,0.38740161625733766,2111839.9701373414
SE110,SE,MFH_HIGH,55483,389486.0,0.5087496326290697,9647946.811007421
SE110,SE,OTHER,220274,0.0,0.0,0.0
SE110,SE,SFH,376089,376089.0,0.49125036737093036,7608070.085931695
SE121,SE,MFH_HIGH,16115,101198.0,0.5288716311204252,1821395.031367668
SE121,SE,OTHER,108149,0.0,0.0,0.0
SE121,SE,SFH,90149,90149.0,0.4711283688795748,2227322.726914584
SE122,SE,MFH_HIGH,9767,59512.0,0.44411608868590535,1038103.6361800856
SE122,SE,OTHER,125612,0.0,0.0,0.0
SE122,SE,SFH,74489,74489.0,0.5558839113140946,1779211.541969114
SE123,SE,MFH_HIGH,12057,76388.0,0.44726010152759804,1447055.6973731294
SE123,SE,OTHER,256235,0.0,0.0,0.0
SE123,SE,SFH,94403,94403.0,0.5527398984724019,2163799.0473566456
SE124,SE,MFH_HIGH,8018,49816.0,0.408431650665333,813409.1038095718
SE124,SE,OTHER,184535,0.0,0.0,0.0
SE124,SE,SFH,72153,72153.0,0.591568349334667,1635143.5196238586
SE125,SE,MFH_HIGH,9410,58336.0,0.49349045351109455,1121691.8639135573
SE125,SE,OTHER,109497,0.0,0.0,0.0
SE125,SE,SFH,59875,59875.0,0.5065095464889054,1522269.3889427313
SE211,SE,MFH_HIGH,9876,60866.0,0.4364937644772416,796881.086459072
SE211,SE,OTHER,209690,0.0,0.0,0.0
SE211,SE,SFH,78577,78577.0,0.5635062355227584,1992358.3739598696
SE212,SE,MFH_HIGH,6233,37566.0,0.46271524647106643,465285.5704760209
SE212,SE,OTHER,130815,0.0,0.0,0.0
SE212,SE,SFH,43620,43620.0,0.5372847535289336,1170521.1219803188
SE213,SE,MFH_HIGH,6904,41676.0,0.35539107002762904,524947.7981333107
SE213,SE,OTHER,206463,0.0,0.0,0.0
SE213,SE,SFH,75592,75592.0,0.644608929972371,1840673.6475866523
SE214,SE,MFH_HIGH,2336,14016.0,0.3554834128030841,167855.26531159712
SE214,SE,OTHER,75029,0.0,0.0,0.0
SE214,SE,SFH,25412,25412.0,0.6445165871969158,517026.0075794786
SE221,SE,MFH_HIGH,4244,25730.0,0.346630023306255,318589.5017258302
SE221,SE,OTHER,105674,0.0,0.0,0.0
SE221,SE,SFH,48499,48499.0,0.6533699766937451,1079834.7104624652
SE224,SE,MFH_HIGH,27386,175726.0,0.40293500567510865,2887902.089129076
SE224,SE,OTHER,419288,0.0,0.0,0.0
SE224,SE,SFH,260389,260389.0,0.5970649943248914,6178740.120767655
SE231,SE,MFH_HIGH,9909,60112.0,0.43492920245132444,676995.802173089
SE231,SE,OTHER,148218,0.0,0.0,0.0
SE231,SE,SFH,78099,78099.0,0.5650707975486756,1895101.815794911
SE232,SE,MFH_HIGH,38992,247224.0,0.38425455325418956,4133760.176959555
SE232,SE,OTHER,691555,0.0,0.0,0.0
SE232,SE,SFH,396162,396162.0,0.6157454467458104,8178829.784263228
SE311,SE,MFH_HIGH,6389,39706.0,0.40131798380820505,540781.9109089831
SE311,SE,OTHER,261370,0.0,0.0,0.0
SE311,SE,SFH,59233,59233.0,0.598682016191795,1420408.4478081372
SE312,SE,MFH_HIGH,8588,52648.0,0.35899219256077186,693477.7759748532
SE312,SE,OTHER,305780,0.0,0.0,0.0
SE312,SE,SFH,94007,94007.0,0.6410078074392281,2332629.16623208
SE313,SE,MFH_HIGH,8641,52980.0,0.4162770780460592,772435.2165227004
SE313,SE,OTHER,218633,0.0,0.0,0.0
SE313,SE,SFH,74291,74291.0,0.5837229219539408,1856327.9997731848
SE321,SE,MFH_HIGH,5408,33246.0,0.33500267026732905,448722.6767541578
SE321,SE,OTHER,203089,0.0,0.0,0.0
SE321,SE,SFH,65995,65995.0,0.664997329732671,1608990.9581105218
SE322,SE,MFH_HIGH,3610,21968.0,0.37328167745662777,319213.3637872466
SE322,SE,OTHER,176776,0.0,0.0,0.0
SE322,SE,SFH,36883,36883.0,0.6267183225433722,904864.1532477495
SE331,SE,MFH_HIGH,9747,59896.0,0.46628365017827395,805348.4427902374
SE331,SE,OTHER,189455,0.0,0.0,0.0
SE331,SE,SFH,68558,68558.0,0.5337163498217261,1765765.0004693111
SE332,SE,MFH_HIGH,9164,55908.0,0.3975425572763343,656219.8523494166
SE332,SE,OTHER,250139,0.0,0.0,0.0
SE332,SE,SFH,84726,84726.0,0.6024574427236656,2060639.3558775184
SI031,SI,MFH_HIGH,7879,49304.0,0.5123877618889259,387870.3654963855
SI031,SI,OTHER,64590,0.0,0.0,0.0
SI031,SI,SFH,46920,46920.0,0.4876122381110742,730058.3487561728
SI032,SI,MFH_HIGH,14579,98842.0,0.48914974587888294,1119049.2757093608
SI032,SI,OTHER,118326,0.0,0.0,0.0
SI032,SI,SFH,103227,103227.0,0.5108502541211171,1590072.0332758825
SI033,SI,MFH_HIGH,3094,21434.0,0.5094478644261166,239520.13912551032
SI033,SI,OTHER,24562,0.0,0.0,0.0
SI033,SI,SFH,20639,20639.0,0.4905521355738835,360142.5188652612
SI034,SI,MFH_HIGH,8989,62250.0,0.4077048020748736,729598.5271128099
SI034,SI,OTHER,92057,0.0,0.0,0.0
SI034,SI,SFH,90434,90434.0,0.5922951979251264,1407715.7433537317
SI035,SI,MFH_HIGH,1749,13056.0,0.45639179221868775,173624.8900948817
SI035,SI,OTHER,19290,0.0,0.0,0.0
SI035,SI,SFH,15551,15551.0,0.5436082077813122,249461.768472542
SI036,SI,MFH_HIGH,2958,19470.0,0.32481398685395885,188052.6518603572
SI036,SI,OTHER,42479,0.0,0.0,0.0
SI036,SI,SFH,40472,40472.0,0.6751860131460412,596905.242763565
SI037,SI,MFH_HIGH,4992,32990.0,0.2998545718960189,325648.06578821666
SI037,SI,OTHER,64769,0.0,0.0,0.0
SI037,SI,SFH,77030,77030.0,0.7001454281039811,1074495.894928885
SI038,SI,MFH_HIGH,3135,20434.0,0.5161013310433663,181402.76790625948
SI038,SI,OTHER,19738,0.0,0.0,0.0
SI038,SI,SFH,19159,19159.0,0.48389866895663375,318251.6623051944
SI041,SI,MFH_HIGH,18333,137046.0,0.5399933804060018,2022753.6870381508
SI041,SI,OTHER,110538,0.0,0.0,0.0
SI041,SI,SFH,116746,116746.0,0.46000661959399824,1913117.9106856468
SI042,SI,MFH_HIGH,9368,64538.0,0.5403880129616759,777880.0431138146
SI042,SI,OTHER,50484,0.0,0.0,0.0
SI042,SI,SFH,54891,54891.0,0.459611987038324,962295.1824676224
SI043,SI,MFH_HIGH,6509,42148.0,0.4596743409931182,417825.7090184022
SI043,SI,OTHER,32564,0.0,0.0,0.0
SI043,SI,SFH,49543,49543.0,0.5403256590068818,751311.0398293274
SI044,SI,MFH_HIGH,5583,38510.0,0.5297548628497538,436767.6379906466
SI044,SI,OTHER,35030,0.0,0.0,0.0
SI044,SI,SFH,34184,34184.0,0.47024513715024624,460894.63212370855
SK010,SK,MFH_HIGH,14967,128596.0,0.49240689544260563,2446869.3208632814
SK010,SK,OTHER,183881,0.0,0.0,0.0
SK010,SK,SFH,132562,132562.0,0.5075931045573944,2518674.7306924853
SK021,SK,MFH_HIGH,12845,82446.0,0.3337665019006789,974871.3826210081
SK021,SK,OTHER,307559,0.0,0.0,0.0
SK021,SK,SFH,164571,164571.0,0.6662334980993211,3458391.764801484
SK022,SK,MFH_HIGH,9921,73736.0,0.3114601065290209,1175260.5506305424
SK022,SK,OTHER,284429,0.0,0.0,0.0
SK022,SK,SFH,163007,163007.0,0.6885398934709791,3151690.751212144
SK023,SK,MFH_HIGH,16506,106722.0,0.3386462653462079,1249919.1467713313
SK023,SK,OTHER,388158,0.0,0.0,0.0
SK023,SK,SFH,208421,208421.0,0.6613537346537921,4406993.89978544
SK031,SK,MFH_HIGH,9801,70258.0,0.2667248775672905,1100141.0516305072
SK031,SK,OTHER,340928,0.0,0.0,0.0
SK031,SK,SFH,193152,193152.0,0.7332751224327094,3904005.3659043335
SK032,SK,MFH_HIGH,12968,86446.0,0.323712019652045,1282832.2983882902
SK032,SK,OTHER,332934,0.0,0.0,0.0
SK032,SK,SFH,180600,180600.0,0.676287980347955,3561882.594228505
SK041,SK,MFH_HIGH,23662,155664.0,0.49150016418702164,1738542.5211300927
SK041,SK,OTHER,362638,0.0,0.0,0.0
SK041,SK,SFH,161048,161048.0,0.5084998358129783,4058780.2306929897
SK042,SK,MFH_HIGH,17823,124998.0,0.44865347963260077,1905412.1637504818
SK042,SK,OTHER,317075,0.0,0.0,0.0
SK042,SK,SFH,153609,153609.0,0.5513465203673993,3751612.103759876
UKC11,UK,MFH_HIGH,7435,44876.0,0.4106214771978625,591043.8435144537
UKC11,UK,OTHER,17154,0.0,0.0,0.0
UKC11,UK,SFH,64412,64412.0,0.5893785228021374,1074460.4368092562
UKC12,UK,MFH_HIGH,8183,49406.0,0.46492763442681573,709644.9932563175
UKC12,UK,OTHER,14510,0.0,0.0,0.0
UKC12,UK,SFH,56860,56860.0,0.5350723655731843,963530.1674789952
UKC13,UK,MFH_HIGH,2721,16382.0,0.4131651954602774,256490.66576408411
UKC13,UK,OTHER,6968,0.0,0.0,0.0
UKC13,UK,SFH,23268,23268.0,0.5868348045397226,384416.8525352673
UKC14,UK,MFH_HIGH,15541,93400.0,0.37064815806913737,1010730.4399972248
UKC14,UK,OTHER,41724,0.0,0.0,0.0
UKC14,UK,SFH,158591,158591.0,0.6293518419308626,2276657.6793696084
UKC21,UK,MFH_HIGH,8993,53958.0,0.2773163661780729,594733.3497540309
UKC21,UK,OTHER,37511,0.0,0.0,0.0
UKC21,UK,SFH,140614,140614.0,0.7226836338219271,1763494.3367598346
UKC22,UK,MFH_HIGH,15322,93710.0,0.33758542305350714,2019641.012200311
UKC22,UK,OTHER,19834,0.0,0.0,0.0
UKC22,UK,SFH,183879,183879.0,0.6624145769464929,2651554.790932752
UKC23,UK,MFH_HIGH,5717,34456.0,0.39160330503369817,673490.1547153116
UKC23,UK,OTHER,8316,0.0,0.0,0.0
UKC23,UK,SFH,53531,53531.0,0.6083966949663019,850181.4192893647
UKD11,UK,MFH_HIGH,6086,36544.0,0.3847182305319563,534540.2034452886
UKD11,UK,OTHER,41166,0.0,0.0,0.0
UKD11,UK,SFH,58445,58445.0,0.6152817694680437,983011.761376189
UKD12,UK,MFH_HIGH,8321,49968.0,0.37261744966442956,595434.333608275
UKD12,UK,OTHER,56561,0.0,0.0,0.0
UKD12,UK,SFH,84132,84132.0,0.6273825503355704,1371323.6071748328
UKD33,UK,MFH_HIGH,11453,73324.0,0.487698457568159,1245467.965656952
UKD33,UK,OTHER,11625,0.0,0.0,0.0
UKD33,UK,SFH,77023,77023.0,0.512301542431841,1164761.6541322684
UKD34,UK,MFH_HIGH,9797,60840.0,0.4069293023878002,914160.8486373617
UKD34,UK,OTHER,20395,0.0,0.0,0.0
UKD34,UK,SFH,88670,88670.0,0.5930706976121999,1539879.8635401856
UKD35,UK,MFH_HIGH,9587,58110.0,0.3554889425870982,721549.5262982628
UKD35,UK,OTHER,22716,0.0,0.0,0.0
UKD35,UK,SFH,105355,105355.0,0.6445110574129018,1798381.670808513
UKD36,UK,MFH_HIGH,6813,41228.0,0.16605244821433607,506807.5387228775
UKD36,UK,OTHER,36215,0.0,0.0,0.0
UKD36,UK,SFH,207055,207055.0,0.8339475517856639,2537594.955060374
UKD37,UK,MFH_HIGH,11819,71138.0,0.3574486473449371,941848.3670279703
UKD37,UK,OTHER,30128,0.0,0.0,0.0
UKD37,UK,SFH,127878,127878.0,0.6425513526550629,1987734.1687342476
UKD41,UK,MFH_HIGH,3254,19538.0,0.4165707219308345,301172.71837606555
UKD41,UK,OTHER,9390,0.0,0.0,0.0
UKD41,UK,SFH,27364,27364.0,0.5834292780691654,414244.9243217995
UKD42,UK,MFH_HIGH,3297,20118.0,0.4672085462145843,381308.6529683935
UKD42,UK,OTHER,10152,0.0,0.0,0.0
UKD42,UK,SFH,22942,22942.0,0.5327914537854157,446186.52836441726
UKD44,UK,MFH_HIGH,5017,30368.0,0.2901087143430329,370125.78929904016
UKD44,UK,OTHER,37733,0.0,0.0,0.0
UKD44,UK,SFH,74310,74310.0,0.7098912856569671,1148776.6681938083
UKD45,UK,MFH_HIGH,7706,46404.0,0.28742737509755584,592529.1265189648
UKD45,UK,OTHER,46036,0.0,0.0,0.0
UKD45,UK,SFH,115042,115042.0,0.7125726249024441,1774353.0247636489
UKD46,UK,MFH_HIGH,8945,53698.0,0.5027949699903557,908537.5038058768
UKD46,UK,OTHER,18930,0.0,0.0,0.0
UKD46,UK,SFH,53101,53101.0,0.4972050300096443,899049.834895312
UKD47,UK,MFH_HIGH,9417,56670.0,0.28956700356657433,742522.4597180596
UKD47,UK,OTHER,45512,0.0,0.0,0.0
UKD47,UK,SFH,139036,139036.0,0.7104329964334256,2174585.6603907766
UKD61,UK,MFH_HIGH,3412,20612.0,0.2421152784466658,271542.2276075101
UKD61,UK,OTHER,14653,0.0,0.0,0.0
UKD61,UK,SFH,64521,64521.0,0.7578847215533342,976407.5810296398
UKD62,UK,MFH_HIGH,7764,46654.0,0.28546953111136947,557568.0218054594
UKD62,UK,OTHER,44309,0.0,0.0,0.0
UKD62,UK,SFH,116775,116775.0,0.7145304688886306,1974285.8442359653
UKD63,UK,MFH_HIGH,6697,40406.0,0.22384355437371892,312626.6601755399
UKD63,UK,OTHER,40996,0.0,0.0,0.0
UKD63,UK,SFH,140104,140104.0,0.776156445626281,1805611.424051588
UKD71,UK,MFH_HIGH,7392,44576.0,0.27804044360724045,523573.8319092634
UKD71,UK,OTHER,26204,0.0,0.0,0.0
UKD71,UK,SFH,115746,115746.0,0.7219595563927595,1667351.6882500222
UKD72,UK,MFH_HIGH,12843,78626.0,0.5060565102658171,1304764.8250469666
UKD72,UK,OTHER,14854,0.0,0.0,0.0
UKD72,UK,SFH,76744,76744.0,0.4939434897341829,1241225.6195934948
UKD74,UK,MFH_HIGH,2850,17324.0,0.11710390233680554,214647.28305056004
UKD74,UK,OTHER,22231,0.0,0.0,0.0
UKD74,UK,SFH,130613,130613.0,0.8828960976631944,1529378.6788873852
UKE11,UK,MFH_HIGH,4131,25206.0,0.2387383974237545,449315.0938566759
UKE11,UK,OTHER,10350,0.0,0.0,0.0
UKE11,UK,SFH,80374,80374.0,0.7612616025762455,756253.0997372678
UKE12,UK,MFH_HIGH,7696,46218.0,0.21808144198556126,451969.61593327875
UKE12,UK,OTHER,45808,0.0,0.0,0.0
UKE12,UK,SFH,165712,165712.0,0.7819185580144388,1985285.9021904336
UKE13,UK,MFH_HIGH,5249,31494.0,0.20372993848124357,353306.6246000048
UKE13,UK,OTHER,41639,0.0,0.0,0.0
UKE13,UK,SFH,123093,123093.0,0.7962700615187565,1642207.0944987996
UKE21,UK,MFH_HIGH,4020,24302.0,0.33336534108835514,393608.6042643048
UKE21,UK,OTHER,13769,0.0,0.0,0.0
UKE21,UK,SFH,48597,48597.0,0.6666346589116449,811058.0456838186
UKE22,UK,MFH_HIGH,19648,117972.0,0.3478778835747923,1278070.2262516567
UKE22,UK,OTHER,116685,0.0,0.0,0.0
UKE22,UK,SFH,221147,221147.0,0.6521221164252077,3336046.568446357
UKE31,UK,MFH_HIGH,13190,79350.0,0.28910895417978316,912511.3576403904
UKE31,UK,OTHER,56077,0.0,0.0,0.0
UKE31,UK,SFH,195114,195114.0,0.7108910458202169,3131188.552479093
UKE32,UK,MFH_HIGH,10010,61166.0,0.3897413024085638,1073558.0702696107
UKE32,UK,OTHER,16335,0.0,0.0,0.0
UKE32,UK,SFH,95774,95774.0,0.6102586975914362,1584864.7079913088
UKE41,UK,MFH_HIGH,10274,61994.0,0.42497446478882894,1015477.7299670044
UKE41,UK,OTHER,24861,0.0,0.0,0.0
UKE41,UK,SFH,83883,83883.0,0.5750255352111711,1486638.7769860292
UKE42,UK,MFH_HIGH,8105,51052.0,0.16490569572618652,814136.9024720277
UKE42,UK,OTHER,56342,0.0,0.0,0.0
UKE42,UK,SFH,258531,258531.0,0.8350943042738135,2790961.7161465604
UKE44,UK,MFH_HIGH,13261,80042.0,0.38099272685731694,1016301.8261905655
UKE44,UK,OTHER,42639,0.0,0.0,0.0
UKE44,UK,SFH,130046,130046.0,0.6190072731426831,2215861.20503675
UKE45,UK,MFH_HIGH,4007,24098.0,0.1784891601425069,280692.86764840165
UKE45,UK,OTHER,22161,0.0,0.0,0.0
UKE45,UK,SFH,110913,110913.0,0.8215108398574931,1395043.2181869957
UKF11,UK,MFH_HIGH,3631,21954.0,0.28030438446413525,309606.1587842019
UKF11,UK,OTHER,21694,0.0,0.0,0.0
UKF11,UK,SFH,56368,56368.0,0.7196956155358648,896957.1283384175
UKF12,UK,MFH_HIGH,3978,23868.0,0.2149999099212712,241977.3007326651
UKF12,UK,OTHER,25484,0.0,0.0,0.0
UKF12,UK,SFH,87146,87146.0,0.7850000900787288,1280388.7971226792
UKF13,UK,MFH_HIGH,7768,46608.0,0.21344373105210612,481494.9619840685
UKF13,UK,OTHER,80325,0.0,0.0,0.0
UKF13,UK,SFH,171754,171754.0,0.7865562689478939,2360302.9415881177
UKF14,UK,MFH_HIGH,4045,24830.0,0.23086506991966677,379716.98807547754
UKF14,UK,OTHER,24979,0.0,0.0,0.0
UKF14,UK,SFH,82722,82722.0,0.7691349300803332,988076.4369051856
UKF15,UK,MFH_HIGH,6891,41346.0,0.20295702883397637,422246.91905434703
UKF15,UK,OTHER,56964,0.0,0.0,0.0
UKF15,UK,SFH,162372,162372.0,0.7970429711660236,2313946.433467176
UKF16,UK,MFH_HIGH,4079,24474.0,0.16969554093313827,259389.209982858
UKF16,UK,OTHER,49737,0.0,0.0,0.0
UKF16,UK,SFH,119749,119749.0,0.8303044590668618,1717343.0685865849
UKF21,UK,MFH_HIGH,4879,30226.0,0.49798177834159846,519638.9318139247
UKF21,UK,OTHER,20924,0.0,0.0,0.0
UKF21,UK,SFH,30471,30471.0,0.5020182216584016,651467.4307125879
UKF22,UK,MFH_HIGH,11185,67110.0,0.2659317319046751,689104.3319139447
UKF22,UK,OTHER,128164,0.0,0.0,0.0
UKF22,UK,SFH,185248,185248.0,0.7340682680953249,3225571.8772747423
UKF24,UK,MFH_HIGH,6737,40492.0,0.3076923076923077,449157.3841882621
UKF24,UK,OTHER,64420,0.0,0.0,0.0
UKF24,UK,SFH,91107,91107.0,0.6923076923076923,1540332.8591400927
UKF25,UK,MFH_HIGH,14824,88944.0,0.4876315789473684,374308.2861744469
UKF25,UK,OTHER,43268,0.0,0.0,0.0
UKF25,UK,SFH,93456,93456.0,0.5123684210526316,1559936.1088595823
UKF30,UK,MFH_HIGH,16975,102018.0,0.2658671211671071,993657.3927533712
UKF30,UK,OTHER,145755,0.0,0.0,0.0
UKF30,UK,SFH,281700,281700.0,0.7341328788328929,4509770.445090338
UKG11,UK,MFH_HIGH,3698,22188.0,0.3124630333755809,203950.9732307965
UKG11,UK,OTHER,62897,0.0,0.0,0.0
UKG11,UK,SFH,48822,48822.0,0.6875369666244191,821190.3615404472
UKG12,UK,MFH_HIGH,9525,57206.0,0.2581603043444905,557619.4596628133
UKG12,UK,OTHER,88136,0.0,0.0,0.0
UKG12,UK,SFH,164385,164385.0,0.7418396956555094,2599234.505379417
UKG13,UK,MFH_HIGH,11041,66470.0,0.30450736873932027,751739.5636050145
UKG13,UK,OTHER,80981,0.0,0.0,0.0
UKG13,UK,SFH,151817,151817.0,0.6954926312606797,2562018.95111173
UKG21,UK,MFH_HIGH,2790,16810.0,0.2908455456165545,166819.27904361257
UKG21,UK,OTHER,19034,0.0,0.0,0.0
UKG21,UK,SFH,40987,40987.0,0.7091544543834455,684588.3296983001
UKG22,UK,MFH_HIGH,5527,33162.0,0.2718709264861408,342662.91303394217
UKG22,UK,OTHER,89814,0.0,0.0,0.0
UKG22,UK,SFH,88815,88815.0,0.7281290735138591,1484935.107187915
UKG23,UK,MFH_HIGH,3855,23354.0,0.3525877166495561,379677.1838488801
UKG23,UK,OTHER,15655,0.0,0.0,0.0
UKG23,UK,SFH,42882,42882.0,0.6474122833504439,714563.8695099192
UKG24,UK,MFH_HIGH,12335,74248.0,0.2390246886156798,811031.6347508213
UKG24,UK,OTHER,109761,0.0,0.0,0.0
UKG24,UK,SFH,236381,236381.0,0.7609753113843202,3608461.977462427
UKG31,UK,MFH_HIGH,16878,104446.0,0.32068259343749905,1545112.8894034466
UKG31,UK,OTHER,42590,0.0,0.0,0.0
UKG31,UK,SFH,221253,221253.0,0.679317406562501,3150959.826672102
UKG32,UK,MFH_HIGH,2832,17174.0,0.22402817636316202,203992.63955190455
UKG32,UK,OTHER,13701,0.0,0.0,0.0
UKG32,UK,SFH,59486,59486.0,0.775971823636838,945319.1931201944
UKG33,UK,MFH_HIGH,3349,20556.0,0.15842896669723852,272346.376016445
UKG33,UK,OTHER,29270,0.0,0.0,0.0
UKG33,UK,SFH,109193,109193.0,0.8415710333027615,1427711.704443535
UKG36,UK,MFH_HIGH,3255,19642.0,0.2139092176337341,233943.58164212893
UKG36,UK,OTHER,13289,0.0,0.0,0.0
UKG36,UK,SFH,72182,72182.0,0.786090782366266,1215955.242929255
UKG37,UK,MFH_HIGH,4257,25696.0,0.32107558321150553,430149.8781095148
UKG37,UK,OTHER,14512,0.0,0.0,0.0
UKG37,UK,SFH,54335,54335.0,0.6789244167884945,877207.941714004
UKG38,UK,MFH_HIGH,3616,21850.0,0.2538454389144477,269091.0582325723
UKG38,UK,OTHER,11798,0.0,0.0,0.0
UKG38,UK,SFH,64226,64226.0,0.7461545610855523,920573.3695081348
UKG39,UK,MFH_HIGH,3055,18442.0,0.2690770083749161,256888.44521162406
UKG39,UK,OTHER,9915,0.0,0.0,0.0
UKG39,UK,SFH,50096,50096.0,0.7309229916250839,825068.3135552828
UKH11,UK,MFH_HIGH,6247,37594.0,0.4671628993575485,316585.65352202044
UKH11,UK,OTHER,18425,0.0,0.0,0.0
UKH11,UK,SFH,42879,42879.0,0.5328371006424515,825976.0243098045
UKH12,UK,MFH_HIGH,29855,179396.0,0.4600263097835982,915803.2511731051
UKH12,UK,OTHER,92586,0.0,0.0,0.0
UKH12,UK,SFH,210573,210573.0,0.5399736902164018,3538711.1805311264
UKH14,UK,MFH_HIGH,58153,349184.0,0.6748325403236717,1616536.1675035225
UKH14,UK,OTHER,135669,0.0,0.0,0.0
UKH14,UK,SFH,168254,168254.0,0.3251674596763284,3518867.762670208
UKH15,UK,MFH_HIGH,5490,33332.0,0.2584336742209851,446197.40623134165
UKH15,UK,OTHER,36846,0.0,0.0,0.0
UKH15,UK,SFH,95645,95645.0,0.7415663257790148,1475566.9877193803
UKH16,UK,MFH_HIGH,11122,66774.0,0.4122106302858201,453566.35527392715
UKH16,UK,OTHER,58513,0.0,0.0,0.0
UKH16,UK,SFH,95216,95216.0,0.5877893697141798,1850548.9123073816
UKH17,UK,MFH_HIGH,25898,155388.0,0.6403342852551027,596990.7251573016
UKH17,UK,OTHER,59076,0.0,0.0,0.0
UKH17,UK,SFH,87279,87279.0,0.35966571474489734,1813166.813111144
UKH21,UK,MFH_HIGH,6417,38810.0,0.6476861200580765,276032.26383848075
UKH21,UK,OTHER,14470,0.0,0.0,0.0
UKH21,UK,SFH,21111,21111.0,0.35231387994192354,496455.4839819602
UKH23,UK,MFH_HIGH,95919,576522.0,0.7657127829974419,2906902.571406571
UKH23,UK,OTHER,102482,0.0,0.0,0.0
UKH23,UK,SFH,176400,176400.0,0.23428721700255803,4005746.044543325
UKH24,UK,MFH_HIGH,5721,34480.0,0.5200132718004404,291749.50462058134
UKH24,UK,OTHER,27539,0.0,0.0,0.0
UKH24,UK,SFH,31826,31826.0,0.4799867281995596,715654.2337202411
UKH25,UK,MFH_HIGH,16389,98376.0,0.631299292181915,457356.6507991862
UKH25,UK,OTHER,44583,0.0,0.0,0.0
UKH25,UK,SFH,57455,57455.0,0.36870070781808495,1269974.994829227
UKH31,UK,MFH_HIGH,11643,70180.0,0.8118644656016103,590399.2188144614
UKH31,UK,OTHER,12762,0.0,0.0,0.0
UKH31,UK,SFH,16263,16263.0,0.1881355343983897,483689.5655174376
UKH32,UK,MFH_HIGH,21365,128428.0,0.8747845869859888,429624.3841494185
UKH32,UK,OTHER,17692,0.0,0.0,0.0
UKH32,UK,SFH,18383,18383.0,0.1252154130140112,392789.16797385714
UKH34,UK,MFH_HIGH,51783,310880.0,0.7599194321137337,1135068.7519379472
UKH34,UK,OTHER,76122,0.0,0.0,0.0
UKH34,UK,SFH,98216,98216.0,0.2400805678862663,2100661.1535621523
UKH35,UK,MFH_HIGH,25687,154248.0,0.7866585067319461,871614.7115168581
UKH35,UK,OTHER,40820,0.0,0.0,0.0
UKH35,UK,SFH,41832,41832.0,0.21334149326805385,1086499.0421569056
UKH36,UK,MFH_HIGH,41424,248880.0,0.860060475161987,1051830.465157057
UKH36,UK,OTHER,57153,0.0,0.0,0.0
UKH36,UK,SFH,40495,40495.0,0.13993952483801295,1159258.8400256948
UKH37,UK,MFH_HIGH,30024,180214.0,0.7994055936300929,975507.2316400256
UKH37,UK,OTHER,44006,0.0,0.0,0.0
UKH37,UK,SFH,45221,45221.0,0.20059440636990708,1303173.073178862
UKI31,UK,MFH_HIGH,15491,96418.0,0.9476249914002378,914111.692967674
UKI31,UK,OTHER,7202,0.0,0.0,0.0
UKI31,UK,SFH,5329,5329.0,0.05237500859976216,97638.91211153108
UKI32,UK,MFH_HIGH,14776,98834.0,0.9470849783433631,1246922.5316255207
UKI32,UK,OTHER,7291,0.0,0.0,0.0
UKI32,UK,SFH,5522,5522.0,0.0529150216566369,86650.5817147295
UKI33,UK,MFH_HIGH,17979,114454.0,0.9343031134185564,1689286.71041738
UKI33,UK,OTHER,6480,0.0,0.0,0.0
UKI33,UK,SFH,8048,8048.0,0.06569688658144357,156726.6382721143
UKI34,UK,MFH_HIGH,24686,150090.0,0.8841305372290292,1058002.6446376129
UKI34,UK,OTHER,6528,0.0,0.0,0.0
UKI34,UK,SFH,19670,19670.0,0.11586946277097078,299069.05012477847
UKI41,UK,MFH_HIGH,24319,154692.0,0.8161701858241793,2045101.7106494373
UKI41,UK,OTHER,12055,0.0,0.0,0.0
UKI41,UK,SFH,34842,34842.0,0.1838298141758207,448707.1469883414
UKI42,UK,MFH_HIGH,8360,60254.0,0.9318445430785172,1199433.0141803566
UKI42,UK,OTHER,4576,0.0,0.0,0.0
UKI42,UK,SFH,4407,4407.0,0.06815545692148281,54941.36598037157
UKI43,UK,MFH_HIGH,31361,191414.0,0.9228417977224734,1778487.0164844973
UKI43,UK,OTHER,10721,0.0,0.0,0.0
UKI43,UK,SFH,16004,16004.0,0.07715820227752654,278733.63094055903
UKI44,UK,MFH_HIGH,29558,181702.0,0.8253629376601196,1758485.9481888693
UKI44,UK,OTHER,14268,0.0,0.0,0.0
UKI44,UK,SFH,38446,38446.0,0.17463706233988044,599215.9975527772
UKI45,UK,MFH_HIGH,26713,162000.0,0.9616297844049767,1158476.5637231942
UKI45,UK,OTHER,5870,0.0,0.0,0.0
UKI45,UK,SFH,6464,6464.0,0.038370215595023266,132092.01256083677
UKI51,UK,MFH_HIGH,17358,107508.0,0.5792612947547078,1046714.0999763084
UKI51,UK,OTHER,30026,0.0,0.0,0.0
UKI51,UK,SFH,78087,78087.0,0.42073870524529217,1350217.736848583
UKI52,UK,MFH_HIGH,32582,196416.0,0.8225435631996181,1168345.6483007285
UKI52,UK,OTHER,31371,0.0,0.0,0.0
UKI52,UK,SFH,42375,42375.0,0.17745643680038192,899650.614720359
UKI53,UK,MFH_HIGH,41812,251936.0,0.8125133034476086,1422763.3778848818
UKI53,UK,OTHER,25555,0.0,0.0,0.0
UKI53,UK,SFH,58134,58134.0,0.1874866965523914,934921.6385986028
UKI54,UK,MFH_HIGH,9627,58014.0,0.6781931682682191,647636.4095554566
UKI54,UK,OTHER,13545,0.0,0.0,0.0
UKI54,UK,SFH,27528,27528.0,0.3218068317317809,581595.819036394
UKI61,UK,MFH_HIGH,26550,159496.0,0.7727706582039293,850087.1783063189
UKI61,UK,OTHER,24598,0.0,0.0,0.0
UKI61,UK,SFH,46899,46899.0,0.22722934179607063,1061399.8939807515
UKI62,UK,MFH_HIGH,29170,176000.0,0.8755913973145214,1035725.4031892705
UKI62,UK,OTHER,27656,0.0,0.0,0.0
UKI62,UK,SFH,25007,25007.0,0.12440860268547861,671198.9602230317
UKI63,UK,MFH_HIGH,27573,166082.0,0.7281360152920752,1330412.9001830975
UKI63,UK,OTHER,35372,0.0,0.0,0.0
UKI63,UK,SFH,62010,62010.0,0.2718639847079249,1338896.4239968627
UKI71,UK,MFH_HIGH,37485,226352.0,0.9024983453346411,1435733.0193971952
UKI71,UK,OTHER,12278,0.0,0.0,0.0
UKI71,UK,SFH,24454,24454.0,0.09750165466535889,619112.1776670367
UKI72,UK,MFH_HIGH,13588,83040.0,0.7789795592911887,673104.0844290166
UKI72,UK,OTHER,11222,0.0,0.0,0.0
UKI72,UK,SFH,23561,23561.0,0.22102044070881136,563196.5209487766
UKI73,UK,MFH_HIGH,23320,142006.0,0.903788751487688,918467.796736248
UKI73,UK,OTHER,13983,0.0,0.0,0.0
UKI73,UK,SFH,15117,15117.0,0.09621124851231201,377156.30744052806
UKI74,UK,MFH_HIGH,16787,101422.0,0.6536860151849131,915334.786431337
UKI74,UK,OTHER,31838,0.0,0.0,0.0
UKI74,UK,SFH,53732,53732.0,0.34631398481508696,1440704.4077180035
UKI75,UK,MFH_HIGH,25397,153964.0,0.7946775125939384,1161868.291344737
UKI75,UK,OTHER,26396,0.0,0.0,0.0
UKI75,UK,SFH,39780,39780.0,0.2053224874060616,896349.8404862931
UKJ11,UK,MFH_HIGH,73263,440992.0,0.7510452662001359,1935448.0414086222
UKJ11,UK,OTHER,85831,0.0,0.0,0.0
UKJ11,UK,SFH,146179,146179.0,0.2489547337998641,3065606.9048032425
UKJ12,UK,MFH_HIGH,8915,53714.0,0.5346272519159948,422918.4938042507
UKJ12,UK,OTHER,26898,0.0,0.0,0.0
UKJ12,UK,SFH,46756,46756.0,0.4653727480840052,952963.5937894804
UKJ13,UK,MFH_HIGH,21213,127348.0,0.5447203853096422,852406.4715753319
UKJ13,UK,OTHER,83375,0.0,0.0,0.0
UKJ13,UK,SFH,106438,106438.0,0.4552796146903578,2432919.484242431
UKJ14,UK,MFH_HIGH,19792,118990.0,0.42851946686257775,1096122.1682456033
UKJ14,UK,OTHER,113942,0.0,0.0,0.0
UKJ14,UK,SFH,158687,158687.0,0.5714805331374223,2869606.0866944725
UKJ21,UK,MFH_HIGH,10581,65208.0,0.5774145274548176,533771.0392438946
UKJ21,UK,OTHER,15462,0.0,0.0,0.0
UKJ21,UK,SFH,47723,47723.0,0.4225854725451825,762008.7454326327
UKJ22,UK,MFH_HIGH,26328,158780.0,0.5930646028805354,1016890.0449967625
UKJ22,UK,OTHER,90103,0.0,0.0,0.0
UKJ22,UK,SFH,108948,108948.0,0.4069353971194645,2348847.8790090987
UKJ25,UK,MFH_HIGH,68226,409790.0,0.7613079656901449,2206181.4415225782
UKJ25,UK,OTHER,96517,0.0,0.0,0.0
UKJ25,UK,SFH,128481,128481.0,0.23869203430985508,3162731.4687939803
UKJ26,UK,MFH_HIGH,30061,180506.0,0.7331026472045552,1035462.6949634531
UKJ26,UK,OTHER,56372,0.0,0.0,0.0
UKJ26,UK,SFH,65716,65716.0,0.26689735279544474,1686705.341842698
UKJ27,UK,MFH_HIGH,27573,165732.0,0.6569784035772048,1067923.6179369101
UKJ27,UK,OTHER,61775,0.0,0.0,0.0
UKJ27,UK,SFH,86532,86532.0,0.34302159642279517,2175628.4757998157
UKJ28,UK,MFH_HIGH,63298,379984.0,0.8506755319744339,1378900.4613103298
UKJ28,UK,OTHER,63208,0.0,0.0,0.0
UKJ28,UK,SFH,66701,66701.0,0.14932446802556612,1447337.3071091045
UKJ31,UK,MFH_HIGH,6858,41428.0,0.7131446670798044,589071.2713318008
UKJ31,UK,OTHER,9730,0.0,0.0,0.0
UKJ31,UK,SFH,16664,16664.0,0.28685533292019555,309927.7343471042
UKJ32,UK,MFH_HIGH,2422,15120.0,0.18741400894926682,248368.8067098838
UKJ32,UK,OTHER,15875,0.0,0.0,0.0
UKJ32,UK,SFH,65557,65557.0,0.8125859910507331,833015.4460032941
UKJ34,UK,MFH_HIGH,2769,16670.0,0.2532934222721955,192550.35799714303
UKJ34,UK,OTHER,24932,0.0,0.0,0.0
UKJ34,UK,SFH,49143,49143.0,0.7467065777278046,759680.3375145404
UKJ35,UK,MFH_HIGH,6816,40966.0,0.28219134675658364,476567.29671002395
UKJ35,UK,OTHER,44430,0.0,0.0,0.0
UKJ35,UK,SFH,104205,104205.0,0.7178086532434164,2071549.151294979
UKJ36,UK,MFH_HIGH,14226,85398.0,0.34825481104491124,818693.2516727262
UKJ36,UK,OTHER,102232,0.0,0.0,0.0
UKJ36,UK,SFH,159819,159819.0,0.6517451889550887,3101741.570671244
UKJ37,UK,MFH_HIGH,17578,105776.0,0.6013485087948698,812828.0192820444
UKJ37,UK,OTHER,45140,0.0,0.0,0.0
UKJ37,UK,SFH,70122,70122.0,0.39865149120513027,1541501.144263466
UKJ41,UK,MFH_HIGH,26196,157484.0,0.8822929622284222,779193.3471643867
UKJ41,UK,OTHER,24884,0.0,0.0,0.0
UKJ41,UK,SFH,21010,21010.0,0.11770703777157776,582523.1742866343
UKJ43,UK,MFH_HIGH,32379,194638.0,0.8234706785749039,884059.4651457247
UKJ43,UK,OTHER,47317,0.0,0.0,0.0
UKJ43,UK,SFH,41725,41725.0,0.17652932142509614,1072702.458281649
UKJ44,UK,MFH_HIGH,15497,93290.0,0.44590493033482304,846386.0438204721
UKJ44,UK,OTHER,78279,0.0,0.0,0.0
UKJ44,UK,SFH,115925,115925.0,0.554095069665177,2295568.62079922
UKJ45,UK,MFH_HIGH,14506,87190.0,0.5809839211583696,538200.3186340309
UKJ45,UK,OTHER,57046,0.0,0.0,0.0
UKJ45,UK,SFH,62883,62883.0,0.4190160788416304,1276990.9279943025
UKJ46,UK,MFH_HIGH,25977,155890.0,0.7339004674855117,799054.168425193
UKJ46,UK,OTHER,62177,0.0,0.0,0.0
UKJ46,UK,SFH,56523,56523.0,0.26609953251448826,1429689.1575682051
UKK11,UK,MFH_HIGH,12917,79532.0,0.37317942942942944,609525.6317597192
UKK11,UK,OTHER,41109,0.0,0.0,0.0
UKK11,UK,SFH,133588,133588.0,0.6268205705705706,1766942.4625725334
UKK12,UK,MFH_HIGH,17361,104684.0,0.3145619048477582,822051.5278507355
UKK12,UK,OTHER,112719,0.0,0.0,0.0
UKK12,UK,SFH,228109,228109.0,0.6854380951522417,3557437.2492607515
UKK13,UK,MFH_HIGH,12214,73508.0,0.27945453370387124,688659.092169007
UKK13,UK,OTHER,118399,0.0,0.0,0.0
UKK13,UK,SFH,189533,189533.0,0.7205454662961287,2992007.631146729
UKK14,UK,MFH_HIGH,3562,21470.0,0.28047028086218156,232376.18354868342
UKK14,UK,OTHER,23384,0.0,0.0,0.0
UKK14,UK,SFH,55080,55080.0,0.7195297191378184,839455.7780322258
UKK15,UK,MFH_HIGH,10114,60698.0,0.3073752228163993,590339.0331099264
UKK15,UK,OTHER,98728,0.0,0.0,0.0
UKK15,UK,SFH,136774,136774.0,0.6926247771836007,2459833.277662683
UKK21,UK,MFH_HIGH,5668,35352.0,0.31610289975589473,473455.41651704843
UKK21,UK,OTHER,25004,0.0,0.0,0.0
UKK21,UK,SFH,76485,76485.0,0.6838971002441052,1277723.3321522304
UKK22,UK,MFH_HIGH,10059,60410.0,0.3220887516861541,592496.5758719866
UKK22,UK,OTHER,96293,0.0,0.0,0.0
UKK22,UK,SFH,127147,127147.0,0.677911248313846,2198617.46373815
UKK23,UK,MFH_HIGH,15210,91372.0,0.35549019378985414,819412.676228342
UKK23,UK,OTHER,140780,0.0,0.0,0.0
UKK23,UK,SFH,165659,165659.0,0.6445098062101459,2868586.497935684
UKK30,UK,MFH_HIGH,12216,73338.0,0.31248215769402843,762779.3723860262
UKK30,UK,OTHER,154200,0.0,0.0,0.0
UKK30,UK,SFH,161357,161357.0,0.6875178423059716,2745208.4928575866
UKK41,UK,MFH_HIGH,3293,20066.0,0.24476701634545012,250936.02452704922
UKK41,UK,OTHER,8978,0.0,0.0,0.0
UKK41,UK,SFH,61914,61914.0,0.7552329836545499,820194.3421741592
UKK42,UK,MFH_HIGH,3567,21458.0,0.4455009757920525,307115.031058754
UKK42,UK,OTHER,10157,0.0,0.0,0.0
UKK42,UK,SFH,26708,26708.0,0.5544990242079475,499656.53644533554
UKK43,UK,MFH_HIGH,19144,115102.0,0.3598601853357178,1159998.534645415
UKK43,UK,OTHER,198070,0.0,0.0,0.0
UKK43,UK,SFH,204750,204750.0,0.6401398146642823,3541805.722180843
UKL11,UK,MFH_HIGH,1416,8538.0,0.18172530489751612,77863.62651820725
UKL11,UK,OTHER,18649,0.0,0.0,0.0
UKL11,UK,SFH,38445,38445.0,0.8182746951024839,532148.9931095437
UKL12,UK,MFH_HIGH,2940,17668.0,0.2829505781365107,182954.91629963278
UKL12,UK,OTHER,41207,0.0,0.0,0.0
UKL12,UK,SFH,44774,44774.0,0.7170494218634893,637219.9887833672
UKL13,UK,MFH_HIGH,4987,29936.0,0.28952204104528134,333770.86414796975
UKL13,UK,OTHER,41031,0.0,0.0,0.0
UKL13,UK,SFH,73462,73462.0,0.7104779589547187,1283782.6549126315
UKL14,UK,MFH_HIGH,8950,53700.0,0.2905686921703371,525559.2874244829
UKL14,UK,OTHER,145560,0.0,0.0,0.0
UKL14,UK,SFH,131110,131110.0,0.7094313078296629,2211677.777682571
UKL15,UK,MFH_HIGH,6015,36118.0,0.3614619403134445,500292.6386828153
UKL15,UK,OTHER,29929,0.0,0.0,0.0
UKL15,UK,SFH,63804,63804.0,0.6385380596865555,1003967.0078800608
UKL16,UK,MFH_HIGH,6813,40920.0,0.3641055300974329,525826.9961012079
UKL16,UK,OTHER,31422,0.0,0.0,0.0
UKL16,UK,SFH,71465,71465.0,0.635894469902567,1177076.62880045
UKL17,UK,MFH_HIGH,5208,31374.0,0.32411826690634105,419298.7912539497
UKL17,UK,OTHER,34316,0.0,0.0,0.0
UKL17,UK,SFH,65424,65424.0,0.675881733093659,1209647.419226508
UKL18,UK,MFH_HIGH,4500,27350.0,0.31920356667678157,363543.1720725696
UKL18,UK,OTHER,22809,0.0,0.0,0.0
UKL18,UK,SFH,58332,58332.0,0.6807964333232184,987710.6270924464
UKL21,UK,MFH_HIGH,10956,65862.0,0.4867093799188596,418742.6297123689
UKL21,UK,OTHER,38074,0.0,0.0,0.0
UKL21,UK,SFH,69459,69459.0,0.5132906200811403,1116076.0710646946
UKL22,UK,MFH_HIGH,22590,136996.0,0.6006752312886394,1188453.4191183283
UKL22,UK,OTHER,39374,0.0,0.0,0.0
UKL22,UK,SFH,91074,91074.0,0.3993247687113605,1659415.4788256662
UKL23,UK,MFH_HIGH,4049,24336.0,0.19875045938993016,204590.82926391927
UKL23,UK,OTHER,42267,0.0,0.0,0.0
UKL23,UK,SFH,98109,98109.0,0.8012495406100698,1424075.8541588902
UKL24,UK,MFH_HIGH,3495,20970.0,0.3154332129963899,187323.5483057435
UKL24,UK,OTHER,68193,0.0,0.0,0.0
UKL24,UK,SFH,45510,45510.0,0.6845667870036101,809634.4979265453
UKM50,UK,MFH_HIGH,11947,72872.0,0.315863844616765,798096.22074056
UKM50,UK,OTHER,120468,0.0,0.0,0.0
UKM50,UK,SFH,157835,157835.0,0.684136155383235,2676597.729372167
UKM61,UK,MFH_HIGH,3603,21646.0,0.3430427892234548,224587.05807173587
UKM61,UK,OTHER,43523,0.0,0.0,0.0
UKM61,UK,SFH,41454,41454.0,0.6569572107765451,858918.848169149
UKM62,UK,MFH_HIGH,5978,35868.0,0.3679788249053584,403023.1762290396
UKM62,UK,OTHER,63442,0.0,0.0,0.0
UKM62,UK,SFH,61605,61605.0,0.6320211750946416,1337268.8485567444
UKM63,UK,MFH_HIGH,3523,21180.0,0.36554426054089506,232993.4424051632
UKM63,UK,OTHER,44979,0.0,0.0,0.0
UKM63,UK,SFH,36761,36761.0,0.6344557394591049,752024.3635304113
UKM64,UK,MFH_HIGH,495,2998.0,0.15798903878583473,29375.265934096973
UKM64,UK,OTHER,13059,0.0,0.0,0.0
UKM64,UK,SFH,15978,15978.0,0.8420109612141653,255859.83573975335
UKM65,UK,MFH_HIGH,1360,8174.0,0.3714103962195565,73418.11929088797
UKM65,UK,OTHER,15696,0.0,0.0,0.0
UKM65,UK,SFH,13834,13834.0,0.6285896037804435,270703.91428750224
UKM66,UK,MFH_HIGH,1176,7070.0,0.4007482144881533,77656.80360963724
UKM66,UK,OTHER,10813,0.0,0.0,0.0
UKM66,UK,SFH,10572,10572.0,0.5992517855118468,221626.0949725422
UKM71,UK,MFH_HIGH,5540,33520.0,0.35224514244280747,438828.9774598991
UKM71,UK,OTHER,43196,0.0,0.0,0.0
UKM71,UK,SFH,61641,61641.0,0.6477548575571925,965084.1363203068
UKM72,UK,MFH_HIGH,8210,49470.0,0.2876948933720261,547838.8908935277
UKM72,UK,OTHER,54890,0.0,0.0,0.0
UKM72,UK,SFH,122483,122483.0,0.712305106627974,1996432.610142392
UKM73,UK,MFH_HIGH,3909,23468.0,0.26131302333867806,262257.88317631267
UKM73,UK,OTHER,25814,0.0,0.0,0.0
UKM73,UK,SFH,66340,66340.0,0.7386869766613219,982815.9624766544
UKM75,UK,MFH_HIGH,18276,114822.0,0.5136093827580192,1446422.0863047051
UKM75,UK,OTHER,38255,0.0,0.0,0.0
UKM75,UK,SFH,108737,108737.0,0.48639061724198085,1443726.45580998
UKM76,UK,MFH_HIGH,2187,13220.0,0.21931352544003715,155240.2710946024
UKM76,UK,OTHER,19053,0.0,0.0,0.0
UKM76,UK,SFH,47059,47059.0,0.7806864745599629,709238.1423606541
UKM77,UK,MFH_HIGH,7138,43052.0,0.39708540859619995,467239.62780577666
UKM77,UK,OTHER,65032,0.0,0.0,0.0
UKM77,UK,SFH,65368,65368.0,0.6029145914038,1318085.037565936
UKM78,UK,MFH_HIGH,2863,17192.0,0.23179808003451624,190235.6322839828
UKM78,UK,OTHER,18719,0.0,0.0,0.0
UKM78,UK,SFH,56976,56976.0,0.7682019199654838,896853.1692823004
UKM81,UK,MFH_HIGH,4000,24140.0,0.32997074824352773,314520.07112349407
UKM81,UK,OTHER,25979,0.0,0.0,0.0
UKM81,UK,SFH,49018,49018.0,0.6700292517564723,972190.8722097724
UKM82,UK,MFH_HIGH,18491,115328.0,0.6316781140797704,1878891.9973278586
UKM82,UK,OTHER,25273,0.0,0.0,0.0
UKM82,UK,SFH,67246,67246.0,0.36832188592022963,1198416.669499514
UKM83,UK,MFH_HIGH,7972,48000.0,0.4035003656722064,649797.2780485621
UKM83,UK,OTHER,35935,0.0,0.0,0.0
UKM83,UK,SFH,70959,70959.0,0.5964996343277936,1388696.980323591
UKM84,UK,MFH_HIGH,6340,38362.0,0.33952879117766804,474229.90395729034
UKM84,UK,OTHER,30294,0.0,0.0,0.0
UKM84,UK,SFH,74624,74624.0,0.660471208822332,1288914.3281414986
UKM91,UK,MFH_HIGH,4670,28020.0,0.38852452197063186,294144.3271983608
UKM91,UK,OTHER,33406,0.0,0.0,0.0
UKM91,UK,SFH,44099,44099.0,0.6114754780293681,734948.3780833202
UKM92,UK,MFH_HIGH,4627,27762.0,0.37728823233627334,285849.823467646
UKM92,UK,OTHER,49017,0.0,0.0,0.0
UKM92,UK,SFH,45821,45821.0,0.6227117676637267,843964.3862621847
UKM93,UK,MFH_HIGH,5263,31620.0,0.34602757715036114,352516.8684439168
UKM93,UK,OTHER,33278,0.0,0.0,0.0
UKM93,UK,SFH,59760,59760.0,0.6539724228496389,1054428.8773588915
UKM94,UK,MFH_HIGH,2591,15616.0,0.2976857676617484,168435.18546838887
UKM94,UK,OTHER,21762,0.0,0.0,0.0
UKM94,UK,SFH,36842,36842.0,0.7023142323382515,589714.0186654166
UKM95,UK,MFH_HIGH,6895,41622.0,0.30988809720578053,491693.8824366933
UKM95,UK,OTHER,45565,0.0,0.0,0.0
UKM95,UK,SFH,92691,92691.0,0.6901119027942195,1487695.1431946023
UKN06,UK,MFH_HIGH,6253,38582.0,0.26701269940136335,506882.64780089003
UKN06,UK,OTHER,24987,0.0,0.0,0.0
UKN06,UK,SFH,105913,105913.0,0.7329873005986366,1257800.951981359
UKN07,UK,MFH_HIGH,3721,22326.0,0.302860941166895,199360.8950879386
UKN07,UK,OTHER,51333,0.0,0.0,0.0
UKN07,UK,SFH,51391,51391.0,0.697139058833105,851482.3329934787
UKN08,UK,MFH_HIGH,4061,24366.0,0.2688365421746566,207827.73164553283
UKN08,UK,OTHER,65293,0.0,0.0,0.0
UKN08,UK,SFH,66269,66269.0,0.7311634578253434,1120916.1436303249
UKN09,UK,MFH_HIGH,3410,20460.0,0.2821329582592148,207065.80772056128
UKN09,UK,OTHER,36500,0.0,0.0,0.0
UKN09,UK,SFH,52059,52059.0,0.7178670417407852,913177.156152582
UKN10,UK,MFH_HIGH,2519,15128.0,0.23510762296992774,144262.11509733147
UKN10,UK,OTHER,37593,0.0,0.0,0.0
UKN10,UK,SFH,49217,49217.0,0.7648923770300723,739155.5034789754
UKN11,UK,MFH_HIGH,3817,22902.0,0.44329597584344693,181389.14414773657
UKN11,UK,OTHER,58811,0.0,0.0,0.0
UKN11,UK,SFH,28761,28761.0,0.5567040241565531,552341.7775844531
UKN12,UK,MFH_HIGH,3966,23796.0,0.31027198998617883,205889.37304913925
UKN12,UK,OTHER,60197,0.0,0.0,0.0
UKN12,UK,SFH,52898,52898.0,0.6897280100138211,865033.8041114106
UKN13,UK,MFH_HIGH,2469,14842.0,0.27493840653539076,139836.34837501022
UKN13,UK,OTHER,26668,0.0,0.0,0.0
UKN13,UK,SFH,39141,39141.0,0.7250615934646092,659095.9064894207
UKN14,UK,MFH_HIGH,2880,17392.0,0.28310977991926034,162697.9426911604
UKN14,UK,OTHER,35333,0.0,0.0,0.0
UKN14,UK,SFH,44040,44040.0,0.7168902200807397,712598.4676155703
UKN15,UK,MFH_HIGH,2602,15626.0,0.29068383064216086,155439.11280846782
UKN15,UK,OTHER,32944,0.0,0.0,0.0
UKN15,UK,SFH,38130,38130.0,0.7093161693578391,623448.9193085437
UKN16,UK,MFH_HIGH,3863,23192.0,0.42539298226306427,196550.2981946506
UKN16,UK,OTHER,73301,0.0,0.0,0.0
UKN16,UK,SFH,31327,31327.0,0.5746070177369358,677788.1320283494
