nuts_id,country,building_type,heat_2015_MWh,hp_feasibility,dh_feasibility
AT111,AT,MFH_HIGH,14053.79033831852,0.5,0.8
AT111,AT,OTHER,249889.6517465893,0.6,0.4
AT111,AT,SFH,106056.55791509215,0.9,0.3
AT112,AT,MFH_HIGH,112852.48158532052,0.5,0.8
AT112,AT,OTHER,954919.1763890143,0.6,0.4
AT112,AT,SFH,347228.342025665,0.9,0.3
AT113,AT,MFH_HIGH,53239.40118253869,0.5,0.8
AT113,AT,OTHER,621943.8107122093,0.6,0.4
AT113,AT,SFH,244816.78810525208,0.9,0.3
AT121,AT,MFH_HIGH,203343.65461494596,0.5,0.8
AT121,AT,OTHER,1490179.458111799,0.6,0.4
AT121,AT,SFH,513476.8872732546,0.9,0.3
AT122,AT,MFH_HIGH,318709.3580294325,0.5,0.8
AT122,AT,OTHER,1733876.6672082478,0.6,0.4
AT122,AT,SFH,519413.97476231976,0.9,0.3
AT123,AT,MFH_HIGH,191285.0542620199,0.5,0.8
AT123,AT,OTHER,1003014.8077977764,0.6,0.4
AT123,AT,SFH,291700.1379402037,0.9,0.3
AT124,AT,MFH_HIGH,177234.92512385896,0.5,0.8
AT124,AT,OTHER,1568902.435956309,0.6,0.4
AT124,AT,SFH,577862.6389198315,0.9,0.3
AT125,AT,MFH_HIGH,57732.45262671392,0.5,0.8
AT125,AT,OTHER,847434.4322908643,0.6,0.4
AT125,AT,SFH,353833.1150824218,0.9,0.3
AT126,AT,MFH_HIGH,269956.928720634,0.5,0.8
AT126,AT,OTHER,1953571.6725490217,0.6,0.4
AT126,AT,SFH,675471.3987303445,0.9,0.3
AT127,AT,MFH_HIGH,477636.1144377911,0.5,0.8
AT127,AT,OTHER,2129594.5708582834,0.6,0.4
AT127,AT,SFH,553769.3147039255,0.9,0.3
AT130,AT,MFH_HIGH,5026830.235021893,0.5,0.8
AT130,AT,OTHER,11317853.424065089,0.6,0.4
AT130,AT,SFH,471316.3409130182,0.9,0.3
AT211,AT,MFH_HIGH,479114.27928170754,0.5,0.8
AT211,AT,OTHER,1877028.9944687376,0.6,0.4
AT211,AT,SFH,423856.7262495547,0.9,0.3
AT212,AT,MFH_HIGH,132481.73854356483,0.5,0.8
AT212,AT,OTHER,922353.367078356,0.6,0.4
AT212,AT,SFH,302164.8943780793,0.9,0.3
AT213,AT,MFH_HIGH,132742.13412250823,0.5,0.8
AT213,AT,OTHER,911566.8412530012,0.6,0.4
AT213,AT,SFH,303691.02462449047,0.9,0.3
AT221,AT,MFH_HIGH,850478.5669865115,0.5,0.8
AT221,AT,OTHER,2694463.961947901,0.6,0.4
AT221,AT,SFH,450057.4710655875,0.9,0.3
AT222,AT,MFH_HIGH,108882.72027619348,0.5,0.8
AT222,AT,OTHER,584478.5494921829,0.6,0.4
AT222,AT,SFH,166638.73023162366,0.9,0.3
AT223,AT,MFH_HIGH,314281.2769628991,0.5,0.8
AT223,AT,OTHER,1191075.0647109577,0.6,0.4
AT223,AT,SFH,262643.6583261432,0.9,0.3
AT224,AT,MFH_HIGH,173896.7348369511,0.5,0.8
AT224,AT,OTHER,1593278.9122052535,0.6,0.4
AT224,AT,SFH,588824.3529577951,0.9,0.3
AT225,AT,MFH_HIGH,145299.65078292217,0.5,0.8
AT225,AT,OTHER,1131435.1695392588,0.6,0.4
AT225,AT,SFH,398265.1796778191,0.9,0.3
AT226,AT,MFH_HIGH,147511.58563690545,0.5,0.8
AT226,AT,OTHER,733738.8695895553,0.6,0.4
AT226,AT,SFH,205749.54477353924,0.9,0.3
AT311,AT,MFH_HIGH,218165.87327661936,0.5,0.8
AT311,AT,OTHER,1793265.4722709598,0.6,0.4
AT311,AT,SFH,642568.654452421,0.9,0.3
AT312,AT,MFH_HIGH,1077816.8402418045,0.5,0.8
AT312,AT,OTHER,3647014.811532573,0.6,0.4
AT312,AT,SFH,689168.3482256233,0.9,0.3
AT313,AT,MFH_HIGH,139166.12987766488,0.5,0.8
AT313,AT,OTHER,1267609.68791516,0.6,0.4
AT313,AT,SFH,469224.1822071753,0.9,0.3
AT314,AT,MFH_HIGH,199700.0983076735,0.5,0.8
AT314,AT,OTHER,989581.0067887146,0.6,0.4
AT314,AT,SFH,274718.8949036121,0.9,0.3
AT315,AT,MFH_HIGH,255586.2977330536,0.5,0.8
AT315,AT,OTHER,1531955.3289112968,0.6,0.4
AT315,AT,SFH,477458.3733556496,0.9,0.3
AT321,AT,MFH_HIGH,17354.65841784277,0.5,0.8
AT321,AT,OTHER,151266.74517109865,0.6,0.4
AT321,AT,SFH,52378.59641105858,0.9,0.3
AT322,AT,MFH_HIGH,252308.05284815215,0.5,0.8
AT322,AT,OTHER,1135458.64239132,0.6,0.4
AT322,AT,SFH,266233.30476052803,0.9,0.3
AT323,AT,MFH_HIGH,682021.2693530339,0.5,0.8
AT323,AT,OTHER,2374285.9701523804,0.6,0.4
AT323,AT,SFH,449692.7604945858,0.9,0.3
AT331,AT,MFH_HIGH,39201.950311564295,0.5,0.8
AT331,AT,OTHER,226894.5132313668,0.6,0.4
AT331,AT,SFH,64903.53645706887,0.9,0.3
AT332,AT,MFH_HIGH,686650.7429694216,0.5,0.8
AT332,AT,OTHER,2002221.570674199,0.6,0.4
AT332,AT,SFH,276127.6863563797,0.9,0.3
AT333,AT,MFH_HIGH,63946.41968138068,0.5,0.8
AT333,AT,OTHER,334223.07500829734,0.6,0.4
AT333,AT,SFH,94830.50531032194,0.9,0.3
AT334,AT,MFH_HIGH,119944.56402210065,0.5,0.8
AT334,AT,OTHER,726451.4268855273,0.6,0.4
AT334,AT,SFH,208604.00909237209,0.9,0.3
AT335,AT,MFH_HIGH,369694.5446045729,0.5,0.8
AT335,AT,OTHER,1560469.4391330837,0.6,0.4
AT335,AT,SFH,354836.0162623433,0.9,0.3
AT341,AT,MFH_HIGH,126974.19560136502,0.5,0.8
AT341,AT,OTHER,645788.722142771,0.6,0.4
AT341,AT,SFH,174237.08225586405,0.9,0.3
AT342,AT,MFH_HIGH,450061.1261484258,0.5,0.8
AT342,AT,OTHER,1738997.4218684705,0.6,0.4
AT342,AT,SFH,387941.451983104,0.9,0.3
ATZZZ,AT,MFH_HIGH,0.0,0.5,0.8
ATZZZ,AT,OTHER,0.0,0.6,0.4
ATZZZ,AT,SFH,0.0,0.9,0.3
BE100,BE,MFH_HIGH,3619116.796586369,0.5,0.8
BE100,BE,OTHER,9497811.058261815,0.6,0.4
BE100,BE,SFH,1078072.145151815,0.9,0.3
BE211,BE,MFH_HIGH,1453762.24781777,0.5,0.8
BE211,BE,OTHER,6942660.113110487,0.6,0.4
BE211,BE,SFH,1986577.6390717416,0.9,0.3
BE212,BE,MFH_HIGH,217827.6433740872,0.5,0.8
BE212,BE,OTHER,2175924.0428424985,0.6,0.4
BE212,BE,SFH,859248.3137834142,0.9,0.3
BE213,BE,MFH_HIGH,238854.0897059876,0.5,0.8
BE213,BE,OTHER,2747237.8567851777,0.6,0.4
BE213,BE,SFH,1121908.053508835,0.9,0.3
BE221,BE,OTHER,3906000.0,0.6,0.4
BE222,BE,OTHER,2032000.0,0.6,0.4
BE223,BE,MFH_HIGH,96470.46564636928,0.5,0.8
BE223,BE,OTHER,1176856.007815044,0.6,0.4
BE223,BE,SFH,486673.5265385868,0.9,0.3
BE231,BE,MFH_HIGH,145118.80978812466,0.5,0.8
BE231,BE,OTHER,1750792.1501090757,0.6,0.4
BE231,BE,SFH,724089.0401027999,0.9,0.3
BE232,BE,MFH_HIGH,83605.20189490865,0.5,0.8
BE232,BE,OTHER,1163861.1690038724,0.6,0.4
BE232,BE,SFH,493533.62910121895,0.9,0.3
BE233,BE,MFH_HIGH,32450.9158411153,0.5,0.8
BE233,BE,OTHER,502565.2794878109,0.6,0.4
BE233,BE,SFH,215983.80467107383,0.9,0.3
BE234,BE,MFH_HIGH,419269.5805315216,0.5,0.8
BE234,BE,OTHER,3657002.555984426,0.6,0.4
BE234,BE,SFH,1396727.8634840525,0.9,0.3
BE235,BE,MFH_HIGH,41251.14943144673,0.5,0.8
BE235,BE,OTHER,749777.6694138703,0.6,0.4
BE235,BE,SFH,330971.18115468294,0.9,0.3
BE236,BE,MFH_HIGH,153088.24347369804,0.5,0.8
BE236,BE,OTHER,1461439.3388429752,0.6,0.4
BE236,BE,SFH,573472.4176833268,0.9,0.3
BE241,BE,MFH_HIGH,387633.3223160651,0.5,0.8
BE241,BE,OTHER,4237353.197574917,0.6,0.4
BE241,BE,SFH,1710013.4801090176,0.9,0.3
BE242,BE,MFH_HIGH,297455.4345722653,0.5,0.8
BE242,BE,OTHER,3270577.430882561,0.6,0.4
BE242,BE,SFH,1322967.134545173,0.9,0.3
BE251,BE,MFH_HIGH,231169.4225808957,0.5,0.8
BE251,BE,OTHER,1944301.3675804515,0.6,0.4
BE251,BE,SFH,731529.2098386532,0.9,0.3
BE252,BE,MFH_HIGH,12795.729170026772,0.5,0.8
BE252,BE,OTHER,293287.8552304765,0.6,0.4
BE252,BE,SFH,132916.41559949677,0.9,0.3
BE253,BE,MFH_HIGH,30669.785137368635,0.5,0.8
BE253,BE,OTHER,647416.2222845916,0.6,0.4
BE253,BE,SFH,289913.9925780397,0.9,0.3
BE254,BE,MFH_HIGH,133026.29647542673,0.5,0.8
BE254,BE,OTHER,1869951.4476308369,0.6,0.4
BE254,BE,SFH,795022.2558937364,0.9,0.3
BE255,BE,MFH_HIGH,220126.23056807328,0.5,0.8
BE255,BE,OTHER,1123109.413206473,0.6,0.4
BE255,BE,SFH,335764.3562254537,0.9,0.3
BE256,BE,MFH_HIGH,63603.00027073638,0.5,0.8
BE256,BE,OTHER,943526.2198592598,0.6,0.4
BE256,BE,SFH,403870.7798700039,0.9,0.3
BE257,BE,MFH_HIGH,24430.33478058057,0.5,0.8
BE257,BE,OTHER,555277.1179446698,0.6,0.4
BE257,BE,SFH,250292.5472747497,0.9,0.3
BE258,BE,MFH_HIGH,96922.39858906528,0.5,0.8
BE258,BE,OTHER,503696.9009826153,0.6,0.4
BE258,BE,SFH,153380.70042831948,0.9,0.3
BE310,BE,MFH_HIGH,236425.3939518481,0.5,0.8
BE310,BE,OTHER,2489361.989771936,0.6,0.4
BE310,BE,SFH,999212.616276216,0.9,0.3
BE321,BE,OTHER,798000.0,0.6,0.4
BE322,BE,OTHER,4316000.0,0.6,0.4
BE323,BE,MFH_HIGH,125446.12645464449,0.5,0.8
BE323,BE,OTHER,1745770.8765188872,0.6,0.4
BE323,BE,SFH,741782.9970264682,0.9,0.3
BE324,BE,OTHER,694000.0,0.6,0.4
BE325,BE,OTHER,1698000.0,0.6,0.4
BE326,BE,OTHER,1446000.0,0.6,0.4
BE327,BE,OTHER,1445000.0,0.6,0.4
BE331,BE,MFH_HIGH,42079.10468790886,0.5,0.8
BE331,BE,OTHER,693770.9558411236,0.6,0.4
BE331,BE,SFH,302149.9394709676,0.9,0.3
BE332,BE,MFH_HIGH,541537.6295523229,0.5,0.8
BE332,BE,OTHER,4236647.169099285,0.6,0.4
BE332,BE,SFH,1562815.2013483918,0.9,0.3
BE334,BE,MFH_HIGH,31950.906628393543,0.5,0.8
BE334,BE,OTHER,446977.3070003436,0.6,0.4
BE334,BE,SFH,190071.7863712628,0.9,0.3
BE335,BE,MFH_HIGH,160371.63340710453,0.5,0.8
BE335,BE,OTHER,1417223.8268502194,0.6,0.4
BE335,BE,SFH,541404.5397426761,0.9,0.3
BE336,BE,MFH_HIGH,49172.692912332335,0.5,0.8
BE336,BE,OTHER,526869.0838545674,0.6,0.4
BE336,BE,SFH,210958.2232331003,0.9,0.3
BE341,BE,MFH_HIGH,45698.90793194495,0.5,0.8
BE341,BE,OTHER,380949.8961051135,0.6,0.4
BE341,BE,SFH,143351.19596294154,0.9,0.3
BE342,BE,MFH_HIGH,21229.417622743957,0.5,0.8
BE342,BE,OTHER,307829.6931912746,0.6,0.4
BE342,BE,SFH,130940.88918598148,0.9,0.3
BE343,BE,MFH_HIGH,27459.202668776798,0.5,0.8
BE343,BE,OTHER,419537.2108777703,0.6,0.4
BE343,BE,SFH,180003.58645345294,0.9,0.3
BE344,BE,MFH_HIGH,25705.415006109477,0.5,0.8
BE344,BE,OTHER,431082.0010208238,0.6,0.4
BE344,BE,SFH,187212.58397306676,0.9,0.3
BE345,BE,MFH_HIGH,15468.473342514262,0.5,0.8
BE345,BE,OTHER,322562.1188274641,0.6,0.4
BE345,BE,SFH,143969.40783002164,0.9,0.3
BE351,BE,MFH_HIGH,48184.99503961081,0.5,0.8
BE351,BE,OTHER,754797.1157433788,0.6,0.4
BE351,BE,SFH,325017.8892170105,0.9,0.3
BE352,BE,MFH_HIGH,212381.41795578817,0.5,0.8
BE352,BE,OTHER,2029989.6205594763,0.6,0.4
BE352,BE,SFH,791628.9614847357,0.9,0.3
BE353,BE,MFH_HIGH,16560.16993027633,0.5,0.8
BE353,BE,OTHER,443056.6160069288,0.6,0.4
BE353,BE,SFH,202383.21406279487,0.9,0.3
BEZZZ,BE,MFH_HIGH,0.0,0.5,0.8
BEZZZ,BE,OTHER,0.0,0.6,0.4
BEZZZ,BE,SFH,0.0,0.9,0.3
BG311,BG,MFH_HIGH,56191.42347712239,0.5,0.8
BG311,BG,OTHER,271349.6933572216,0.6,0.4
BG311,BG,SFH,79458.883165656,0.9,0.3
BG312,BG,MFH_HIGH,59529.4670629709,0.5,0.8
BG312,BG,OTHER,373412.8153729177,0.6,0.4
BG312,BG,SFH,127057.71756411142,0.9,0.3
BG313,BG,MFH_HIGH,90613.15832418152,0.5,0.8
BG313,BG,OTHER,460700.1909752085,0.6,0.4
BG313,BG,SFH,139686.65070061,0.9,0.3
BG314,BG,MFH_HIGH,135369.07303358195,0.5,0.8
BG314,BG,OTHER,622695.5034308021,0.6,0.4
BG314,BG,SFH,175935.42353561596,0.9,0.3
BG315,BG,MFH_HIGH,64499.080177832286,0.5,0.8
BG315,BG,OTHER,390067.836884869,0.6,0.4
BG315,BG,SFH,130433.0829372988,0.9,0.3
BG321,BG,MFH_HIGH,150455.92453423774,0.5,0.8
BG321,BG,OTHER,614102.4957825785,0.6,0.4
BG321,BG,SFH,156441.57968318375,0.9,0.3
BG322,BG,MFH_HIGH,94890.8673649136,0.5,0.8
BG322,BG,OTHER,340054.8544184806,0.6,0.4
BG322,BG,SFH,75054.2782166058,0.9,0.3
BG323,BG,MFH_HIGH,161691.68621187846,0.5,0.8
BG323,BG,OTHER,553425.0409737951,0.6,0.4
BG323,BG,SFH,114883.27281432634,0.9,0.3
BG324,BG,MFH_HIGH,37855.827858192446,0.5,0.8
BG324,BG,OTHER,260033.37443207728,0.6,0.4
BG324,BG,SFH,92110.79770973026,0.9,0.3
BG325,BG,MFH_HIGH,38240.11359602414,0.5,0.8
BG325,BG,OTHER,240692.29676961305,0.6,0.4
BG325,BG,SFH,82067.5896343628,0.9,0.3
BG331,BG,MFH_HIGH,393491.25008882047,0.5,0.8
BG331,BG,OTHER,1143755.056777219,0.6,0.4
BG331,BG,SFH,177753.6931339604,0.9,0.3
BG332,BG,MFH_HIGH,100844.42679543866,0.5,0.8
BG332,BG,OTHER,432711.9583645288,0.6,0.4
BG332,BG,SFH,115443.6148400325,0.9,0.3
BG333,BG,MFH_HIGH,86221.01625587816,0.5,0.8
BG333,BG,OTHER,394771.1013587304,0.6,0.4
BG333,BG,SFH,111007.88238539144,0.9,0.3
BG334,BG,MFH_HIGH,57216.6439866898,0.5,0.8
BG334,BG,OTHER,285371.8650558689,0.6,0.4
BG334,BG,SFH,85411.49095744129,0.9,0.3
BG341,BG,MFH_HIGH,325841.9672161122,0.5,0.8
BG341,BG,OTHER,1107737.2589890568,0.6,0.4
BG341,BG,SFH,227420.77379483095,0.9,0.3
BG342,BG,MFH_HIGH,76176.91679158974,0.5,0.8
BG342,BG,OTHER,398056.33440348966,0.6,0.4
BG342,BG,SFH,122766.7488049206,0.9,0.3
BG343,BG,MFH_HIGH,68740.01191501446,0.5,0.8
BG343,BG,OTHER,291395.3840122731,0.6,0.4
BG343,BG,SFH,76864.60407271245,0.9,0.3
BG344,BG,MFH_HIGH,213443.2367909271,0.5,0.8
BG344,BG,OTHER,762077.7575930886,0.6,0.4
BG344,BG,SFH,167479.00561598435,0.9,0.3
BG411,BG,MFH_HIGH,1620344.156120387,0.5,0.8
BG411,BG,OTHER,3689337.4540040414,0.6,0.4
BG411,BG,SFH,222318.3898755716,0.9,0.3
BG412,BG,MFH_HIGH,89371.04012671595,0.5,0.8
BG412,BG,OTHER,700168.2946145723,0.6,0.4
BG412,BG,SFH,260460.66525871173,0.9,0.3
BG413,BG,MFH_HIGH,144260.30824621065,0.5,0.8
BG413,BG,OTHER,680327.4842355074,0.6,0.4
BG413,BG,SFH,195412.20751828197,0.9,0.3
BG414,BG,MFH_HIGH,91156.16902620748,0.5,0.8
BG414,BG,OTHER,371426.5553692629,0.6,0.4
BG414,BG,SFH,94417.2756045296,0.9,0.3
BG415,BG,MFH_HIGH,63284.067164740016,0.5,0.8
BG415,BG,OTHER,340022.488462637,0.6,0.4
BG415,BG,SFH,106693.444372623,0.9,0.3
BG421,BG,MFH_HIGH,430307.495764174,0.5,0.8
BG421,BG,OTHER,1460865.6903911694,0.6,0.4
BG421,BG,SFH,299826.8138446567,0.9,0.3
BG422,BG,MFH_HIGH,115369.89404910836,0.5,0.8
BG422,BG,OTHER,507460.0998802644,0.6,0.4
BG422,BG,SFH,138170.00607062722,0.9,0.3
BG423,BG,MFH_HIGH,91129.53522051898,0.5,0.8
BG423,BG,OTHER,582094.8805406732,0.6,0.4
BG423,BG,SFH,199775.58423880785,0.9,0.3
BG424,BG,MFH_HIGH,70347.7013663471,0.5,0.8
BG424,BG,OTHER,308165.92436023254,0.6,0.4
BG424,BG,SFH,83486.3742734204,0.9,0.3
BG425,BG,MFH_HIGH,54523.401979138805,0.5,0.8
BG425,BG,OTHER,315438.1395783619,0.6,0.4
BG425,BG,SFH,103038.4584424993,0.9,0.3
BGZZZ,BG,MFH_HIGH,0.0,0.5,0.8
BGZZZ,BG,OTHER,0.0,0.6,0.4
BGZZZ,BG,SFH,0.0,0.9,0.3
CH011,CH,MFH_HIGH,1587750.6142298847,0.5,0.8
CH011,CH,OTHER,4544470.185962242,0.6,0.4
CH011,CH,SFH,638779.1998078729,0.9,0.3
CH012,CH,MFH_HIGH,784501.922390755,0.5,0.8
CH012,CH,OTHER,2927717.6570498585,0.6,0.4
CH012,CH,SFH,646780.4205593866,0.9,0.3
CH013,CH,MFH_HIGH,1100780.486741857,0.5,0.8
CH013,CH,OTHER,2603234.7461654847,0.6,0.4
CH013,CH,SFH,186984.76709265856,0.9,0.3
CH021,CH,MFH_HIGH,1989787.4155504385,0.5,0.8
CH021,CH,OTHER,6817001.346627116,0.6,0.4
CH021,CH,SFH,1290211.237822445,0.9,0.3
CH022,CH,MFH_HIGH,426356.9488934447,0.5,0.8
CH022,CH,OTHER,1682652.409909657,0.6,0.4
CH022,CH,SFH,382990.6411968981,0.9,0.3
CH023,CH,MFH_HIGH,405887.8262843133,0.5,0.8
CH023,CH,OTHER,1684337.260784361,0.6,0.4
CH023,CH,SFH,413774.9129313255,0.9,0.3
CH024,CH,MFH_HIGH,436360.44322645606,0.5,0.8
CH024,CH,OTHER,1222992.5673950962,0.6,0.4
CH024,CH,SFH,155646.98937844776,0.9,0.3
CH025,CH,MFH_HIGH,90984.55236056772,0.5,0.8
CH025,CH,OTHER,470847.04556220287,0.6,0.4
CH025,CH,SFH,135168.40207722943,0.9,0.3
CH031,CH,MFH_HIGH,557541.1809599957,0.5,0.8
CH031,CH,OTHER,1294201.820775374,0.6,0.4
CH031,CH,SFH,83256.99826463025,0.9,0.3
CH032,CH,MFH_HIGH,495115.5719245721,0.5,0.8
CH032,CH,OTHER,1771154.0794131774,0.6,0.4
CH032,CH,SFH,381730.34866225056,0.9,0.3
CH033,CH,MFH_HIGH,1013222.206776472,0.5,0.8
CH033,CH,OTHER,3706328.12530716,0.6,0.4
CH033,CH,SFH,791449.6679163683,0.9,0.3
CH040,CH,MFH_HIGH,3305904.196334026,0.5,0.8
CH040,CH,OTHER,8788591.585116655,0.6,0.4
CH040,CH,SFH,980504.2185493208,0.9,0.3
CH051,CH,MFH_HIGH,72112.39602035297,0.5,0.8
CH051,CH,OTHER,317032.5443555026,0.6,0.4
CH051,CH,SFH,82855.05962414444,0.9,0.3
CH052,CH,MFH_HIGH,128183.01124072271,0.5,0.8
CH052,CH,OTHER,464438.2745282268,0.6,0.4
CH052,CH,SFH,96378.71423105046,0.9,0.3
CH053,CH,MFH_HIGH,76429.8347476552,0.5,0.8
CH053,CH,OTHER,359203.8112252494,0.6,0.4
CH053,CH,SFH,94366.35402709544,0.9,0.3
CH054,CH,MFH_HIGH,16066.838153794675,0.5,0.8
CH054,CH,OTHER,99007.13135495744,0.6,0.4
CH054,CH,SFH,32926.03049124788,0.9,0.3
CH055,CH,MFH_HIGH,891765.7194691037,0.5,0.8
CH055,CH,OTHER,3061450.8936196053,0.6,0.4
CH055,CH,SFH,578783.3869112909,0.9,0.3
CH056,CH,MFH_HIGH,521004.1854156418,0.5,0.8
CH056,CH,OTHER,1875282.7866726809,0.6,0.4
CH056,CH,SFH,363713.0279116772,0.9,0.3
CH057,CH,MFH_HIGH,368823.1033900039,0.5,0.8
CH057,CH,OTHER,1411592.4040184806,0.6,0.4
CH057,CH,SFH,313584.49259151536,0.9,0.3
CH061,CH,MFH_HIGH,785406.602263861,0.5,0.8
CH061,CH,OTHER,2334573.1420149817,0.6,0.4
CH061,CH,SFH,351020.2557211576,0.9,0.3
CH062,CH,MFH_HIGH,59059.08048881748,0.5,0.8
CH062,CH,OTHER,244912.68795465623,0.6,0.4
CH062,CH,SFH,60028.23155652629,0.9,0.3
CH063,CH,MFH_HIGH,282176.27889534406,0.5,0.8
CH063,CH,OTHER,908297.7701928996,0.6,0.4
CH063,CH,SFH,161525.95091175626,0.9,0.3
CH064,CH,MFH_HIGH,73778.46358370526,0.5,0.8
CH064,CH,OTHER,265048.7996477931,0.6,0.4
CH064,CH,SFH,54172.73676850165,0.9,0.3
CH065,CH,MFH_HIGH,100000.67672435987,0.5,0.8
CH065,CH,OTHER,286788.86935542006,0.6,0.4
CH065,CH,SFH,41210.45392022008,0.9,0.3
CH066,CH,MFH_HIGH,265973.75621667696,0.5,0.8
CH066,CH,OTHER,690940.9290908485,0.6,0.4
CH066,CH,SFH,68085.31469247447,0.9,0.3
CH070,CH,MFH_HIGH,739816.1913565294,0.5,0.8
CH070,CH,OTHER,2561564.767437488,0.6,0.4
CH070,CH,SFH,523619.04120598274,0.9,0.3
CHZZZ,CH,MFH_HIGH,0.0,0.5,0.8
CHZZZ,CH,OTHER,0.0,0.6,0.4
CHZZZ,CH,SFH,0.0,0.9,0.3
CY000,CY,MFH_HIGH,356274.3072150502,0.5,0.8
CY000,CY,OTHER,2101547.2047338854,0.6,0.4
CY000,CY,SFH,689178.4880510643,0.9,0.3
CYZZZ,CY,MFH_HIGH,0.0,0.5,0.8
CYZZZ,CY,OTHER,0.0,0.6,0.4
CYZZZ,CY,SFH,0.0,0.9,0.3
CZ010,CZ,MFH_HIGH,4250951.1723147305,0.5,0.8
CZ010,CZ,OTHER,9694998.376314815,0.6,0.4
CZ010,CZ,SFH,552050.4513704533,0.9,0.3
CZ020,CZ,MFH_HIGH,1239229.0037940005,0.5,0.8
CZ020,CZ,OTHER,6598913.177021666,0.6,0.4
CZ020,CZ,SFH,2013857.819184333,0.9,0.3
CZ031,CZ,MFH_HIGH,781101.6339365818,0.5,0.8
CZ031,CZ,OTHER,3294712.996808464,0.6,0.4
CZ031,CZ,SFH,833185.3692549546,0.9,0.3
CZ032,CZ,MFH_HIGH,779791.2428995898,0.5,0.8
CZ032,CZ,OTHER,3012840.636680913,0.6,0.4
CZ032,CZ,SFH,702368.1204194969,0.9,0.3
CZ041,CZ,MFH_HIGH,529269.9445512526,0.5,0.8
CZ041,CZ,OTHER,1538075.811281656,0.6,0.4
CZ041,CZ,SFH,223654.24416709115,0.9,0.3
CZ042,CZ,MFH_HIGH,1328487.2585364578,0.5,0.8
CZ042,CZ,OTHER,4016591.576179547,0.6,0.4
CZ042,CZ,SFH,648921.1652839957,0.9,0.3
CZ051,CZ,MFH_HIGH,627344.9564153459,0.5,0.8
CZ051,CZ,OTHER,2218645.555385516,0.6,0.4
CZ051,CZ,SFH,458009.488199138,0.9,0.3
CZ052,CZ,MFH_HIGH,675434.6362324278,0.5,0.8
CZ052,CZ,OTHER,2886252.394106585,0.6,0.4
CZ052,CZ,SFH,741312.969660987,0.9,0.3
CZ053,CZ,MFH_HIGH,565404.0097502914,0.5,0.8
CZ053,CZ,OTHER,2659627.167430323,0.6,0.4
CZ053,CZ,SFH,740968.8228193854,0.9,0.3
CZ063,CZ,MFH_HIGH,480178.5247511764,0.5,0.8
CZ063,CZ,OTHER,2551245.0722803134,0.6,0.4
CZ063,CZ,SFH,771576.40296851,0.9,0.3
CZ064,CZ,MFH_HIGH,1446399.571152835,0.5,0.8
CZ064,CZ,OTHER,5951184.96431697,0.6,0.4
CZ064,CZ,SFH,1486415.4645301949,0.9,0.3
CZ071,CZ,MFH_HIGH,775476.9553429843,0.5,0.8
CZ071,CZ,OTHER,3174138.893756333,0.6,0.4
CZ071,CZ,SFH,783384.1509006828,0.9,0.3
CZ072,CZ,MFH_HIGH,565311.4214153303,0.5,0.8
CZ072,CZ,OTHER,2826184.237689129,0.6,0.4
CZ072,CZ,SFH,825504.3408955403,0.9,0.3
CZ080,CZ,MFH_HIGH,1861093.1744953643,0.5,0.8
CZ080,CZ,OTHER,6291698.519550563,0.6,0.4
CZ080,CZ,SFH,1239208.3059540722,0.9,0.3
CZZZZ,CZ,MFH_HIGH,0.0,0.5,0.8
CZZZZ,CZ,OTHER,0.0,0.6,0.4
CZZZZ,CZ,SFH,0.0,0.9,0.3
DE111,DE,MFH_HIGH,1737389.2484050123,0.5,0.8
DE111,DE,OTHER,4219953.866988081,0.6,0.4
DE111,DE,SFH,333656.8846069073,0.9,0.3
DE112,DE,MFH_HIGH,625456.7811500798,0.5,0.8
DE112,DE,OTHER,2357436.8696382786,0.6,0.4
DE112,DE,SFH,531106.3492116415,0.9,0.3
DE113,DE,MFH_HIGH,873717.631687773,0.5,0.8
DE113,DE,OTHER,3198646.88678058,0.6,0.4
DE113,DE,SFH,693635.4815316476,0.9,0.3
DE114,DE,MFH_HIGH,352605.451518567,0.5,0.8
DE114,DE,OTHER,1605327.9014203078,0.6,0.4
DE114,DE,SFH,433066.6470611251,0.9,0.3
DE115,DE,MFH_HIGH,868277.7967012725,0.5,0.8
DE115,DE,OTHER,3141829.036894775,0.6,0.4
DE115,DE,SFH,676893.1664039522,0.9,0.3
DE116,DE,MFH_HIGH,641258.7816883418,0.5,0.8
DE116,DE,OTHER,2470351.5957794427,0.6,0.4
DE116,DE,SFH,565389.6225322157,0.9,0.3
DE117,DE,MFH_HIGH,259348.19420558275,0.5,0.8
DE117,DE,OTHER,761386.8236539224,0.6,0.4
DE117,DE,SFH,113264.98214049476,0.9,0.3
DE118,DE,MFH_HIGH,360646.87890690553,0.5,0.8
DE118,DE,OTHER,1972838.3137441992,0.6,0.4
DE118,DE,SFH,608514.8073488952,0.9,0.3
DE119,DE,MFH_HIGH,123407.2271565884,0.5,0.8
DE119,DE,OTHER,692254.184554951,0.6,0.4
DE119,DE,SFH,216338.5882884605,0.9,0.3
DE11A,DE,MFH_HIGH,217419.22414868404,0.5,0.8
DE11A,DE,OTHER,1220048.7563926654,0.6,0.4
DE11A,DE,SFH,380532.0194586504,0.9,0.3
DE11B,DE,MFH_HIGH,147064.65925110556,0.5,0.8
DE11B,DE,OTHER,876833.1112527277,0.6,0.4
DE11B,DE,SFH,282102.2294961667,0.9,0.3
DE11C,DE,MFH_HIGH,159821.30153161715,0.5,0.8
DE11C,DE,OTHER,860647.5075698929,0.6,0.4
DE11C,DE,SFH,261531.19089848996,0.9,0.3
DE11D,DE,MFH_HIGH,360649.3134152867,0.5,0.8
DE11D,DE,OTHER,2027480.6113693505,0.6,0.4
DE11D,DE,SFH,631870.0752153632,0.9,0.3
DE121,DE,MFH_HIGH,123374.76464476522,0.5,0.8
DE121,DE,OTHER,380441.1598727895,0.6,0.4
DE121,DE,SFH,63184.07548244527,0.9,0.3
DE122,DE,MFH_HIGH,779525.2199459072,0.5,0.8
DE122,DE,OTHER,1993841.981883608,0.6,0.4
DE122,DE,SFH,205632.79817048527,0.9,0.3
DE123,DE,MFH_HIGH,527877.248433998,0.5,0.8
DE123,DE,OTHER,2675576.001379231,0.6,0.4
DE123,DE,SFH,788546.7501867709,0.9,0.3
DE124,DE,MFH_HIGH,292169.52189687884,0.5,0.8
DE124,DE,OTHER,1321979.223762025,0.6,0.4
DE124,DE,SFH,357851.25434109644,0.9,0.3
DE125,DE,MFH_HIGH,384258.1559506239,0.5,0.8
DE125,DE,OTHER,983305.7116123198,0.6,0.4
DE125,DE,SFH,94436.13243705638,0.9,0.3
DE126,DE,MFH_HIGH,767340.6471836392,0.5,0.8
DE126,DE,OTHER,1936566.647121919,0.6,0.4
DE126,DE,SFH,181092.7056944417,0.9,0.3
DE127,DE,MFH_HIGH,129723.67621730216,0.5,0.8
DE127,DE,OTHER,936614.92274474,0.6,0.4
DE127,DE,SFH,330661.4010379576,0.9,0.3
DE128,DE,MFH_HIGH,774363.8066736805,0.5,0.8
DE128,DE,OTHER,3434739.567818435,0.6,0.4
DE128,DE,SFH,915896.6255078842,0.9,0.3
DE129,DE,MFH_HIGH,283622.0884394133,0.5,0.8
DE129,DE,OTHER,769227.8341785336,0.6,0.4
DE129,DE,SFH,93150.0773820532,0.9,0.3
DE12A,DE,MFH_HIGH,207671.77026482543,0.5,0.8
DE12A,DE,OTHER,1004083.843082671,0.6,0.4
DE12A,DE,SFH,282244.3866525036,0.9,0.3
DE12B,DE,MFH_HIGH,196789.99781640607,0.5,0.8
DE12B,DE,OTHER,1247214.117927306,0.6,0.4
DE12B,DE,SFH,414995.88425628777,0.9,0.3
DE12C,DE,MFH_HIGH,158917.5142216859,0.5,0.8
DE12C,DE,OTHER,786637.6055852439,0.6,0.4
DE12C,DE,SFH,222444.8801930702,0.9,0.3
DE131,DE,MFH_HIGH,586995.1580334894,0.5,0.8
DE131,DE,OTHER,1442931.5560200296,0.6,0.4
DE131,DE,SFH,120073.28594648105,0.9,0.3
DE132,DE,MFH_HIGH,383355.990404403,0.5,0.8
DE132,DE,OTHER,1580622.9934132325,0.6,0.4
DE132,DE,SFH,380021.0161823644,0.9,0.3
DE133,DE,MFH_HIGH,213533.92233646484,0.5,0.8
DE133,DE,OTHER,885544.6112000617,0.6,0.4
DE133,DE,SFH,217921.46646347345,0.9,0.3
DE134,DE,MFH_HIGH,571379.4436821755,0.5,0.8
DE134,DE,OTHER,2607768.8245810983,0.6,0.4
DE134,DE,SFH,698851.7317367261,0.9,0.3
DE135,DE,MFH_HIGH,148140.07745897348,0.5,0.8
DE135,DE,OTHER,907066.5821518708,0.6,0.4
DE135,DE,SFH,291793.3403891557,0.9,0.3
DE136,DE,MFH_HIGH,363355.6552055819,0.5,0.8
DE136,DE,OTHER,1416874.7031599511,0.6,0.4
DE136,DE,SFH,325769.6416344668,0.9,0.3
DE137,DE,MFH_HIGH,168333.75764451947,0.5,0.8
DE137,DE,OTHER,899509.2010958298,0.6,0.4
DE137,DE,SFH,271157.0412596508,0.9,0.3
DE138,DE,MFH_HIGH,515945.570248535,0.5,0.8
DE138,DE,OTHER,1714198.2632284951,0.6,0.4
DE138,DE,SFH,322856.1665229698,0.9,0.3
DE139,DE,MFH_HIGH,368484.56245983153,0.5,0.8
DE139,DE,OTHER,1330664.4981903054,0.6,0.4
DE139,DE,SFH,284850.939349863,0.9,0.3
DE13A,DE,MFH_HIGH,239416.37558529936,0.5,0.8
DE13A,DE,OTHER,1029378.3367711048,0.6,0.4
DE13A,DE,SFH,258205.28764359595,0.9,0.3
DE141,DE,MFH_HIGH,420302.712291373,0.5,0.8
DE141,DE,OTHER,1911436.0554112475,0.6,0.4
DE141,DE,SFH,513261.23229737935,0.9,0.3
DE142,DE,MFH_HIGH,333390.0381813327,0.5,0.8
DE142,DE,OTHER,1342838.6359855216,0.6,0.4
DE142,DE,SFH,325771.32583314576,0.9,0.3
DE143,DE,MFH_HIGH,185831.3686077446,0.5,0.8
DE143,DE,OTHER,1256552.669228495,0.6,0.4
DE143,DE,SFH,426615.96216376,0.9,0.3
DE144,DE,MFH_HIGH,300665.05009190616,0.5,0.8
DE144,DE,OTHER,875391.5348939123,0.6,0.4
DE144,DE,SFH,129943.41501418156,0.9,0.3
DE145,DE,MFH_HIGH,174872.92754249595,0.5,0.8
DE145,DE,OTHER,1196644.8947478607,0.6,0.4
DE145,DE,SFH,409482.1777096432,0.9,0.3
DE146,DE,MFH_HIGH,184728.0547620684,0.5,0.8
DE146,DE,OTHER,1241469.7771364436,0.6,0.4
DE146,DE,SFH,419802.1681014879,0.9,0.3
DE147,DE,MFH_HIGH,344436.04481861833,0.5,0.8
DE147,DE,OTHER,1264491.8170590186,0.6,0.4
DE147,DE,SFH,271072.13812236325,0.9,0.3
DE148,DE,MFH_HIGH,393271.4165235332,0.5,0.8
DE148,DE,OTHER,1859643.4986891989,0.6,0.4
DE148,DE,SFH,505085.084787268,0.9,0.3
DE149,DE,MFH_HIGH,133536.6054566641,0.5,0.8
DE149,DE,OTHER,879169.7472576044,0.6,0.4
DE149,DE,SFH,291293.6472857315,0.9,0.3
DE211,DE,MFH_HIGH,251250.72263077935,0.5,0.8
DE211,DE,OTHER,833110.5053709954,0.6,0.4
DE211,DE,SFH,160638.77199822533,0.9,0.3
DE212,DE,MFH_HIGH,4323475.540483518,0.5,0.8
DE212,DE,OTHER,10017447.736901572,0.6,0.4
DE212,DE,SFH,619076.7226149093,0.9,0.3
DE213,DE,MFH_HIGH,144223.06396094078,0.5,0.8
DE213,DE,OTHER,412713.33515763393,0.6,0.4
DE213,DE,SFH,58063.600881425264,0.9,0.3
DE214,DE,MFH_HIGH,129813.93951360212,0.5,0.8
DE214,DE,OTHER,692772.1587446025,0.6,0.4
DE214,DE,SFH,209413.90174179536,0.9,0.3
DE215,DE,MFH_HIGH,195484.74701376323,0.5,0.8
DE215,DE,OTHER,725681.3390582665,0.6,0.4
DE215,DE,SFH,155833.91392797028,0.9,0.3
DE216,DE,MFH_HIGH,189378.39065768648,0.5,0.8
DE216,DE,OTHER,765790.9762198379,0.6,0.4
DE216,DE,SFH,178830.63312247556,0.9,0.3
DE217,DE,MFH_HIGH,189390.35240432963,0.5,0.8
DE217,DE,OTHER,851198.0795640091,0.6,0.4
DE217,DE,SFH,227411.56803166124,0.9,0.3
DE218,DE,MFH_HIGH,174549.44881780283,0.5,0.8
DE218,DE,OTHER,820407.85396974,0.6,0.4
DE218,DE,SFH,225042.69721245716,0.9,0.3
DE219,DE,MFH_HIGH,84107.69230769231,0.5,0.8
DE219,DE,OTHER,809024.6153846155,0.6,0.4
DE219,DE,SFH,313867.6923076923,0.9,0.3
DE21A,DE,MFH_HIGH,147665.78434003177,0.5,0.8
DE21A,DE,OTHER,802058.3350859,0.6,0.4
DE21A,DE,SFH,244275.8805740683,0.9,0.3
DE21B,DE,MFH_HIGH,261540.3083143796,0.5,0.8
DE21B,DE,OTHER,1103710.3024176564,0.6,0.4
DE21B,DE,SFH,279749.38926796394,0.9,0.3
DE21C,DE,MFH_HIGH,318200.44768896897,0.5,0.8
DE21C,DE,OTHER,1277741.6229022,0.6,0.4
DE21C,DE,SFH,310057.9294088308,0.9,0.3
DE21D,DE,MFH_HIGH,170527.85387814723,0.5,0.8
DE21D,DE,OTHER,589889.4588320813,0.6,0.4
DE21D,DE,SFH,112582.68728977154,0.9,0.3
DE21E,DE,MFH_HIGH,119806.5003282994,0.5,0.8
DE21E,DE,OTHER,747767.6734515211,0.6,0.4
DE21E,DE,SFH,244425.82622017947,0.9,0.3
DE21F,DE,MFH_HIGH,149277.0276488608,0.5,0.8
DE21F,DE,OTHER,650020.3783805104,0.6,0.4
DE21F,DE,SFH,160702.59397062886,0.9,0.3
DE21G,DE,MFH_HIGH,123380.40359455752,0.5,0.8
DE21G,DE,OTHER,682351.9916731835,0.6,0.4
DE21G,DE,SFH,209267.6047322589,0.9,0.3
DE21H,DE,MFH_HIGH,758730.6868659222,0.5,0.8
DE21H,DE,OTHER,2713219.409852315,0.6,0.4
DE21H,DE,SFH,574049.9032817625,0.9,0.3
DE21I,DE,MFH_HIGH,83911.62228427433,0.5,0.8
DE21I,DE,OTHER,602476.9563440714,0.6,0.4
DE21I,DE,SFH,210611.4213716543,0.9,0.3
DE21J,DE,MFH_HIGH,109431.89007000258,0.5,0.8
DE21J,DE,OTHER,767678.2784547576,0.6,0.4
DE21J,DE,SFH,266889.83147523983,0.9,0.3
DE21K,DE,MFH_HIGH,311482.03078091564,0.5,0.8
DE21K,DE,OTHER,1595124.652957749,0.6,0.4
DE21K,DE,SFH,457393.316261335,0.9,0.3
DE21L,DE,MFH_HIGH,199228.39198715644,0.5,0.8
DE21L,DE,OTHER,900594.3469004325,0.6,0.4
DE21L,DE,SFH,241177.261112411,0.9,0.3
DE21M,DE,MFH_HIGH,219876.09759939095,0.5,0.8
DE21M,DE,OTHER,1146563.6940465723,0.6,0.4
DE21M,DE,SFH,332560.20835403685,0.9,0.3
DE21N,DE,MFH_HIGH,158395.12360665153,0.5,0.8
DE21N,DE,OTHER,842243.6464258846,0.6,0.4
DE21N,DE,SFH,248361.22996746385,0.9,0.3
DE221,DE,MFH_HIGH,150507.77892309305,0.5,0.8
DE221,DE,OTHER,470353.2661867989,0.6,0.4
DE221,DE,SFH,80138.95489010797,0.9,0.3
DE222,DE,MFH_HIGH,125470.95761381475,0.5,0.8
DE222,DE,OTHER,385682.3472094408,0.6,0.4
DE222,DE,SFH,63846.69517674443,0.9,0.3
DE223,DE,MFH_HIGH,95153.6775561438,0.5,0.8
DE223,DE,OTHER,319682.47949686844,0.6,0.4
DE223,DE,SFH,62163.84294698778,0.9,0.3
DE224,DE,MFH_HIGH,128603.83588236698,0.5,0.8
DE224,DE,OTHER,807815.0401383294,0.6,0.4
DE224,DE,SFH,264581.12397930364,0.9,0.3
DE225,DE,MFH_HIGH,56434.70724029381,0.5,0.8
DE225,DE,OTHER,545877.0367261281,0.6,0.4
DE225,DE,SFH,208688.2560335782,0.9,0.3
DE226,DE,MFH_HIGH,103136.06613847744,0.5,0.8
DE226,DE,OTHER,730033.7581811919,0.6,0.4
DE226,DE,SFH,254830.1756803307,0.9,0.3
DE227,DE,MFH_HIGH,109056.41114596634,0.5,0.8
DE227,DE,OTHER,956640.2535492084,0.6,0.4
DE227,DE,SFH,359303.33530482545,0.9,0.3
DE228,DE,MFH_HIGH,152913.15408326214,0.5,0.8
DE228,DE,OTHER,1220370.074646266,0.6,0.4
DE228,DE,SFH,441716.771270472,0.9,0.3
DE229,DE,MFH_HIGH,74771.0472407765,0.5,0.8
DE229,DE,OTHER,554282.9648666803,0.6,0.4
DE229,DE,SFH,193945.9878925432,0.9,0.3
DE22A,DE,MFH_HIGH,88142.51190324423,0.5,0.8
DE22A,DE,OTHER,787916.1701207785,0.6,0.4
DE22A,DE,SFH,293941.3179759774,0.9,0.3
DE22B,DE,MFH_HIGH,46748.57696056742,0.5,0.8
DE22B,DE,OTHER,615586.9942013846,0.6,0.4
DE22B,DE,SFH,254664.428838048,0.9,0.3
DE22C,DE,MFH_HIGH,69521.45325237345,0.5,0.8
DE22C,DE,OTHER,597571.0020463619,0.6,0.4
DE22C,DE,SFH,222907.54470126476,0.9,0.3
DE231,DE,MFH_HIGH,90914.51053520093,0.5,0.8
DE231,DE,OTHER,300236.231484817,0.6,0.4
DE231,DE,SFH,56849.25797998206,0.9,0.3
DE232,DE,MFH_HIGH,388492.30089398,0.5,0.8
DE232,DE,OTHER,993648.407491757,0.6,0.4
DE232,DE,SFH,102859.29161426288,0.9,0.3
DE233,DE,MFH_HIGH,102716.69941604628,0.5,0.8
DE233,DE,OTHER,325441.8052749564,0.6,0.4
DE233,DE,SFH,56841.49530899731,0.9,0.3
DE234,DE,MFH_HIGH,84747.34661354581,0.5,0.8
DE234,DE,OTHER,692786.9450199202,0.6,0.4
DE234,DE,SFH,254465.70836653383,0.9,0.3
DE235,DE,MFH_HIGH,92215.1026911724,0.5,0.8
DE235,DE,OTHER,864710.4529877669,0.6,0.4
DE235,DE,SFH,329074.44432106067,0.9,0.3
DE236,DE,MFH_HIGH,98518.0742397561,0.5,0.8
DE236,DE,OTHER,839621.7498623852,0.6,0.4
DE236,DE,SFH,310860.1758978587,0.9,0.3
DE237,DE,MFH_HIGH,73942.62311986141,0.5,0.8
DE237,DE,OTHER,638245.0298347403,0.6,0.4
DE237,DE,SFH,238812.3470453983,0.9,0.3
DE238,DE,MFH_HIGH,156976.4350993537,0.5,0.8
DE238,DE,OTHER,1174157.686367717,0.6,0.4
DE238,DE,SFH,421865.8785329293,0.9,0.3
DE239,DE,MFH_HIGH,127193.57118481744,0.5,0.8
DE239,DE,OTHER,989220.9508922184,0.6,0.4
DE239,DE,SFH,357585.4779229643,0.9,0.3
DE23A,DE,MFH_HIGH,69289.99982291169,0.5,0.8
DE23A,DE,OTHER,525927.5088986878,0.6,0.4
DE23A,DE,SFH,186782.49127840053,0.9,0.3
DE241,DE,MFH_HIGH,187831.02738517636,0.5,0.8
DE241,DE,OTHER,514937.8158508616,0.6,0.4
DE241,DE,SFH,64231.15676396213,0.9,0.3
DE242,DE,MFH_HIGH,193156.050955414,0.5,0.8
DE242,DE,OTHER,546547.7707006369,0.6,0.4
DE242,DE,SFH,75296.17834394904,0.9,0.3
DE243,DE,MFH_HIGH,103673.37925788184,0.5,0.8
DE243,DE,OTHER,340106.9647536134,0.6,0.4
DE243,DE,SFH,63219.655988504775,0.9,0.3
DE244,DE,MFH_HIGH,120519.3206326384,0.5,0.8
DE244,DE,OTHER,363200.491681216,0.6,0.4
DE244,DE,SFH,57280.18768614563,0.9,0.3
DE245,DE,MFH_HIGH,126543.26964756094,0.5,0.8
DE245,DE,OTHER,904225.089749147,0.6,0.4
DE245,DE,SFH,317231.6406032921,0.9,0.3
DE246,DE,MFH_HIGH,90420.04544873611,0.5,0.8
DE246,DE,OTHER,722705.7054061552,0.6,0.4
DE246,DE,SFH,263874.2491451086,0.9,0.3
DE247,DE,MFH_HIGH,89022.3116449883,0.5,0.8
DE247,DE,OTHER,582696.2160706673,0.6,0.4
DE247,DE,SFH,196281.4722843445,0.9,0.3
DE248,DE,MFH_HIGH,109872.60797789908,0.5,0.8
DE248,DE,OTHER,727972.6630056375,0.6,0.4
DE248,DE,SFH,247154.7290164634,0.9,0.3
DE249,DE,MFH_HIGH,101359.61946667472,0.5,0.8
DE249,DE,OTHER,732727.783440476,0.6,0.4
DE249,DE,SFH,255912.5970928492,0.9,0.3
DE24A,DE,MFH_HIGH,54442.4146879775,0.5,0.8
DE24A,DE,OTHER,508163.43042856106,0.6,0.4
DE24A,DE,SFH,193394.15488346145,0.9,0.3
DE24B,DE,MFH_HIGH,79466.56395262314,0.5,0.8
DE24B,DE,OTHER,522485.1662829481,0.6,0.4
DE24B,DE,SFH,176048.26976442884,0.9,0.3
DE24C,DE,MFH_HIGH,68412.23860212126,0.5,0.8
DE24C,DE,OTHER,481268.8834448408,0.6,0.4
DE24C,DE,SFH,166318.87795303794,0.9,0.3
DE24D,DE,MFH_HIGH,108557.84841493634,0.5,0.8
DE24D,DE,OTHER,570926.4718448261,0.6,0.4
DE24D,DE,SFH,170515.67974023754,0.9,0.3
DE251,DE,MFH_HIGH,84829.82859563395,0.5,0.8
DE251,DE,OTHER,301368.8597751925,0.6,0.4
DE251,DE,SFH,62801.31162917354,0.9,0.3
DE252,DE,MFH_HIGH,274099.4835115078,0.5,0.8
DE252,DE,OTHER,766124.7374708691,0.6,0.4
DE252,DE,SFH,104775.77901762302,0.9,0.3
DE253,DE,MFH_HIGH,285924.9607600836,0.5,0.8
DE253,DE,OTHER,768505.769484908,0.6,0.4
DE253,DE,SFH,92569.26975500844,0.9,0.3
DE254,DE,MFH_HIGH,1384237.248168588,0.5,0.8
DE254,DE,OTHER,3533740.8695447613,0.6,0.4
DE254,DE,SFH,352021.8822866508,0.9,0.3
DE255,DE,MFH_HIGH,66064.85992691839,0.5,0.8
DE255,DE,OTHER,261801.1571254568,0.6,0.4
DE255,DE,SFH,62133.98294762484,0.9,0.3
DE256,DE,MFH_HIGH,144713.52094322615,0.5,0.8
DE256,DE,OTHER,1179033.7447898537,0.6,0.4
DE256,DE,SFH,429252.7342669201,0.9,0.3
DE257,DE,MFH_HIGH,128692.50008856769,0.5,0.8
DE257,DE,OTHER,842227.9377900591,0.6,0.4
DE257,DE,SFH,285079.56212137314,0.9,0.3
DE258,DE,MFH_HIGH,150085.080584587,0.5,0.8
DE258,DE,OTHER,740833.3208146447,0.6,0.4
DE258,DE,SFH,215081.5986007683,0.9,0.3
DE259,DE,MFH_HIGH,204245.09078479835,0.5,0.8
DE259,DE,OTHER,1113981.8918695585,0.6,0.4
DE259,DE,SFH,342773.0173456433,0.9,0.3
DE25A,DE,MFH_HIGH,81520.07914383146,0.5,0.8
DE25A,DE,OTHER,642249.8337520924,0.6,0.4
DE25A,DE,SFH,231230.0871040761,0.9,0.3
DE25B,DE,MFH_HIGH,116576.5481946302,0.5,0.8
DE25B,DE,OTHER,818890.1964818434,0.6,0.4
DE25B,DE,SFH,285533.2553235264,0.9,0.3
DE25C,DE,MFH_HIGH,93327.84112266634,0.5,0.8
DE25C,DE,OTHER,617717.2068384635,0.6,0.4
DE25C,DE,SFH,207954.9520388701,0.9,0.3
DE261,DE,MFH_HIGH,172197.27964547425,0.5,0.8
DE261,DE,OTHER,496762.1308060648,0.6,0.4
DE261,DE,SFH,71040.58954846098,0.9,0.3
DE262,DE,MFH_HIGH,135939.34024816353,0.5,0.8
DE262,DE,OTHER,367240.05832668446,0.6,0.4
DE262,DE,SFH,44820.60142515201,0.9,0.3
DE263,DE,MFH_HIGH,350490.27714968665,0.5,0.8
DE263,DE,OTHER,921195.7361586668,0.6,0.4
DE263,DE,SFH,102313.98669164676,0.9,0.3
DE264,DE,MFH_HIGH,169578.6971235195,0.5,0.8
DE264,DE,OTHER,1120481.0547095318,0.6,0.4
DE264,DE,SFH,380940.2481669487,0.9,0.3
DE265,DE,MFH_HIGH,110085.9543247129,0.5,0.8
DE265,DE,OTHER,705193.4566232868,0.6,0.4
DE265,DE,SFH,235720.5890520002,0.9,0.3
DE266,DE,MFH_HIGH,69302.03194281245,0.5,0.8
DE266,DE,OTHER,545583.1221417488,0.6,0.4
DE266,DE,SFH,197114.84591543875,0.9,0.3
DE267,DE,MFH_HIGH,60751.54706009469,0.5,0.8
DE267,DE,OTHER,547445.9855018368,0.6,0.4
DE267,DE,SFH,206802.4674380685,0.9,0.3
DE268,DE,MFH_HIGH,90354.2142823826,0.5,0.8
DE268,DE,OTHER,585602.3135407435,0.6,0.4
DE268,DE,SFH,195043.4721768739,0.9,0.3
DE269,DE,MFH_HIGH,131039.22506090767,0.5,0.8
DE269,DE,OTHER,847361.5475385154,0.6,0.4
DE269,DE,SFH,282599.22740057675,0.9,0.3
DE26A,DE,MFH_HIGH,105589.4545445246,0.5,0.8
DE26A,DE,OTHER,839297.2679915403,0.6,0.4
DE26A,DE,SFH,305113.2774639351,0.9,0.3
DE26B,DE,MFH_HIGH,96004.29738473444,0.5,0.8
DE26B,DE,OTHER,735285.3520571766,0.6,0.4
DE26B,DE,SFH,265710.3505580889,0.9,0.3
DE26C,DE,MFH_HIGH,154885.83160411494,0.5,0.8
DE26C,DE,OTHER,1034873.7890473506,0.6,0.4
DE26C,DE,SFH,354240.3793485345,0.9,0.3
DE271,DE,MFH_HIGH,731510.1682096598,0.5,0.8
DE271,DE,OTHER,1818662.501532032,0.6,0.4
DE271,DE,SFH,167827.3302583081,0.9,0.3
DE272,DE,MFH_HIGH,90914.0921519814,0.5,0.8
DE272,DE,OTHER,294210.58645880094,0.6,0.4
DE272,DE,SFH,52875.32138921765,0.9,0.3
DE273,DE,MFH_HIGH,179569.73241662502,0.5,0.8
DE273,DE,OTHER,495864.46584631177,0.6,0.4
DE273,DE,SFH,62565.8017370632,0.9,0.3
DE274,DE,MFH_HIGH,87600.82304526749,0.5,0.8
DE274,DE,OTHER,301521.7192501143,0.6,0.4
DE274,DE,SFH,58877.4577046182,0.9,0.3
DE275,DE,MFH_HIGH,116326.60854385496,0.5,0.8
DE275,DE,OTHER,817668.3924975947,0.6,0.4
DE275,DE,SFH,286004.9989585503,0.9,0.3
DE276,DE,MFH_HIGH,287339.51347797504,0.5,0.8
DE276,DE,OTHER,1531465.720932585,0.6,0.4
DE276,DE,SFH,465194.7655894402,0.9,0.3
DE277,DE,MFH_HIGH,68008.96477676663,0.5,0.8
DE277,DE,OTHER,607865.264269805,0.6,0.4
DE277,DE,SFH,228125.77095342835,0.9,0.3
DE278,DE,MFH_HIGH,115631.27913809993,0.5,0.8
DE278,DE,OTHER,803777.5670910872,0.6,0.4
DE278,DE,SFH,274591.15377081296,0.9,0.3
DE279,DE,MFH_HIGH,241082.01979880425,0.5,0.8
DE279,DE,OTHER,1066109.953755268,0.6,0.4
DE279,DE,SFH,282808.0264459275,0.9,0.3
DE27A,DE,MFH_HIGH,140738.9732410151,0.5,0.8
DE27A,DE,OTHER,531135.5450819043,0.6,0.4
DE27A,DE,SFH,114125.4816770806,0.9,0.3
DE27B,DE,MFH_HIGH,155060.0657647545,0.5,0.8
DE27B,DE,OTHER,926738.4975857474,0.6,0.4
DE27B,DE,SFH,289201.4366494981,0.9,0.3
DE27C,DE,MFH_HIGH,119796.8528517418,0.5,0.8
DE27C,DE,OTHER,913758.6199720202,0.6,0.4
DE27C,DE,SFH,320444.527176238,0.9,0.3
DE27D,DE,MFH_HIGH,109324.4852604094,0.5,0.8
DE27D,DE,OTHER,866515.8657391721,0.6,0.4
DE27D,DE,SFH,314159.64900041855,0.9,0.3
DE27E,DE,MFH_HIGH,257177.79207549192,0.5,0.8
DE27E,DE,OTHER,1035944.2739716988,0.6,0.4
DE27E,DE,SFH,237877.93395280928,0.9,0.3
DE300,DE,MFH_HIGH,9482507.143058928,0.5,0.8
DE300,DE,OTHER,22037324.195937984,0.6,0.4
DE300,DE,SFH,1207168.6610030902,0.9,0.3
DE401,DE,MFH_HIGH,170611.3590989932,0.5,0.8
DE401,DE,OTHER,471075.1409768949,0.6,0.4
DE401,DE,SFH,61313.49992411182,0.9,0.3
DE402,DE,MFH_HIGH,249920.30891913385,0.5,0.8
DE402,DE,OTHER,667473.2209672139,0.6,0.4
DE402,DE,SFH,79606.4701136523,0.9,0.3
DE403,DE,MFH_HIGH,152224.48815817194,0.5,0.8
DE403,DE,OTHER,395717.27071191405,0.6,0.4
DE403,DE,SFH,43058.24112991403,0.9,0.3
DE404,DE,MFH_HIGH,437885.5264399635,0.5,0.8
DE404,DE,OTHER,1079276.5044512253,0.6,0.4
DE404,DE,SFH,96837.96910881122,0.9,0.3
DE405,DE,MFH_HIGH,236197.17476854488,0.5,0.8
DE405,DE,OTHER,1115929.869657196,0.6,0.4
DE405,DE,SFH,313872.95557425905,0.9,0.3
DE406,DE,MFH_HIGH,211447.07968095192,0.5,0.8
DE406,DE,OTHER,1106765.8775055602,0.6,0.4
DE406,DE,SFH,333787.042813488,0.9,0.3
DE407,DE,MFH_HIGH,120019.17498010896,0.5,0.8
DE407,DE,OTHER,743309.302894914,0.6,0.4
DE407,DE,SFH,242671.52212497703,0.9,0.3
DE408,DE,MFH_HIGH,185190.76860058092,0.5,0.8
DE408,DE,OTHER,969943.4627988382,0.6,0.4
DE408,DE,SFH,293865.7686005809,0.9,0.3
DE409,DE,MFH_HIGH,223673.76940477145,0.5,0.8
DE409,DE,OTHER,1209613.9973006146,0.6,0.4
DE409,DE,SFH,372712.233294614,0.9,0.3
DE40A,DE,MFH_HIGH,275785.05361463176,0.5,0.8
DE40A,DE,OTHER,1317551.7279144556,0.6,0.4
DE40A,DE,SFH,373663.2184709127,0.9,0.3
DE40B,DE,MFH_HIGH,193008.8049126122,0.5,0.8
DE40B,DE,OTHER,766750.2233619002,0.6,0.4
DE40B,DE,SFH,183240.97172548756,0.9,0.3
DE40C,DE,MFH_HIGH,247804.5387795981,0.5,0.8
DE40C,DE,OTHER,1147401.9699399746,0.6,0.4
DE40C,DE,SFH,318793.49128042714,0.9,0.3
DE40D,DE,MFH_HIGH,156872.90599059005,0.5,0.8
DE40D,DE,OTHER,676319.3742695316,0.6,0.4
DE40D,DE,SFH,175807.71973987832,0.9,0.3
DE40E,DE,MFH_HIGH,212109.1876677684,0.5,0.8
DE40E,DE,OTHER,1311120.5970175485,0.6,0.4
DE40E,DE,SFH,434770.2153146834,0.9,0.3
DE40F,DE,MFH_HIGH,113731.39370968557,0.5,0.8
DE40F,DE,OTHER,562689.239515819,0.6,0.4
DE40F,DE,SFH,160579.36677449546,0.9,0.3
DE40G,DE,MFH_HIGH,157201.57627607475,0.5,0.8
DE40G,DE,OTHER,779205.0317923671,0.6,0.4
DE40G,DE,SFH,225593.39193155812,0.9,0.3
DE40H,DE,MFH_HIGH,219670.97378945863,0.5,0.8
DE40H,DE,OTHER,1040544.3829452934,0.6,0.4
DE40H,DE,SFH,292784.6432652478,0.9,0.3
DE40I,DE,MFH_HIGH,220971.29884710687,0.5,0.8
DE40I,DE,OTHER,823174.5265521522,0.6,0.4
DE40I,DE,SFH,182854.1746007409,0.9,0.3
DE501,DE,MFH_HIGH,1174221.2547340551,0.5,0.8
DE501,DE,OTHER,3770630.168166919,0.6,0.4
DE501,DE,SFH,685148.577099026,0.9,0.3
DE502,DE,MFH_HIGH,268833.581228714,0.5,0.8
DE502,DE,OTHER,765555.5970790699,0.6,0.4
DE502,DE,SFH,107610.82169221608,0.9,0.3
DE600,DE,MFH_HIGH,4934001.969850694,0.5,0.8
DE600,DE,OTHER,12633611.181217544,0.6,0.4
DE600,DE,SFH,1306386.848931763,0.9,0.3
DE711,DE,MFH_HIGH,380951.35957043193,0.5,0.8
DE711,DE,OTHER,1015566.1127505982,0.6,0.4
DE711,DE,SFH,118482.52767896988,0.9,0.3
DE712,DE,MFH_HIGH,2299213.5003218614,0.5,0.8
DE712,DE,OTHER,5313440.75105092,0.6,0.4
DE712,DE,SFH,326345.7486272193,0.9,0.3
DE713,DE,MFH_HIGH,293488.7137301755,0.5,0.8
DE713,DE,OTHER,700113.1811451537,0.6,0.4
DE713,DE,SFH,52398.1051246708,0.9,0.3
DE714,DE,MFH_HIGH,773823.4611098962,0.5,0.8
DE714,DE,OTHER,1972947.894862903,0.6,0.4
DE714,DE,SFH,198228.64402720067,0.9,0.3
DE715,DE,MFH_HIGH,328996.0035366932,0.5,0.8
DE715,DE,OTHER,1644884.66489832,0.6,0.4
DE715,DE,SFH,477119.3315649867,0.9,0.3
DE716,DE,MFH_HIGH,339205.3896624012,0.5,0.8
DE716,DE,OTHER,1751046.3251026052,0.6,0.4
DE716,DE,SFH,519748.2852349935,0.9,0.3
DE717,DE,MFH_HIGH,403840.1747964156,0.5,0.8
DE717,DE,OTHER,1543767.4904641197,0.6,0.4
DE717,DE,SFH,354392.33473946486,0.9,0.3
DE718,DE,MFH_HIGH,418378.758050603,0.5,0.8
DE718,DE,OTHER,1648295.8203015437,0.6,0.4
DE718,DE,SFH,391325.4216478532,0.9,0.3
DE719,DE,MFH_HIGH,600887.2533975824,0.5,0.8
DE719,DE,OTHER,2704742.713577046,0.6,0.4
DE719,DE,SFH,729370.0330253714,0.9,0.3
DE71A,DE,MFH_HIGH,459429.2987271613,0.5,0.8
DE71A,DE,OTHER,1691044.050839401,0.6,0.4
DE71A,DE,SFH,376526.6504334378,0.9,0.3
DE71B,DE,MFH_HIGH,97442.15081222956,0.5,0.8
DE71B,DE,OTHER,629635.9441556293,0.6,0.4
DE71B,DE,SFH,209921.90503214125,0.9,0.3
DE71C,DE,MFH_HIGH,599630.2813882965,0.5,0.8
DE71C,DE,OTHER,2099146.049205448,0.6,0.4
DE71C,DE,SFH,430223.6694062557,0.9,0.3
DE71D,DE,MFH_HIGH,247615.9891667725,0.5,0.8
DE71D,DE,OTHER,1177580.3918581523,0.6,0.4
DE71D,DE,SFH,330803.61897507514,0.9,0.3
DE71E,DE,MFH_HIGH,371425.07282665535,0.5,0.8
DE71E,DE,OTHER,1881232.0547919471,0.6,0.4
DE71E,DE,SFH,551342.8723813978,0.9,0.3
DE721,DE,MFH_HIGH,413993.067144186,0.5,0.8
DE721,DE,OTHER,1744873.347059691,0.6,0.4
DE721,DE,SFH,444133.58579612296,0.9,0.3
DE722,DE,MFH_HIGH,260761.94611720156,0.5,0.8
DE722,DE,OTHER,1715123.890706319,0.6,0.4
DE722,DE,SFH,582114.1631764797,0.9,0.3
DE723,DE,MFH_HIGH,170420.51726709926,0.5,0.8
DE723,DE,OTHER,1144001.3332587453,0.6,0.4
DE723,DE,SFH,390578.1494741553,0.9,0.3
DE724,DE,MFH_HIGH,330294.9610309437,0.5,0.8
DE724,DE,OTHER,1640579.527741338,0.6,0.4
DE724,DE,SFH,476125.5112277182,0.9,0.3
DE725,DE,MFH_HIGH,89236.8956526935,0.5,0.8
DE725,DE,OTHER,766540.9146232157,0.6,0.4
DE725,DE,SFH,285222.18972409086,0.9,0.3
DE731,DE,MFH_HIGH,521221.8485102288,0.5,0.8
DE731,DE,OTHER,1386910.320367173,0.6,0.4
DE731,DE,SFH,160867.8311225979,0.9,0.3
DE732,DE,MFH_HIGH,298881.5126342497,0.5,0.8
DE732,DE,OTHER,1534218.6866404829,0.6,0.4
DE732,DE,SFH,453899.8007252674,0.9,0.3
DE733,DE,MFH_HIGH,128135.23239738635,0.5,0.8
DE733,DE,OTHER,870533.8600421402,0.6,0.4
DE733,DE,SFH,297330.90756047337,0.9,0.3
DE734,DE,MFH_HIGH,248944.5831762677,0.5,0.8
DE734,DE,OTHER,1590669.631520717,0.6,0.4
DE734,DE,SFH,533385.7853030153,0.9,0.3
DE735,DE,MFH_HIGH,160289.1018489144,0.5,0.8
DE735,DE,OTHER,1238613.7650912693,0.6,0.4
DE735,DE,SFH,448097.13305981614,0.9,0.3
DE736,DE,MFH_HIGH,208158.30783936867,0.5,0.8
DE736,DE,OTHER,1315957.2557420016,0.6,0.4
DE736,DE,SFH,431884.4364186296,0.9,0.3
DE737,DE,MFH_HIGH,109127.5650664398,0.5,0.8
DE737,DE,OTHER,738391.2179533462,0.6,0.4
DE737,DE,SFH,251481.21698021403,0.9,0.3
DE803,DE,MFH_HIGH,541810.7924543116,0.5,0.8
DE803,DE,OTHER,1238731.083760281,0.6,0.4
DE803,DE,SFH,71458.12378540722,0.9,0.3
DE804,DE,MFH_HIGH,238743.3346097353,0.5,0.8
DE804,DE,OTHER,589539.2950831852,0.6,0.4
DE804,DE,SFH,51717.37030707946,0.9,0.3
DE80J,DE,MFH_HIGH,425565.1272755376,0.5,0.8
DE80J,DE,OTHER,1596007.240267268,0.6,0.4
DE80J,DE,SFH,359427.63245719427,0.9,0.3
DE80K,DE,MFH_HIGH,261872.7179068919,0.5,0.8
DE80K,DE,OTHER,1309634.6590543238,0.6,0.4
DE80K,DE,SFH,381492.6230387843,0.9,0.3
DE80L,DE,MFH_HIGH,366823.2561001054,0.5,0.8
DE80L,DE,OTHER,1388925.457273851,0.6,0.4
DE80L,DE,SFH,315251.28662604385,0.9,0.3
DE80M,DE,MFH_HIGH,214232.5601002533,0.5,0.8
DE80M,DE,OTHER,931328.6055361598,0.6,0.4
DE80M,DE,SFH,244438.8343635869,0.9,0.3
DE80N,DE,MFH_HIGH,446784.7323943662,0.5,0.8
DE80N,DE,OTHER,1690702.2996158772,0.6,0.4
DE80N,DE,SFH,384512.9679897567,0.9,0.3
DE80O,DE,MFH_HIGH,241827.0659983341,0.5,0.8
DE80O,DE,OTHER,1325800.9542282436,0.6,0.4
DE80O,DE,SFH,407371.9797734223,0.9,0.3
DE911,DE,MFH_HIGH,621122.8349904838,0.5,0.8
DE911,DE,OTHER,1686897.623472212,0.6,0.4
DE911,DE,SFH,211979.54153730412,0.9,0.3
DE912,DE,MFH_HIGH,188268.4055037017,0.5,0.8
DE912,DE,OTHER,621736.843963701,0.6,0.4
DE912,DE,SFH,117994.75053259732,0.9,0.3
DE913,DE,MFH_HIGH,244159.2122822529,0.5,0.8
DE913,DE,OTHER,823490.2329351921,0.6,0.4
DE913,DE,SFH,163350.5547825551,0.9,0.3
DE914,DE,MFH_HIGH,120145.41816696843,0.5,0.8
DE914,DE,OTHER,1072175.982367453,0.6,0.4
DE914,DE,SFH,406678.5994655787,0.9,0.3
DE915,DE,OTHER,2589000.0,0.6,0.4
DE916,DE,MFH_HIGH,242383.69669711305,0.5,0.8
DE916,DE,OTHER,1039087.8186582548,0.6,0.4
DE916,DE,SFH,266528.48464463226,0.9,0.3
DE917,DE,MFH_HIGH,99693.76411325342,0.5,0.8
DE917,DE,OTHER,604376.7587285044,0.6,0.4
DE917,DE,SFH,196929.4771582421,0.9,0.3
DE918,DE,MFH_HIGH,154840.4374186277,0.5,0.8
DE918,DE,OTHER,957252.7010746,0.6,0.4
DE918,DE,SFH,312906.8615067721,0.9,0.3
DE919,DE,OTHER,830000.0,0.6,0.4
DE91A,DE,MFH_HIGH,120161.31004139192,0.5,0.8
DE91A,DE,OTHER,833698.7890433419,0.6,0.4
DE91A,DE,SFH,289139.9009152662,0.9,0.3
DE91B,DE,MFH_HIGH,144504.0939667858,0.5,0.8
DE91B,DE,OTHER,771057.4889636326,0.6,0.4
DE91B,DE,SFH,235438.4170695817,0.9,0.3
DE922,DE,MFH_HIGH,173455.03488354944,0.5,0.8
DE922,DE,OTHER,1400105.345369264,0.6,0.4
DE922,DE,SFH,507439.6197471864,0.9,0.3
DE923,DE,MFH_HIGH,224989.2098809255,0.5,0.8
DE923,DE,OTHER,1039368.8082868116,0.6,0.4
DE923,DE,SFH,285641.98183226306,0.9,0.3
DE925,DE,MFH_HIGH,404751.7186303369,0.5,0.8
DE925,DE,OTHER,1828708.4800824127,0.6,0.4
DE925,DE,SFH,495539.8012872502,0.9,0.3
DE926,DE,MFH_HIGH,80800.89448401524,0.5,0.8
DE926,DE,OTHER,517354.6003349714,0.6,0.4
DE926,DE,SFH,171844.50518101337,0.9,0.3
DE927,DE,MFH_HIGH,103953.0072616362,0.5,0.8
DE927,DE,OTHER,806952.612928234,0.6,0.4
DE927,DE,SFH,287094.3798101298,0.9,0.3
DE928,DE,MFH_HIGH,178161.6278305485,0.5,0.8
DE928,DE,OTHER,1031776.7588787952,0.6,0.4
DE928,DE,SFH,324061.6132906564,0.9,0.3
DE929,DE,MFH_HIGH,2395658.364771423,0.5,0.8
DE929,DE,OTHER,7683877.803510323,0.6,0.4
DE929,DE,SFH,1399463.8317182546,0.9,0.3
DE931,DE,MFH_HIGH,169272.98512013772,0.5,0.8
DE931,DE,OTHER,1181238.9961731313,0.6,0.4
DE931,DE,SFH,411488.0187067312,0.9,0.3
DE932,DE,MFH_HIGH,183859.3541768611,0.5,0.8
DE932,DE,OTHER,1302074.4649215415,0.6,0.4
DE932,DE,SFH,453066.1809015972,0.9,0.3
DE933,DE,MFH_HIGH,231641.78885809515,0.5,0.8
DE933,DE,OTHER,1543191.8639432527,0.6,0.4
DE933,DE,SFH,527166.3471986521,0.9,0.3
DE934,DE,MFH_HIGH,40786.75716714469,0.5,0.8
DE934,DE,OTHER,342697.10459034686,0.6,0.4
DE934,DE,SFH,124516.1382425084,0.9,0.3
DE935,DE,MFH_HIGH,226851.9291288262,0.5,0.8
DE935,DE,OTHER,1135976.1384951794,0.6,0.4
DE935,DE,SFH,330171.93237599445,0.9,0.3
DE936,DE,MFH_HIGH,76878.79974240476,0.5,0.8
DE936,DE,OTHER,724733.0626881253,0.6,0.4
DE936,DE,SFH,277388.13756946987,0.9,0.3
DE937,DE,MFH_HIGH,109126.28904203042,0.5,0.8
DE937,DE,OTHER,1111671.9431288992,0.6,0.4
DE937,DE,SFH,433201.76782907033,0.9,0.3
DE938,DE,MFH_HIGH,137678.8760807558,0.5,0.8
DE938,DE,OTHER,928818.9162048242,0.6,0.4
DE938,DE,SFH,316502.2077144199,0.9,0.3
DE939,DE,MFH_HIGH,205769.2461458503,0.5,0.8
DE939,DE,OTHER,1266999.052800236,0.6,0.4
DE939,DE,SFH,417231.7010539135,0.9,0.3
DE93A,DE,MFH_HIGH,103066.91912415811,0.5,0.8
DE93A,DE,OTHER,650783.2029677731,0.6,0.4
DE93A,DE,SFH,215149.8779080688,0.9,0.3
DE93B,DE,MFH_HIGH,117538.7856199283,0.5,0.8
DE93B,DE,OTHER,872455.3689375353,0.6,0.4
DE93B,DE,SFH,309005.84544253635,0.9,0.3
DE941,DE,MFH_HIGH,100106.09753284795,0.5,0.8
DE941,DE,OTHER,469832.9348268996,0.6,0.4
DE941,DE,SFH,130060.96764025248,0.9,0.3
DE942,DE,MFH_HIGH,74943.75516956161,0.5,0.8
DE942,DE,OTHER,339450.2343534602,0.6,0.4
DE942,DE,SFH,91606.01047697822,0.9,0.3
DE943,DE,MFH_HIGH,294046.8799509121,0.5,0.8
DE943,DE,OTHER,1124706.867444227,0.6,0.4
DE943,DE,SFH,260246.25260486087,0.9,0.3
DE944,DE,MFH_HIGH,366892.559490403,0.5,0.8
DE944,DE,OTHER,1101565.2009204174,0.6,0.4
DE944,DE,SFH,174542.2395891795,0.9,0.3
DE945,DE,MFH_HIGH,179742.19449894494,0.5,0.8
DE945,DE,OTHER,545222.0930663014,0.6,0.4
DE945,DE,SFH,86035.71243475364,0.9,0.3
DE946,DE,MFH_HIGH,80948.164426388,0.5,0.8
DE946,DE,OTHER,767991.8340002995,0.6,0.4
DE946,DE,SFH,293060.00157331256,0.9,0.3
DE947,DE,MFH_HIGH,107459.19913077242,0.5,0.8
DE947,DE,OTHER,1230622.967538949,0.6,0.4
DE947,DE,SFH,487917.83333027817,0.9,0.3
DE948,DE,MFH_HIGH,90384.12035603328,0.5,0.8
DE948,DE,OTHER,949883.01449507,0.6,0.4
DE948,DE,SFH,372732.86514889664,0.9,0.3
DE949,DE,MFH_HIGH,200173.2086263259,0.5,0.8
DE949,DE,OTHER,1934637.6539960848,0.6,0.4
DE949,DE,SFH,742189.1373775896,0.9,0.3
DE94A,DE,MFH_HIGH,73997.54098611975,0.5,0.8
DE94A,DE,OTHER,670708.2634517564,0.6,0.4
DE94A,DE,SFH,251294.19556212384,0.9,0.3
DE94B,DE,MFH_HIGH,89371.86820716652,0.5,0.8
DE94B,DE,OTHER,818227.6581608914,0.6,0.4
DE94B,DE,SFH,311400.4736319422,0.9,0.3
DE94C,DE,MFH_HIGH,93313.3237884671,0.5,0.8
DE94C,DE,OTHER,1105708.0405726165,0.6,0.4
DE94C,DE,SFH,443978.6356389166,0.9,0.3
DE94D,DE,MFH_HIGH,79376.45026780886,0.5,0.8
DE94D,DE,OTHER,801515.1351257045,0.6,0.4
DE94D,DE,SFH,310108.41460648674,0.9,0.3
DE94E,DE,MFH_HIGH,307397.385437948,0.5,0.8
DE94E,DE,OTHER,2175095.183184341,0.6,0.4
DE94E,DE,SFH,746507.4313777109,0.9,0.3
DE94F,DE,MFH_HIGH,89724.6658503395,0.5,0.8
DE94F,DE,OTHER,830101.1908818919,0.6,0.4
DE94F,DE,SFH,315174.1432677686,0.9,0.3
DE94G,DE,MFH_HIGH,84942.74002005665,0.5,0.8
DE94G,DE,OTHER,590485.663013072,0.6,0.4
DE94G,DE,SFH,201571.59696687132,0.9,0.3
DE94H,DE,MFH_HIGH,34940.133937631064,0.5,0.8
DE94H,DE,OTHER,376341.6593384293,0.6,0.4
DE94H,DE,SFH,143718.2067239397,0.9,0.3
DEA11,DE,MFH_HIGH,1923736.6812793184,0.5,0.8
DEA11,DE,OTHER,4530608.8575101,0.6,0.4
DEA11,DE,SFH,306654.4612105822,0.9,0.3
DEA12,DE,MFH_HIGH,1049124.3366804468,0.5,0.8
DEA12,DE,OTHER,2792984.98598946,0.6,0.4
DEA12,DE,SFH,331890.6773300939,0.9,0.3
DEA13,DE,MFH_HIGH,1449912.1932641063,0.5,0.8
DEA13,DE,OTHER,3668941.54456924,0.6,0.4
DEA13,DE,SFH,366146.26216665446,0.9,0.3
DEA14,DE,MFH_HIGH,443415.4000401042,0.5,0.8
DEA14,DE,OTHER,1345546.9511051313,0.6,0.4
DEA14,DE,SFH,218037.6488547643,0.9,0.3
DEA15,DE,MFH_HIGH,498831.3851862481,0.5,0.8
DEA15,DE,OTHER,1578589.6371757311,0.6,0.4
DEA15,DE,SFH,279578.9776380209,0.9,0.3
DEA16,DE,MFH_HIGH,369706.58360117336,0.5,0.8
DEA16,DE,OTHER,1063004.2246206964,0.6,0.4
DEA16,DE,SFH,154289.19177813022,0.9,0.3
DEA17,DE,MFH_HIGH,426553.3586933593,0.5,0.8
DEA17,DE,OTHER,1213924.9307365497,0.6,0.4
DEA17,DE,SFH,172521.71057009097,0.9,0.3
DEA18,DE,MFH_HIGH,232753.07320553987,0.5,0.8
DEA18,DE,OTHER,689467.3650978993,0.6,0.4
DEA18,DE,SFH,107779.56169656082,0.9,0.3
DEA19,DE,MFH_HIGH,310353.5746201129,0.5,0.8
DEA19,DE,OTHER,973416.2393658776,0.6,0.4
DEA19,DE,SFH,166230.1860140096,0.9,0.3
DEA1A,DE,MFH_HIGH,860556.7735721437,0.5,0.8
DEA1A,DE,OTHER,2212108.868855394,0.6,0.4
DEA1A,DE,SFH,232334.3575724621,0.9,0.3
DEA1B,DE,MFH_HIGH,303334.78542065434,0.5,0.8
DEA1B,DE,OTHER,1853847.7299861896,0.6,0.4
DEA1B,DE,SFH,603817.4845931557,0.9,0.3
DEA1C,DE,MFH_HIGH,898550.9154167639,0.5,0.8
DEA1C,DE,OTHER,2911703.792699378,0.6,0.4
DEA1C,DE,SFH,536745.2918838579,0.9,0.3
DEA1D,DE,MFH_HIGH,674788.7691706191,0.5,0.8
DEA1D,DE,OTHER,2692406.633334669,0.6,0.4
DEA1D,DE,SFH,654804.5974947122,0.9,0.3
DEA1E,DE,MFH_HIGH,343632.4597214328,0.5,0.8
DEA1E,DE,OTHER,1789050.0469833126,0.6,0.4
DEA1E,DE,SFH,534317.4932952545,0.9,0.3
DEA1F,DE,MFH_HIGH,614151.324576491,0.5,0.8
DEA1F,DE,OTHER,2650582.9673972577,0.6,0.4
DEA1F,DE,SFH,690265.7080262513,0.9,0.3
DEA22,DE,MFH_HIGH,863971.9814377024,0.5,0.8
DEA22,DE,OTHER,2409758.886912064,0.6,0.4
DEA22,DE,SFH,322269.13165023376,0.9,0.3
DEA23,DE,MFH_HIGH,2672641.435830523,0.5,0.8
DEA23,DE,OTHER,6665867.59612054,0.6,0.4
DEA23,DE,SFH,594490.9680489372,0.9,0.3
DEA24,DE,MFH_HIGH,338929.118177858,0.5,0.8
DEA24,DE,OTHER,1004561.779531652,0.6,0.4
DEA24,DE,SFH,158509.10229048991,0.9,0.3
DEA26,DE,MFH_HIGH,304243.1383301944,0.5,0.8
DEA26,DE,OTHER,1604477.0816800997,0.6,0.4
DEA26,DE,SFH,485279.77998970594,0.9,0.3
DEA27,DE,MFH_HIGH,629029.646068093,0.5,0.8
DEA27,DE,OTHER,2769677.5277449023,0.6,0.4
DEA27,DE,SFH,736292.8261870049,0.9,0.3
DEA28,DE,MFH_HIGH,171597.29856157175,0.5,0.8
DEA28,DE,OTHER,1210627.8343013811,0.6,0.4
DEA28,DE,SFH,421774.867137047,0.9,0.3
DEA29,DE,MFH_HIGH,202149.63771672687,0.5,0.8
DEA29,DE,OTHER,1494326.882524787,0.6,0.4
DEA29,DE,SFH,532523.479758486,0.9,0.3
DEA2A,DE,MFH_HIGH,310293.3278574588,0.5,0.8
DEA2A,DE,OTHER,1779403.392936122,0.6,0.4
DEA2A,DE,SFH,565303.2792064195,0.9,0.3
DEA2B,DE,MFH_HIGH,394144.2837781265,0.5,0.8
DEA2B,DE,OTHER,1791367.375544969,0.6,0.4
DEA2B,DE,SFH,487488.3406769046,0.9,0.3
DEA2C,DE,MFH_HIGH,706246.0887940357,0.5,0.8
DEA2C,DE,OTHER,3669484.522058475,0.6,0.4
DEA2C,DE,SFH,1103269.389147489,0.9,0.3
DEA2D,DE,MFH_HIGH,1080285.2919472803,0.5,0.8
DEA2D,DE,OTHER,3651135.469889872,0.6,0.4
DEA2D,DE,SFH,713579.2381628478,0.9,0.3
DEA31,DE,MFH_HIGH,199176.04894282864,0.5,0.8
DEA31,DE,OTHER,659714.9634025923,0.6,0.4
DEA31,DE,SFH,127108.987654579,0.9,0.3
DEA32,DE,MFH_HIGH,584830.1463039014,0.5,0.8
DEA32,DE,OTHER,1480357.8028747437,0.6,0.4
DEA32,DE,SFH,146812.05082135522,0.9,0.3
DEA33,DE,MFH_HIGH,718569.8690578124,0.5,0.8
DEA33,DE,OTHER,2119104.383535116,0.6,0.4
DEA33,DE,SFH,322325.7474070713,0.9,0.3
DEA34,DE,MFH_HIGH,307721.08104836487,0.5,0.8
DEA34,DE,OTHER,2181959.6226798,0.6,0.4
DEA34,DE,SFH,760319.2962718358,0.9,0.3
DEA35,DE,MFH_HIGH,193065.1984144658,0.5,0.8
DEA35,DE,OTHER,1318452.6700218234,0.6,0.4
DEA35,DE,SFH,451482.13156371086,0.9,0.3
DEA36,DE,MFH_HIGH,1026105.334878643,0.5,0.8
DEA36,DE,OTHER,3613905.890043037,0.6,0.4
DEA36,DE,SFH,757988.7750783203,0.9,0.3
DEA37,DE,MFH_HIGH,386504.9149601191,0.5,0.8
DEA37,DE,OTHER,2681398.775655224,0.6,0.4
DEA37,DE,SFH,925096.3093846572,0.9,0.3
DEA38,DE,MFH_HIGH,294073.203304156,0.5,0.8
DEA38,DE,OTHER,1684325.682757787,0.6,0.4
DEA38,DE,SFH,529601.113938057,0.9,0.3
DEA41,DE,MFH_HIGH,690769.2148456438,0.5,0.8
DEA41,DE,OTHER,2101902.843980556,0.6,0.4
DEA41,DE,SFH,344327.9411738002,0.9,0.3
DEA42,DE,MFH_HIGH,444029.0614195712,0.5,0.8
DEA42,DE,OTHER,2201969.8556134244,0.6,0.4
DEA42,DE,SFH,633001.0829670047,0.9,0.3
DEA43,DE,MFH_HIGH,290997.44529108604,0.5,0.8
DEA43,DE,OTHER,1622105.6389876965,0.6,0.4
DEA43,DE,SFH,501896.9157212174,0.9,0.3
DEA44,DE,MFH_HIGH,139686.64946581097,0.5,0.8
DEA44,DE,OTHER,974895.3511116906,0.6,0.4
DEA44,DE,SFH,337417.99942249834,0.9,0.3
DEA45,DE,MFH_HIGH,450379.3027816836,0.5,0.8
DEA45,DE,OTHER,2279960.757011089,0.6,0.4
DEA45,DE,SFH,667659.940207227,0.9,0.3
DEA46,DE,MFH_HIGH,361077.19055024086,0.5,0.8
DEA46,DE,OTHER,2100986.213052053,0.6,0.4
DEA46,DE,SFH,658936.5963977061,0.9,0.3
DEA47,DE,MFH_HIGH,415546.5273435547,0.5,0.8
DEA47,DE,OTHER,1852682.435719976,0.6,0.4
DEA47,DE,SFH,497771.03693646914,0.9,0.3
DEA51,DE,MFH_HIGH,884383.4456005656,0.5,0.8
DEA51,DE,OTHER,2316632.325689464,0.6,0.4
DEA51,DE,SFH,260984.22870997072,0.9,0.3
DEA52,DE,MFH_HIGH,1374961.8759594688,0.5,0.8
DEA52,DE,OTHER,3659253.775911171,0.6,0.4
DEA52,DE,SFH,427784.3481293601,0.9,0.3
DEA53,DE,MFH_HIGH,454983.34244798287,0.5,0.8
DEA53,DE,OTHER,1207230.9101083584,0.6,0.4
DEA53,DE,SFH,139785.74744365874,0.9,0.3
DEA54,DE,MFH_HIGH,297016.48943964165,0.5,0.8
DEA54,DE,OTHER,1077421.175838514,0.6,0.4
DEA54,DE,SFH,234562.3347218443,0.9,0.3
DEA55,DE,MFH_HIGH,349030.7988616768,0.5,0.8
DEA55,DE,OTHER,905768.9710925828,0.6,0.4
DEA55,DE,SFH,98200.23004574032,0.9,0.3
DEA56,DE,MFH_HIGH,650406.1679101053,0.5,0.8
DEA56,DE,OTHER,2068096.321332187,0.6,0.4
DEA56,DE,SFH,367497.51075770776,0.9,0.3
DEA57,DE,MFH_HIGH,339864.95468314656,0.5,0.8
DEA57,DE,OTHER,1896895.619958128,0.6,0.4
DEA57,DE,SFH,587239.4253587255,0.9,0.3
DEA58,DE,MFH_HIGH,706794.3896410186,0.5,0.8
DEA58,DE,OTHER,2670812.4725037985,0.6,0.4
DEA58,DE,SFH,604393.137855183,0.9,0.3
DEA59,DE,MFH_HIGH,139823.05374515225,0.5,0.8
DEA59,DE,OTHER,929669.8752959978,0.6,0.4
DEA59,DE,SFH,316507.07095884986,0.9,0.3
DEA5A,DE,MFH_HIGH,357941.27194454084,0.5,0.8
DEA5A,DE,OTHER,1990244.3173093875,0.6,0.4
DEA5A,DE,SFH,618814.4107460717,0.9,0.3
DEA5B,DE,MFH_HIGH,359724.9680436328,0.5,0.8
DEA5B,DE,OTHER,1931714.2957326693,0.6,0.4
DEA5B,DE,SFH,588560.7362236978,0.9,0.3
DEA5C,DE,MFH_HIGH,621663.018587174,0.5,0.8
DEA5C,DE,OTHER,2414255.7173062437,0.6,0.4
DEA5C,DE,SFH,569081.2641065825,0.9,0.3
DEB11,DE,MFH_HIGH,289465.4025600223,0.5,0.8
DEB11,DE,OTHER,819896.479775927,0.6,0.4
DEB11,DE,SFH,113638.1176640506,0.9,0.3
DEB12,DE,MFH_HIGH,153032.82444413734,0.5,0.8
DEB12,DE,OTHER,864950.8687967765,0.6,0.4
DEB12,DE,SFH,272016.3067590862,0.9,0.3
DEB13,DE,MFH_HIGH,93964.06656113814,0.5,0.8
DEB13,DE,OTHER,854511.8915010454,0.6,0.4
DEB13,DE,SFH,325524.0419378163,0.9,0.3
DEB14,DE,MFH_HIGH,184735.97824624783,0.5,0.8
DEB14,DE,OTHER,1054632.2827987778,0.6,0.4
DEB14,DE,SFH,331631.73895497434,0.9,0.3
DEB15,DE,MFH_HIGH,84068.03428855767,0.5,0.8
DEB15,DE,OTHER,585491.5371798641,0.6,0.4
DEB15,DE,SFH,202440.4285315782,0.9,0.3
DEB16,DE,OTHER,667000.0,0.6,0.4
DEB17,DE,MFH_HIGH,229828.1609254131,0.5,0.8
DEB17,DE,OTHER,1342258.5352394772,0.6,0.4
DEB17,DE,SFH,429913.3038351097,0.9,0.3
DEB18,DE,MFH_HIGH,192339.7305302084,0.5,0.8
DEB18,DE,OTHER,1186004.704593313,0.6,0.4
DEB18,DE,SFH,389655.5648764788,0.9,0.3
DEB19,DE,OTHER,1039000.0,0.6,0.4
DEB1A,DE,MFH_HIGH,143155.59743610417,0.5,0.8
DEB1A,DE,OTHER,830325.5286019512,0.6,0.4
DEB1A,DE,SFH,263518.87396194466,0.9,0.3
DEB1B,DE,MFH_HIGH,168534.31845051487,0.5,0.8
DEB1B,DE,OTHER,1408446.181969049,0.6,0.4
DEB1B,DE,SFH,524019.49958043615,0.9,0.3
DEB21,DE,MFH_HIGH,252975.4205448216,0.5,0.8
DEB21,DE,OTHER,724855.1930083663,0.6,0.4
DEB21,DE,SFH,102169.38644681216,0.9,0.3
DEB22,DE,MFH_HIGH,95818.10800746964,0.5,0.8
DEB22,DE,OTHER,752137.0909263983,0.6,0.4
DEB22,DE,SFH,270044.8010661321,0.9,0.3
DEB23,DE,MFH_HIGH,77067.3219578678,0.5,0.8
DEB23,DE,OTHER,674229.1348313537,0.6,0.4
DEB23,DE,SFH,251703.54321077865,0.9,0.3
DEB24,DE,MFH_HIGH,45982.1494006177,0.5,0.8
DEB24,DE,OTHER,449266.2618436895,0.6,0.4
DEB24,DE,SFH,173751.5887556928,0.9,0.3
DEB25,DE,MFH_HIGH,114723.83441067253,0.5,0.8
DEB25,DE,OTHER,922861.8484390044,0.6,0.4
DEB25,DE,SFH,338414.31715032324,0.9,0.3
DEB31,DE,MFH_HIGH,86647.91160567354,0.5,0.8
DEB31,DE,OTHER,273662.5656296529,0.6,0.4
DEB31,DE,SFH,47689.52276467362,0.9,0.3
DEB32,DE,MFH_HIGH,229621.62146805984,0.5,0.8
DEB32,DE,OTHER,678579.5194345486,0.6,0.4
DEB32,DE,SFH,104798.8590973915,0.9,0.3
DEB33,DE,MFH_HIGH,86796.09590231068,0.5,0.8
DEB33,DE,OTHER,294096.2746022685,0.6,0.4
DEB33,DE,SFH,57107.62949542081,0.9,0.3
DEB34,DE,MFH_HIGH,337015.70835539064,0.5,0.8
DEB34,DE,OTHER,950140.5499439432,0.6,0.4
DEB34,DE,SFH,130843.74170066608,0.9,0.3
DEB35,DE,MFH_HIGH,516688.0325331744,0.5,0.8
DEB35,DE,OTHER,1380003.439191291,0.6,0.4
DEB35,DE,SFH,163308.52827553437,0.9,0.3
DEB36,DE,MFH_HIGH,89208.06063098526,0.5,0.8
DEB36,DE,OTHER,357947.0301392398,0.6,0.4
DEB36,DE,SFH,85844.90922977499,0.9,0.3
DEB37,DE,MFH_HIGH,81690.07688735229,0.5,0.8
DEB37,DE,OTHER,286774.6013726198,0.6,0.4
DEB37,DE,SFH,58535.32174002787,0.9,0.3
DEB38,DE,MFH_HIGH,101743.96618841065,0.5,0.8
DEB38,DE,OTHER,320128.0169057947,0.6,0.4
DEB38,DE,SFH,55128.01690579469,0.9,0.3
DEB39,DE,MFH_HIGH,140192.59926172683,0.5,0.8
DEB39,DE,OTHER,490098.3523903845,0.6,0.4
DEB39,DE,SFH,99709.04834788872,0.9,0.3
DEB3A,DE,MFH_HIGH,52839.21846215277,0.5,0.8
DEB3A,DE,OTHER,239858.99285798555,0.6,0.4
DEB3A,DE,SFH,65301.78867986169,0.9,0.3
DEB3B,DE,MFH_HIGH,99178.30282193808,0.5,0.8
DEB3B,DE,OTHER,780972.9525578127,0.6,0.4
DEB3B,DE,SFH,282848.7446202492,0.9,0.3
DEB3C,DE,MFH_HIGH,127981.64585598584,0.5,0.8
DEB3C,DE,OTHER,860904.4888058199,0.6,0.4
DEB3C,DE,SFH,293113.8653381943,0.9,0.3
DEB3D,DE,MFH_HIGH,61038.1159319921,0.5,0.8
DEB3D,DE,OTHER,494273.48159562313,0.6,0.4
DEB3D,DE,SFH,181688.4024723848,0.9,0.3
DEB3E,DE,MFH_HIGH,135152.9289198744,0.5,0.8
DEB3E,DE,OTHER,736840.3980605535,0.6,0.4
DEB3E,DE,SFH,227006.67301957225,0.9,0.3
DEB3F,DE,MFH_HIGH,79050.97329108194,0.5,0.8
DEB3F,DE,OTHER,706963.0300286706,0.6,0.4
DEB3F,DE,SFH,268985.9966802475,0.9,0.3
DEB3G,DE,MFH_HIGH,42992.02369272139,0.5,0.8
DEB3G,DE,OTHER,514186.6937388713,0.6,0.4
DEB3G,DE,SFH,209821.2825684073,0.9,0.3
DEB3H,DE,MFH_HIGH,92201.17949097452,0.5,0.8
DEB3H,DE,OTHER,684657.7199164337,0.6,0.4
DEB3H,DE,SFH,241141.1005925917,0.9,0.3
DEB3I,DE,MFH_HIGH,137713.2811930475,0.5,0.8
DEB3I,DE,OTHER,902265.6155296128,0.6,0.4
DEB3I,DE,SFH,306021.1032773398,0.9,0.3
DEB3J,DE,MFH_HIGH,220669.9710983545,0.5,0.8
DEB3J,DE,OTHER,1262187.2676451749,0.6,0.4
DEB3J,DE,SFH,398142.7612564707,0.9,0.3
DEB3K,DE,MFH_HIGH,51367.86951570676,0.5,0.8
DEB3K,DE,OTHER,653174.2932731507,0.6,0.4
DEB3K,DE,SFH,270457.83721114247,0.9,0.3
DEC01,DE,MFH_HIGH,586050.4970393936,0.5,0.8
DEC01,DE,OTHER,2325274.542390296,0.6,0.4
DEC01,DE,SFH,557674.9605703109,0.9,0.3
DEC02,DE,MFH_HIGH,70563.70601714635,0.5,0.8
DEC02,DE,OTHER,732109.3190122714,0.6,0.4
DEC02,DE,SFH,289326.97497058223,0.9,0.3
DEC03,DE,MFH_HIGH,138926.26218248482,0.5,0.8
DEC03,DE,OTHER,931250.6998387554,0.6,0.4
DEC03,DE,SFH,320823.0379787599,0.9,0.3
DEC04,DE,MFH_HIGH,168541.74671470572,0.5,0.8
DEC04,DE,OTHER,1354452.5588775063,0.6,0.4
DEC04,DE,SFH,498005.69440778776,0.9,0.3
DEC05,DE,MFH_HIGH,141507.15635513148,0.5,0.8
DEC05,DE,OTHER,1030301.1262043776,0.6,0.4
DEC05,DE,SFH,366191.7174404908,0.9,0.3
DEC06,DE,MFH_HIGH,54357.05860342462,0.5,0.8
DEC06,DE,OTHER,657911.8293747662,0.6,0.4
DEC06,DE,SFH,269731.1120218092,0.9,0.3
DED21,DE,MFH_HIGH,1395805.6302318526,0.5,0.8
DED21,DE,OTHER,3262326.2675772086,0.6,0.4
DED21,DE,SFH,212868.10219093863,0.9,0.3
DED2C,DE,MFH_HIGH,429553.4168059205,0.5,0.8
DED2C,DE,OTHER,1908421.5497367608,0.6,0.4
DED2C,DE,SFH,503025.0334573186,0.9,0.3
DED2D,DE,MFH_HIGH,438368.5354791903,0.5,0.8
DED2D,DE,OTHER,1718651.5698580495,0.6,0.4
DED2D,DE,SFH,400979.8946627603,0.9,0.3
DED2E,DE,MFH_HIGH,398673.8736397842,0.5,0.8
DED2E,DE,OTHER,1517987.1858748205,0.6,0.4
DED2E,DE,SFH,344338.9404853954,0.9,0.3
DED2F,DE,MFH_HIGH,406332.0441204733,0.5,0.8
DED2F,DE,OTHER,1541654.9749840784,0.6,0.4
DED2F,DE,SFH,345012.9808954481,0.9,0.3
DED41,DE,MFH_HIGH,663144.8941366369,0.5,0.8
DED41,DE,OTHER,1632509.1121566177,0.6,0.4
DED41,DE,SFH,142345.99370674553,0.9,0.3
DED42,DE,MFH_HIGH,592699.4049941383,0.5,0.8
DED42,DE,OTHER,2397592.445898088,0.6,0.4
DED42,DE,SFH,573708.1491077733,0.9,0.3
DED43,DE,MFH_HIGH,540258.2820602925,0.5,0.8
DED43,DE,OTHER,2145144.418331136,0.6,0.4
DED43,DE,SFH,506597.2996085712,0.9,0.3
DED44,DE,MFH_HIGH,445580.98369766574,0.5,0.8
DED44,DE,OTHER,1688004.9648017783,0.6,0.4
DED44,DE,SFH,379414.05150055577,0.9,0.3
DED45,DE,MFH_HIGH,656693.6710027626,0.5,0.8
DED45,DE,OTHER,2269845.901673976,0.6,0.4
DED45,DE,SFH,452460.42732326174,0.9,0.3
DED51,DE,MFH_HIGH,1514052.7669605762,0.5,0.8
DED51,DE,OTHER,3503730.20669176,0.6,0.4
DED51,DE,SFH,204217.02634766413,0.9,0.3
DED52,DE,MFH_HIGH,383157.85256410256,0.5,0.8
DED52,DE,OTHER,1655399.2387820513,0.6,0.4
DED52,DE,SFH,426442.9086538461,0.9,0.3
DED53,DE,MFH_HIGH,297822.5722460132,0.5,0.8
DED53,DE,OTHER,1281575.6140221898,0.6,0.4
DED53,DE,SFH,329601.8137317968,0.9,0.3
DEE01,DE,MFH_HIGH,179098.0837283835,0.5,0.8
DEE01,DE,OTHER,569713.4791866046,0.6,0.4
DEE01,DE,SFH,102188.43708501184,0.9,0.3
DEE02,DE,MFH_HIGH,615413.6766552762,0.5,0.8
DEE02,DE,OTHER,1521683.1135547182,0.6,0.4
DEE02,DE,SFH,109903.20979000557,0.9,0.3
DEE03,DE,MFH_HIGH,618482.0443803277,0.5,0.8
DEE03,DE,OTHER,1559147.5534128698,0.6,0.4
DEE03,DE,SFH,148370.40220680245,0.9,0.3
DEE04,DE,MFH_HIGH,101275.92297845022,0.5,0.8
DEE04,DE,OTHER,598821.9759848965,0.6,0.4
DEE04,DE,SFH,191902.10103665324,0.9,0.3
DEE05,DE,MFH_HIGH,253331.6801797327,0.5,0.8
DEE05,DE,OTHER,1130407.6997730418,0.6,0.4
DEE05,DE,SFH,303260.6200472257,0.9,0.3
DEE06,DE,MFH_HIGH,112093.47919717462,0.5,0.8
DEE06,DE,OTHER,623216.1598759583,0.6,0.4
DEE06,DE,SFH,194690.36092686708,0.9,0.3
DEE07,DE,MFH_HIGH,201264.7728082729,0.5,0.8
DEE07,DE,OTHER,1162148.2955822763,0.6,0.4
DEE07,DE,SFH,370586.93160945066,0.9,0.3
DEE08,DE,MFH_HIGH,306959.8827017514,0.5,0.8
DEE08,DE,OTHER,1226631.346898646,0.6,0.4
DEE08,DE,SFH,295408.7703996026,0.9,0.3
DEE09,DE,MFH_HIGH,348269.27417603246,0.5,0.8
DEE09,DE,OTHER,1489816.8085550384,0.6,0.4
DEE09,DE,SFH,384913.9172689293,0.9,0.3
DEE0A,DE,MFH_HIGH,187567.72549206848,0.5,0.8
DEE0A,DE,OTHER,1007330.0365825654,0.6,0.4
DEE0A,DE,SFH,307102.2379253661,0.9,0.3
DEE0B,DE,MFH_HIGH,249628.62561300615,0.5,0.8
DEE0B,DE,OTHER,1241449.767329173,0.6,0.4
DEE0B,DE,SFH,360921.60705782095,0.9,0.3
DEE0C,DE,MFH_HIGH,320371.64601887483,0.5,0.8
DEE0C,DE,OTHER,1338348.2636401164,0.6,0.4
DEE0C,DE,SFH,338280.09034100885,0.9,0.3
DEE0D,DE,MFH_HIGH,170035.3094128071,0.5,0.8
DEE0D,DE,OTHER,798237.5684202681,0.6,0.4
DEE0D,DE,SFH,222727.1221669248,0.9,0.3
DEE0E,DE,MFH_HIGH,169668.52881454266,0.5,0.8
DEE0E,DE,OTHER,892374.9250628506,0.6,0.4
DEE0E,DE,SFH,266956.54612260684,0.9,0.3
DEF01,DE,MFH_HIGH,212833.664158322,0.5,0.8
DEF01,DE,OTHER,591702.4945191682,0.6,0.4
DEF01,DE,SFH,80463.84132250994,0.9,0.3
DEF02,DE,MFH_HIGH,630707.44639678,0.5,0.8
DEF02,DE,OTHER,1632183.4769127094,0.6,0.4
DEF02,DE,SFH,174109.07669051056,0.9,0.3
DEF03,DE,MFH_HIGH,458968.6536226628,0.5,0.8
DEF03,DE,OTHER,1375503.085398428,0.6,0.4
DEF03,DE,SFH,219528.26097890915,0.9,0.3
DEF04,DE,MFH_HIGH,145172.7339214018,0.5,0.8
DEF04,DE,OTHER,516749.369393573,0.6,0.4
DEF04,DE,SFH,110077.89668502516,0.9,0.3
DEF05,DE,MFH_HIGH,112248.49912065043,0.5,0.8
DEF05,DE,OTHER,924315.7417382578,0.6,0.4
DEF05,DE,SFH,336435.7591410919,0.9,0.3
DEF06,DE,MFH_HIGH,213682.0864395437,0.5,0.8
DEF06,DE,OTHER,1183942.5910074238,0.6,0.4
DEF06,DE,SFH,365375.3225530325,0.9,0.3
DEF07,DE,MFH_HIGH,163989.03058853807,0.5,0.8
DEF07,DE,OTHER,1148681.041754534,0.6,0.4
DEF07,DE,SFH,390329.927656928,0.9,0.3
DEF08,DE,MFH_HIGH,256696.7917487225,0.5,0.8
DEF08,DE,OTHER,1309546.254162331,0.6,0.4
DEF08,DE,SFH,381756.9540889463,0.9,0.3
DEF09,DE,MFH_HIGH,425870.4480170831,0.5,0.8
DEF09,DE,OTHER,1884143.141741538,0.6,0.4
DEF09,DE,SFH,498986.4102413789,0.9,0.3
DEF0A,DE,MFH_HIGH,131336.75687671662,0.5,0.8
DEF0A,DE,OTHER,818849.0451225245,0.6,0.4
DEF0A,DE,SFH,268814.1980007588,0.9,0.3
DEF0B,DE,MFH_HIGH,280351.3377082281,0.5,0.8
DEF0B,DE,OTHER,1810595.5390527688,0.6,0.4
DEF0B,DE,SFH,605053.1232390032,0.9,0.3
DEF0C,DE,MFH_HIGH,166283.5870325548,0.5,0.8
DEF0C,DE,OTHER,1320127.9318819137,0.6,0.4
DEF0C,DE,SFH,479588.4810855314,0.9,0.3
DEF0D,DE,MFH_HIGH,324893.732236452,0.5,0.8
DEF0D,DE,OTHER,1670066.1445802292,0.6,0.4
DEF0D,DE,SFH,494040.12318331865,0.9,0.3
DEF0E,DE,MFH_HIGH,139732.1868476973,0.5,0.8
DEF0E,DE,OTHER,881138.6407657446,0.6,0.4
DEF0E,DE,SFH,288129.1723865581,0.9,0.3
DEF0F,DE,MFH_HIGH,281244.0323053798,0.5,0.8
DEF0F,DE,OTHER,1497967.3817948643,0.6,0.4
DEF0F,DE,SFH,455788.5858997557,0.9,0.3
DEG01,DE,MFH_HIGH,515050.1129405653,0.5,0.8
DEG01,DE,OTHER,1312304.3463707047,0.6,0.4
DEG01,DE,SFH,130645.5406887299,0.9,0.3
DEG02,DE,MFH_HIGH,235674.6530247764,0.5,0.8
DEG02,DE,OTHER,602804.2560276067,0.6,0.4
DEG02,DE,SFH,61521.09094761696,0.9,0.3
DEG03,DE,MFH_HIGH,260545.2713903849,0.5,0.8
DEG03,DE,OTHER,665917.6350209799,0.6,0.4
DEG03,DE,SFH,67537.09358863517,0.9,0.3
DEG04,DE,MFH_HIGH,73634.87098015772,0.5,0.8
DEG04,DE,OTHER,245047.04658799636,0.6,0.4
DEG04,DE,SFH,46318.08243184591,0.9,0.3
DEG05,DE,MFH_HIGH,149783.16659612977,0.5,0.8
DEG05,DE,OTHER,405747.63851494336,0.6,0.4
DEG05,DE,SFH,49469.19488892691,0.9,0.3
DEG06,DE,MFH_HIGH,95774.53962155923,0.5,0.8
DEG06,DE,OTHER,620113.5955873035,0.6,0.4
DEG06,DE,SFH,207111.86479113725,0.9,0.3
DEG07,DE,MFH_HIGH,137261.0853837163,0.5,0.8
DEG07,DE,OTHER,575070.9804849902,0.6,0.4
DEG07,DE,SFH,145667.93413129356,0.9,0.3
DEG09,DE,MFH_HIGH,125987.78504684588,0.5,0.8
DEG09,DE,OTHER,662980.701875086,0.6,0.4
DEG09,DE,SFH,198031.5130780681,0.9,0.3
DEG0A,DE,MFH_HIGH,81501.18331962285,0.5,0.8
DEG0A,DE,OTHER,499129.2286274759,0.6,0.4
DEG0A,DE,SFH,163369.58805290135,0.9,0.3
DEG0B,DE,MFH_HIGH,136257.9387229227,0.5,0.8
DEG0B,DE,OTHER,830348.0217867256,0.6,0.4
DEG0B,DE,SFH,270394.0394903517,0.9,0.3
DEG0C,DE,MFH_HIGH,196848.90872500505,0.5,0.8
DEG0C,DE,OTHER,874287.8445314282,0.6,0.4
DEG0C,DE,SFH,229863.2467435668,0.9,0.3
DEG0D,DE,MFH_HIGH,71662.99914940573,0.5,0.8
DEG0D,DE,OTHER,434619.8671233821,0.6,0.4
DEG0D,DE,SFH,141717.13372721212,0.9,0.3
DEG0E,DE,MFH_HIGH,57085.90765200306,0.5,0.8
DEG0E,DE,OTHER,419093.07571953576,0.6,0.4
DEG0E,DE,SFH,146821.01662846122,0.9,0.3
DEG0F,DE,MFH_HIGH,173710.0225894662,0.5,0.8
DEG0F,DE,OTHER,732159.2302596939,0.6,0.4
DEG0F,DE,SFH,183130.7471508399,0.9,0.3
DEG0G,DE,MFH_HIGH,91919.41839767176,0.5,0.8
DEG0G,DE,OTHER,523391.42051985895,0.6,0.4
DEG0G,DE,SFH,163689.16108246928,0.9,0.3
DEG0H,DE,MFH_HIGH,75860.47257392987,0.5,0.8
DEG0H,DE,OTHER,395202.9042826679,0.6,0.4
DEG0H,DE,SFH,117936.62314340228,0.9,0.3
DEG0I,DE,MFH_HIGH,167557.83357347,0.5,0.8
DEG0I,DE,OTHER,730150.7428490445,0.6,0.4
DEG0I,DE,SFH,190291.42357748543,0.9,0.3
DEG0J,DE,MFH_HIGH,102918.3145748322,0.5,0.8
DEG0J,DE,OTHER,529517.55526658,0.6,0.4
DEG0J,DE,SFH,155564.13015858782,0.9,0.3
DEG0K,DE,MFH_HIGH,97687.5457060189,0.5,0.8
DEG0K,DE,OTHER,570486.9479507805,0.6,0.4
DEG0K,DE,SFH,175825.50634320054,0.9,0.3
DEG0L,DE,MFH_HIGH,133181.1055097826,0.5,0.8
DEG0L,DE,OTHER,665279.2644740057,0.6,0.4
DEG0L,DE,SFH,188539.63001621177,0.9,0.3
DEG0M,DE,MFH_HIGH,163054.87796660422,0.5,0.8
DEG0M,DE,OTHER,593657.6326464603,0.6,0.4
DEG0M,DE,SFH,128287.48938693549,0.9,0.3
DEG0N,DE,MFH_HIGH,98377.52866898596,0.5,0.8
DEG0N,DE,OTHER,278376.75557273545,0.6,0.4
DEG0N,DE,SFH,37245.71575827857,0.9,0.3
DEG0P,DE,MFH_HIGH,115909.61325726588,0.5,0.8
DEG0P,DE,OTHER,795939.3480630248,0.6,0.4
DEG0P,DE,SFH,275151.03867970937,0.9,0.3
DEZZZ,DE,MFH_HIGH,0.0,0.5,0.8
DEZZZ,DE,OTHER,0.0,0.6,0.4
DEZZZ,DE,SFH,0.0,0.9,0.3
DK011,DK,MFH_HIGH,2175251.495429696,0.5,0.8
DK011,DK,OTHER,5026486.154351787,0.6,0.4
DK011,DK,SFH,305262.3502185171,0.9,0.3
DK012,DK,MFH_HIGH,998122.5910752888,0.5,0.8
DK012,DK,OTHER,3499741.342410298,0.6,0.4
DK012,DK,SFH,739136.0665144133,0.9,0.3
DK013,DK,MFH_HIGH,451103.70016799134,0.5,0.8
DK013,DK,OTHER,2768440.5645823404,0.6,0.4
DK013,DK,SFH,919455.7352496682,0.9,0.3
DK014,DK,MFH_HIGH,21292.314226985534,0.5,0.8
DK014,DK,OTHER,310551.04254367005,0.6,0.4
DK014,DK,SFH,132156.64322934442,0.9,0.3
DK021,DK,MFH_HIGH,246586.77699220192,0.5,0.8
DK021,DK,OTHER,1424623.4391809078,0.6,0.4
DK021,DK,SFH,460789.7838268902,0.9,0.3
DK022,DK,MFH_HIGH,531196.5247672935,0.5,0.8
DK022,DK,OTHER,3815397.688980395,0.6,0.4
DK022,DK,SFH,1354405.7862523112,0.9,0.3
DK031,DK,MFH_HIGH,499387.310470752,0.5,0.8
DK031,DK,OTHER,3271610.159311417,0.6,0.4
DK031,DK,SFH,1119002.5302178313,0.9,0.3
DK032,DK,MFH_HIGH,700750.7315887151,0.5,0.8
DK032,DK,OTHER,4881782.741328072,0.6,0.4
DK032,DK,SFH,1714466.527083213,0.9,0.3
DK041,DK,MFH_HIGH,321201.77989600995,0.5,0.8
DK041,DK,OTHER,2917629.772314248,0.6,0.4
DK041,DK,SFH,1120168.447789742,0.9,0.3
DK042,DK,MFH_HIGH,1061668.393771269,0.5,0.8
DK042,DK,OTHER,5467232.328938345,0.6,0.4
DK042,DK,SFH,1645099.277290386,0.9,0.3
DK050,DK,MFH_HIGH,615748.80694441,0.5,0.8
DK050,DK,OTHER,4013475.3153537554,0.6,0.4
DK050,DK,SFH,1368775.8777018348,0.9,0.3
DKZZZ,DK,MFH_HIGH,0.0,0.5,0.8
DKZZZ,DK,OTHER,0.0,0.6,0.4
DKZZZ,DK,SFH,0.0,0.9,0.3
EE001,EE,MFH_HIGH,1530338.6717904038,0.5,0.8
EE001,EE,OTHER,3876651.6192888985,0.6,0.4
EE001,EE,SFH,390009.7089206975,0.9,0.3
EE004,EE,MFH_HIGH,264372.5377260684,0.5,0.8
EE004,EE,OTHER,1042241.270658707,0.6,0.4
EE004,EE,SFH,250386.1916152246,0.9,0.3
EE006,EE,OTHER,1363000.0,0.6,0.4
EE007,EE,OTHER,1174000.0,0.6,0.4
EE008,EE,MFH_HIGH,640254.8539809145,0.5,0.8
EE008,EE,OTHER,2259463.304991357,0.6,0.4
EE008,EE,SFH,479281.8410277288,0.9,0.3
EEZZZ,EE,MFH_HIGH,0.0,0.5,0.8
EEZZZ,EE,OTHER,0.0,0.6,0.4
EEZZZ,EE,SFH,0.0,0.9,0.3
EL301,EL,MFH_HIGH,748515.5480200594,0.5,0.8
EL301,EL,OTHER,1946017.9865903424,0.6,0.4
EL301,EL,SFH,222466.4653895984,0.9,0.3
EL302,EL,MFH_HIGH,594278.7153306106,0.5,0.8
EL302,EL,OTHER,1668549.3136937812,0.6,0.4
EL302,EL,SFH,237171.97097560824,0.9,0.3
EL303,EL,MFH_HIGH,1418815.2345338897,0.5,0.8
EL303,EL,OTHER,3056267.045469828,0.6,0.4
EL303,EL,SFH,106917.7199962821,0.9,0.3
EL304,EL,MFH_HIGH,726159.9448622556,0.5,0.8
EL304,EL,OTHER,1671304.163844096,0.6,0.4
EL304,EL,SFH,107535.89129364846,0.9,0.3
EL305,EL,MFH_HIGH,323678.96064433816,0.5,0.8
EL305,EL,OTHER,1690232.8477237662,0.6,0.4
EL305,EL,SFH,518088.1916318958,0.9,0.3
EL306,EL,MFH_HIGH,84630.83427461974,0.5,0.8
EL306,EL,OTHER,597395.4378229294,0.6,0.4
EL306,EL,SFH,212973.72790245095,0.9,0.3
EL307,EL,MFH_HIGH,488682.4991175167,0.5,0.8
EL307,EL,OTHER,1368460.6819981553,0.6,0.4
EL307,EL,SFH,193856.81888432792,0.9,0.3
EL411,EL,MFH_HIGH,52201.48617035916,0.5,0.8
EL411,EL,OTHER,430251.2866382277,0.6,0.4
EL411,EL,SFH,161547.22719141323,0.9,0.3
EL412,EL,MFH_HIGH,22042.535243378803,0.5,0.8
EL412,EL,OTHER,185558.52870767945,0.6,0.4
EL412,EL,SFH,69398.93604894174,0.9,0.3
EL413,EL,MFH_HIGH,30833.73544255924,0.5,0.8
EL413,EL,OTHER,240566.51756021855,0.6,0.4
EL413,EL,SFH,88599.74699722219,0.9,0.3
EL421,EL,MFH_HIGH,132807.03581424654,0.5,0.8
EL421,EL,OTHER,675117.9188283856,0.6,0.4
EL421,EL,SFH,201075.04535736787,0.9,0.3
EL422,EL,MFH_HIGH,74717.51769896371,0.5,0.8
EL422,EL,OTHER,621144.2935804918,0.6,0.4
EL422,EL,SFH,230138.18872054448,0.9,0.3
EL431,EL,MFH_HIGH,218721.0851663107,0.5,0.8
EL431,EL,OTHER,1009939.9422658776,0.6,0.4
EL431,EL,SFH,282338.97256781155,0.9,0.3
EL432,EL,MFH_HIGH,63949.29548315886,0.5,0.8
EL432,EL,OTHER,352298.2684579963,0.6,0.4
EL432,EL,SFH,110752.43605884485,0.9,0.3
EL433,EL,MFH_HIGH,68382.11520808455,0.5,0.8
EL433,EL,OTHER,307832.5575349922,0.6,0.4
EL433,EL,SFH,83785.3272569233,0.9,0.3
EL434,EL,MFH_HIGH,117574.66276766344,0.5,0.8
EL434,EL,OTHER,574047.3189234012,0.6,0.4
EL434,EL,SFH,167378.0183089353,0.9,0.3
EL511,EL,MFH_HIGH,138403.42738717466,0.5,0.8
EL511,EL,OTHER,622092.8748958077,0.6,0.4
EL511,EL,SFH,171503.6977170176,0.9,0.3
EL512,EL,MFH_HIGH,97251.49495706582,0.5,0.8
EL512,EL,OTHER,413647.17383865867,0.6,0.4
EL512,EL,SFH,109101.3312042755,0.9,0.3
EL513,EL,MFH_HIGH,77219.00156395421,0.5,0.8
EL513,EL,OTHER,422966.7667725294,0.6,0.4
EL513,EL,SFH,133814.23166351637,0.9,0.3
EL514,EL,MFH_HIGH,83052.08692652639,0.5,0.8
EL514,EL,OTHER,418276.0865815799,0.6,0.4
EL514,EL,SFH,125671.82649189376,0.9,0.3
EL515,EL,MFH_HIGH,124610.99471528192,0.5,0.8
EL515,EL,OTHER,643792.071880505,0.6,0.4
EL515,EL,SFH,195596.9334042132,0.9,0.3
EL521,EL,MFH_HIGH,106681.93610634647,0.5,0.8
EL521,EL,OTHER,509796.7731560893,0.6,0.4
EL521,EL,SFH,147521.29073756433,0.9,0.3
EL522,EL,MFH_HIGH,1690714.180167819,0.5,0.8
EL522,EL,OTHER,4407602.330939127,0.6,0.4
EL522,EL,SFH,508683.4888930542,0.9,0.3
EL523,EL,MFH_HIGH,55703.99567086904,0.5,0.8
EL523,EL,OTHER,323654.89806066634,0.6,0.4
EL523,EL,SFH,105641.10626846462,0.9,0.3
EL524,EL,MFH_HIGH,81315.04043156451,0.5,0.8
EL524,EL,OTHER,495270.97292506974,0.6,0.4
EL524,EL,SFH,165413.98664336573,0.9,0.3
EL525,EL,MFH_HIGH,104664.1322196045,0.5,0.8
EL525,EL,OTHER,558370.3505390162,0.6,0.4
EL525,EL,SFH,172965.5172413793,0.9,0.3
EL526,EL,MFH_HIGH,115473.38936814696,0.5,0.8
EL526,EL,OTHER,684468.7483393265,0.6,0.4
EL526,EL,SFH,226057.8622925265,0.9,0.3
EL527,EL,MFH_HIGH,140652.19259794062,0.5,0.8
EL527,EL,OTHER,888747.1851202447,0.6,0.4
EL527,EL,SFH,300600.6222818146,0.9,0.3
EL531,EL,MFH_HIGH,178098.40994812522,0.5,0.8
EL531,EL,OTHER,762735.8274080569,0.6,0.4
EL531,EL,SFH,202165.7626438178,0.9,0.3
EL532,EL,MFH_HIGH,38729.043964542805,0.5,0.8
EL532,EL,OTHER,205644.83312511156,0.6,0.4
EL532,EL,SFH,63626.12291034565,0.9,0.3
EL533,EL,MFH_HIGH,39523.138563748136,0.5,0.8
EL533,EL,OTHER,223648.01360212217,0.6,0.4
EL533,EL,SFH,71828.84783412967,0.9,0.3
EL541,EL,MFH_HIGH,66795.75778309956,0.5,0.8
EL541,EL,OTHER,444573.2409624815,0.6,0.4
EL541,EL,SFH,153631.00125441898,0.9,0.3
EL542,EL,MFH_HIGH,30061.61105775254,0.5,0.8
EL542,EL,OTHER,178621.40560404226,0.6,0.4
EL542,EL,SFH,58316.9833382052,0.9,0.3
EL543,EL,MFH_HIGH,184395.7445829595,0.5,0.8
EL543,EL,OTHER,787619.2208998111,0.6,0.4
EL543,EL,SFH,207985.03451722936,0.9,0.3
EL611,EL,MFH_HIGH,132838.92695925632,0.5,0.8
EL611,EL,OTHER,892547.667108741,0.6,0.4
EL611,EL,SFH,311613.4059320026,0.9,0.3
EL612,EL,MFH_HIGH,210815.9856828849,0.5,0.8
EL612,EL,OTHER,961659.614289094,0.6,0.4
EL612,EL,SFH,268524.40002802096,0.9,0.3
EL613,EL,MFH_HIGH,156156.32225628963,0.5,0.8
EL613,EL,OTHER,793570.740270868,0.6,0.4
EL613,EL,SFH,238272.93747284252,0.9,0.3
EL621,EL,MFH_HIGH,14745.45550160394,0.5,0.8
EL621,EL,OTHER,130167.07276456256,0.6,0.4
EL621,EL,SFH,49087.47173383351,0.9,0.3
EL622,EL,MFH_HIGH,85722.42973200112,0.5,0.8
EL622,EL,OTHER,527622.6338326908,0.6,0.4
EL622,EL,SFH,175654.93643530807,0.9,0.3
EL623,EL,MFH_HIGH,20671.572464902667,0.5,0.8
EL623,EL,OTHER,154918.24539429048,0.6,0.4
EL623,EL,SFH,55410.18214080685,0.9,0.3
EL624,EL,MFH_HIGH,19782.011944140933,0.5,0.8
EL624,EL,OTHER,112677.25374564069,0.6,0.4
EL624,EL,SFH,35540.73431021837,0.9,0.3
EL631,EL,MFH_HIGH,113843.43754888194,0.5,0.8
EL631,EL,OTHER,720919.7625978313,0.6,0.4
EL631,EL,SFH,245236.79985328676,0.9,0.3
EL632,EL,MFH_HIGH,314407.7749374193,0.5,0.8
EL632,EL,OTHER,1295750.0511596368,0.6,0.4
EL632,EL,SFH,331842.17390294385,0.9,0.3
EL633,EL,MFH_HIGH,53642.90588807117,0.5,0.8
EL633,EL,OTHER,549878.170981378,0.6,0.4
EL633,EL,SFH,219478.9231305509,0.9,0.3
EL641,EL,MFH_HIGH,58371.17683108567,0.5,0.8
EL641,EL,OTHER,409558.9788584997,0.6,0.4
EL641,EL,SFH,145069.8443104147,0.9,0.3
EL642,EL,MFH_HIGH,146677.50937558137,0.5,0.8
EL642,EL,OTHER,924103.5181685548,0.6,0.4
EL642,EL,SFH,312218.9724558638,0.9,0.3
EL643,EL,MFH_HIGH,10200.560245885694,0.5,0.8
EL643,EL,OTHER,110273.89798856164,0.6,0.4
EL643,EL,SFH,44525.541765552654,0.9,0.3
EL644,EL,MFH_HIGH,91558.28482040316,0.5,0.8
EL644,EL,OTHER,606171.6268662628,0.6,0.4
EL644,EL,SFH,210270.08831333413,0.9,0.3
EL645,EL,MFH_HIGH,19571.501662829367,0.5,0.8
EL645,EL,OTHER,214583.95156476507,0.6,0.4
EL645,EL,SFH,86844.54677240556,0.9,0.3
EL651,EL,MFH_HIGH,146212.7215216771,0.5,0.8
EL651,EL,OTHER,898385.3369193688,0.6,0.4
EL651,EL,SFH,299401.9415589541,0.9,0.3
EL652,EL,MFH_HIGH,93428.9655312566,0.5,0.8
EL652,EL,OTHER,610737.5889407384,0.6,0.4
EL652,EL,SFH,210833.44552800505,0.9,0.3
EL653,EL,MFH_HIGH,168228.9765247755,0.5,0.8
EL653,EL,OTHER,1161201.0712934977,0.6,0.4
EL653,EL,SFH,409569.95218172704,0.9,0.3
ELZZZ,EL,MFH_HIGH,0.0,0.5,0.8
ELZZZ,EL,OTHER,0.0,0.6,0.4
ELZZZ,EL,SFH,0.0,0.9,0.3
ES111,ES,MFH_HIGH,757274.5399119001,0.5,0.8
ES111,ES,OTHER,2526600.850920477,0.6,0.4
ES111,ES,SFH,496124.60916762287,0.9,0.3
ES112,ES,MFH_HIGH,211384.90332011785,0.5,0.8
ES112,ES,OTHER,840806.652316874,0.6,0.4
ES112,ES,SFH,205808.4443630081,0.9,0.3
ES113,ES,MFH_HIGH,204282.5605547305,0.5,0.8
ES113,ES,OTHER,854092.5822767415,0.6,0.4
ES113,ES,SFH,214624.8571685279,0.9,0.3
ES114,ES,MFH_HIGH,513277.4444343117,0.5,0.8
ES114,ES,OTHER,2001937.7413779653,0.6,0.4
ES114,ES,SFH,478784.814187723,0.9,0.3
ES120,ES,MFH_HIGH,926990.58827826,0.5,0.8
ES120,ES,OTHER,2410704.48440489,0.6,0.4
ES120,ES,SFH,272304.92731685017,0.9,0.3
ES130,ES,MFH_HIGH,467854.4337321435,0.5,0.8
ES130,ES,OTHER,1309825.0911426467,0.6,0.4
ES130,ES,SFH,182320.47512520984,0.9,0.3
ES211,ES,MFH_HIGH,347794.559007466,0.5,0.8
ES211,ES,OTHER,804507.5863134409,0.6,0.4
ES211,ES,SFH,53697.85467909315,0.9,0.3
ES212,ES,MFH_HIGH,742393.167817774,0.5,0.8
ES212,ES,OTHER,1629562.6743752055,0.6,0.4
ES212,ES,SFH,71044.15780702046,0.9,0.3
ES213,ES,MFH_HIGH,1246762.4961196631,0.5,0.8
ES213,ES,OTHER,2716163.781493848,0.6,0.4
ES213,ES,SFH,110073.72238648904,0.9,0.3
ES220,ES,MFH_HIGH,511226.8148192616,0.5,0.8
ES220,ES,OTHER,1619831.118048184,0.6,0.4
ES220,ES,SFH,202942.0671325542,0.9,0.3
ES230,ES,MFH_HIGH,318707.81040359347,0.5,0.8
ES230,ES,OTHER,781351.1264864956,0.6,0.4
ES230,ES,SFH,68941.06310991108,0.9,0.3
ES241,ES,MFH_HIGH,193474.1340175664,0.5,0.8
ES241,ES,OTHER,636730.3069179907,0.6,0.4
ES241,ES,SFH,118795.55906444292,0.9,0.3
ES242,ES,MFH_HIGH,97476.508037321,0.5,0.8
ES242,ES,OTHER,419370.26115622494,0.6,0.4
ES242,ES,SFH,107153.23080645406,0.9,0.3
ES243,ES,MFH_HIGH,1009225.227768048,0.5,0.8
ES243,ES,OTHER,2481634.660639721,0.6,0.4
ES243,ES,SFH,222140.11159223088,0.9,0.3
ES300,ES,MFH_HIGH,8457442.58825021,0.5,0.8
ES300,ES,OTHER,19468036.987737477,0.6,0.4
ES300,ES,SFH,1216520.4240123192,0.9,0.3
ES411,ES,MFH_HIGH,118364.03843622484,0.5,0.8
ES411,ES,OTHER,479696.7223904173,0.6,0.4
ES411,ES,SFH,115939.23917335791,0.9,0.3
ES412,ES,MFH_HIGH,358413.8655847851,0.5,0.8
ES412,ES,OTHER,987557.3596093478,0.6,0.4
ES412,ES,SFH,127028.77480586711,0.9,0.3
ES413,ES,MFH_HIGH,384986.59076830064,0.5,0.8
ES413,ES,OTHER,1334657.4419213582,0.6,0.4
ES413,ES,SFH,269355.967310341,0.9,0.3
ES414,ES,MFH_HIGH,140325.44697446065,0.5,0.8
ES414,ES,OTHER,439757.7028718199,0.6,0.4
ES414,ES,SFH,75916.85015371948,0.9,0.3
ES415,ES,MFH_HIGH,269643.9895631383,0.5,0.8
ES415,ES,OTHER,871396.515212886,0.6,0.4
ES415,ES,SFH,157959.49522397568,0.9,0.3
ES416,ES,MFH_HIGH,109870.25508704316,0.5,0.8
ES416,ES,OTHER,434618.7804161087,0.6,0.4
ES416,ES,SFH,103510.96449684816,0.9,0.3
ES417,ES,MFH_HIGH,81326.57869934024,0.5,0.8
ES417,ES,OTHER,257899.6229971725,0.6,0.4
ES417,ES,SFH,44773.79830348728,0.9,0.3
ES418,ES,MFH_HIGH,510461.3170755977,0.5,0.8
ES418,ES,OTHER,1361735.861549001,0.6,0.4
ES418,ES,SFH,165802.82137540137,0.9,0.3
ES419,ES,MFH_HIGH,113029.47429201334,0.5,0.8
ES419,ES,OTHER,489726.1489199759,0.6,0.4
ES419,ES,SFH,125244.37678801082,0.9,0.3
ES421,ES,MFH_HIGH,319287.7723399298,0.5,0.8
ES421,ES,OTHER,1008447.00299999,0.6,0.4
ES421,ES,SFH,177265.22466007996,0.9,0.3
ES422,ES,MFH_HIGH,272791.8509631835,0.5,0.8
ES422,ES,OTHER,1304297.3334208552,0.6,0.4
ES422,ES,SFH,368910.8156159612,0.9,0.3
ES423,ES,MFH_HIGH,113585.58444404873,0.5,0.8
ES423,ES,OTHER,586425.5969096314,0.6,0.4
ES423,ES,SFH,169988.8186463199,0.9,0.3
ES424,ES,MFH_HIGH,163204.5923974466,0.5,0.8
ES424,ES,OTHER,651554.4314452957,0.6,0.4
ES424,ES,SFH,157240.97615725765,0.9,0.3
ES425,ES,MFH_HIGH,321659.47591968806,0.5,0.8
ES425,ES,OTHER,1679341.0410394005,0.6,0.4
ES425,ES,SFH,503999.4830409113,0.9,0.3
ES431,ES,MFH_HIGH,336324.40493801964,0.5,0.8
ES431,ES,OTHER,1603450.7294801818,0.6,0.4
ES431,ES,SFH,451224.8655817987,0.9,0.3
ES432,ES,MFH_HIGH,203874.59625882516,0.5,0.8
ES432,ES,OTHER,978218.8429523008,0.6,0.4
ES432,ES,SFH,272906.56078887417,0.9,0.3
ES511,ES,MFH_HIGH,5789960.122491824,0.5,0.8
ES511,ES,OTHER,14303099.12100865,0.6,0.4
ES511,ES,SFH,1299940.756499526,0.9,0.3
ES512,ES,MFH_HIGH,572979.2973211469,0.5,0.8
ES512,ES,OTHER,2015135.607780904,0.6,0.4
ES512,ES,SFH,418885.0948979491,0.9,0.3
ES513,ES,MFH_HIGH,381808.6167933787,0.5,0.8
ES513,ES,OTHER,1247097.2541827706,0.6,0.4
ES513,ES,SFH,232094.1290238507,0.9,0.3
ES514,ES,MFH_HIGH,672049.4320026783,0.5,0.8
ES514,ES,OTHER,2101012.9784807926,0.6,0.4
ES514,ES,SFH,367937.58951652894,0.9,0.3
ES521,ES,MFH_HIGH,1516726.4218183002,0.5,0.8
ES521,ES,OTHER,4085134.0815112544,0.6,0.4
ES521,ES,SFH,510139.4966704456,0.9,0.3
ES522,ES,MFH_HIGH,491219.4692152039,0.5,0.8
ES522,ES,OTHER,1434030.630928005,0.6,0.4
ES522,ES,SFH,219749.89985679093,0.9,0.3
ES523,ES,MFH_HIGH,2342251.792254432,0.5,0.8
ES523,ES,OTHER,6076430.016017933,0.6,0.4
ES523,ES,SFH,678318.1917276357,0.9,0.3
ES531,ES,MFH_HIGH,101112.83977459386,0.5,0.8
ES531,ES,OTHER,304827.0374541344,0.6,0.4
ES531,ES,SFH,48060.12277127178,0.9,0.3
ES532,ES,MFH_HIGH,721089.187936188,0.5,0.8
ES532,ES,OTHER,2237739.736697214,0.6,0.4
ES532,ES,SFH,385171.07536659786,0.9,0.3
ES533,ES,MFH_HIGH,56936.93279559273,0.5,0.8
ES533,ES,OTHER,217976.47684136053,0.6,0.4
ES533,ES,SFH,51086.59036304673,0.9,0.3
ES611,ES,MFH_HIGH,437690.01829430537,0.5,0.8
ES611,ES,OTHER,1566243.0462426145,0.6,0.4
ES611,ES,SFH,334066.9354630804,0.9,0.3
ES612,ES,MFH_HIGH,787474.3350929293,0.5,0.8
ES612,ES,OTHER,2436083.76005448,0.6,0.4
ES612,ES,SFH,412441.904852591,0.9,0.3
ES613,ES,MFH_HIGH,474783.4568429609,0.5,0.8
ES613,ES,OTHER,1734853.6963875007,0.6,0.4
ES613,ES,SFH,382362.8467695384,0.9,0.3
ES614,ES,MFH_HIGH,583202.6672601153,0.5,0.8
ES614,ES,OTHER,2292326.0276701576,0.6,0.4
ES614,ES,SFH,543471.3050697271,0.9,0.3
ES615,ES,MFH_HIGH,288686.20054361416,0.5,0.8
ES615,ES,OTHER,1091004.283000226,0.6,0.4
ES615,ES,SFH,247309.5164561599,0.9,0.3
ES616,ES,MFH_HIGH,343141.36805562046,0.5,0.8
ES616,ES,OTHER,1534125.9741737144,0.6,0.4
ES616,ES,SFH,411732.6577706652,0.9,0.3
ES617,ES,MFH_HIGH,1250350.907332013,0.5,0.8
ES617,ES,OTHER,3530133.779428276,0.6,0.4
ES617,ES,SFH,494515.3132397117,0.9,0.3
ES618,ES,MFH_HIGH,1126562.3404545602,0.5,0.8
ES618,ES,OTHER,4154715.3725814656,0.6,0.4
ES618,ES,SFH,927722.286963974,0.9,0.3
ES620,ES,MFH_HIGH,993265.5095526632,0.5,0.8
ES620,ES,OTHER,3193110.015998393,0.6,0.4
ES620,ES,SFH,589624.4744489442,0.9,0.3
ES630,ES,MFH_HIGH,48975.31271065838,0.5,0.8
ES630,ES,OTHER,129908.42134172222,0.6,0.4
ES630,ES,SFH,12116.265947619404,0.9,0.3
ES640,ES,MFH_HIGH,49660.40671937523,0.5,0.8
ES640,ES,OTHER,141349.43264193615,0.6,0.4
ES640,ES,SFH,18990.1606386886,0.9,0.3
ES703,ES,MFH_HIGH,2138.3305892951444,0.5,0.8
ES703,ES,OTHER,26621.91295703768,0.6,0.4
ES703,ES,SFH,10239.756453667173,0.9,0.3
ES704,ES,MFH_HIGH,60490.84848141196,0.5,0.8
ES704,ES,OTHER,205180.57424921135,0.6,0.4
ES704,ES,SFH,36328.57726937666,0.9,0.3
ES705,ES,MFH_HIGH,682206.5479169044,0.5,0.8
ES705,ES,OTHER,2182153.260183881,0.6,0.4
ES705,ES,SFH,368640.19189921446,0.9,0.3
ES706,ES,MFH_HIGH,11006.294554830882,0.5,0.8
ES706,ES,OTHER,57279.91809494919,0.6,0.4
ES706,ES,SFH,16713.78735021993,0.9,0.3
ES707,ES,MFH_HIGH,41753.11839683729,0.5,0.8
ES707,ES,OTHER,215442.71010837707,0.6,0.4
ES707,ES,SFH,62804.17149478563,0.9,0.3
ES708,ES,MFH_HIGH,95362.7932159532,0.5,0.8
ES708,ES,OTHER,386204.308938516,0.6,0.4
ES708,ES,SFH,87432.89784553074,0.9,0.3
ES709,ES,MFH_HIGH,724114.2570759436,0.5,0.8
ES709,ES,OTHER,2354747.906420133,0.6,0.4
ES709,ES,SFH,415137.83650392265,0.9,0.3
ESZZZ,ES,MFH_HIGH,0.0,0.5,0.8
ESZZZ,ES,OTHER,0.0,0.6,0.4
ESZZZ,ES,SFH,0.0,0.9,0.3
FI193,FI,MFH_HIGH,709059.5543285349,0.5,0.8
FI193,FI,OTHER,2576875.172549793,0.6,0.4
FI193,FI,SFH,557065.2731216722,0.9,0.3
FI194,FI,MFH_HIGH,313092.1020897002,0.5,0.8
FI194,FI,OTHER,1794620.8705707444,0.6,0.4
FI194,FI,SFH,564287.0273395557,0.9,0.3
FI195,FI,MFH_HIGH,351987.93070839666,0.5,0.8
FI195,FI,OTHER,1673553.8740114458,0.6,0.4
FI195,FI,SFH,464458.1952801575,0.9,0.3
FI196,FI,MFH_HIGH,462419.3018373209,0.5,0.8
FI196,FI,OTHER,2175174.4581738985,0.6,0.4
FI196,FI,SFH,602406.2399887806,0.9,0.3
FI197,FI,MFH_HIGH,1408192.379537423,0.5,0.8
FI197,FI,OTHER,4564615.547879787,0.6,0.4
FI197,FI,SFH,827192.0725827893,0.9,0.3
FI1B1,FI,MFH_HIGH,5558397.941323813,0.5,0.8
FI1B1,FI,OTHER,15153257.096942684,0.6,0.4
FI1B1,FI,SFH,1938344.9617335023,0.9,0.3
FI1C1,FI,MFH_HIGH,1286262.3869339784,0.5,0.8
FI1C1,FI,OTHER,4368272.613665352,0.6,0.4
FI1C1,FI,SFH,862464.9994006694,0.9,0.3
FI1C2,FI,MFH_HIGH,415850.97073388007,0.5,0.8
FI1C2,FI,OTHER,1665297.660282443,0.6,0.4
FI1C2,FI,SFH,399851.368983677,0.9,0.3
FI1C3,FI,MFH_HIGH,582805.9459953278,0.5,0.8
FI1C3,FI,OTHER,1942018.9977769947,0.6,0.4
FI1C3,FI,SFH,370175.0562276775,0.9,0.3
FI1C4,FI,MFH_HIGH,458437.283712004,0.5,0.8
FI1C4,FI,OTHER,1821948.0721657556,0.6,0.4
FI1C4,FI,SFH,438614.6441222408,0.9,0.3
FI1C5,FI,MFH_HIGH,334023.6144022053,0.5,0.8
FI1C5,FI,OTHER,1313520.1392330865,0.6,0.4
FI1C5,FI,SFH,312456.2463647083,0.9,0.3
FI1D1,FI,MFH_HIGH,375554.7134527975,0.5,0.8
FI1D1,FI,OTHER,1600186.8781626052,0.6,0.4
FI1D1,FI,SFH,404258.4083845975,0.9,0.3
FI1D2,FI,MFH_HIGH,674992.4283500928,0.5,0.8
FI1D2,FI,OTHER,2461501.48353619,0.6,0.4
FI1D2,FI,SFH,532506.0881137173,0.9,0.3
FI1D3,FI,MFH_HIGH,400538.9563662531,0.5,0.8
FI1D3,FI,OTHER,1708125.7768376982,0.6,0.4
FI1D3,FI,SFH,435335.26679604873,0.9,0.3
FI1D4,FI,OTHER,1316000.0,0.6,0.4
FI1D5,FI,MFH_HIGH,112755.83268208073,0.5,0.8
FI1D5,FI,OTHER,640331.7862112345,0.6,0.4
FI1D5,FI,SFH,199912.3811066847,0.9,0.3
FI1D6,FI,OTHER,5547000.0,0.6,0.4
FI1D7,FI,MFH_HIGH,437186.6646134894,0.5,0.8
FI1D7,FI,OTHER,2044013.458577148,0.6,0.4
FI1D7,FI,SFH,551799.8768093626,0.9,0.3
FI200,FI,MFH_HIGH,48350.90327006632,0.5,0.8
FI200,FI,OTHER,289418.70569403155,0.6,0.4
FI200,FI,SFH,91230.39103590212,0.9,0.3
FIZZZ,FI,MFH_HIGH,0.0,0.5,0.8
FIZZZ,FI,OTHER,0.0,0.6,0.4
FIZZZ,FI,SFH,0.0,0.9,0.3
FR101,FR,MFH_HIGH,9204083.0686036,0.5,0.8
FR101,FR,OTHER,18548666.666666664,0.6,0.4
FR101,FR,SFH,70250.26472973301,0.9,0.3
FR102,FR,MFH_HIGH,1301043.80161021,0.5,0.8
FR102,FR,OTHER,6416000.0,0.6,0.4
FR102,FR,SFH,1906956.1983897905,0.9,0.3
FR103,FR,MFH_HIGH,2024944.4739966523,0.5,0.8
FR103,FR,OTHER,7120000.0,0.6,0.4
FR103,FR,SFH,1535055.5260033477,0.9,0.3
FR104,FR,MFH_HIGH,1630601.7654134566,0.5,0.8
FR104,FR,OTHER,6190000.0,0.6,0.4
FR104,FR,SFH,1464398.2345865436,0.9,0.3
FR105,FR,MFH_HIGH,5072941.468365851,0.5,0.8
FR105,FR,OTHER,11542666.666666666,0.6,0.4
FR105,FR,SFH,698391.8649674825,0.9,0.3
FR106,FR,MFH_HIGH,2766833.495941061,0.5,0.8
FR106,FR,OTHER,7250000.0,0.6,0.4
FR106,FR,SFH,858166.504058939,0.9,0.3
FR107,FR,MFH_HIGH,2737286.4360481584,0.5,0.8
FR107,FR,OTHER,7041333.333333333,0.6,0.4
FR107,FR,SFH,783380.2306185084,0.9,0.3
FR108,FR,MFH_HIGH,1557294.4602486657,0.5,0.8
FR108,FR,OTHER,5658000.0,0.6,0.4
FR108,FR,SFH,1271705.5397513346,0.9,0.3
FR211,FR,OTHER,2349000.0,0.6,0.4
FR212,FR,OTHER,2427000.0,0.6,0.4
FR213,FR,OTHER,4587000.0,0.6,0.4
FR214,FR,OTHER,1624000.0,0.6,0.4
FR221,FR,OTHER,4281000.0,0.6,0.4
FR222,FR,OTHER,5933000.0,0.6,0.4
FR223,FR,OTHER,4604000.0,0.6,0.4
FR231,FR,OTHER,4282000.0,0.6,0.4
FR232,FR,OTHER,9821000.0,0.6,0.4
FR241,FR,OTHER,2638000.0,0.6,0.4
FR242,FR,OTHER,3344000.0,0.6,0.4
FR243,FR,OTHER,1976000.0,0.6,0.4
FR244,FR,OTHER,4571000.0,0.6,0.4
FR245,FR,OTHER,2668000.0,0.6,0.4
FR246,FR,OTHER,5269000.0,0.6,0.4
FR251,FR,OTHER,5591000.0,0.6,0.4
FR252,FR,OTHER,3863000.0,0.6,0.4
FR253,FR,OTHER,2485000.0,0.6,0.4
FR261,FR,OTHER,4586000.0,0.6,0.4
FR262,FR,OTHER,2042000.0,0.6,0.4
FR263,FR,OTHER,4616000.0,0.6,0.4
FR264,FR,OTHER,2830000.0,0.6,0.4
FR301,FR,OTHER,19988000.0,0.6,0.4
FR302,FR,OTHER,11040000.0,0.6,0.4
FR411,FR,OTHER,6059000.0,0.6,0.4
FR412,FR,OTHER,1595000.0,0.6,0.4
FR413,FR,OTHER,8128000.0,0.6,0.4
FR414,FR,OTHER,3265000.0,0.6,0.4
FR421,FR,OTHER,8313000.0,0.6,0.4
FR422,FR,OTHER,5839000.0,0.6,0.4
FR431,FR,OTHER,4448000.0,0.6,0.4
FR432,FR,OTHER,2088000.0,0.6,0.4
FR433,FR,OTHER,1908000.0,0.6,0.4
FR434,FR,OTHER,1160000.0,0.6,0.4
FR511,FR,OTHER,9684000.0,0.6,0.4
FR512,FR,OTHER,5624000.0,0.6,0.4
FR513,FR,OTHER,2335000.0,0.6,0.4
FR514,FR,OTHER,4471000.0,0.6,0.4
FR515,FR,OTHER,4718000.0,0.6,0.4
FR521,FR,OTHER,4814000.0,0.6,0.4
FR522,FR,OTHER,7013000.0,0.6,0.4
FR523,FR,OTHER,7321000.0,0.6,0.4
FR524,FR,OTHER,5387000.0,0.6,0.4
FR531,FR,OTHER,2734000.0,0.6,0.4
FR532,FR,OTHER,4872000.0,0.6,0.4
FR533,FR,OTHER,2926000.0,0.6,0.4
FR534,FR,OTHER,3408000.0,0.6,0.4
FR611,FR,OTHER,3315000.0,0.6,0.4
FR612,FR,OTHER,10896000.0,0.6,0.4
FR613,FR,OTHER,2745000.0,0.6,0.4
FR614,FR,OTHER,2472000.0,0.6,0.4
FR615,FR,OTHER,4731000.0,0.6,0.4
FR621,FR,OTHER,1471000.0,0.6,0.4
FR622,FR,OTHER,2544000.0,0.6,0.4
FR623,FR,OTHER,9392000.0,0.6,0.4
FR624,FR,OTHER,1448000.0,0.6,0.4
FR625,FR,OTHER,1511000.0,0.6,0.4
FR626,FR,OTHER,2002000.0,0.6,0.4
FR627,FR,OTHER,2744000.0,0.6,0.4
FR628,FR,OTHER,1722000.0,0.6,0.4
FR631,FR,OTHER,2225000.0,0.6,0.4
FR632,FR,OTHER,1201000.0,0.6,0.4
FR633,FR,OTHER,3151000.0,0.6,0.4
FR711,FR,OTHER,4268000.0,0.6,0.4
FR712,FR,OTHER,2774000.0,0.6,0.4
FR713,FR,OTHER,3779000.0,0.6,0.4
FR714,FR,OTHER,9386000.0,0.6,0.4
FR715,FR,OTHER,5648000.0,0.6,0.4
FR716,FR,OTHER,13572000.0,0.6,0.4
FR717,FR,OTHER,4191000.0,0.6,0.4
FR718,FR,OTHER,7007000.0,0.6,0.4
FR721,FR,OTHER,3081000.0,0.6,0.4
FR722,FR,OTHER,1600000.0,0.6,0.4
FR723,FR,OTHER,2092000.0,0.6,0.4
FR724,FR,OTHER,5816000.0,0.6,0.4
FR811,FR,OTHER,2730000.0,0.6,0.4
FR812,FR,OTHER,5002000.0,0.6,0.4
FR813,FR,OTHER,7586000.0,0.6,0.4
FR814,FR,OTHER,882000.0,0.6,0.4
FR815,FR,OTHER,4356000.0,0.6,0.4
FR821,FR,OTHER,1740000.0,0.6,0.4
FR822,FR,OTHER,1613000.0,0.6,0.4
FR823,FR,OTHER,9619000.0,0.6,0.4
FR824,FR,OTHER,14536000.0,0.6,0.4
FR825,FR,OTHER,7570000.0,0.6,0.4
FR826,FR,OTHER,4361000.0,0.6,0.4
FR831,FR,OTHER,832000.0,0.6,0.4
FR832,FR,OTHER,1128000.0,0.6,0.4
FRA10,FR,OTHER,1786000.0,0.6,0.4
FRA20,FR,OTHER,1443000.0,0.6,0.4
FRA30,FR,OTHER,493000.0,0.6,0.4
FRA40,FR,OTHER,1864000.0,0.6,0.4
FRA50,FR,OTHER,627000.0,0.6,0.4
FRZZZ,FR,MFH_HIGH,0.0,0.5,0.8
FRZZZ,FR,OTHER,0.0,0.6,0.4
FRZZZ,FR,SFH,0.0,0.9,0.3
HR031,HR,MFH_HIGH,261148.7487643985,0.5,0.8
HR031,HR,OTHER,969396.7364991629,0.6,0.4
HR031,HR,SFH,216454.51473643864,0.9,0.3
HR032,HR,MFH_HIGH,28460.672544924026,0.5,0.8
HR032,HR,OTHER,233442.2485131623,0.6,0.4
HR032,HR,SFH,85097.07894191369,0.9,0.3
HR033,HR,MFH_HIGH,104526.90129449838,0.5,0.8
HR033,HR,OTHER,593112.6955231931,0.6,0.4
HR033,HR,SFH,187360.4031823085,0.9,0.3
HR034,HR,MFH_HIGH,75787.38956855856,0.5,0.8
HR034,HR,OTHER,388926.7170883952,0.6,0.4
HR034,HR,SFH,116285.89334304632,0.9,0.3
HR035,HR,MFH_HIGH,327065.9567667854,0.5,0.8
HR035,HR,OTHER,1180421.7304199375,0.6,0.4
HR035,HR,SFH,256512.31281327712,0.9,0.3
HR036,HR,MFH_HIGH,151563.8703783319,0.5,0.8
HR036,HR,OTHER,690783.2975064488,0.6,0.4
HR036,HR,SFH,188652.83211521927,0.9,0.3
HR037,HR,MFH_HIGH,67559.63729365263,0.5,0.8
HR037,HR,OTHER,325847.18670076726,0.6,0.4
HR037,HR,SFH,92593.1760055801,0.9,0.3
HR041,HR,OTHER,4147000.0,0.6,0.4
HR042,HR,OTHER,1145000.0,0.6,0.4
HR043,HR,OTHER,488000.0,0.6,0.4
HR044,HR,OTHER,633000.0,0.6,0.4
HR045,HR,OTHER,418000.0,0.6,0.4
HR046,HR,OTHER,368000.0,0.6,0.4
HR047,HR,OTHER,439000.0,0.6,0.4
HR048,HR,OTHER,290000.0,0.6,0.4
HR049,HR,OTHER,275000.0,0.6,0.4
HR04A,HR,OTHER,504000.0,0.6,0.4
HR04B,HR,OTHER,1156000.0,0.6,0.4
HR04C,HR,OTHER,604000.0,0.6,0.4
HR04D,HR,OTHER,528000.0,0.6,0.4
HR04E,HR,OTHER,690000.0,0.6,0.4
HRZZZ,HR,MFH_HIGH,0.0,0.5,0.8
HRZZZ,HR,OTHER,0.0,0.6,0.4
HRZZZ,HR,SFH,0.0,0.9,0.3
HU101,HU,OTHER,16811000.0,0.6,0.4
HU102,HU,OTHER,8487000.0,0.6,0.4
HU211,HU,MFH_HIGH,267802.102675334,0.5,0.8
HU211,HU,OTHER,1774297.0963829171,0.6,0.4
HU211,HU,SFH,618900.8009417488,0.9,0.3
HU212,HU,MFH_HIGH,247173.1883023209,0.5,0.8
HU212,HU,OTHER,1293552.9187416304,0.6,0.4
HU212,HU,SFH,399273.8929560488,0.9,0.3
HU213,HU,MFH_HIGH,255635.034774958,0.5,0.8
HU213,HU,OTHER,1599030.721490934,0.6,0.4
HU213,HU,SFH,542334.2437341079,0.9,0.3
HU221,HU,MFH_HIGH,360083.03173408145,0.5,0.8
HU221,HU,OTHER,2044987.4299638525,0.6,0.4
HU221,HU,SFH,661929.5383020664,0.9,0.3
HU222,HU,MFH_HIGH,193409.2818011667,0.5,0.8
HU222,HU,OTHER,1194887.0035657198,0.6,0.4
HU222,HU,SFH,403703.7146331134,0.9,0.3
HU223,HU,MFH_HIGH,201943.72577673296,0.5,0.8
HU223,HU,OTHER,1290414.7277463626,0.6,0.4
HU223,HU,SFH,442641.5464769045,0.9,0.3
HU231,HU,MFH_HIGH,320647.3758477519,0.5,0.8
HU231,HU,OTHER,1667873.343282259,0.6,0.4
HU231,HU,SFH,511479.2808699893,0.9,0.3
HU232,HU,MFH_HIGH,147388.2259402181,0.5,0.8
HU232,HU,OTHER,1451749.1792154738,0.6,0.4
HU232,HU,SFH,575862.594844308,0.9,0.3
HU233,HU,MFH_HIGH,112311.69363096455,0.5,0.8
HU233,HU,OTHER,1068157.680419491,0.6,0.4
HU233,HU,SFH,421530.62594954495,0.9,0.3
HU311,HU,MFH_HIGH,444954.5437967901,0.5,0.8
HU311,HU,OTHER,2918346.6753164656,0.6,0.4
HU311,HU,SFH,1013698.7808867444,0.9,0.3
HU312,HU,MFH_HIGH,166410.85169813526,0.5,0.8
HU312,HU,OTHER,1438880.275910446,0.6,0.4
HU312,HU,SFH,552708.8723914187,0.9,0.3
HU313,HU,MFH_HIGH,95639.50039576794,0.5,0.8
HU313,HU,OTHER,912713.5980723988,0.6,0.4
HU313,HU,SFH,360646.9015318331,0.9,0.3
HU321,HU,MFH_HIGH,320298.0106618125,0.5,0.8
HU321,HU,OTHER,2328284.3465207266,0.6,0.4
HU321,HU,SFH,843417.6428174608,0.9,0.3
HU322,HU,MFH_HIGH,161384.50990775062,0.5,0.8
HU322,HU,OTHER,1672167.754521892,0.6,0.4
HU322,HU,SFH,674447.7355703576,0.9,0.3
HU323,HU,MFH_HIGH,207264.2881489974,0.5,0.8
HU323,HU,OTHER,2411473.0283021284,0.6,0.4
HU323,HU,SFH,998262.6835488745,0.9,0.3
HU331,HU,MFH_HIGH,247453.3377416567,0.5,0.8
HU331,HU,OTHER,2437613.8375231256,0.6,0.4
HU331,HU,SFH,970932.8247352178,0.9,0.3
HU332,HU,MFH_HIGH,157252.354928185,0.5,0.8
HU332,HU,OTHER,1710166.9733336994,0.6,0.4
HU332,HU,SFH,697580.6717381156,0.9,0.3
HU333,HU,MFH_HIGH,337593.45184376073,0.5,0.8
HU333,HU,OTHER,1914156.1626865324,0.6,0.4
HU333,HU,SFH,619250.385469707,0.9,0.3
HUZZZ,HU,MFH_HIGH,0.0,0.5,0.8
HUZZZ,HU,OTHER,0.0,0.6,0.4
HUZZZ,HU,SFH,0.0,0.9,0.3
IE011,IE,OTHER,3777000.0,0.6,0.4
IE012,IE,OTHER,1926000.0,0.6,0.4
IE013,IE,OTHER,3192000.0,0.6,0.4
IE021,IE,OTHER,11309000.0,0.6,0.4
IE022,IE,OTHER,3510000.0,0.6,0.4
IE023,IE,OTHER,2676000.0,0.6,0.4
IE024,IE,OTHER,3474000.0,0.6,0.4
IE025,IE,OTHER,4963000.0,0.6,0.4
IEZZZ,IE,MFH_HIGH,0.0,0.5,0.8
IEZZZ,IE,OTHER,0.0,0.6,0.4
IEZZZ,IE,SFH,0.0,0.9,0.3
ITC11,IT,MFH_HIGH,5305892.404138409,0.5,0.8
ITC11,IT,OTHER,13570228.115771268,0.6,0.4
ITC11,IT,SFH,1460879.4800903252,0.9,0.3
ITC12,IT,MFH_HIGH,296135.64319941023,0.5,0.8
ITC12,IT,OTHER,1083941.2353219946,0.6,0.4
ITC12,IT,SFH,243923.12147859516,0.9,0.3
ITC13,IT,MFH_HIGH,320314.1697799546,0.5,0.8
ITC13,IT,OTHER,1220093.523765261,0.6,0.4
ITC13,IT,SFH,287592.30645478435,0.9,0.3
ITC14,IT,MFH_HIGH,323059.32309427863,0.5,0.8
ITC14,IT,OTHER,1150707.5196078625,0.6,0.4
ITC14,IT,SFH,250233.1572978588,0.9,0.3
ITC15,IT,MFH_HIGH,611481.3267007165,0.5,0.8
ITC15,IT,OTHER,2077027.9119670847,0.6,0.4
ITC15,IT,SFH,420490.7613321984,0.9,0.3
ITC16,IT,MFH_HIGH,898460.0261367675,0.5,0.8
ITC16,IT,OTHER,3329710.645275933,0.6,0.4
ITC16,IT,SFH,759829.3285872993,0.9,0.3
ITC17,IT,MFH_HIGH,298408.91537355486,0.5,0.8
ITC17,IT,OTHER,1240991.7910424978,0.6,0.4
ITC17,IT,SFH,320599.2935839472,0.9,0.3
ITC18,IT,MFH_HIGH,737041.6086707484,0.5,0.8
ITC18,IT,OTHER,2557807.2972467644,0.6,0.4
ITC18,IT,SFH,539151.0940824872,0.9,0.3
ITC20,IT,MFH_HIGH,306361.3001180903,0.5,0.8
ITC20,IT,OTHER,929733.815148322,0.6,0.4
ITC20,IT,SFH,156904.88473358777,0.9,0.3
ITC31,IT,MFH_HIGH,392114.67686437647,0.5,0.8
ITC31,IT,OTHER,1006329.2551106978,0.6,0.4
ITC31,IT,SFH,110556.0680249258,0.9,0.3
ITC32,IT,MFH_HIGH,588556.8150653625,0.5,0.8
ITC32,IT,OTHER,1496522.612409074,0.6,0.4
ITC32,IT,SFH,158920.57252556385,0.9,0.3
ITC33,IT,MFH_HIGH,2426342.867732779,0.5,0.8
ITC33,IT,OTHER,5478430.549923688,0.6,0.4
ITC33,IT,SFH,310226.58234353265,0.9,0.3
ITC34,IT,MFH_HIGH,399221.68433754734,0.5,0.8
ITC34,IT,OTHER,1096350.8153721082,0.6,0.4
ITC34,IT,SFH,148427.5002903444,0.9,0.3
ITC41,IT,MFH_HIGH,1635839.0776744066,0.5,0.8
ITC41,IT,OTHER,5000577.562706191,0.6,0.4
ITC41,IT,SFH,844583.3596194026,0.9,0.3
ITC42,IT,MFH_HIGH,1177591.1501188518,0.5,0.8
ITC42,IT,OTHER,3485231.003905716,0.6,0.4
ITC42,IT,SFH,556177.8459754323,0.9,0.3
ITC43,IT,MFH_HIGH,678896.7317189261,0.5,0.8
ITC43,IT,OTHER,1890217.6517000056,0.6,0.4
ITC43,IT,SFH,260885.6165810681,0.9,0.3
ITC44,IT,MFH_HIGH,483259.4479273135,0.5,0.8
ITC44,IT,OTHER,1710459.7678532714,0.6,0.4
ITC44,IT,SFH,369280.7842194153,0.9,0.3
ITC46,IT,MFH_HIGH,2587429.558260756,0.5,0.8
ITC46,IT,OTHER,7001259.382120766,0.6,0.4
ITC46,IT,SFH,906311.0596184786,0.9,0.3
ITC47,IT,MFH_HIGH,2512715.9297454623,0.5,0.8
ITC47,IT,OTHER,7231200.90869484,0.6,0.4
ITC47,IT,SFH,1091083.1615596977,0.9,0.3
ITC48,IT,MFH_HIGH,804298.1838822879,0.5,0.8
ITC48,IT,OTHER,2982983.4128112723,0.6,0.4
ITC48,IT,SFH,681718.4033064399,0.9,0.3
ITC49,IT,MFH_HIGH,371306.803519404,0.5,0.8
ITC49,IT,OTHER,1157946.531682226,0.6,0.4
ITC49,IT,SFH,206746.66479836992,0.9,0.3
ITC4A,IT,MFH_HIGH,552318.9798227507,0.5,0.8
ITC4A,IT,OTHER,1992984.6527537452,0.6,0.4
ITC4A,IT,SFH,441696.367423504,0.9,0.3
ITC4B,IT,MFH_HIGH,519752.6890236357,0.5,0.8
ITC4B,IT,OTHER,2309565.133028091,0.6,0.4
ITC4B,IT,SFH,632682.1779482737,0.9,0.3
ITC4C,IT,MFH_HIGH,8717954.852291554,0.5,0.8
ITC4C,IT,OTHER,19641577.43221113,0.6,0.4
ITC4C,IT,SFH,1093467.715497318,0.9,0.3
ITC4D,IT,MFH_HIGH,1705334.856046671,0.5,0.8
ITC4D,IT,OTHER,4311311.607336074,0.6,0.4
ITC4D,IT,SFH,448353.53661725455,0.9,0.3
ITF11,IT,MFH_HIGH,537661.9246861925,0.5,0.8
ITF11,IT,OTHER,1777873.1136043349,0.6,0.4
ITF11,IT,SFH,350464.96170947264,0.9,0.3
ITF12,IT,MFH_HIGH,499724.3279086569,0.5,0.8
ITF12,IT,OTHER,1589440.678804834,0.6,0.4
ITF12,IT,SFH,292834.99328650936,0.9,0.3
ITF13,IT,MFH_HIGH,541593.6290581205,0.5,0.8
ITF13,IT,OTHER,1548036.1296107753,0.6,0.4
ITF13,IT,SFH,229370.24133110404,0.9,0.3
ITF14,IT,MFH_HIGH,545104.8595991347,0.5,0.8
ITF14,IT,OTHER,1815068.2682143084,0.6,0.4
ITF14,IT,SFH,358826.8721865571,0.9,0.3
ITF21,IT,MFH_HIGH,120078.99365236718,0.5,0.8
ITF21,IT,OTHER,478731.72057624353,0.6,0.4
ITF21,IT,SFH,119189.28577138927,0.9,0.3
ITF22,IT,MFH_HIGH,346385.5591038927,0.5,0.8
ITF22,IT,OTHER,1152932.6143686585,0.6,0.4
ITF22,IT,SFH,227681.8265274488,0.9,0.3
ITF31,IT,MFH_HIGH,1191443.6668694285,0.5,0.8
ITF31,IT,OTHER,3583075.282744713,0.6,0.4
ITF31,IT,SFH,597481.0503858582,0.9,0.3
ITF32,IT,MFH_HIGH,375842.59395464207,0.5,0.8
ITF32,IT,OTHER,1388705.81760448,0.6,0.4
ITF32,IT,SFH,317451.5884408779,0.9,0.3
ITF33,IT,MFH_HIGH,5026923.50900572,0.5,0.8
ITF33,IT,OTHER,11715333.311381549,0.6,0.4
ITF33,IT,SFH,825743.1796127318,0.9,0.3
ITF34,IT,MFH_HIGH,613532.44469654,0.5,0.8
ITF34,IT,OTHER,2258534.6434887056,0.6,0.4
ITF34,IT,SFH,513932.9118147543,0.9,0.3
ITF35,IT,MFH_HIGH,1674663.306307959,0.5,0.8
ITF35,IT,OTHER,4698855.463199784,0.6,0.4
ITF35,IT,SFH,670481.2304922568,0.9,0.3
ITF43,IT,MFH_HIGH,851037.835729147,0.5,0.8
ITF43,IT,OTHER,2599479.210800076,0.6,0.4
ITF43,IT,SFH,447482.9534707774,0.9,0.3
ITF44,IT,MFH_HIGH,433230.2924696627,0.5,0.8
ITF44,IT,OTHER,1723929.381567003,0.6,0.4
ITF44,IT,SFH,426840.3259633344,0.9,0.3
ITF45,IT,MFH_HIGH,651722.6315844515,0.5,0.8
ITF45,IT,OTHER,3472093.111489914,0.6,0.4
ITF45,IT,SFH,1081184.256925635,0.9,0.3
ITF46,IT,MFH_HIGH,1049446.782586768,0.5,0.8
ITF46,IT,OTHER,2677993.7187657603,0.6,0.4
ITF46,IT,SFH,286559.4986474714,0.9,0.3
ITF47,IT,MFH_HIGH,2208434.6480492186,0.5,0.8
ITF47,IT,OTHER,5570782.180680072,0.6,0.4
ITF47,IT,SFH,569783.171270709,0.9,0.3
ITF48,IT,MFH_HIGH,639705.7349490486,0.5,0.8
ITF48,IT,OTHER,1562005.9495787106,0.6,0.4
ITF48,IT,SFH,139288.31547224085,0.9,0.3
ITF51,IT,MFH_HIGH,525264.6172364972,0.5,0.8
ITF51,IT,OTHER,1839191.710124112,0.6,0.4
ITF51,IT,SFH,392543.672639391,0.9,0.3
ITF52,IT,MFH_HIGH,245529.2516822823,0.5,0.8
ITF52,IT,OTHER,708917.0209277442,0.6,0.4
ITF52,IT,SFH,108553.7273899734,0.9,0.3
ITF61,IT,MFH_HIGH,908188.0116168326,0.5,0.8
ITF61,IT,OTHER,2870730.247269221,0.6,0.4
ITF61,IT,SFH,526081.7411139461,0.9,0.3
ITF62,IT,MFH_HIGH,186786.2998454405,0.5,0.8
ITF62,IT,OTHER,604078.4173106647,0.6,0.4
ITF62,IT,SFH,115135.2828438949,0.9,0.3
ITF63,IT,MFH_HIGH,437920.3902041003,0.5,0.8
ITF63,IT,OTHER,1439097.2688763237,0.6,0.4
ITF63,IT,SFH,280982.3409195761,0.9,0.3
ITF64,IT,MFH_HIGH,194541.97579415757,0.5,0.8
ITF64,IT,OTHER,750932.0265654481,0.6,0.4
ITF64,IT,SFH,180525.99764039431,0.9,0.3
ITF65,IT,MFH_HIGH,765559.7324789655,0.5,0.8
ITF65,IT,OTHER,2646802.5400676867,0.6,0.4
ITF65,IT,SFH,556637.727453348,0.9,0.3
ITG11,IT,MFH_HIGH,356899.2221269921,0.5,0.8
ITG11,IT,OTHER,1569605.7443883568,0.6,0.4
ITG11,IT,SFH,427495.033484651,0.9,0.3
ITG12,IT,MFH_HIGH,2053647.159006673,0.5,0.8
ITG12,IT,OTHER,5823153.575319121,0.6,0.4
ITG12,IT,SFH,856199.2656742067,0.9,0.3
ITG13,IT,MFH_HIGH,934836.0913150008,0.5,0.8
ITG13,IT,OTHER,3021202.0260438044,0.6,0.4
ITG13,IT,SFH,574961.882641195,0.9,0.3
ITG14,IT,MFH_HIGH,625657.0623801083,0.5,0.8
ITG14,IT,OTHER,2292406.2744336254,0.6,0.4
ITG14,IT,SFH,519936.66318626615,0.9,0.3
ITG15,IT,MFH_HIGH,347775.74977694964,0.5,0.8
ITG15,IT,OTHER,1155461.6025650457,0.6,0.4
ITG15,IT,SFH,229762.6476580046,0.9,0.3
ITG16,IT,MFH_HIGH,193943.8797689776,0.5,0.8
ITG16,IT,OTHER,790057.2380814375,0.6,0.4
ITG16,IT,SFH,200998.8821495849,0.9,0.3
ITG17,IT,MFH_HIGH,1333635.0357610555,0.5,0.8
ITG17,IT,OTHER,3960893.858500386,0.6,0.4
ITG17,IT,SFH,645471.1057385581,0.9,0.3
ITG18,IT,MFH_HIGH,341573.4987757277,0.5,0.8
ITG18,IT,OTHER,1450512.539792878,0.6,0.4
ITG18,IT,SFH,382913.961431394,0.9,0.3
ITG19,IT,MFH_HIGH,427706.586049829,0.5,0.8
ITG19,IT,OTHER,1609013.8918156622,0.6,0.4
ITG19,IT,SFH,376279.52213450905,0.9,0.3
ITG25,IT,OTHER,2238000.0,0.6,0.4
ITG26,IT,OTHER,1106000.0,0.6,0.4
ITG27,IT,OTHER,3503000.0,0.6,0.4
ITG28,IT,OTHER,1177000.0,0.6,0.4
ITG29,IT,OTHER,1032000.0,0.6,0.4
ITG2A,IT,OTHER,364000.0,0.6,0.4
ITG2B,IT,OTHER,619000.0,0.6,0.4
ITG2C,IT,OTHER,766000.0,0.6,0.4
ITH10,IT,MFH_HIGH,1361854.4717683312,0.5,0.8
ITH10,IT,OTHER,3904724.598795404,0.6,0.4
ITH10,IT,SFH,565420.9294362647,0.9,0.3
ITH20,IT,MFH_HIGH,1259664.70825455,0.5,0.8
ITH20,IT,OTHER,3747723.064588963,0.6,0.4
ITH20,IT,SFH,604612.227156487,0.9,0.3
ITH31,IT,MFH_HIGH,1848284.7298225053,0.5,0.8
ITH31,IT,OTHER,5624909.213122947,0.6,0.4
ITH31,IT,SFH,952806.0570545468,0.9,0.3
ITH32,IT,MFH_HIGH,1344733.4996307325,0.5,0.8
ITH32,IT,OTHER,5115982.579000052,0.6,0.4
ITH32,IT,SFH,1196283.9213692157,0.9,0.3
ITH33,IT,MFH_HIGH,472665.18893650174,0.5,0.8
ITH33,IT,OTHER,1808170.546162836,0.6,0.4
ITH33,IT,SFH,426164.2649006623,0.9,0.3
ITH34,IT,MFH_HIGH,1472171.920858164,0.5,0.8
ITH34,IT,OTHER,5468245.406608164,0.6,0.4
ITH34,IT,SFH,1238582.6725336718,0.9,0.3
ITH35,IT,MFH_HIGH,1660459.0965506008,0.5,0.8
ITH35,IT,OTHER,5143056.068126915,0.6,0.4
ITH35,IT,SFH,906484.835322484,0.9,0.3
ITH36,IT,MFH_HIGH,1478674.2809736857,0.5,0.8
ITH36,IT,OTHER,5711330.001963645,0.6,0.4
ITH36,IT,SFH,1372995.7170626686,0.9,0.3
ITH37,IT,MFH_HIGH,284842.7449529559,0.5,0.8
ITH37,IT,OTHER,1470994.4337472988,0.6,0.4
ITH37,IT,SFH,447162.8212997453,0.9,0.3
ITH41,IT,MFH_HIGH,419484.9823738753,0.5,0.8
ITH41,IT,OTHER,2090220.8140446476,0.6,0.4
ITH41,IT,SFH,623294.2035814774,0.9,0.3
ITH42,IT,MFH_HIGH,804903.5477921232,0.5,0.8
ITH42,IT,OTHER,3629708.311619477,0.6,0.4
ITH42,IT,SFH,1004388.1405883996,0.9,0.3
ITH43,IT,MFH_HIGH,307994.01353064243,0.5,0.8
ITH43,IT,OTHER,831384.3099525053,0.6,0.4
ITH43,IT,SFH,106621.67651685224,0.9,0.3
ITH44,IT,MFH_HIGH,694403.7007104086,0.5,0.8
ITH44,IT,OTHER,1555545.0291347385,0.6,0.4
ITH44,IT,SFH,82051.27015485313,0.9,0.3
ITH51,IT,MFH_HIGH,614096.7735471388,0.5,0.8
ITH51,IT,OTHER,1924826.3602378813,0.6,0.4
ITH51,IT,SFH,345076.8662149796,0.9,0.3
ITH52,IT,MFH_HIGH,1048045.979784334,0.5,0.8
ITH52,IT,OTHER,2953593.829155912,0.6,0.4
ITH52,IT,SFH,423360.1910597544,0.9,0.3
ITH53,IT,MFH_HIGH,924815.8326968952,0.5,0.8
ITH53,IT,OTHER,3094600.499721853,0.6,0.4
ITH53,IT,SFH,618583.6675812519,0.9,0.3
ITH54,IT,MFH_HIGH,1455531.6384212405,0.5,0.8
ITH54,IT,OTHER,4158920.097667526,0.6,0.4
ITH54,IT,SFH,618548.2639112337,0.9,0.3
ITH55,IT,MFH_HIGH,2674563.6160757886,0.5,0.8
ITH55,IT,OTHER,6400159.804637808,0.6,0.4
ITH55,IT,SFH,515276.5792864027,0.9,0.3
ITH56,IT,MFH_HIGH,650806.4919615363,0.5,0.8
ITH56,IT,OTHER,2159843.5950550805,0.6,0.4
ITH56,IT,SFH,424349.9129833832,0.9,0.3
ITH57,IT,MFH_HIGH,688098.6507558735,0.5,0.8
ITH57,IT,OTHER,2368822.2191047906,0.6,0.4
ITH57,IT,SFH,492079.1301393357,0.9,0.3
ITH58,IT,MFH_HIGH,665938.4071116045,0.5,0.8
ITH58,IT,OTHER,2267586.4649460563,0.6,0.4
ITH58,IT,SFH,462475.1279423394,0.9,0.3
ITH59,IT,MFH_HIGH,635614.4373180099,0.5,0.8
ITH59,IT,OTHER,1919097.474146521,0.6,0.4
ITH59,IT,SFH,320288.0885354693,0.9,0.3
ITI11,IT,MFH_HIGH,369350.2671105031,0.5,0.8
ITI11,IT,OTHER,1217849.655652725,0.6,0.4
ITI11,IT,SFH,238800.077236772,0.9,0.3
ITI12,IT,MFH_HIGH,523992.2189666453,0.5,0.8
ITI12,IT,OTHER,2276398.5294683627,0.6,0.4
ITI12,IT,SFH,611609.2515649917,0.9,0.3
ITI13,IT,MFH_HIGH,480484.4860217136,0.5,0.8
ITI13,IT,OTHER,1655475.8561988925,0.6,0.4
ITI13,IT,SFH,344039.657779394,0.9,0.3
ITI14,IT,MFH_HIGH,2418900.48405721,0.5,0.8
ITI14,IT,OTHER,5949279.547499548,0.6,0.4
ITI14,IT,SFH,551819.9684432425,0.9,0.3
ITI15,IT,MFH_HIGH,493447.7274853332,0.5,0.8
ITI15,IT,OTHER,1334504.0024589396,0.6,0.4
ITI15,IT,SFH,172048.27005572707,0.9,0.3
ITI16,IT,MFH_HIGH,767395.3664306124,0.5,0.8
ITI16,IT,OTHER,1834674.9299616804,0.6,0.4
ITI16,IT,SFH,148929.70360770717,0.9,0.3
ITI17,IT,MFH_HIGH,773508.7335591067,0.5,0.8
ITI17,IT,OTHER,2274987.2033655723,0.6,0.4
ITI17,IT,SFH,361504.0630753209,0.9,0.3
ITI18,IT,MFH_HIGH,617954.6807829285,0.5,0.8
ITI18,IT,OTHER,2063310.648332347,0.6,0.4
ITI18,IT,SFH,411734.6708847247,0.9,0.3
ITI19,IT,MFH_HIGH,587595.6187078664,0.5,0.8
ITI19,IT,OTHER,1556094.845126923,0.6,0.4
ITI19,IT,SFH,187309.53616521083,0.9,0.3
ITI1A,IT,MFH_HIGH,443756.65217518894,0.5,0.8
ITI1A,IT,OTHER,1156610.6376110443,0.6,0.4
ITI1A,IT,SFH,133632.71021376678,0.9,0.3
ITI21,IT,MFH_HIGH,1072599.2936013662,0.5,0.8
ITI21,IT,OTHER,3697349.7179979626,0.6,0.4
ITI21,IT,SFH,770050.9884006709,0.9,0.3
ITI22,IT,MFH_HIGH,413101.8680652484,0.5,0.8
ITI22,IT,OTHER,1279250.7549803325,0.6,0.4
ITI22,IT,SFH,225647.3769544192,0.9,0.3
ITI31,IT,MFH_HIGH,652978.0727062897,0.5,0.8
ITI31,IT,OTHER,2117960.9040699634,0.6,0.4
ITI31,IT,SFH,401061.02322374686,0.9,0.3
ITI32,IT,MFH_HIGH,981268.892005064,0.5,0.8
ITI32,IT,OTHER,2759106.540514874,0.6,0.4
ITI32,IT,SFH,395624.56748006254,0.9,0.3
ITI33,IT,MFH_HIGH,566269.6907937514,0.5,0.8
ITI33,IT,OTHER,1815166.427162504,0.6,0.4
ITI33,IT,SFH,333563.8820437445,0.9,0.3
ITI34,IT,MFH_HIGH,476882.5647054226,0.5,0.8
ITI34,IT,OTHER,1332154.892472418,0.6,0.4
ITI34,IT,SFH,187962.54282215945,0.9,0.3
ITI35,IT,MFH_HIGH,269616.39145955304,0.5,0.8
ITI35,IT,OTHER,907969.9993279596,0.6,0.4
ITI35,IT,SFH,183413.6092124873,0.9,0.3
ITI41,IT,MFH_HIGH,525621.4393536814,0.5,0.8
ITI41,IT,OTHER,1675044.8690089537,0.6,0.4
ITI41,IT,SFH,310333.6916373654,0.9,0.3
ITI42,IT,MFH_HIGH,263668.7494928183,0.5,0.8
ITI42,IT,OTHER,931144.3479672158,0.6,0.4
ITI42,IT,SFH,201186.9025399659,0.9,0.3
ITI43,IT,MFH_HIGH,9276636.882343778,0.5,0.8
ITI43,IT,OTHER,21344824.99494355,0.6,0.4
ITI43,IT,SFH,1388538.122712668,0.9,0.3
ITI44,IT,MFH_HIGH,738925.258253764,0.5,0.8
ITI44,IT,OTHER,2276241.38770009,0.6,0.4
ITI44,IT,SFH,397833.3540461458,0.9,0.3
ITI45,IT,MFH_HIGH,560856.3983920432,0.5,0.8
ITI45,IT,OTHER,2494946.619217082,0.6,0.4
ITI45,IT,SFH,684196.982390875,0.9,0.3
ITZZZ,IT,MFH_HIGH,0.0,0.5,0.8
ITZZZ,IT,OTHER,0.0,0.6,0.4
ITZZZ,IT,SFH,0.0,0.9,0.3
LT001,LT,OTHER,878000.0,0.6,0.4
LT002,LT,OTHER,3366000.0,0.6,0.4
LT003,LT,OTHER,1816000.0,0.6,0.4
LT004,LT,OTHER,889000.0,0.6,0.4
LT005,LT,OTHER,1447000.0,0.6,0.4
LT006,LT,OTHER,1702000.0,0.6,0.4
LT007,LT,OTHER,626000.0,0.6,0.4
LT008,LT,OTHER,830000.0,0.6,0.4
LT009,LT,OTHER,904000.0,0.6,0.4
LT00A,LT,OTHER,4836000.0,0.6,0.4
LTZZZ,LT,MFH_HIGH,0.0,0.5,0.8
LTZZZ,LT,OTHER,0.0,0.6,0.4
LTZZZ,LT,SFH,0.0,0.9,0.3
LU000,LU,MFH_HIGH,1229859.3165252102,0.5,0.8
LU000,LU,OTHER,5515333.333333333,0.6,0.4
LU000,LU,SFH,1527807.3501414566,0.9,0.3
LUZZZ,LU,MFH_HIGH,0.0,0.5,0.8
LUZZZ,LU,OTHER,0.0,0.6,0.4
LUZZZ,LU,SFH,0.0,0.9,0.3
LV003,LV,MFH_HIGH,517566.9408852139,0.5,0.8
LV003,LV,OTHER,1514270.706305624,0.6,0.4
LV003,LV,SFH,237162.3528091621,0.9,0.3
LV005,LV,MFH_HIGH,534384.0130317069,0.5,0.8
LV005,LV,OTHER,1784583.0080015284,0.6,0.4
LV005,LV,SFH,357032.9789667646,0.9,0.3
LV006,LV,MFH_HIGH,1791150.5216960502,0.5,0.8
LV006,LV,OTHER,3821919.1328585935,0.6,0.4
LV006,LV,SFH,114930.34544535576,0.9,0.3
LV007,LV,MFH_HIGH,626581.6119696994,0.5,0.8
LV007,LV,OTHER,2312410.326028441,0.6,0.4
LV007,LV,SFH,527008.0620018593,0.9,0.3
LV008,LV,MFH_HIGH,355293.0588464224,0.5,0.8
LV008,LV,OTHER,1312024.312351911,0.6,0.4
LV008,LV,SFH,297682.6288016666,0.9,0.3
LV009,LV,MFH_HIGH,434815.5857211636,0.5,0.8
LV009,LV,OTHER,1413068.883970071,0.6,0.4
LV009,LV,SFH,270115.5303087651,0.9,0.3
LVZZZ,LV,MFH_HIGH,0.0,0.5,0.8
LVZZZ,LV,OTHER,0.0,0.6,0.4
LVZZZ,LV,SFH,0.0,0.9,0.3
MT001,MT,MFH_HIGH,104862.94186273548,0.5,0.8
MT001,MT,OTHER,448664.7961349757,0.6,0.4
MT001,MT,SFH,119472.26200228884,0.9,0.3
MT002,MT,MFH_HIGH,5659.839715048976,0.5,0.8
MT002,MT,OTHER,40000.0,0.6,0.4
MT002,MT,SFH,14340.160284951024,0.9,0.3
MTZZZ,MT,MFH_HIGH,0.0,0.5,0.8
MTZZZ,MT,OTHER,0.0,0.6,0.4
MTZZZ,MT,SFH,0.0,0.9,0.3
NL111,NL,MFH_HIGH,48986.325722632224,0.5,0.8
NL111,NL,OTHER,862909.1424507996,0.6,0.4
NL111,NL,SFH,382104.5318265682,0.9,0.3
NL112,NL,MFH_HIGH,22140.24261825534,0.5,0.8
NL112,NL,OTHER,306051.5563792595,0.6,0.4
NL112,NL,SFH,130808.20100248516,0.9,0.3
NL113,NL,MFH_HIGH,393407.4040181882,0.5,0.8
NL113,NL,OTHER,2463165.946691321,0.6,0.4
NL113,NL,SFH,837426.6492904903,0.9,0.3
NL121,NL,OTHER,3026000.0,0.6,0.4
NL122,NL,OTHER,918000.0,0.6,0.4
NL123,NL,OTHER,1885000.0,0.6,0.4
NL131,NL,MFH_HIGH,74143.57048910881,0.5,0.8
NL131,NL,OTHER,1166465.9486375807,0.6,0.4
NL131,NL,SFH,508390.4808733106,0.9,0.3
NL132,NL,MFH_HIGH,55924.308408764,0.5,0.8
NL132,NL,OTHER,960853.7108707572,0.6,0.4
NL132,NL,SFH,424221.9807204787,0.9,0.3
NL133,NL,MFH_HIGH,55640.06106314576,0.5,0.8
NL133,NL,OTHER,804400.3174474796,0.6,0.4
NL133,NL,SFH,345959.62148937467,0.9,0.3
NL211,NL,MFH_HIGH,173261.14426531823,0.5,0.8
NL211,NL,OTHER,2206619.4996743533,0.6,0.4
NL211,NL,SFH,929119.3560603288,0.9,0.3
NL212,NL,MFH_HIGH,85079.31673728814,0.5,0.8
NL212,NL,OTHER,898255.078765719,0.6,0.4
NL212,NL,SFH,363665.6044969928,0.9,0.3
NL213,NL,MFH_HIGH,320744.194012835,0.5,0.8
NL213,NL,OTHER,3713134.463397794,0.6,0.4
NL213,NL,SFH,1534121.3425893711,0.9,0.3
NL221,NL,MFH_HIGH,382452.1534172063,0.5,0.8
NL221,NL,OTHER,4083380.597987989,0.6,0.4
NL221,NL,SFH,1657167.248594805,0.9,0.3
NL224,NL,MFH_HIGH,65079.02846933646,0.5,0.8
NL224,NL,OTHER,1366677.0577993144,0.6,0.4
NL224,NL,SFH,617243.9137313492,0.9,0.3
NL225,NL,MFH_HIGH,135569.67393602396,0.5,0.8
NL225,NL,OTHER,2357724.2123330887,0.6,0.4
NL225,NL,SFH,1041706.1137308876,0.9,0.3
NL226,NL,MFH_HIGH,514582.7317542234,0.5,0.8
NL226,NL,OTHER,4423761.295660543,0.6,0.4
NL226,NL,SFH,1695655.9725852336,0.9,0.3
NL230,NL,MFH_HIGH,175010.74934057638,0.5,0.8
NL230,NL,OTHER,2118342.674759519,0.6,0.4
NL230,NL,SFH,883646.5758999048,0.9,0.3
NL310,NL,MFH_HIGH,1223599.382605032,0.5,0.8
NL310,NL,OTHER,8580783.25999973,0.6,0.4
NL310,NL,SFH,3063617.3573952387,0.9,0.3
NL321,NL,MFH_HIGH,136253.34687511847,0.5,0.8
NL321,NL,OTHER,2104106.5992398616,0.6,0.4
NL321,NL,SFH,914640.05388502,0.9,0.3
NL322,NL,OTHER,2100000.0,0.6,0.4
NL323,NL,MFH_HIGH,148963.61506425688,0.5,0.8
NL323,NL,OTHER,1068947.8151665118,0.6,0.4
NL323,NL,SFH,385088.5697692312,0.9,0.3
NL324,NL,MFH_HIGH,245500.2745328739,0.5,0.8
NL324,NL,OTHER,1425049.802504412,0.6,0.4
NL324,NL,SFH,466449.9229627139,0.9,0.3
NL325,NL,MFH_HIGH,135935.65379985832,0.5,0.8
NL325,NL,OTHER,908252.7543621532,0.6,0.4
NL325,NL,SFH,317811.5918379884,0.9,0.3
NL326,NL,OTHER,16444000.0,0.6,0.4
NL327,NL,MFH_HIGH,222620.7665561739,0.5,0.8
NL327,NL,OTHER,1727812.6666261188,0.6,0.4
NL327,NL,SFH,640566.5668177071,0.9,0.3
NL332,NL,MFH_HIGH,1654347.4391273982,0.5,0.8
NL332,NL,OTHER,5654050.643371934,0.6,0.4
NL332,NL,SFH,1171601.9175006673,0.9,0.3
NL333,NL,MFH_HIGH,235418.47374734704,0.5,0.8
NL333,NL,OTHER,1320409.188428532,0.6,0.4
NL333,NL,SFH,424172.33782412106,0.9,0.3
NL337,NL,MFH_HIGH,393837.94515064254,0.5,0.8
NL337,NL,OTHER,2434066.2531426614,0.6,0.4
NL337,NL,SFH,822095.8017066963,0.9,0.3
NL338,NL,OTHER,2558000.0,0.6,0.4
NL339,NL,OTHER,13649000.0,0.6,0.4
NL33A,NL,MFH_HIGH,326397.138818228,0.5,0.8
NL33A,NL,OTHER,2331009.599257624,0.6,0.4
NL33A,NL,SFH,838593.2619241483,0.9,0.3
NL341,NL,MFH_HIGH,34192.211890741564,0.5,0.8
NL341,NL,OTHER,634111.1567899593,0.6,0.4
NL341,NL,SFH,282696.6313192992,0.9,0.3
NL342,NL,MFH_HIGH,109755.45621137564,0.5,0.8
NL342,NL,OTHER,1546358.8912063986,0.6,0.4
NL342,NL,SFH,662885.6525822256,0.9,0.3
NL411,NL,MFH_HIGH,370049.9523924864,0.5,0.8
NL411,NL,OTHER,3864958.101211903,0.6,0.4
NL411,NL,SFH,1560991.94639561,0.9,0.3
NL412,NL,MFH_HIGH,269449.49054895126,0.5,0.8
NL412,NL,OTHER,2798769.16242724,0.6,0.4
NL412,NL,SFH,1128781.347023809,0.9,0.3
NL413,NL,MFH_HIGH,344336.0029542188,0.5,0.8
NL413,NL,OTHER,3983213.488405921,0.6,0.4
NL413,NL,SFH,1645450.508639861,0.9,0.3
NL414,NL,MFH_HIGH,449564.1281190621,0.5,0.8
NL414,NL,OTHER,4800879.651708266,0.6,0.4
NL414,NL,SFH,1948556.2201726723,0.9,0.3
NL421,NL,MFH_HIGH,126457.0748196262,0.5,0.8
NL421,NL,OTHER,1693716.126649876,0.6,0.4
NL421,NL,SFH,719826.7985304978,0.9,0.3
NL422,NL,MFH_HIGH,107117.6329189818,0.5,0.8
NL422,NL,OTHER,1437736.4193727537,0.6,0.4
NL422,NL,SFH,611145.9477082649,0.9,0.3
NL423,NL,MFH_HIGH,496034.4421779382,0.5,0.8
NL423,NL,OTHER,4021037.8136649127,0.6,0.4
NL423,NL,SFH,1512927.7441571497,0.9,0.3
NLZZZ,NL,MFH_HIGH,0.0,0.5,0.8
NLZZZ,NL,OTHER,0.0,0.6,0.4
NLZZZ,NL,SFH,0.0,0.9,0.3
PL113,PL,OTHER,4656000.0,0.6,0.4
PL114,PL,OTHER,2790000.0,0.6,0.4
PL115,PL,OTHER,4128000.0,0.6,0.4
PL116,PL,OTHER,3252000.0,0.6,0.4
PL117,PL,OTHER,2484000.0,0.6,0.4
PL127,PL,OTHER,13890000.0,0.6,0.4
PL128,PL,OTHER,4051000.0,0.6,0.4
PL129,PL,OTHER,5731000.0,0.6,0.4
PL12A,PL,OTHER,6139000.0,0.6,0.4
PL12B,PL,OTHER,2282000.0,0.6,0.4
PL12C,PL,OTHER,2174000.0,0.6,0.4
PL12D,PL,OTHER,2582000.0,0.6,0.4
PL12E,PL,OTHER,2105000.0,0.6,0.4
PL213,PL,MFH_HIGH,1355601.1604257023,0.5,0.8
PL213,PL,OTHER,3131727.3029814363,0.6,0.4
PL213,PL,SFH,207671.53659286167,0.9,0.3
PL214,PL,MFH_HIGH,211312.95442645624,0.5,0.8
PL214,PL,OTHER,3546794.408287922,0.6,0.4
PL214,PL,SFH,1558892.6372856214,0.9,0.3
PL217,PL,MFH_HIGH,249487.00703866963,0.5,0.8
PL217,PL,OTHER,2019583.9316333,0.6,0.4
PL217,PL,SFH,757929.0613280302,0.9,0.3
PL218,PL,MFH_HIGH,218295.3576922773,0.5,0.8
PL218,PL,OTHER,2383878.001219091,0.6,0.4
PL218,PL,SFH,967826.6410886322,0.9,0.3
PL219,PL,MFH_HIGH,104022.22606421172,0.5,0.8
PL219,PL,OTHER,1553321.6400523689,0.6,0.4
PL219,PL,SFH,667656.1338834196,0.9,0.3
PL21A,PL,MFH_HIGH,410316.3951135205,0.5,0.8
PL21A,PL,OTHER,2429455.43338234,0.6,0.4
PL21A,PL,SFH,801228.1715041404,0.9,0.3
PL224,PL,MFH_HIGH,505090.1196136893,0.5,0.8
PL224,PL,OTHER,2484725.465587899,0.6,0.4
PL224,PL,SFH,736184.4147984114,0.9,0.3
PL225,PL,MFH_HIGH,580081.2277571582,0.5,0.8
PL225,PL,OTHER,3613500.762975189,0.6,0.4
PL225,PL,SFH,1219418.009267652,0.9,0.3
PL227,PL,MFH_HIGH,660989.5958990711,0.5,0.8
PL227,PL,OTHER,2733649.469038462,0.6,0.4
PL227,PL,SFH,704360.9350624668,0.9,0.3
PL228,PL,MFH_HIGH,599551.1529054764,0.5,0.8
PL228,PL,OTHER,1902958.2341980536,0.6,0.4
PL228,PL,SFH,350490.61289647,0.9,0.3
PL229,PL,MFH_HIGH,742403.9232923096,0.5,0.8
PL229,PL,OTHER,1936819.6156475877,0.6,0.4
PL229,PL,SFH,223776.46106010288,0.9,0.3
PL22A,PL,MFH_HIGH,1362193.149038808,0.5,0.8
PL22A,PL,OTHER,3120579.9139523422,0.6,0.4
PL22A,PL,SFH,197226.9370088497,0.9,0.3
PL22B,PL,MFH_HIGH,997526.9093077782,0.5,0.8
PL22B,PL,OTHER,3035160.110285793,0.6,0.4
PL22B,PL,SFH,519312.9804064292,0.9,0.3
PL22C,PL,MFH_HIGH,398228.0132611244,0.5,0.8
PL22C,PL,OTHER,1652354.8957074175,0.6,0.4
PL22C,PL,SFH,426417.09103145805,0.9,0.3
PL311,PL,OTHER,2272000.0,0.6,0.4
PL312,PL,OTHER,4744000.0,0.6,0.4
PL314,PL,OTHER,4599000.0,0.6,0.4
PL315,PL,OTHER,3442000.0,0.6,0.4
PL323,PL,OTHER,3361000.0,0.6,0.4
PL324,PL,OTHER,2610000.0,0.6,0.4
PL325,PL,OTHER,4174000.0,0.6,0.4
PL326,PL,OTHER,3734000.0,0.6,0.4
PL331,PL,OTHER,5077000.0,0.6,0.4
PL332,PL,OTHER,3580000.0,0.6,0.4
PL343,PL,OTHER,3318000.0,0.6,0.4
PL344,PL,OTHER,3002000.0,0.6,0.4
PL345,PL,OTHER,1831000.0,0.6,0.4
PL411,PL,MFH_HIGH,418542.2153224988,0.5,0.8
PL411,PL,OTHER,1744264.0698742091,0.6,0.4
PL411,PL,SFH,451193.7148032922,0.9,0.3
PL414,PL,MFH_HIGH,533153.1980025047,0.5,0.8
PL414,PL,OTHER,2855103.1060125846,0.6,0.4
PL414,PL,SFH,892743.6959849106,0.9,0.3
PL415,PL,MFH_HIGH,1052703.9158948914,0.5,0.8
PL415,PL,OTHER,2545585.067330274,0.6,0.4
PL415,PL,SFH,218711.0167748351,0.9,0.3
PL416,PL,MFH_HIGH,543557.2309373888,0.5,0.8
PL416,PL,OTHER,3055086.091510204,0.6,0.4
PL416,PL,SFH,977356.6775524073,0.9,0.3
PL417,PL,MFH_HIGH,451547.8929691769,0.5,0.8
PL417,PL,OTHER,2480579.067625965,0.6,0.4
PL417,PL,SFH,786873.0394048579,0.9,0.3
PL418,PL,MFH_HIGH,488940.6152289056,0.5,0.8
PL418,PL,OTHER,2771113.9414547435,0.6,0.4
PL418,PL,SFH,894945.4433163513,0.9,0.3
PL424,PL,MFH_HIGH,705843.4117106436,0.5,0.8
PL424,PL,OTHER,1660402.161368627,0.6,0.4
PL424,PL,SFH,122754.42692072935,0.9,0.3
PL426,PL,MFH_HIGH,476817.0961659334,0.5,0.8
PL426,PL,OTHER,1513707.1024512886,0.6,0.4
PL426,PL,SFH,277475.8013827781,0.9,0.3
PL427,PL,MFH_HIGH,551022.1251409245,0.5,0.8
PL427,PL,OTHER,1854755.3551296503,0.6,0.4
PL427,PL,SFH,373222.519729425,0.9,0.3
PL428,PL,MFH_HIGH,628459.1267762042,0.5,0.8
PL428,PL,OTHER,2145105.497728179,0.6,0.4
PL428,PL,SFH,437435.37549561664,0.9,0.3
PL431,PL,MFH_HIGH,476544.1229630568,0.5,0.8
PL431,PL,OTHER,1586568.5284993353,0.6,0.4
PL431,PL,SFH,314887.348537608,0.9,0.3
PL432,PL,MFH_HIGH,761190.9285199398,0.5,0.8
PL432,PL,OTHER,2725916.1275120256,0.6,0.4
PL432,PL,SFH,598892.9439680346,0.9,0.3
PL514,PL,MFH_HIGH,1197221.5854851708,0.5,0.8
PL514,PL,OTHER,2756840.0864799283,0.6,0.4
PL514,PL,SFH,179938.32803490126,0.9,0.3
PL515,PL,MFH_HIGH,773322.8127614995,0.5,0.8
PL515,PL,OTHER,2658753.8887466737,0.6,0.4
PL515,PL,SFH,551923.2984918267,0.9,0.3
PL516,PL,MFH_HIGH,602932.349550301,0.5,0.8
PL516,PL,OTHER,1807627.1677147292,0.6,0.4
PL516,PL,SFH,299440.4827349697,0.9,0.3
PL517,PL,MFH_HIGH,1057891.6136097466,0.5,0.8
PL517,PL,OTHER,3029357.7854502867,0.6,0.4
PL517,PL,SFH,450750.60093996685,0.9,0.3
PL518,PL,MFH_HIGH,514169.9761561799,0.5,0.8
PL518,PL,OTHER,2631544.3828853928,0.6,0.4
PL518,PL,SFH,799285.6409584273,0.9,0.3
PL523,PL,MFH_HIGH,461994.7495532426,0.5,0.8
PL523,PL,OTHER,1809234.0226267653,0.6,0.4
PL523,PL,SFH,439771.2278199917,0.9,0.3
PL524,PL,MFH_HIGH,684086.6821678465,0.5,0.8
PL524,PL,OTHER,2949375.543274276,0.6,0.4
PL524,PL,SFH,784537.7745578772,0.9,0.3
PL613,PL,MFH_HIGH,1074967.9779838542,0.5,0.8
PL613,PL,OTHER,3078789.8292338657,0.6,0.4
PL613,PL,SFH,461242.19278228015,0.9,0.3
PL616,PL,MFH_HIGH,412397.55642571545,0.5,0.8
PL616,PL,OTHER,1619510.0338956518,0.6,0.4
PL616,PL,SFH,395092.4096786328,0.9,0.3
PL617,PL,MFH_HIGH,401958.0230164725,0.5,0.8
PL617,PL,OTHER,1509396.7311798832,0.6,0.4
PL617,PL,SFH,348645.2458036443,0.9,0.3
PL618,PL,MFH_HIGH,152700.29097963142,0.5,0.8
PL618,PL,OTHER,821525.7032007759,0.6,0.4
PL618,PL,SFH,255774.00581959265,0.9,0.3
PL619,PL,MFH_HIGH,330983.6955039297,0.5,0.8
PL619,PL,OTHER,1562918.8202603643,0.6,0.4
PL619,PL,SFH,449097.484235706,0.9,0.3
PL621,PL,MFH_HIGH,619439.3620991496,0.5,0.8
PL621,PL,OTHER,2145077.306996792,0.6,0.4
PL621,PL,SFH,450483.33090405865,0.9,0.3
PL622,PL,MFH_HIGH,808479.9569193689,0.5,0.8
PL622,PL,OTHER,2553597.9711846,0.6,0.4
PL622,PL,SFH,463922.0718960314,0.9,0.3
PL623,PL,MFH_HIGH,359079.05713340687,0.5,0.8
PL623,PL,OTHER,1127852.235839585,0.6,0.4
PL623,PL,SFH,203068.70702700803,0.9,0.3
PL633,PL,MFH_HIGH,1342642.7328405725,0.5,0.8
PL633,PL,OTHER,3084230.907031945,0.6,0.4
PL633,PL,SFH,198126.36012748297,0.9,0.3
PL634,PL,MFH_HIGH,415601.27871749207,0.5,0.8
PL634,PL,OTHER,2397574.929556268,0.6,0.4
PL634,PL,SFH,778823.7917262408,0.9,0.3
PL636,PL,MFH_HIGH,399543.6175648683,0.5,0.8
PL636,PL,OTHER,1357284.6528662343,0.6,0.4
PL636,PL,SFH,277171.72956889746,0.9,0.3
PL637,PL,MFH_HIGH,183237.6411712991,0.5,0.8
PL637,PL,OTHER,941615.2701697436,0.6,0.4
PL637,PL,SFH,286147.0886589572,0.9,0.3
PL638,PL,MFH_HIGH,463666.7998065123,0.5,0.8
PL638,PL,OTHER,1714313.0867101678,0.6,0.4
PL638,PL,SFH,389020.1134833197,0.9,0.3
PLZZZ,PL,MFH_HIGH,0.0,0.5,0.8
PLZZZ,PL,OTHER,0.0,0.6,0.4
PLZZZ,PL,SFH,0.0,0.9,0.3
PT111,PT,MFH_HIGH,31100.9887397278,0.5,0.8
PT111,PT,OTHER,299410.94672915543,0.6,0.4
PT111,PT,SFH,118488.06453111676,0.9,0.3
PT112,PT,MFH_HIGH,85326.10122622273,0.5,0.8
PT112,PT,OTHER,476096.8094466635,0.6,0.4
PT112,PT,SFH,152577.08932711376,0.9,0.3
PT119,PT,MFH_HIGH,69563.76737322197,0.5,0.8
PT119,PT,OTHER,509428.0518510012,0.6,0.4
PT119,PT,SFH,185008.1807757768,0.9,0.3
PT11A,PT,MFH_HIGH,554628.2952645931,0.5,0.8
PT11A,PT,OTHER,2123723.725349727,0.6,0.4
PT11A,PT,SFH,506647.97938568,0.9,0.3
PT11B,PT,MFH_HIGH,16841.245434566066,0.5,0.8
PT11B,PT,OTHER,214011.84245893089,0.6,0.4
PT11B,PT,SFH,90146.91210650308,0.9,0.3
PT11C,PT,MFH_HIGH,43299.60590359416,0.5,0.8
PT11C,PT,OTHER,444678.0434397108,0.6,0.4
PT11C,PT,SFH,179022.350656695,0.9,0.3
PT11D,PT,MFH_HIGH,29816.346265637887,0.5,0.8
PT11D,PT,OTHER,268719.71845801506,0.6,0.4
PT11D,PT,SFH,104463.93527634704,0.9,0.3
PT11E,PT,MFH_HIGH,23845.524178864773,0.5,0.8
PT11E,PT,OTHER,200026.76684521604,0.6,0.4
PT11E,PT,SFH,76127.70897591917,0.9,0.3
PT150,PT,MFH_HIGH,159941.0393554634,0.5,0.8
PT150,PT,OTHER,647679.2890329366,0.6,0.4
PT150,PT,SFH,163379.67161160003,0.9,0.3
PT16B,PT,MFH_HIGH,65394.89688480045,0.5,0.8
PT16B,PT,OTHER,443494.0634911988,0.6,0.4
PT16B,PT,SFH,156111.03962400075,0.9,0.3
PT16D,PT,MFH_HIGH,66571.88328912467,0.5,0.8
PT16D,PT,OTHER,484163.3952254642,0.6,0.4
PT16D,PT,SFH,175264.72148541114,0.9,0.3
PT16E,PT,MFH_HIGH,96796.66823604835,0.5,0.8
PT16E,PT,OTHER,628854.6246544984,0.6,0.4
PT16E,PT,SFH,217348.7071094532,0.9,0.3
PT16F,PT,MFH_HIGH,49821.4793488306,0.5,0.8
PT16F,PT,OTHER,383382.3843036895,0.6,0.4
PT16F,PT,SFH,141796.1363474799,0.9,0.3
PT16G,PT,MFH_HIGH,38527.54802161313,0.5,0.8
PT16G,PT,OTHER,357363.04503099667,0.6,0.4
PT16G,PT,SFH,140109.4069473902,0.9,0.3
PT16H,PT,MFH_HIGH,22139.2518771551,0.5,0.8
PT16H,PT,OTHER,127354.36337855693,0.6,0.4
PT16H,PT,SFH,41506.38474428797,0.9,0.3
PT16I,PT,MFH_HIGH,43026.0292055111,0.5,0.8
PT16I,PT,OTHER,316127.5590179971,0.6,0.4
PT16I,PT,SFH,114846.4117764918,0.9,0.3
PT16J,PT,MFH_HIGH,42324.062877871824,0.5,0.8
PT16J,PT,OTHER,315376.52723196294,0.6,0.4
PT16J,PT,SFH,115299.40989016526,0.9,0.3
PT170,PT,MFH_HIGH,1644214.6932183143,0.5,0.8
PT170,PT,OTHER,4289622.707092059,0.6,0.4
PT170,PT,SFH,498162.5996896271,0.9,0.3
PT181,PT,MFH_HIGH,16569.83598470835,0.5,0.8
PT181,PT,OTHER,132690.50613956276,0.6,0.4
PT181,PT,SFH,49739.65787572891,0.9,0.3
PT184,PT,MFH_HIGH,12966.175661851232,0.5,0.8
PT184,PT,OTHER,156043.81789260183,0.6,0.4
PT184,PT,SFH,64990.00644554696,0.9,0.3
PT185,PT,MFH_HIGH,41895.17858351539,0.5,0.8
PT185,PT,OTHER,308051.453020748,0.6,0.4
PT185,PT,SFH,112053.36839573664,0.9,0.3
PT186,PT,MFH_HIGH,15722.965796305269,0.5,0.8
PT186,PT,OTHER,151344.01684032177,0.6,0.4
PT186,PT,SFH,59933.017363372936,0.9,0.3
PT187,PT,MFH_HIGH,19395.41919797597,0.5,0.8
PT187,PT,OTHER,218074.0812196764,0.6,0.4
PT187,PT,SFH,89530.49958234766,0.9,0.3
PT200,PT,MFH_HIGH,12515.572326346017,0.5,0.8
PT200,PT,OTHER,240012.20814893945,0.6,0.4
PT200,PT,SFH,107472.21952471456,0.9,0.3
PT300,PT,MFH_HIGH,40886.08018490583,0.5,0.8
PT300,PT,OTHER,249433.5881318354,0.6,0.4
PT300,PT,SFH,83680.3316832588,0.9,0.3
PTZZZ,PT,MFH_HIGH,0.0,0.5,0.8
PTZZZ,PT,OTHER,0.0,0.6,0.4
PTZZZ,PT,SFH,0.0,0.9,0.3
RO111,RO,MFH_HIGH,218342.08834645007,0.5,0.8
RO111,RO,OTHER,1345836.1599445145,0.6,0.4
RO111,RO,SFH,453821.75170903536,0.9,0.3
RO112,RO,MFH_HIGH,85141.18604630808,0.5,0.8
RO112,RO,OTHER,671482.7391765866,0.6,0.4
RO112,RO,SFH,250376.07477710524,0.9,0.3
RO113,RO,MFH_HIGH,506962.0769052631,0.5,0.8
RO113,RO,OTHER,1854226.9810060016,0.6,0.4
RO113,RO,SFH,419810.942088735,0.9,0.3
RO114,RO,MFH_HIGH,181869.6102104174,0.5,0.8
RO114,RO,OTHER,1255507.1316326922,0.6,0.4
RO114,RO,SFH,445623.25815689046,0.9,0.3
RO115,RO,MFH_HIGH,70655.94918599712,0.5,0.8
RO115,RO,OTHER,819435.5665750565,0.6,0.4
RO115,RO,SFH,338908.4842389463,0.9,0.3
RO116,RO,MFH_HIGH,61690.20305305863,0.5,0.8
RO116,RO,OTHER,527429.525961808,0.6,0.4
RO116,RO,SFH,201880.2709851333,0.9,0.3
RO121,RO,MFH_HIGH,122983.02648549229,0.5,0.8
RO121,RO,OTHER,908087.0731704688,0.6,0.4
RO121,RO,SFH,330929.9003440388,0.9,0.3
RO122,RO,MFH_HIGH,442763.4221005839,0.5,0.8
RO122,RO,OTHER,1546897.8444116958,0.6,0.4
RO122,RO,SFH,330338.7334877204,0.9,0.3
RO123,RO,MFH_HIGH,88304.28774493045,0.5,0.8
RO123,RO,OTHER,522048.8403476258,0.6,0.4
RO123,RO,SFH,172646.87190744374,0.9,0.3
RO124,RO,MFH_HIGH,127851.65546785924,0.5,0.8
RO124,RO,OTHER,838216.4487788319,0.6,0.4
RO124,RO,SFH,290931.8957533089,0.9,0.3
RO125,RO,MFH_HIGH,214625.70903079343,0.5,0.8
RO125,RO,OTHER,1322998.683338452,0.6,0.4
RO125,RO,SFH,446375.6076307548,0.9,0.3
RO126,RO,MFH_HIGH,220894.43342916184,0.5,0.8
RO126,RO,OTHER,1037578.0773815936,0.6,0.4
RO126,RO,SFH,297527.4891892445,0.9,0.3
RO211,RO,MFH_HIGH,213814.60933753423,0.5,0.8
RO211,RO,OTHER,1444109.3844415608,0.6,0.4
RO211,RO,SFH,508076.0062209051,0.9,0.3
RO212,RO,MFH_HIGH,105817.78344737248,0.5,0.8
RO212,RO,OTHER,941436.5504149562,0.6,0.4
RO212,RO,SFH,364745.6661376713,0.9,0.3
RO213,RO,MFH_HIGH,334353.55285130924,0.5,0.8
RO213,RO,OTHER,1772345.7866002202,0.6,0.4
RO213,RO,SFH,551300.6605484704,0.9,0.3
RO214,RO,MFH_HIGH,125409.11659275934,0.5,0.8
RO214,RO,OTHER,1174183.0867495695,0.6,0.4
RO214,RO,SFH,461407.7966576712,0.9,0.3
RO215,RO,MFH_HIGH,162974.34137112097,0.5,0.8
RO215,RO,OTHER,1598896.4031840856,0.6,0.4
RO215,RO,SFH,636129.2554447935,0.9,0.3
RO216,RO,MFH_HIGH,63814.05493831368,0.5,0.8
RO216,RO,OTHER,864090.791357099,0.6,0.4
RO216,RO,SFH,368095.15370458725,0.9,0.3
RO221,RO,MFH_HIGH,135322.7429732394,0.5,0.8
RO221,RO,OTHER,639420.2447437284,0.6,0.4
RO221,RO,SFH,183257.0122830321,0.9,0.3
RO222,RO,MFH_HIGH,113172.07951329285,0.5,0.8
RO222,RO,OTHER,1051425.0536494912,0.6,0.4
RO222,RO,SFH,412402.8668372161,0.9,0.3
RO223,RO,MFH_HIGH,408463.8375093967,0.5,0.8
RO223,RO,OTHER,1596201.2362999106,0.6,0.4
RO223,RO,SFH,389334.9261906928,0.9,0.3
RO224,RO,MFH_HIGH,280086.5393067376,0.5,0.8
RO224,RO,OTHER,1216062.4221639186,0.6,0.4
RO224,RO,SFH,327851.0385293437,0.9,0.3
RO225,RO,MFH_HIGH,71311.68536552611,0.5,0.8
RO225,RO,OTHER,508737.7489501174,0.6,0.4
RO225,RO,SFH,182950.5656843565,0.9,0.3
RO226,RO,MFH_HIGH,95735.01528553848,0.5,0.8
RO226,RO,OTHER,806088.0917825912,0.6,0.4
RO226,RO,SFH,307176.8929318704,0.9,0.3
RO311,RO,MFH_HIGH,230471.2833621232,0.5,0.8
RO311,RO,OTHER,1470830.0316522052,0.6,0.4
RO311,RO,SFH,504698.6849856716,0.9,0.3
RO312,RO,MFH_HIGH,63811.25033393931,0.5,0.8
RO312,RO,OTHER,588712.6949065296,0.6,0.4
RO312,RO,SFH,230476.05475953117,0.9,0.3
RO313,RO,MFH_HIGH,117823.64795627032,0.5,0.8
RO313,RO,OTHER,1112800.651967361,0.6,0.4
RO313,RO,SFH,438375.7000763684,0.9,0.3
RO314,RO,MFH_HIGH,40200.30060672918,0.5,0.8
RO314,RO,OTHER,617391.2189740761,0.6,0.4
RO314,RO,SFH,268408.4804191947,0.9,0.3
RO315,RO,MFH_HIGH,68836.50562265722,0.5,0.8
RO315,RO,OTHER,569398.5422740525,0.6,0.4
RO315,RO,SFH,215764.9521032903,0.9,0.3
RO316,RO,MFH_HIGH,304646.77779776824,0.5,0.8
RO316,RO,OTHER,1730311.251589583,0.6,0.4
RO316,RO,SFH,560041.9706126488,0.9,0.3
RO317,RO,MFH_HIGH,19348.00969718415,0.5,0.8
RO317,RO,OTHER,813433.5488029117,0.6,0.4
RO317,RO,SFH,387218.44149990415,0.9,0.3
RO321,RO,MFH_HIGH,2504082.752030764,0.5,0.8
RO321,RO,OTHER,5898669.267279483,0.6,0.4
RO321,RO,SFH,444247.9806897538,0.9,0.3
RO322,RO,MFH_HIGH,195999.14507746504,0.5,0.8
RO322,RO,OTHER,1035483.5742590836,0.6,0.4
RO322,RO,SFH,321517.2806634514,0.9,0.3
RO411,RO,MFH_HIGH,239956.37490376123,0.5,0.8
RO411,RO,OTHER,1521567.7709918616,0.6,0.4
RO411,RO,SFH,520475.8541043771,0.9,0.3
RO412,RO,MFH_HIGH,96204.54378066857,0.5,0.8
RO412,RO,OTHER,772850.7263788771,0.6,0.4
RO412,RO,SFH,289944.7298404544,0.9,0.3
RO413,RO,MFH_HIGH,82093.27006932434,0.5,0.8
RO413,RO,OTHER,586705.6893264157,0.6,0.4
RO413,RO,SFH,211201.04060426,0.9,0.3
RO414,RO,MFH_HIGH,109870.93249783362,0.5,0.8
RO414,RO,OTHER,943417.0632636646,0.6,0.4
RO414,RO,SFH,361712.0042385017,0.9,0.3
RO415,RO,MFH_HIGH,110571.8232492804,0.5,0.8
RO415,RO,OTHER,889473.2433935684,0.6,0.4
RO415,RO,SFH,333954.9333571512,0.9,0.3
RO421,RO,MFH_HIGH,146359.0372828948,0.5,0.8
RO421,RO,OTHER,1096206.524397031,0.6,0.4
RO421,RO,SFH,401434.43832007423,0.9,0.3
RO422,RO,MFH_HIGH,104555.20571754006,0.5,0.8
RO422,RO,OTHER,800096.7874247169,0.6,0.4
RO422,RO,SFH,295348.00685774314,0.9,0.3
RO423,RO,MFH_HIGH,185282.07008538052,0.5,0.8
RO423,RO,OTHER,946803.4585713797,0.6,0.4
RO423,RO,SFH,287914.47134323994,0.9,0.3
RO424,RO,MFH_HIGH,370645.4421308695,0.5,0.8
RO424,RO,OTHER,1853041.338366004,0.6,0.4
RO424,RO,SFH,555313.2195031265,0.9,0.3
ROZZZ,RO,MFH_HIGH,0.0,0.5,0.8
ROZZZ,RO,OTHER,0.0,0.6,0.4
ROZZZ,RO,SFH,0.0,0.9,0.3
SE110,SE,MFH_HIGH,5173436.151992058,0.5,0.8
SE110,SE,OTHER,15162324.135729115,0.6,0.4
SE110,SE,SFH,2294239.7122788243,0.9,0.3
SE121,SE,MFH_HIGH,572962.4360524726,0.5,0.8
SE121,SE,OTHER,2207942.3788878284,0.6,0.4
SE121,SE,SFH,517095.1850596991,0.9,0.3
SE122,SE,MFH_HIGH,439149.6428097492,0.5,0.8
SE122,SE,OTHER,1775563.522360331,0.6,0.4
SE122,SE,SFH,434286.8348299199,0.9,0.3
SE123,SE,MFH_HIGH,733467.1564357566,0.5,0.8
SE123,SE,OTHER,2871228.4054931565,0.6,0.4
SE123,SE,SFH,690304.4380710869,0.9,0.3
SE124,SE,MFH_HIGH,460573.2406629038,0.5,0.8
SE124,SE,OTHER,1978720.200209302,0.6,0.4
SE124,SE,SFH,511706.5591277943,0.9,0.3
SE125,SE,MFH_HIGH,443295.5555218585,0.5,0.8
SE125,SE,OTHER,1715074.286927381,0.6,0.4
SE125,SE,SFH,402630.1575507605,0.9,0.3
SE211,SE,MFH_HIGH,470098.1513087762,0.5,0.8
SE211,SE,OTHER,2327816.2245162856,0.6,0.4
SE211,SE,SFH,678085.6241749381,0.9,0.3
SE212,SE,MFH_HIGH,227554.29412628684,0.5,0.8
SE212,SE,OTHER,1313431.1951717786,0.6,0.4
SE212,SE,SFH,414014.5107019348,0.9,0.3
SE213,SE,MFH_HIGH,292148.4895253914,0.5,0.8
SE213,SE,OTHER,1616975.2119208411,0.6,0.4
SE213,SE,SFH,505876.2985537676,0.9,0.3
SE214,SE,MFH_HIGH,61061.72578554781,0.5,0.8
SE214,SE,OTHER,397277.2459519744,0.6,0.4
SE214,SE,SFH,134661.02826247783,0.9,0.3
SE221,SE,MFH_HIGH,186602.49983777825,0.5,0.8
SE221,SE,OTHER,1042318.5711504768,0.6,0.4
SE221,SE,SFH,327078.92901174485,0.9,0.3
SE224,SE,MFH_HIGH,1978759.626442356,0.5,0.8
SE224,SE,OTHER,7990664.518489887,0.6,0.4
SE224,SE,SFH,1969575.8550677572,0.9,0.3
SE231,SE,MFH_HIGH,340757.35458456725,0.5,0.8
SE231,SE,OTHER,2027759.5407051465,0.6,0.4
SE231,SE,SFH,662483.1047102866,0.9,0.3
SE232,SE,MFH_HIGH,2657433.7208461743,0.5,0.8
SE232,SE,OTHER,10650633.133584447,0.6,0.4
SE232,SE,SFH,2598933.1455693794,0.9,0.3
SE311,SE,MFH_HIGH,399790.45260893216,0.5,0.8
SE311,SE,OTHER,2033917.125797836,0.6,0.4
SE311,SE,SFH,606292.4215932318,0.9,0.3
SE312,SE,MFH_HIGH,385245.6764296454,0.5,0.8
SE312,SE,OTHER,2187214.6499292827,0.6,0.4
SE312,SE,SFH,694539.6736410721,0.9,0.3
SE313,SE,MFH_HIGH,424716.2217532482,0.5,0.8
SE313,SE,OTHER,2081741.8371348127,0.6,0.4
SE313,SE,SFH,603541.9411119384,0.9,0.3
SE321,SE,MFH_HIGH,403780.7923872504,0.5,0.8
SE321,SE,OTHER,1984641.0122561625,0.6,0.4
SE321,SE,SFH,577578.1953565873,0.9,0.3
SE322,SE,MFH_HIGH,193517.6586328005,0.5,0.8
SE322,SE,OTHER,1035970.6362232208,0.6,0.4
SE322,SE,SFH,316511.7051439787,0.9,0.3
SE331,SE,MFH_HIGH,457541.8096797271,0.5,0.8
SE331,SE,OTHER,2117510.420600154,0.6,0.4
SE331,SE,SFH,585947.7697201187,0.9,0.3
SE332,SE,MFH_HIGH,412433.4511551663,0.5,0.8
SE332,SE,OTHER,2057742.3082833872,0.6,0.4
SE332,SE,SFH,603824.2405614466,0.9,0.3
SEZZZ,SE,MFH_HIGH,3666.6666666666665,0.5,0.8
SEZZZ,SE,OTHER,3666.6666666666665,0.6,0.4
SEZZZ,SE,SFH,3666.6666666666665,0.9,0.3
SI031,SI,MFH_HIGH,35750.0626973248,0.5,0.8
SI031,SI,OTHER,541919.2321037786,0.6,0.4
SI031,SI,SFH,216330.70519889647,0.9,0.3
SI032,SI,MFH_HIGH,225571.90862488264,0.5,0.8
SI032,SI,OTHER,1421717.9828423797,0.6,0.4
SI032,SI,SFH,466710.1085327377,0.9,0.3
SI033,SI,MFH_HIGH,54066.62251139596,0.5,0.8
SI033,SI,OTHER,324157.79015856935,0.6,0.4
SI033,SI,SFH,104775.58733003469,0.9,0.3
SI034,SI,MFH_HIGH,170136.51033879144,0.5,0.8
SI034,SI,OTHER,1107540.5650170792,0.6,0.4
SI034,SI,SFH,373322.9246441292,0.9,0.3
SI035,SI,MFH_HIGH,51207.071668055454,0.5,0.8
SI035,SI,OTHER,223010.8719186935,0.6,0.4
SI035,SI,SFH,58782.05641325101,0.9,0.3
SI036,SI,MFH_HIGH,29629.26831798191,0.5,0.8
SI036,SI,OTHER,326424.570575056,0.6,0.4
SI036,SI,SFH,130946.16110696208,0.9,0.3
SI037,SI,MFH_HIGH,60200.582152003255,0.5,0.8
SI037,SI,OTHER,612334.3903497111,0.6,0.4
SI037,SI,SFH,240465.02749828572,0.9,0.3
SI038,SI,MFH_HIGH,36560.947356771314,0.5,0.8
SI038,SI,OTHER,255019.8398937544,0.6,0.4
SI038,SI,SFH,85419.2127494743,0.9,0.3
SI041,SI,MFH_HIGH,598893.493763673,0.5,0.8
SI041,SI,OTHER,2538163.313634685,0.6,0.4
SI041,SI,SFH,645943.1926016422,0.9,0.3
SI042,SI,MFH_HIGH,170840.2198264987,0.5,0.8
SI042,SI,OTHER,970200.0026558258,0.6,0.4
SI042,SI,SFH,300959.7775176755,0.9,0.3
SI043,SI,MFH_HIGH,76306.31775456063,0.5,0.8
SI043,SI,OTHER,593122.3135623751,0.6,0.4
SI043,SI,SFH,208571.3686830642,0.9,0.3
SI044,SI,MFH_HIGH,102887.26892043714,0.5,0.8
SI044,SI,OTHER,492998.18711061176,0.6,0.4
SI044,SI,SFH,136114.54396895107,0.9,0.3
SIZZZ,SI,MFH_HIGH,0.0,0.5,0.8
SIZZZ,SI,OTHER,0.0,0.6,0.4
SIZZZ,SI,SFH,0.0,0.9,0.3
SK010,SK,MFH_HIGH,1793327.8515724551,0.5,0.8
SK010,SK,OTHER,5359854.547122687,0.6,0.4
SK010,SK,SFH,824817.6013048575,0.9,0.3
SK021,SK,MFH_HIGH,469605.6968690981,0.5,0.8
SK021,SK,OTHER,2580242.942425973,0.6,0.4
SK021,SK,SFH,813151.3607049288,0.9,0.3
SK022,SK,MFH_HIGH,665090.7709218946,0.5,0.8
SK022,SK,OTHER,2796137.7032395,0.6,0.4
SK022,SK,SFH,725771.5258386056,0.9,0.3
SK023,SK,MFH_HIGH,556826.1313598141,0.5,0.8
SK023,SK,OTHER,3043049.688445547,0.6,0.4
SK023,SK,SFH,961124.1801946393,0.9,0.3
SK031,SK,MFH_HIGH,654077.423570184,0.5,0.8
SK031,SK,OTHER,3340010.480239168,0.6,0.4
SK031,SK,SFH,1007912.0961906484,0.9,0.3
SK032,SK,MFH_HIGH,700219.935219323,0.5,0.8
SK032,SK,OTHER,2979604.820108653,0.6,0.4
SK032,SK,SFH,785175.244672024,0.9,0.3
SK041,SK,MFH_HIGH,642667.1183365501,0.5,0.8
SK041,SK,OTHER,3131225.489377795,0.6,0.4
SK041,SK,SFH,916107.3922856548,0.9,0.3
SK042,SK,MFH_HIGH,841089.6880916264,0.5,0.8
SK042,SK,OTHER,3368295.6710905274,0.6,0.4
SK042,SK,SFH,840614.6408178462,0.9,0.3
SKZZZ,SK,MFH_HIGH,0.0,0.5,0.8
SKZZZ,SK,OTHER,0.0,0.6,0.4
SKZZZ,SK,SFH,0.0,0.9,0.3
UKC11,UK,MFH_HIGH,466167.688172197,0.5,0.8
UKC11,UK,OTHER,9039.899180053126,0.6,0.4
UKC11,UK,SFH,1673792.41264775,0.9,0.3
UKC12,UK,MFH_HIGH,468770.76507218136,0.5,0.8
UKC12,UK,OTHER,9090.37790976957,0.6,0.4
UKC12,UK,SFH,1683138.857018049,0.9,0.3
UKC13,UK,MFH_HIGH,190892.30599885216,0.5,0.8
UKC13,UK,OTHER,3701.7735125392046,0.6,0.4
UKC13,UK,SFH,685405.9204886087,0.9,0.3
UKC14,UK,MFH_HIGH,839926.1463949496,0.5,0.8
UKC14,UK,OTHER,16287.8034551725,0.6,0.4
UKC14,UK,SFH,3015786.050149878,0.9,0.3
UKC21,UK,MFH_HIGH,557492.3027466479,0.5,0.8
UKC21,UK,OTHER,10810.86128093836,0.6,0.4
UKC21,UK,SFH,2001696.835972414,0.9,0.3
UKC22,UK,MFH_HIGH,1466833.8331411802,0.5,0.8
UKC22,UK,OTHER,28444.764195216023,0.6,0.4
UKC22,UK,SFH,5266721.402663604,0.9,0.3
UKC23,UK,MFH_HIGH,463347.688197214,0.5,0.8
UKC23,UK,OTHER,8985.213889526978,0.6,0.4
UKC23,UK,SFH,1663667.0979132592,0.9,0.3
UKD11,UK,MFH_HIGH,381350.765847707,0.5,0.8
UKD11,UK,OTHER,7395.133903459002,0.6,0.4
UKD11,UK,SFH,1369254.100248834,0.9,0.3
UKD12,UK,MFH_HIGH,479833.8418971148,0.5,0.8
UKD12,UK,OTHER,9304.912511064456,0.6,0.4
UKD12,UK,SFH,1722861.245591821,0.9,0.3
UKD33,UK,MFH_HIGH,779621.5315453123,0.5,0.8
UKD33,UK,OTHER,15118.379550074887,0.6,0.4
UKD33,UK,SFH,2799260.088904613,0.9,0.3
UKD34,UK,MFH_HIGH,692201.532320838,0.5,0.8
UKD34,UK,OTHER,13423.13554376432,0.6,0.4
UKD34,UK,SFH,2485375.332135398,0.9,0.3
UKD35,UK,MFH_HIGH,766172.3008953931,0.5,0.8
UKD35,UK,OTHER,14857.572779873262,0.6,0.4
UKD35,UK,SFH,2750970.1263247337,0.9,0.3
UKD36,UK,MFH_HIGH,911510.7611445192,0.5,0.8
UKD36,UK,OTHER,17675.968522374704,0.6,0.4
UKD36,UK,SFH,3272813.270333106,0.9,0.3
UKD37,UK,MFH_HIGH,984613.8374190796,0.5,0.8
UKD37,UK,OTHER,19093.57951524483,0.6,0.4
UKD37,UK,SFH,3535292.583065676,0.9,0.3
UKD41,UK,MFH_HIGH,216706.15192369695,0.5,0.8
UKD41,UK,OTHER,4202.354248893938,0.6,0.4
UKD41,UK,SFH,778091.4938274091,0.9,0.3
UKD42,UK,MFH_HIGH,225383.0749236448,0.5,0.8
UKD42,UK,OTHER,4370.616681282084,0.6,0.4
UKD42,UK,SFH,809246.3083950732,0.9,0.3
UKD44,UK,MFH_HIGH,376578.4581977357,0.5,0.8
UKD44,UK,OTHER,7302.589565645522,0.6,0.4
UKD44,UK,SFH,1352118.9522366188,0.9,0.3
UKD45,UK,MFH_HIGH,599575.3792963949,0.5,0.8
UKD45,UK,OTHER,11626.934078020866,0.6,0.4
UKD45,UK,SFH,2152797.6866255845,0.9,0.3
UKD46,UK,MFH_HIGH,513890.76467191,0.5,0.8
UKD46,UK,OTHER,9965.342558187927,0.6,0.4
UKD46,UK,SFH,1845143.892769902,0.9,0.3
UKD47,UK,MFH_HIGH,333410.7662729953,0.5,0.8
UKD47,UK,OTHER,6465.4839645144975,0.6,0.4
UKD47,UK,SFH,1197123.7497624904,0.9,0.3
UKD61,UK,MFH_HIGH,374626.1505227474,0.5,0.8
UKD61,UK,OTHER,7264.730518358189,0.6,0.4
UKD61,UK,SFH,1345109.1189588944,0.9,0.3
UKD62,UK,MFH_HIGH,678535.37859592,0.5,0.8
UKD62,UK,OTHER,13158.12221275299,0.6,0.4
UKD62,UK,SFH,2436306.499191327,0.9,0.3
UKD63,UK,MFH_HIGH,591332.3024464444,0.5,0.8
UKD63,UK,OTHER,11467.084767252129,0.6,0.4
UKD63,UK,SFH,2123200.612786304,0.9,0.3
UKD71,UK,MFH_HIGH,728210.7627706213,0.5,0.8
UKD71,UK,OTHER,14121.424638175124,0.6,0.4
UKD71,UK,SFH,2614667.8125912035,0.9,0.3
UKD72,UK,MFH_HIGH,812593.838945114,0.5,0.8
UKD72,UK,OTHER,15757.776793149842,0.6,0.4
UKD72,UK,SFH,2917648.384261736,0.9,0.3
UKD73,UK,MFH_HIGH,452501.5344472792,0.5,0.8
UKD73,UK,OTHER,8774.885849041797,0.6,0.4
UKD73,UK,SFH,1624723.579703679,0.9,0.3
UKD74,UK,MFH_HIGH,509118.4570219388,0.5,0.8
UKD74,UK,OTHER,9872.798220374449,0.6,0.4
UKD74,UK,SFH,1828008.744757687,0.9,0.3
UKE11,UK,MFH_HIGH,388726.15039766266,0.5,0.8
UKE11,UK,OTHER,7538.156970988925,0.6,0.4
UKE11,UK,SFH,1395735.6926313485,0.9,0.3
UKE12,UK,MFH_HIGH,542741.5336467365,0.5,0.8
UKE12,UK,OTHER,10524.81514587851,0.6,0.4
UKE12,UK,SFH,1948733.651207385,0.9,0.3
UKE13,UK,MFH_HIGH,514975.3800469035,0.5,0.8
UKE13,UK,OTHER,9986.375362236446,0.6,0.4
UKE13,UK,SFH,1849038.24459086,0.9,0.3
UKE21,UK,MFH_HIGH,357923.07374784787,0.5,0.8
UKE21,UK,OTHER,6940.825336011008,0.6,0.4
UKE21,UK,SFH,1285136.1009161412,0.9,0.3
UKE22,UK,MFH_HIGH,1036458.452343768,0.5,0.8
UKE22,UK,OTHER,20098.947548764,0.6,0.4
UKE22,UK,SFH,3721442.600107468,0.9,0.3
UKE31,UK,MFH_HIGH,1216721.527667684,0.5,0.8
UKE31,UK,OTHER,23594.599581627725,0.6,0.4
UKE31,UK,SFH,4368683.872750688,0.9,0.3
UKE32,UK,MFH_HIGH,913463.0688195076,0.5,0.8
UKE32,UK,OTHER,17713.827569662033,0.6,0.4
UKE32,UK,SFH,3279823.103610831,0.9,0.3
UKE41,UK,MFH_HIGH,787430.7622452653,0.5,0.8
UKE41,UK,OTHER,15269.81573922422,0.6,0.4
UKE41,UK,SFH,2827299.4220155105,0.9,0.3
UKE42,UK,MFH_HIGH,1342536.9111669275,0.5,0.8
UKE42,UK,OTHER,26034.40485125584,0.6,0.4
UKE42,UK,SFH,4820428.683981817,0.9,0.3
UKE44,UK,MFH_HIGH,1002184.606493974,0.5,0.8
UKE44,UK,OTHER,19434.310940830823,0.6,0.4
UKE44,UK,SFH,3598381.0825651954,0.9,0.3
UKE45,UK,MFH_HIGH,541006.149046747,0.5,0.8
UKE45,UK,OTHER,10491.162659400885,0.6,0.4
UKE45,UK,SFH,1942502.688293852,0.9,0.3
UKF11,UK,MFH_HIGH,409550.7655975375,0.5,0.8
UKF11,UK,OTHER,7941.986808720475,0.6,0.4
UKF11,UK,SFH,1470507.247593742,0.9,0.3
UKF12,UK,MFH_HIGH,456189.226722257,0.5,0.8
UKF12,UK,OTHER,8846.39738280676,0.6,0.4
UKF12,UK,SFH,1637964.3758949365,0.9,0.3
UKF13,UK,MFH_HIGH,805652.3005451558,0.5,0.8
UKF13,UK,OTHER,15623.166847239325,0.6,0.4
UKF13,UK,SFH,2892724.532607605,0.9,0.3
UKF14,UK,MFH_HIGH,535799.9952467784,0.5,0.8
UKF14,UK,OTHER,10390.205199967995,0.6,0.4
UKF14,UK,SFH,1923809.7995532537,0.9,0.3
UKF15,UK,MFH_HIGH,723438.4551206501,0.5,0.8
UKF15,UK,OTHER,14028.880300361643,0.6,0.4
UKF15,UK,SFH,2597532.664578988,0.9,0.3
UKF16,UK,MFH_HIGH,524086.1491968488,0.5,0.8
UKF16,UK,OTHER,10163.050916243998,0.6,0.4
UKF16,UK,SFH,1881750.7998869072,0.9,0.3
UKF21,UK,MFH_HIGH,472675.3804221579,0.5,0.8
UKF21,UK,OTHER,9166.096004344236,0.6,0.4
UKF21,UK,SFH,1697158.523573498,0.9,0.3
UKF22,UK,MFH_HIGH,1106958.451718344,0.5,0.8
UKF22,UK,OTHER,21466.079811917683,0.6,0.4
UKF22,UK,SFH,3974575.4684697385,0.9,0.3
UKF24,UK,MFH_HIGH,621701.5329462618,0.5,0.8
UKF24,UK,OTHER,12056.003280610636,0.6,0.4
UKF24,UK,SFH,2232242.463773128,0.9,0.3
UKF25,UK,MFH_HIGH,495452.3032970209,0.5,0.8
UKF25,UK,OTHER,9607.784889363118,0.6,0.4
UKF25,UK,SFH,1778939.911813616,0.9,0.3
UKF30,UK,MFH_HIGH,1147956.9128930976,0.5,0.8
UKF30,UK,OTHER,22261.11980495167,0.6,0.4
UKF30,UK,SFH,4121781.967301951,0.9,0.3
UKG11,UK,MFH_HIGH,296533.843523217,0.5,0.8
UKG11,UK,OTHER,5750.368626864878,0.6,0.4
UKG11,UK,SFH,1064715.7878499182,0.9,0.3
UKG12,UK,MFH_HIGH,911727.684219518,0.5,0.8
UKG12,UK,OTHER,17680.175083184407,0.6,0.4
UKG12,UK,SFH,3273592.1406972976,0.9,0.3
UKG13,UK,MFH_HIGH,925827.6840944332,0.5,0.8
UKG13,UK,OTHER,17953.60153581514,0.6,0.4
UKG13,UK,SFH,3324218.714369752,0.9,0.3
UKG21,UK,MFH_HIGH,267466.15147339174,0.5,0.8
UKG21,UK,OTHER,5186.68947836459,0.6,0.4
UKG21,UK,SFH,960347.1590482435,0.9,0.3
UKG22,UK,MFH_HIGH,506298.4570469557,0.5,0.8
UKG22,UK,OTHER,9818.1129298483,0.6,0.4
UKG22,UK,SFH,1817883.430023196,0.9,0.3
UKG23,UK,MFH_HIGH,419095.38089748006,0.5,0.8
UKG23,UK,OTHER,8127.075484347436,0.6,0.4
UKG23,UK,SFH,1504777.5436181726,0.9,0.3
UKG24,UK,MFH_HIGH,1376593.8339417228,0.5,0.8
UKG24,UK,OTHER,26694.83489837931,0.6,0.4
UKG24,UK,SFH,4942711.331159898,0.9,0.3
UKG31,UK,MFH_HIGH,1658376.9083650284,0.5,0.8
UKG31,UK,OTHER,32159.15739018434,0.6,0.4
UKG31,UK,SFH,5954463.934244787,0.9,0.3
UKG32,UK,MFH_HIGH,357272.3045228518,0.5,0.8
UKG32,UK,OTHER,6928.205653581897,0.6,0.4
UKG32,UK,SFH,1282799.4898235663,0.9,0.3
UKG33,UK,MFH_HIGH,481786.1495721031,0.5,0.8
UKG33,UK,OTHER,9342.771558351787,0.6,0.4
UKG33,UK,SFH,1729871.0788695451,0.9,0.3
UKG36,UK,MFH_HIGH,481352.3034221057,0.5,0.8
UKG36,UK,OTHER,9334.35843673238,0.6,0.4
UKG36,UK,SFH,1728313.338141162,0.9,0.3
UKG37,UK,MFH_HIGH,460961.5343722283,0.5,0.8
UKG37,UK,OTHER,8938.941720620238,0.6,0.4
UKG37,UK,SFH,1655099.5239071515,0.9,0.3
UKG38,UK,MFH_HIGH,405646.1502475609,0.5,0.8
UKG38,UK,OTHER,7866.26871414581,0.6,0.4
UKG38,UK,SFH,1456487.5810382934,0.9,0.3
UKG39,UK,MFH_HIGH,400439.9964475922,0.5,0.8
UKG39,UK,OTHER,7765.311254712922,0.6,0.4
UKG39,UK,SFH,1437794.692297695,0.9,0.3
UKH11,UK,MFH_HIGH,302607.6896231805,0.5,0.8
UKH11,UK,OTHER,5868.1523295365805,0.6,0.4
UKH11,UK,SFH,1086524.158047283,0.9,0.3
UKH12,UK,MFH_HIGH,1020406.1447938645,0.5,0.8
UKH12,UK,OTHER,19787.66204884593,0.6,0.4
UKH12,UK,SFH,3663806.1931572896,0.9,0.3
UKH14,UK,MFH_HIGH,1168130.7588679765,0.5,0.8
UKH14,UK,OTHER,22652.329960254112,0.6,0.4
UKH14,UK,SFH,4194216.9111717697,0.9,0.3
UKH15,UK,MFH_HIGH,547947.6874467053,0.5,0.8
UKH15,UK,OTHER,10625.772605311398,0.6,0.4
UKH15,UK,SFH,1967426.5399479836,0.9,0.3
UKH16,UK,MFH_HIGH,388292.3042476653,0.5,0.8
UKH16,UK,OTHER,7529.743849369518,0.6,0.4
UKH16,UK,SFH,1394177.951902965,0.9,0.3
UKH17,UK,MFH_HIGH,399355.38107259874,0.5,0.8
UKH17,UK,OTHER,7744.278450664404,0.6,0.4
UKH17,UK,SFH,1433900.340476737,0.9,0.3
UKH21,UK,MFH_HIGH,296967.6896732144,0.5,0.8
UKH21,UK,OTHER,5758.781748484285,0.6,0.4
UKH21,UK,SFH,1066273.5285783014,0.9,0.3
UKH23,UK,MFH_HIGH,1819767.676164058,0.5,0.8
UKH23,UK,OTHER,35288.83863260385,0.6,0.4
UKH23,UK,SFH,6533943.485203339,0.9,0.3
UKH24,UK,MFH_HIGH,253149.22852347785,0.5,0.8
UKH24,UK,OTHER,4909.05646492415,0.6,0.4
UKH24,UK,SFH,908941.715011598,0.9,0.3
UKH25,UK,MFH_HIGH,395667.68879762094,0.5,0.8
UKH25,UK,OTHER,7672.766916899443,0.6,0.4
UKH25,UK,SFH,1420659.5442854797,0.9,0.3
UKH31,UK,MFH_HIGH,260307.6899984348,0.5,0.8
UKH31,UK,OTHER,5047.8729716443695,0.6,0.4
UKH31,UK,SFH,934644.4370299208,0.9,0.3
UKH32,UK,MFH_HIGH,222996.9210986592,0.5,0.8
UKH32,UK,OTHER,4324.344512375344,0.6,0.4
UKH32,UK,SFH,800678.7343889655,0.9,0.3
UKH34,UK,MFH_HIGH,668123.0709959827,0.5,0.8
UKH34,UK,OTHER,12956.207293887215,0.6,0.4
UKH34,UK,SFH,2398920.72171013,0.9,0.3
UKH35,UK,MFH_HIGH,427121.53467243176,0.5,0.8
UKH35,UK,OTHER,8282.71823430647,0.6,0.4
UKH35,UK,SFH,1533595.747093262,0.9,0.3
UKH36,UK,MFH_HIGH,438184.6114973653,0.5,0.8
UKH36,UK,OTHER,8497.252835601355,0.6,0.4
UKH36,UK,SFH,1573318.1356670335,0.9,0.3
UKH37,UK,MFH_HIGH,500224.6109469922,0.5,0.8
UKH37,UK,OTHER,9700.329227176597,0.6,0.4
UKH37,UK,SFH,1796075.059825831,0.9,0.3
UKI31,UK,MFH_HIGH,342087.68927294307,0.5,0.8
UKI31,UK,OTHER,6633.746396902643,0.6,0.4
UKI31,UK,SFH,1228278.5643301543,0.9,0.3
UKI32,UK,MFH_HIGH,327770.7663230292,0.5,0.8
UKI32,UK,OTHER,6356.113383462202,0.6,0.4
UKI32,UK,SFH,1176873.1202935087,0.9,0.3
UKI33,UK,MFH_HIGH,480484.6111221109,0.5,0.8
UKI33,UK,OTHER,9317.532193493566,0.6,0.4
UKI33,UK,SFH,1725197.8566843956,0.9,0.3
UKI34,UK,MFH_HIGH,448163.0729473053,0.5,0.8
UKI34,UK,OTHER,8690.754632847724,0.6,0.4
UKI34,UK,SFH,1609146.172419847,0.9,0.3
UKI41,UK,MFH_HIGH,759881.5317204309,0.5,0.8
UKI41,UK,OTHER,14735.582516391856,0.6,0.4
UKI41,UK,SFH,2728382.885763177,0.9,0.3
UKI42,UK,MFH_HIGH,359658.45834783744,0.5,0.8
UKI42,UK,OTHER,6974.477822488638,0.6,0.4
UKI42,UK,SFH,1291367.063829674,0.9,0.3
UKI43,UK,MFH_HIGH,631896.9174712005,0.5,0.8
UKI43,UK,OTHER,12253.711638666708,0.6,0.4
UKI43,UK,SFH,2268849.370890133,0.9,0.3
UKI44,UK,MFH_HIGH,771161.5316203631,0.5,0.8
UKI44,UK,OTHER,14954.323678496448,0.6,0.4
UKI44,UK,SFH,2768884.1447011405,0.9,0.3
UKI45,UK,MFH_HIGH,414106.15017251007,0.5,0.8
UKI45,UK,OTHER,8030.324585724252,0.6,0.4
UKI45,UK,SFH,1486863.5252417657,0.9,0.3
UKI51,UK,MFH_HIGH,687646.1477458653,0.5,0.8
UKI51,UK,OTHER,13334.797766760545,0.6,0.4
UKI51,UK,SFH,2469019.054487374,0.9,0.3
UKI52,UK,MFH_HIGH,597839.9946964053,0.5,0.8
UKI52,UK,OTHER,11593.281591543237,0.6,0.4
UKI52,UK,SFH,2146566.723712052,0.9,0.3
UKI53,UK,MFH_HIGH,759881.5317204309,0.5,0.8
UKI53,UK,OTHER,14735.582516391856,0.6,0.4
UKI53,UK,SFH,2728382.885763177,0.9,0.3
UKI54,UK,MFH_HIGH,439703.07302235614,0.5,0.8
UKI54,UK,OTHER,8526.698761269281,0.6,0.4
UKI54,UK,SFH,1578770.2282163748,0.9,0.3
UKI61,UK,MFH_HIGH,460310.7651472322,0.5,0.8
UKI61,UK,OTHER,8926.322038191127,0.6,0.4
UKI61,UK,SFH,1652762.9128145766,0.9,0.3
UKI62,UK,MFH_HIGH,537101.5336967704,0.5,0.8
UKI62,UK,OTHER,10415.444564826215,0.6,0.4
UKI62,UK,SFH,1928483.0217384037,0.9,0.3
UKI63,UK,MFH_HIGH,818233.83889508,0.5,0.8
UKI63,UK,OTHER,15867.147374202135,0.6,0.4
UKI63,UK,SFH,2937899.013730718,0.9,0.3
UKI71,UK,MFH_HIGH,501959.9955469818,0.5,0.8
UKI71,UK,OTHER,9733.981713654226,0.6,0.4
UKI71,UK,SFH,1802306.022739364,0.9,0.3
UKI72,UK,MFH_HIGH,430809.2269474096,0.5,0.8
UKI72,UK,OTHER,8354.229768071433,0.6,0.4
UKI72,UK,SFH,1546836.543284519,0.9,0.3
UKI73,UK,MFH_HIGH,466601.5343221944,0.5,0.8
UKI73,UK,OTHER,9048.312301672531,0.6,0.4
UKI73,UK,SFH,1675350.1533761332,0.9,0.3
UKI74,UK,MFH_HIGH,723004.6089706527,0.5,0.8
UKI74,UK,OTHER,14020.467178742238,0.6,0.4
UKI74,UK,SFH,2595974.9238506053,0.9,0.3
UKI75,UK,MFH_HIGH,609987.6868963322,0.5,0.8
UKI75,UK,OTHER,11828.84899688664,0.6,0.4
UKI75,UK,SFH,2190183.4641067814,0.9,0.3
UKJ11,UK,MFH_HIGH,1612606.1395403035,0.5,0.8
UKJ11,UK,OTHER,31271.57305933687,0.6,0.4
UKJ11,UK,SFH,5790122.287400359,0.9,0.3
UKJ12,UK,MFH_HIGH,490896.9187220483,0.5,0.8
UKJ12,UK,OTHER,9519.44711235934,0.6,0.4
UKJ12,UK,SFH,1762583.6341655925,0.9,0.3
UKJ13,UK,MFH_HIGH,868993.8384447749,0.5,0.8
UKJ13,UK,OTHER,16851.48260367279,0.6,0.4
UKJ13,UK,SFH,3120154.6789515526,0.9,0.3
UKJ14,UK,MFH_HIGH,1108043.0670933374,0.5,0.8
UKJ14,UK,OTHER,21487.1126159662,0.6,0.4
UKJ14,UK,SFH,3978469.820290696,0.9,0.3
UKJ21,UK,MFH_HIGH,432978.4576973966,0.5,0.8
UKJ21,UK,OTHER,8396.29537616847,0.6,0.4
UKJ21,UK,SFH,1554625.246926435,0.9,0.3
UKJ22,UK,MFH_HIGH,806953.838995148,0.5,0.8
UKJ22,UK,OTHER,15648.406212097549,0.6,0.4
UKJ22,UK,SFH,2897397.7547927545,0.9,0.3
UKJ25,UK,MFH_HIGH,1076806.1442935253,0.5,0.8
UKJ25,UK,OTHER,20881.36785936888,0.6,0.4
UKJ25,UK,SFH,3866312.487847106,0.9,0.3
UKJ26,UK,MFH_HIGH,553587.6873966714,0.5,0.8
UKJ26,UK,OTHER,10735.143186363694,0.6,0.4
UKJ26,UK,SFH,1987677.169416965,0.9,0.3
UKJ27,UK,MFH_HIGH,627124.6098212292,0.5,0.8
UKJ27,UK,OTHER,12161.167300853229,0.6,0.4
UKJ27,UK,SFH,2251714.222877918,0.9,0.3
UKJ28,UK,MFH_HIGH,550333.8412716909,0.5,0.8
UKJ28,UK,OTHER,10672.04477421814,0.6,0.4
UKJ28,UK,SFH,1975994.113954091,0.9,0.3
UKJ31,UK,MFH_HIGH,305644.6126731622,0.5,0.8
UKJ31,UK,OTHER,5927.044180872431,0.6,0.4
UKJ31,UK,SFH,1097428.3431459654,0.9,0.3
UKJ32,UK,MFH_HIGH,362695.3813978192,0.5,0.8
UKJ32,UK,OTHER,7033.369673824489,0.6,0.4
UKJ32,UK,SFH,1302271.2489283565,0.9,0.3
UKJ34,UK,MFH_HIGH,216489.2288486983,0.5,0.8
UKJ34,UK,OTHER,4198.147688084235,0.6,0.4
UKJ34,UK,SFH,777312.6234632175,0.9,0.3
UKJ35,UK,MFH_HIGH,638187.6866461626,0.5,0.8
UKJ35,UK,OTHER,12375.701902148114,0.6,0.4
UKJ35,UK,SFH,2291436.611451689,0.9,0.3
UKJ36,UK,MFH_HIGH,755543.070220457,0.5,0.8
UKJ36,UK,OTHER,14651.451300197785,0.6,0.4
UKJ36,UK,SFH,2712805.4784793453,0.9,0.3
UKJ37,UK,MFH_HIGH,531461.5337468045,0.5,0.8
UKJ37,UK,OTHER,10306.073983773922,0.6,0.4
UKJ37,UK,SFH,1908232.3922694216,0.9,0.3
UKJ41,UK,MFH_HIGH,357489.2275978505,0.5,0.8
UKJ41,UK,OTHER,6932.412214391601,0.6,0.4
UKJ41,UK,SFH,1283578.360187758,0.9,0.3
UKJ43,UK,MFH_HIGH,478315.380372124,0.5,0.8
UKJ43,UK,OTHER,9275.466585396529,0.6,0.4
UKJ43,UK,SFH,1717409.1530424797,0.9,0.3
UKJ44,UK,MFH_HIGH,717798.455170684,0.5,0.8
UKJ44,UK,OTHER,13919.50971930935,0.6,0.4
UKJ44,UK,SFH,2577282.0351100066,0.9,0.3
UKJ45,UK,MFH_HIGH,387641.5350226692,0.5,0.8
UKJ45,UK,OTHER,7517.124166940408,0.6,0.4
UKJ45,UK,SFH,1391841.3408103904,0.9,0.3
UKJ46,UK,MFH_HIGH,496103.072522017,0.5,0.8
UKJ46,UK,OTHER,9620.404571792227,0.6,0.4
UKJ46,UK,SFH,1781276.522906191,0.9,0.3
UKK11,UK,MFH_HIGH,727559.9935456252,0.5,0.8
UKK11,UK,OTHER,14108.804955746014,0.6,0.4
UKK11,UK,SFH,2612331.2014986286,0.9,0.3
UKK12,UK,MFH_HIGH,1042315.3753687328,0.5,0.8
UKK12,UK,OTHER,20212.524690626,0.6,0.4
UKK12,UK,SFH,3742472.099940641,0.9,0.3
UKK13,UK,MFH_HIGH,990253.8373690456,0.5,0.8
UKK13,UK,OTHER,19202.950096297125,0.6,0.4
UKK13,UK,SFH,3555543.212534657,0.9,0.3
UKK14,UK,MFH_HIGH,360309.2275728336,0.5,0.8
UKK14,UK,OTHER,6987.097504917749,0.6,0.4
UKK14,UK,SFH,1293703.6749222488,0.9,0.3
UKK15,UK,MFH_HIGH,757495.3778954453,0.5,0.8
UKK15,UK,OTHER,14689.310347485116,0.6,0.4
UKK15,UK,SFH,2719815.311757069,0.9,0.3
UKK21,UK,MFH_HIGH,548381.5335967026,0.5,0.8
UKK21,UK,OTHER,10634.185726930806,0.6,0.4
UKK21,UK,SFH,1968984.2806763663,0.9,0.3
UKK22,UK,MFH_HIGH,645996.9173461157,0.5,0.8
UKK22,UK,OTHER,12527.138091297444,0.6,0.4
UKK22,UK,SFH,2319475.944562587,0.9,0.3
UKK23,UK,MFH_HIGH,831032.3003200032,0.5,0.8
UKK23,UK,OTHER,16115.334461974651,0.6,0.4
UKK23,UK,SFH,2983852.3652180224,0.9,0.3
UKK30,UK,MFH_HIGH,810858.4543451244,0.5,0.8
UKK30,UK,OTHER,15724.124306672213,0.6,0.4
UKK30,UK,SFH,2911417.4213482034,0.9,0.3
UKK41,UK,MFH_HIGH,378530.765872724,0.5,0.8
UKK41,UK,OTHER,7340.448612932854,0.6,0.4
UKK41,UK,SFH,1359128.7855143433,0.9,0.3
UKK42,UK,MFH_HIGH,158136.92167404914,0.5,0.8
UKK42,UK,OTHER,3066.582830273954,0.6,0.4
UKK42,UK,SFH,567796.4954956769,0.9,0.3
UKK43,UK,MFH_HIGH,1224747.6814426358,0.5,0.8
UKK43,UK,OTHER,23750.24233158676,0.6,0.4
UKK43,UK,SFH,4397502.076225778,0.9,0.3
UKL11,UK,MFH_HIGH,120392.3066242761,0.5,0.8
UKL11,UK,OTHER,2334.641249385521,0.6,0.4
UKL11,UK,SFH,432273.0521263384,0.9,0.3
UKL12,UK,MFH_HIGH,227118.4595236344,0.5,0.8
UKL12,UK,OTHER,4404.269167759713,0.6,0.4
UKL12,UK,SFH,815477.2713086059,0.9,0.3
UKL13,UK,MFH_HIGH,409767.6886725361,0.5,0.8
UKL13,UK,OTHER,7946.193369530179,0.6,0.4
UKL13,UK,SFH,1471286.1179579338,0.9,0.3
UKL14,UK,MFH_HIGH,650769.224996087,0.5,0.8
UKL14,UK,OTHER,12619.682429110924,0.6,0.4
UKL14,UK,SFH,2336611.092574802,0.9,0.3
UKL15,UK,MFH_HIGH,488727.6879720613,0.5,0.8
UKL15,UK,OTHER,9477.381504262305,0.6,0.4
UKL15,UK,SFH,1754794.9305236763,0.9,0.3
UKL16,UK,MFH_HIGH,556407.6873716544,0.5,0.8
UKL16,UK,OTHER,10789.82847688984,0.6,0.4
UKL16,UK,SFH,1997802.484151456,0.9,0.3
UKL17,UK,MFH_HIGH,466384.6112471957,0.5,0.8
UKL17,UK,OTHER,9044.10574086283,0.6,0.4
UKL17,UK,SFH,1674571.2830119417,0.9,0.3
UKL18,UK,MFH_HIGH,398487.6887726039,0.5,0.8
UKL18,UK,OTHER,7727.452207425589,0.6,0.4
UKL18,UK,SFH,1430784.8590199703,0.9,0.3
UKL21,UK,MFH_HIGH,431459.9961724057,0.5,0.8
UKL21,UK,OTHER,8366.849450500544,0.6,0.4
UKL21,UK,SFH,1549173.1543770938,0.9,0.3
UKL22,UK,MFH_HIGH,801964.608270178,0.5,0.8
UKL22,UK,OTHER,15551.655313474364,0.6,0.4
UKL22,UK,SFH,2879483.736416348,0.9,0.3
UKL23,UK,MFH_HIGH,516493.8415718944,0.5,0.8
UKL23,UK,OTHER,10015.821287904371,0.6,0.4
UKL23,UK,SFH,1854490.3371402011,0.9,0.3
UKL24,UK,MFH_HIGH,244906.1516735274,0.5,0.8
UKL24,UK,OTHER,4749.207154155411,0.6,0.4
UKL24,UK,SFH,879344.6411723172,0.9,0.3
UKM21,UK,MFH_HIGH,531027.687596807,0.5,0.8
UKM21,UK,OTHER,10297.660862154517,0.6,0.4
UKM21,UK,SFH,1906674.6515410384,0.9,0.3
UKM22,UK,MFH_HIGH,701963.0706957792,0.5,0.8
UKM22,UK,OTHER,13612.430780200984,0.6,0.4
UKM22,UK,SFH,2520424.49852402,0.9,0.3
UKM23,UK,MFH_HIGH,307813.84342314914,0.5,0.8
UKM23,UK,OTHER,5969.109788969467,0.6,0.4
UKM23,UK,SFH,1105217.0467878815,0.9,0.3
UKM24,UK,MFH_HIGH,220827.6903486722,0.5,0.8
UKM24,UK,OTHER,4282.278904278307,0.6,0.4
UKM24,UK,SFH,792890.0307470495,0.9,0.3
UKM25,UK,MFH_HIGH,1120190.7592932645,0.5,0.8
UKM25,UK,OTHER,21722.680021309607,0.6,0.4
UKM25,UK,SFH,4022086.560685426,0.9,0.3
UKM26,UK,MFH_HIGH,261826.15152342568,0.5,0.8
UKM26,UK,OTHER,5077.318897312295,0.6,0.4
UKM26,UK,SFH,940096.529579262,0.9,0.3
UKM27,UK,MFH_HIGH,488944.61104706005,0.5,0.8
UKM27,UK,OTHER,9481.588065072008,0.6,0.4
UKM27,UK,SFH,1755573.800887868,0.9,0.3
UKM28,UK,MFH_HIGH,314321.53567311005,0.5,0.8
UKM28,UK,OTHER,6095.306613260576,0.6,0.4
UKM28,UK,SFH,1128583.1577136295,0.9,0.3
UKM31,UK,MFH_HIGH,383953.8427476913,0.5,0.8
UKM31,UK,OTHER,7445.612633175446,0.6,0.4
UKM31,UK,SFH,1378600.5446191332,0.9,0.3
UKM32,UK,MFH_HIGH,291761.5358732457,0.5,0.8
UKM32,UK,OTHER,5657.824289051398,0.6,0.4
UKM32,UK,SFH,1047580.639837703,0.9,0.3
UKM33,UK,MFH_HIGH,427121.53467243176,0.5,0.8
UKM33,UK,OTHER,8282.71823430647,0.6,0.4
UKM33,UK,SFH,1533595.747093262,0.9,0.3
UKM34,UK,MFH_HIGH,1257936.9119174362,0.5,0.8
UKM34,UK,OTHER,24393.846135471416,0.6,0.4
UKM34,UK,SFH,4516669.241947092,0.9,0.3
UKM35,UK,MFH_HIGH,606083.0715463557,0.5,0.8
UKM35,UK,OTHER,11753.130902311974,0.6,0.4
UKM35,UK,SFH,2176163.7975513325,0.9,0.3
UKM36,UK,MFH_HIGH,556841.5335216518,0.5,0.8
UKM36,UK,OTHER,10798.241598509248,0.6,0.4
UKM36,UK,SFH,1999360.224879839,0.9,0.3
UKM37,UK,MFH_HIGH,211499.9981237283,0.5,0.8
UKM37,UK,OTHER,4101.3967894610505,0.6,0.4
UKM37,UK,SFH,759398.6050868107,0.9,0.3
UKM38,UK,MFH_HIGH,552286.1489466792,0.5,0.8
UKM38,UK,OTHER,10709.903821505472,0.6,0.4
UKM38,UK,SFH,1983003.9472318157,0.9,0.3
UKM50,UK,MFH_HIGH,1016935.3755938852,0.5,0.8
UKM50,UK,OTHER,19720.35707589067,0.6,0.4
UKM50,UK,SFH,3651344.267330224,0.9,0.3
UKM61,UK,MFH_HIGH,188723.07524886524,0.5,0.8
UKM61,UK,OTHER,3659.707904442168,0.6,0.4
UKM61,UK,SFH,677617.2168466926,0.9,0.3
UKM62,UK,MFH_HIGH,399572.3041475975,0.5,0.8
UKM62,UK,OTHER,7748.4850114741075,0.6,0.4
UKM62,UK,SFH,1434679.2108409286,0.9,0.3
UKM63,UK,MFH_HIGH,211499.9981237283,0.5,0.8
UKM63,UK,OTHER,4101.3967894610505,0.6,0.4
UKM63,UK,SFH,759398.6050868107,0.9,0.3
UKM64,UK,MFH_HIGH,48807.69187470653,0.5,0.8
UKM64,UK,OTHER,946.4761821833192,0.6,0.4
UKM64,UK,SFH,175245.83194311016,0.9,0.3
UKM65,UK,MFH_HIGH,38829.23042476652,0.5,0.8
UKM65,UK,OTHER,752.9743849369519,0.6,0.4
UKM65,UK,SFH,139417.7951902965,0.9,0.3
UKM66,UK,MFH_HIGH,46204.61497472218,0.5,0.8
UKM66,UK,OTHER,895.9974524668756,0.6,0.4
UKM66,UK,SFH,165899.38757281096,0.9,0.3
UKN01,UK,MFH_HIGH,518663.07232188137,0.5,0.8
UKN01,UK,OTHER,10057.886896001408,0.6,0.4
UKN01,UK,SFH,1862279.0407821173,0.9,0.3
UKN02,UK,MFH_HIGH,558359.9950466427,0.5,0.8
UKN02,UK,OTHER,10827.687524177174,0.6,0.4
UKN02,UK,SFH,2004812.3174291805,0.9,0.3
UKN03,UK,MFH_HIGH,617579.9945212866,0.5,0.8
UKN03,UK,OTHER,11976.078625226268,0.6,0.4
UKN03,UK,SFH,2217443.9268534877,0.9,0.3
UKN04,UK,MFH_HIGH,422566.1500974592,0.5,0.8
UKN04,UK,OTHER,8194.380457302694,0.6,0.4
UKN04,UK,SFH,1517239.469445238,0.9,0.3
UKN05,UK,MFH_HIGH,565518.4565215997,0.5,0.8
UKN05,UK,OTHER,10966.504030897391,0.6,0.4
UKN05,UK,SFH,2030515.0394475032,0.9,0.3
UKZZZ,UK,MFH_HIGH,0.0,0.5,0.8
UKZZZ,UK,OTHER,0.0,0.6,0.4
UKZZZ,UK,SFH,0.0,0.9,0.3
