nuts_id,country,building_type,heat_2015_MWh,hp_feasibility,dh_feasibility
AT111,AT,MFH_HIGH,163564.3902416204,0.408,0.9
AT111,AT,OTHER,0.0,0.49,0.476
AT111,AT,SFH,320893.3635312272,0.735,0.357
AT112,AT,MFH_HIGH,672541.8201740519,0.409,0.9
AT112,AT,OTHER,0.0,0.491,0.474
AT112,AT,SFH,1077268.7551084235,0.737,0.355
AT113,AT,MFH_HIGH,678611.7301895511,0.389,0.9
AT113,AT,OTHER,0.0,0.467,0.517
AT113,AT,SFH,666025.5960988103,0.7,0.388
AT121,AT,MFH_HIGH,929140.6803144276,0.401,0.9
AT121,AT,OTHER,0.0,0.481,0.491
AT121,AT,SFH,1192691.0637683992,0.722,0.368
AT122,AT,MFH_HIGH,1049832.6742903143,0.409,0.9
AT122,AT,OTHER,0.0,0.491,0.474
AT122,AT,SFH,1404838.5405326786,0.736,0.355
AT123,AT,MFH_HIGH,664930.1878731084,0.404,0.9
AT123,AT,OTHER,0.0,0.485,0.484
AT123,AT,SFH,796748.3108086549,0.727,0.363
AT124,AT,MFH_HIGH,1219205.5132298216,0.396,0.9
AT124,AT,OTHER,0.0,0.476,0.501
AT124,AT,SFH,1245117.7216312794,0.713,0.376
AT125,AT,MFH_HIGH,777514.0541858732,0.399,0.9
AT125,AT,OTHER,0.0,0.479,0.495
AT125,AT,SFH,984552.643723318,0.719,0.371
AT126,AT,MFH_HIGH,1210735.383175189,0.416,0.9
AT126,AT,OTHER,0.0,0.499,0.46
AT126,AT,SFH,2054994.2360754483,0.748,0.345
AT127,AT,MFH_HIGH,1245789.487075016,0.41,0.9
AT127,AT,OTHER,0.0,0.492,0.472
AT127,AT,SFH,1461917.345386048,0.738,0.354
AT130,AT,MFH_HIGH,8619242.795802983,0.368,0.9
AT130,AT,OTHER,0.0,0.441,0.563
AT130,AT,SFH,946494.2220566235,0.662,0.422
AT211,AT,MFH_HIGH,943866.4467768454,0.41,0.9
AT211,AT,OTHER,0.0,0.492,0.472
AT211,AT,SFH,1239791.7464569395,0.738,0.354
AT212,AT,MFH_HIGH,533357.123066113,0.406,0.9
AT212,AT,OTHER,0.0,0.488,0.48
AT212,AT,SFH,850751.3733791502,0.732,0.36
AT213,AT,MFH_HIGH,489449.8674857764,0.406,0.9
AT213,AT,OTHER,0.0,0.487,0.48
AT213,AT,SFH,800691.3442583121,0.731,0.36
AT221,AT,MFH_HIGH,1860356.2790076777,0.392,0.9
AT221,AT,OTHER,0.0,0.471,0.51
AT221,AT,SFH,1396030.2281899247,0.706,0.383
AT222,AT,MFH_HIGH,325932.6287854983,0.412,0.9
AT222,AT,OTHER,0.0,0.494,0.469
AT222,AT,SFH,540383.7929170271,0.741,0.352
AT223,AT,MFH_HIGH,618232.5759879897,0.408,0.9
AT223,AT,OTHER,0.0,0.49,0.476
AT223,AT,SFH,736542.7737084277,0.735,0.357
AT224,AT,MFH_HIGH,2013741.1697373088,0.387,0.9
AT224,AT,OTHER,0.0,0.465,0.521
AT224,AT,SFH,1616077.1133846042,0.697,0.391
AT225,AT,MFH_HIGH,763195.1774973401,0.408,0.9
AT225,AT,OTHER,0.0,0.49,0.475
AT225,AT,SFH,1352478.5967224592,0.735,0.356
AT226,AT,MFH_HIGH,389945.8935003021,0.408,0.9
AT226,AT,OTHER,0.0,0.49,0.476
AT226,AT,SFH,582629.8316136829,0.735,0.357
AT311,AT,MFH_HIGH,1125357.9878603208,0.392,0.9
AT311,AT,OTHER,0.0,0.47,0.51
AT311,AT,SFH,1506542.1426907256,0.706,0.383
AT312,AT,MFH_HIGH,1958511.9660962457,0.4,0.9
AT312,AT,OTHER,0.0,0.48,0.494
AT312,AT,SFH,1869971.6132906168,0.719,0.37
AT313,AT,MFH_HIGH,902635.6410582882,0.391,0.9
AT313,AT,OTHER,0.0,0.469,0.513
AT313,AT,SFH,940882.4751542856,0.704,0.385
AT314,AT,MFH_HIGH,653770.4665130958,0.397,0.9
AT314,AT,OTHER,0.0,0.476,0.501
AT314,AT,SFH,684349.3315347303,0.714,0.376
AT315,AT,MFH_HIGH,1137157.418546541,0.391,0.9
AT315,AT,OTHER,0.0,0.47,0.512
AT315,AT,SFH,1219266.7800059344,0.705,0.384
AT321,AT,MFH_HIGH,97087.57218644928,0.406,0.9
AT321,AT,OTHER,0.0,0.488,0.48
AT321,AT,SFH,132278.36683417106,0.731,0.36
AT322,AT,MFH_HIGH,775257.855974967,0.394,0.9
AT322,AT,OTHER,0.0,0.473,0.506
AT322,AT,SFH,804651.8965692556,0.71,0.379
AT323,AT,MFH_HIGH,1307247.37071277,0.391,0.9
AT323,AT,OTHER,0.0,0.469,0.512
AT323,AT,SFH,1137778.9709699184,0.704,0.384
AT331,AT,MFH_HIGH,205821.27005045663,0.384,0.9
AT331,AT,OTHER,0.0,0.461,0.527
AT331,AT,SFH,157894.62148861834,0.692,0.395
AT332,AT,MFH_HIGH,1318041.638081684,0.379,0.9
AT332,AT,OTHER,0.0,0.455,0.538
AT332,AT,SFH,744716.7209690321,0.683,0.403
AT333,AT,MFH_HIGH,274611.7317587736,0.389,0.9
AT333,AT,OTHER,0.0,0.467,0.516
AT333,AT,SFH,237771.44232040783,0.701,0.387
AT334,AT,MFH_HIGH,527883.119001938,0.392,0.9
AT334,AT,OTHER,0.0,0.47,0.511
AT334,AT,SFH,545847.8235401942,0.705,0.383
AT335,AT,MFH_HIGH,1515089.4409353926,0.381,0.9
AT335,AT,OTHER,0.0,0.458,0.533
AT335,AT,SFH,1035194.4381543888,0.687,0.4
AT341,AT,MFH_HIGH,341021.56137402635,0.401,0.9
AT341,AT,OTHER,0.0,0.481,0.492
AT341,AT,SFH,523547.0442228893,0.721,0.369
AT342,AT,MFH_HIGH,861703.3485245246,0.402,0.9
AT342,AT,OTHER,0.0,0.483,0.488
AT342,AT,SFH,1165224.0996633123,0.724,0.366
BE100,BE,MFH_HIGH,6025437.55468984,0.363,0.9
BE100,BE,OTHER,0.0,0.435,0.573
BE100,BE,SFH,1456494.0258709125,0.653,0.43
BE211,BE,MFH_HIGH,5014257.844142362,0.394,0.9
BE211,BE,OTHER,0.0,0.472,0.507
BE211,BE,SFH,5634679.117414701,0.708,0.38
BE212,BE,MFH_HIGH,1318238.643175218,0.421,0.898
BE212,BE,OTHER,0.0,0.505,0.449
BE212,BE,SFH,2930971.569342884,0.757,0.337
BE213,BE,MFH_HIGH,1492410.1473527346,0.438,0.824
BE213,BE,OTHER,0.0,0.526,0.412
BE213,BE,SFH,4575117.976298086,0.788,0.309
BE221,BE,MFH_HIGH,1174322.444276275,0.438,0.825
BE221,BE,OTHER,0.0,0.526,0.412
BE221,BE,SFH,3866743.676330796,0.788,0.309
BE222,BE,MFH_HIGH,687188.2560035915,0.441,0.81
BE222,BE,OTHER,0.0,0.53,0.405
BE222,BE,SFH,2357973.1502968376,0.795,0.304
BE223,BE,MFH_HIGH,664587.8906746763,0.434,0.84
BE223,BE,OTHER,0.0,0.521,0.42
BE223,BE,SFH,1948399.7776941643,0.782,0.315
BE231,BE,MFH_HIGH,1229677.3779163528,0.427,0.874
BE231,BE,OTHER,0.0,0.512,0.437
BE231,BE,SFH,2809180.4870786746,0.768,0.328
BE232,BE,MFH_HIGH,767733.4492086349,0.438,0.826
BE232,BE,OTHER,0.0,0.525,0.413
BE232,BE,SFH,1988532.3650816544,0.788,0.31
BE233,BE,MFH_HIGH,293614.46688299964,0.442,0.808
BE233,BE,OTHER,0.0,0.53,0.404
BE233,BE,SFH,890913.8758176377,0.795,0.303
BE234,BE,MFH_HIGH,2782998.063303805,0.405,0.9
BE234,BE,OTHER,0.0,0.485,0.484
BE234,BE,SFH,4430796.786454752,0.728,0.363
BE235,BE,MFH_HIGH,512235.6576734161,0.425,0.879
BE235,BE,OTHER,0.0,0.51,0.439
BE235,BE,SFH,1261615.7573848793,0.766,0.329
BE236,BE,MFH_HIGH,965284.230491362,0.433,0.847
BE236,BE,OTHER,0.0,0.519,0.424
BE236,BE,SFH,2138458.16869541,0.779,0.318
BE241,BE,MFH_HIGH,1809508.3309161912,0.431,0.856
BE241,BE,OTHER,0.0,0.517,0.428
BE241,BE,SFH,5251022.058200163,0.775,0.321
BE242,BE,MFH_HIGH,1552017.270392569,0.43,0.86
BE242,BE,OTHER,0.0,0.516,0.43
BE242,BE,SFH,4652817.91719393,0.773,0.323
BE251,BE,MFH_HIGH,1608551.75308856,0.409,0.9
BE251,BE,OTHER,0.0,0.491,0.473
BE251,BE,SFH,2463071.7772188494,0.737,0.355
BE252,BE,MFH_HIGH,183597.49631367257,0.435,0.836
BE252,BE,OTHER,0.0,0.522,0.418
BE252,BE,SFH,523525.6967843007,0.784,0.313
BE253,BE,MFH_HIGH,445812.5710094041,0.427,0.87
BE253,BE,OTHER,0.0,0.513,0.435
BE253,BE,SFH,1086643.3483233703,0.769,0.326
BE254,BE,MFH_HIGH,1161296.1084126288,0.429,0.862
BE254,BE,OTHER,0.0,0.515,0.431
BE254,BE,SFH,2713551.839537105,0.773,0.323
BE255,BE,MFH_HIGH,915358.7907256396,0.407,0.9
BE255,BE,OTHER,0.0,0.489,0.477
BE255,BE,SFH,1160271.2060846775,0.733,0.358
BE256,BE,MFH_HIGH,620686.6449219617,0.427,0.872
BE256,BE,OTHER,0.0,0.512,0.436
BE256,BE,SFH,1474104.2992905264,0.768,0.327
BE257,BE,MFH_HIGH,368284.4788710093,0.435,0.839
BE257,BE,OTHER,0.0,0.522,0.419
BE257,BE,SFH,1012327.2536724592,0.782,0.315
BE258,BE,MFH_HIGH,509419.4586226836,0.41,0.9
BE258,BE,OTHER,0.0,0.493,0.471
BE258,BE,SFH,572703.0367856716,0.739,0.353
BE310,BE,MFH_HIGH,1084627.9794452374,0.438,0.824
BE310,BE,OTHER,0.0,0.526,0.412
BE310,BE,SFH,3527171.1065204684,0.789,0.309
BE321,BE,MFH_HIGH,232812.0314112244,0.452,0.767
BE321,BE,OTHER,0.0,0.542,0.383
BE321,BE,SFH,1033357.9170026812,0.813,0.288
BE322,BE,MFH_HIGH,983483.0193008704,0.445,0.796
BE322,BE,OTHER,0.0,0.534,0.398
BE322,BE,SFH,3628896.510118654,0.801,0.298
BE323,BE,MFH_HIGH,576506.9451824068,0.458,0.739
BE323,BE,OTHER,0.0,0.55,0.37
BE323,BE,SFH,2492496.963321025,0.824,0.277
BE324,BE,MFH_HIGH,170904.09180984204,0.456,0.747
BE324,BE,OTHER,0.0,0.548,0.373
BE324,BE,SFH,713659.6741612722,0.821,0.28
BE325,BE,MFH_HIGH,457747.3783459565,0.448,0.783
BE325,BE,OTHER,0.0,0.537,0.391
BE325,BE,SFH,1729313.7192652717,0.806,0.294
BE326,BE,MFH_HIGH,311708.24344322714,0.457,0.745
BE326,BE,OTHER,0.0,0.548,0.373
BE326,BE,SFH,1636242.0096041022,0.822,0.28
BE327,BE,MFH_HIGH,495086.3415544206,0.438,0.826
BE327,BE,OTHER,0.0,0.525,0.413
BE327,BE,SFH,1514557.103476484,0.788,0.31
BE331,BE,MFH_HIGH,233946.9723455861,0.443,0.804
BE331,BE,OTHER,0.0,0.531,0.402
BE331,BE,SFH,1080363.371750898,0.797,0.301
BE332,BE,MFH_HIGH,2534819.779733348,0.397,0.9
BE332,BE,OTHER,0.0,0.476,0.5
BE332,BE,SFH,3840587.63102876,0.714,0.375
BE334,BE,MFH_HIGH,149545.3252823724,0.457,0.741
BE334,BE,OTHER,0.0,0.549,0.371
BE334,BE,SFH,840790.7192558835,0.823,0.278
BE335,BE,MFH_HIGH,1057139.022234641,0.389,0.9
BE335,BE,OTHER,0.0,0.467,0.517
BE335,BE,SFH,1522519.2839093795,0.7,0.388
BE336,BE,MFH_HIGH,398642.1667266078,0.4,0.9
BE336,BE,OTHER,0.0,0.48,0.493
BE336,BE,SFH,711584.310168662,0.72,0.37
BE341,BE,MFH_HIGH,353781.1343782245,0.388,0.9
BE341,BE,OTHER,0.0,0.466,0.519
BE341,BE,SFH,431837.9501015481,0.699,0.389
BE342,BE,MFH_HIGH,275930.58902645955,0.402,0.9
BE342,BE,OTHER,0.0,0.482,0.49
BE342,BE,SFH,506437.7125987764,0.723,0.368
BE343,BE,MFH_HIGH,291056.7047123425,0.409,0.9
BE343,BE,OTHER,0.0,0.49,0.475
BE343,BE,SFH,644402.4485644611,0.736,0.356
BE344,BE,MFH_HIGH,388543.7119916584,0.408,0.9
BE344,BE,OTHER,0.0,0.489,0.477
BE344,BE,SFH,698566.0225136867,0.734,0.358
BE345,BE,MFH_HIGH,360086.4867781813,0.396,0.9
BE345,BE,OTHER,0.0,0.475,0.502
BE345,BE,SFH,511109.3188463961,0.713,0.376
BE351,BE,MFH_HIGH,442417.7357828667,0.419,0.9
BE351,BE,OTHER,0.0,0.503,0.452
BE351,BE,SFH,1172013.4990013016,0.755,0.339
BE352,BE,MFH_HIGH,867258.7674613686,0.425,0.878
BE352,BE,OTHER,0.0,0.511,0.439
BE352,BE,SFH,2665697.35442128,0.766,0.329
BE353,BE,MFH_HIGH,161252.53657514683,0.448,0.783
BE353,BE,OTHER,0.0,0.537,0.392
BE353,BE,SFH,773298.2127264696,0.806,0.294
BG311,BG,MFH_HIGH,100472.7291453862,0.475,0.667
BG311,BG,OTHER,0.0,0.57,0.334
BG311,BG,SFH,547637.8589708965,0.855,0.25
BG312,BG,MFH_HIGH,145348.06963756625,0.469,0.692
BG312,BG,OTHER,0.0,0.563,0.346
BG312,BG,SFH,804442.4886895687,0.844,0.26
BG313,BG,MFH_HIGH,202349.1103071489,0.469,0.693
BG313,BG,OTHER,0.0,0.563,0.346
BG313,BG,SFH,908692.240682818,0.844,0.26
BG314,BG,MFH_HIGH,397864.9279346821,0.444,0.801
BG314,BG,OTHER,0.0,0.532,0.4
BG314,BG,SFH,1032710.5451413678,0.798,0.3
BG315,BG,MFH_HIGH,237015.72618886657,0.454,0.758
BG315,BG,OTHER,0.0,0.544,0.379
BG315,BG,SFH,705736.2607677535,0.816,0.284
BG321,BG,MFH_HIGH,511894.7254072136,0.431,0.854
BG321,BG,OTHER,0.0,0.517,0.427
BG321,BG,SFH,1013086.4920217054,0.776,0.32
BG322,BG,MFH_HIGH,239617.61248550916,0.431,0.853
BG322,BG,OTHER,0.0,0.518,0.427
BG322,BG,SFH,444794.8759798604,0.776,0.32
BG323,BG,MFH_HIGH,443969.53669861576,0.435,0.836
BG323,BG,OTHER,0.0,0.522,0.418
BG323,BG,SFH,605351.0828069032,0.784,0.314
BG324,BG,MFH_HIGH,199286.41406725152,0.422,0.891
BG324,BG,OTHER,0.0,0.507,0.446
BG324,BG,SFH,351515.4575992781,0.76,0.334
BG325,BG,MFH_HIGH,202374.97290914223,0.433,0.848
BG325,BG,OTHER,0.0,0.519,0.424
BG325,BG,SFH,484165.5728131645,0.779,0.318
BG331,BG,MFH_HIGH,943554.2036875793,0.427,0.87
BG331,BG,OTHER,0.0,0.513,0.435
BG331,BG,SFH,1041181.424018278,0.769,0.326
BG332,BG,MFH_HIGH,329687.5097813332,0.442,0.806
BG332,BG,OTHER,0.0,0.531,0.403
BG332,BG,SFH,637052.3206103696,0.796,0.302
BG333,BG,MFH_HIGH,372468.2855330419,0.419,0.9
BG333,BG,OTHER,0.0,0.503,0.452
BG333,BG,SFH,560076.8399207325,0.755,0.339
BG334,BG,MFH_HIGH,55586.95057915143,0.414,0.9
BG334,BG,OTHER,0.0,0.496,0.465
BG334,BG,SFH,72283.34276421994,0.744,0.348
BG341,BG,MFH_HIGH,1020110.4003748111,0.428,0.867
BG341,BG,OTHER,0.0,0.514,0.434
BG341,BG,SFH,1163817.4715648172,0.77,0.325
BG342,BG,MFH_HIGH,333082.5092183083,0.442,0.809
BG342,BG,OTHER,0.0,0.53,0.405
BG342,BG,SFH,727533.1262791703,0.795,0.304
BG343,BG,MFH_HIGH,294999.4681588524,0.444,0.797
BG343,BG,OTHER,0.0,0.533,0.399
BG343,BG,SFH,540946.6604447701,0.8,0.299
BG344,BG,MFH_HIGH,635396.0428588369,0.442,0.809
BG344,BG,OTHER,0.0,0.53,0.404
BG344,BG,SFH,1234429.921457709,0.795,0.303
BG411,BG,MFH_HIGH,3169348.0212812545,0.39,0.9
BG411,BG,OTHER,0.0,0.468,0.515
BG411,BG,SFH,972628.9424411384,0.702,0.386
BG412,BG,MFH_HIGH,228360.5219420184,0.471,0.684
BG412,BG,OTHER,0.0,0.565,0.342
BG412,BG,SFH,1303274.5725168756,0.848,0.257
BG413,BG,MFH_HIGH,509252.4094995531,0.446,0.789
BG413,BG,OTHER,0.0,0.535,0.395
BG413,BG,SFH,995607.6909006428,0.803,0.296
BG414,BG,MFH_HIGH,104389.18068082436,0.479,0.65
BG414,BG,OTHER,0.0,0.575,0.325
BG414,BG,SFH,566605.4739283287,0.862,0.244
BG415,BG,MFH_HIGH,143208.266913825,0.466,0.703
BG415,BG,OTHER,0.0,0.56,0.352
BG415,BG,SFH,570824.77078552,0.84,0.264
BG421,BG,MFH_HIGH,1280210.4321160128,0.431,0.853
BG421,BG,OTHER,0.0,0.518,0.426
BG421,BG,SFH,1977972.5465198809,0.777,0.32
BG422,BG,MFH_HIGH,474550.6330577861,0.439,0.822
BG422,BG,OTHER,0.0,0.526,0.411
BG422,BG,SFH,1042296.9421005788,0.79,0.308
BG423,BG,MFH_HIGH,291196.2072707553,0.456,0.748
BG423,BG,OTHER,0.0,0.547,0.374
BG423,BG,SFH,956961.5451593047,0.821,0.28
BG424,BG,MFH_HIGH,192271.92697674967,0.449,0.776
BG424,BG,OTHER,0.0,0.539,0.388
BG424,BG,SFH,508190.43621666136,0.809,0.291
BG425,BG,MFH_HIGH,178964.77940063173,0.449,0.777
BG425,BG,OTHER,0.0,0.539,0.388
BG425,BG,SFH,581705.8581198475,0.809,0.291
CH011,CH,MFH_HIGH,4399815.288098116,0.394,0.9
CH011,CH,OTHER,0.0,0.473,0.506
CH011,CH,SFH,2759081.854288219,0.71,0.379
CH012,CH,MFH_HIGH,1872742.2727582948,0.421,0.897
CH012,CH,OTHER,0.0,0.505,0.449
CH012,CH,SFH,2733325.0344268256,0.758,0.337
CH013,CH,MFH_HIGH,2191475.3014025614,0.396,0.9
CH013,CH,OTHER,0.0,0.476,0.501
CH013,CH,SFH,736016.8939881137,0.714,0.376
CH021,CH,MFH_HIGH,5714989.134757609,0.399,0.9
CH021,CH,OTHER,0.0,0.479,0.495
CH021,CH,SFH,4385137.794830082,0.718,0.371
CH022,CH,MFH_HIGH,1686887.607929391,0.403,0.9
CH022,CH,OTHER,0.0,0.484,0.487
CH022,CH,SFH,1837243.859176436,0.725,0.365
CH023,CH,MFH_HIGH,1325526.908762643,0.408,0.9
CH023,CH,OTHER,0.0,0.49,0.476
CH023,CH,SFH,1469820.124189417,0.734,0.357
CH024,CH,MFH_HIGH,1028371.9063548052,0.385,0.9
CH024,CH,OTHER,0.0,0.462,0.525
CH024,CH,SFH,515251.4655466481,0.694,0.394
CH025,CH,MFH_HIGH,422338.80996663537,0.407,0.9
CH025,CH,OTHER,0.0,0.488,0.479
CH025,CH,SFH,518177.7121405838,0.732,0.359
CH031,CH,MFH_HIGH,1676976.4135476635,0.364,0.9
CH031,CH,OTHER,0.0,0.437,0.57
CH031,CH,SFH,93643.0027179958,0.655,0.427
CH032,CH,MFH_HIGH,1510887.1094176504,0.4,0.9
CH032,CH,OTHER,0.0,0.48,0.494
CH032,CH,SFH,1120377.5344639814,0.72,0.37
CH033,CH,MFH_HIGH,4049982.1359787295,0.396,0.9
CH033,CH,OTHER,0.0,0.476,0.501
CH033,CH,SFH,3162575.1453640587,0.713,0.376
CH040,CH,MFH_HIGH,9376414.580900677,0.38,0.9
CH040,CH,OTHER,0.0,0.456,0.536
CH040,CH,SFH,3422393.584128377,0.684,0.402
CH051,CH,MFH_HIGH,218227.9757886289,0.411,0.9
CH051,CH,OTHER,0.0,0.493,0.471
CH051,CH,SFH,350918.57636831765,0.739,0.353
CH052,CH,MFH_HIGH,550840.7304688676,0.392,0.9
CH052,CH,OTHER,0.0,0.47,0.511
CH052,CH,SFH,311342.34864844085,0.705,0.383
CH053,CH,MFH_HIGH,278186.6340140053,0.402,0.9
CH053,CH,OTHER,0.0,0.482,0.489
CH053,CH,SFH,427296.1769748913,0.724,0.367
CH054,CH,MFH_HIGH,74577.96903226837,0.427,0.873
CH054,CH,OTHER,0.0,0.512,0.437
CH054,CH,SFH,208184.38045563028,0.768,0.327
CH055,CH,MFH_HIGH,2849965.2685945146,0.401,0.9
CH055,CH,OTHER,0.0,0.482,0.49
CH055,CH,SFH,2923176.803892852,0.723,0.368
CH056,CH,MFH_HIGH,1707583.1920156546,0.404,0.9
CH056,CH,OTHER,0.0,0.485,0.484
CH056,CH,SFH,1956538.6743884883,0.728,0.363
CH057,CH,MFH_HIGH,1728756.3173209962,0.394,0.9
CH057,CH,OTHER,0.0,0.473,0.506
CH057,CH,SFH,1423731.3302392843,0.709,0.38
CH061,CH,MFH_HIGH,2934374.753000868,0.381,0.9
CH061,CH,OTHER,0.0,0.457,0.534
CH061,CH,SFH,1368837.4408492276,0.685,0.401
CH062,CH,MFH_HIGH,189571.7809277903,0.412,0.9
CH062,CH,OTHER,0.0,0.495,0.468
CH062,CH,SFH,289466.3090215257,0.742,0.351
CH063,CH,MFH_HIGH,921198.356994058,0.394,0.9
CH063,CH,OTHER,0.0,0.473,0.506
CH063,CH,SFH,832765.1240604596,0.709,0.38
CH064,CH,MFH_HIGH,227430.7959546077,0.403,0.9
CH064,CH,OTHER,0.0,0.483,0.488
CH064,CH,SFH,255856.9422934148,0.725,0.366
CH065,CH,MFH_HIGH,315474.9104857208,0.38,0.9
CH065,CH,OTHER,0.0,0.456,0.536
CH065,CH,SFH,175289.81525699983,0.684,0.402
CH066,CH,MFH_HIGH,862240.8274902055,0.375,0.9
CH066,CH,OTHER,0.0,0.451,0.546
CH066,CH,SFH,298586.15366173827,0.676,0.409
CH070,CH,MFH_HIGH,2562562.913741995,0.418,0.9
CH070,CH,OTHER,0.0,0.502,0.454
CH070,CH,SFH,2517391.048462939,0.753,0.341
CY000,CY,MFH_HIGH,2184563.8279518182,0.395,0.9
CY000,CY,OTHER,0.0,0.474,0.504
CY000,CY,SFH,1069787.806394525,0.711,0.378
CZ010,CZ,MFH_HIGH,6380900.118944585,0.379,0.9
CZ010,CZ,OTHER,0.0,0.455,0.538
CZ010,CZ,SFH,1267174.4926778118,0.682,0.404
CZ020,CZ,MFH_HIGH,3143087.6544320434,0.445,0.796
CZ020,CZ,OTHER,0.0,0.534,0.398
CZ020,CZ,SFH,7869691.260851404,0.8,0.299
CZ031,CZ,MFH_HIGH,2617179.622260488,0.419,0.9
CZ031,CZ,OTHER,0.0,0.503,0.453
CZ031,CZ,SFH,3437269.304659473,0.754,0.34
CZ032,CZ,MFH_HIGH,1924074.303140769,0.429,0.862
CZ032,CZ,OTHER,0.0,0.515,0.431
CZ032,CZ,SFH,3000169.334452469,0.773,0.323
CZ041,CZ,MFH_HIGH,1090762.7536271834,0.414,0.9
CZ041,CZ,OTHER,0.0,0.497,0.463
CZ041,CZ,SFH,827268.3317702372,0.745,0.347
CZ042,CZ,MFH_HIGH,2580419.1632233057,0.421,0.897
CZ042,CZ,OTHER,0.0,0.505,0.449
CZ042,CZ,SFH,2531446.136675967,0.758,0.336
CZ051,CZ,MFH_HIGH,1402988.3041514629,0.426,0.875
CZ051,CZ,OTHER,0.0,0.511,0.438
CZ051,CZ,SFH,1865984.554457344,0.767,0.328
CZ052,CZ,MFH_HIGH,1642206.2285522523,0.433,0.846
CZ052,CZ,OTHER,0.0,0.52,0.423
CZ052,CZ,SFH,2655346.957708037,0.779,0.317
CZ053,CZ,MFH_HIGH,1697199.6930158478,0.428,0.867
CZ053,CZ,OTHER,0.0,0.514,0.433
CZ053,CZ,SFH,2497081.821403371,0.771,0.325
CZ063,CZ,MFH_HIGH,1556030.9655453048,0.425,0.881
CZ063,CZ,OTHER,0.0,0.51,0.44
CZ063,CZ,SFH,2639201.507245035,0.765,0.33
CZ064,CZ,MFH_HIGH,4142190.91510229,0.415,0.9
CZ064,CZ,OTHER,0.0,0.498,0.462
CZ064,CZ,SFH,5020834.391686892,0.747,0.346
CZ071,CZ,MFH_HIGH,2246075.730007602,0.418,0.9
CZ071,CZ,OTHER,0.0,0.502,0.455
CZ071,CZ,SFH,2599862.795469395,0.753,0.341
CZ072,CZ,MFH_HIGH,1420170.4840872218,0.436,0.832
CZ072,CZ,OTHER,0.0,0.523,0.416
CZ072,CZ,SFH,2672605.9090324384,0.785,0.312
CZ080,CZ,MFH_HIGH,3351836.328538319,0.418,0.9
CZ080,CZ,OTHER,0.0,0.502,0.454
CZ080,CZ,SFH,3815967.589789628,0.753,0.341
DE111,DE,MFH_HIGH,3029006.533195172,0.381,0.9
DE111,DE,OTHER,0.0,0.458,0.533
DE111,DE,SFH,1488223.2581512297,0.687,0.4
DE112,DE,MFH_HIGH,1380779.593893968,0.427,0.873
DE112,DE,OTHER,0.0,0.512,0.436
DE112,DE,SFH,2220077.449894152,0.768,0.327
DE113,DE,MFH_HIGH,1678200.350779929,0.426,0.874
DE113,DE,OTHER,0.0,0.512,0.437
DE113,DE,SFH,3057607.35410007,0.767,0.328
DE114,DE,MFH_HIGH,690884.0055921387,0.435,0.838
DE114,DE,OTHER,0.0,0.522,0.419
DE114,DE,SFH,1760117.217552082,0.783,0.314
DE115,DE,MFH_HIGH,1752736.0932085095,0.427,0.871
DE115,DE,OTHER,0.0,0.513,0.435
DE115,DE,SFH,3005720.717777171,0.769,0.326
DE116,DE,MFH_HIGH,1202044.1061660876,0.437,0.829
DE116,DE,OTHER,0.0,0.524,0.415
DE116,DE,SFH,2724151.658472627,0.786,0.311
DE117,DE,MFH_HIGH,524973.9944740466,0.408,0.9
DE117,DE,OTHER,0.0,0.489,0.477
DE117,DE,SFH,487275.8495458514,0.734,0.358
DE118,DE,MFH_HIGH,571013.587304209,0.457,0.745
DE118,DE,OTHER,0.0,0.548,0.373
DE118,DE,SFH,2644996.002009444,0.822,0.279
DE119,DE,MFH_HIGH,276640.4719223097,0.448,0.78
DE119,DE,OTHER,0.0,0.538,0.39
DE119,DE,SFH,1039444.3008982948,0.807,0.293
DE11A,DE,MFH_HIGH,546347.826432226,0.444,0.798
DE11A,DE,OTHER,0.0,0.533,0.399
DE11A,DE,SFH,1813397.0083873568,0.8,0.299
DE11B,DE,MFH_HIGH,287131.7944288264,0.457,0.743
DE11B,DE,OTHER,0.0,0.549,0.371
DE11B,DE,SFH,1467883.687830521,0.823,0.278
DE11C,DE,MFH_HIGH,294924.9399948189,0.45,0.772
DE11C,DE,OTHER,0.0,0.54,0.386
DE11C,DE,SFH,1033204.125227901,0.811,0.289
DE11D,DE,MFH_HIGH,666855.9654074144,0.447,0.787
DE11D,DE,OTHER,0.0,0.536,0.393
DE11D,DE,SFH,2542204.739507416,0.804,0.295
DE121,DE,MFH_HIGH,292644.9072370679,0.401,0.9
DE121,DE,OTHER,0.0,0.481,0.492
DE121,DE,SFH,304684.17238729226,0.721,0.369
DE122,DE,MFH_HIGH,1582706.061174682,0.387,0.9
DE122,DE,OTHER,0.0,0.464,0.522
DE122,DE,SFH,867125.2705768546,0.696,0.391
DE123,DE,MFH_HIGH,691027.678702771,0.457,0.745
DE123,DE,OTHER,0.0,0.548,0.373
DE123,DE,SFH,3434247.679918571,0.822,0.279
DE124,DE,MFH_HIGH,498518.939115559,0.452,0.766
DE124,DE,OTHER,0.0,0.542,0.383
DE124,DE,SFH,1689032.729077675,0.813,0.287
DE125,DE,MFH_HIGH,876647.4837484192,0.387,0.9
DE125,DE,OTHER,0.0,0.464,0.522
DE125,DE,SFH,464065.7109624933,0.696,0.391
DE126,DE,MFH_HIGH,1715262.4174619678,0.386,0.9
DE126,DE,OTHER,0.0,0.463,0.524
DE126,DE,SFH,825187.3414476756,0.695,0.393
DE127,DE,MFH_HIGH,220282.2804238526,0.466,0.706
DE127,DE,OTHER,0.0,0.559,0.353
DE127,DE,SFH,1476831.4719828984,0.838,0.265
DE128,DE,MFH_HIGH,1096290.0018490446,0.453,0.759
DE128,DE,OTHER,0.0,0.544,0.38
DE128,DE,SFH,3982724.178996526,0.816,0.285
DE129,DE,MFH_HIGH,690504.6827221815,0.386,0.9
DE129,DE,OTHER,0.0,0.463,0.524
DE129,DE,SFH,386366.5513273825,0.694,0.393
DE12A,DE,MFH_HIGH,351209.44984160934,0.446,0.789
DE12A,DE,OTHER,0.0,0.536,0.395
DE12A,DE,SFH,1267807.3354684203,0.803,0.296
DE12B,DE,MFH_HIGH,257003.58628588013,0.464,0.713
DE12B,DE,OTHER,0.0,0.557,0.357
DE12B,DE,SFH,1657743.5382413713,0.835,0.267
DE12C,DE,MFH_HIGH,315649.3914387156,0.437,0.828
DE12C,DE,OTHER,0.0,0.525,0.414
DE12C,DE,SFH,1009171.0403655558,0.787,0.31
DE131,DE,MFH_HIGH,1320324.087920687,0.385,0.9
DE131,DE,OTHER,0.0,0.462,0.526
DE131,DE,SFH,555690.6181003611,0.693,0.394
DE132,DE,MFH_HIGH,593076.8575390481,0.444,0.798
DE132,DE,OTHER,0.0,0.533,0.399
DE132,DE,SFH,1904090.774080364,0.8,0.299
DE133,DE,MFH_HIGH,436866.0731070005,0.436,0.833
DE133,DE,OTHER,0.0,0.523,0.416
DE133,DE,SFH,1170569.91036921,0.785,0.312
DE134,DE,MFH_HIGH,1202990.4862628472,0.437,0.83
DE134,DE,OTHER,0.0,0.524,0.415
DE134,DE,SFH,3311281.383980926,0.786,0.311
DE135,DE,MFH_HIGH,319891.44640753174,0.447,0.787
DE135,DE,OTHER,0.0,0.536,0.393
DE135,DE,SFH,1272326.924244376,0.804,0.295
DE136,DE,MFH_HIGH,737221.8157113736,0.426,0.876
DE136,DE,OTHER,0.0,0.511,0.438
DE136,DE,SFH,1408306.431448568,0.767,0.328
DE137,DE,MFH_HIGH,366723.1493215132,0.437,0.829
DE137,DE,OTHER,0.0,0.524,0.415
DE137,DE,SFH,1176700.613637675,0.786,0.311
DE138,DE,MFH_HIGH,1108853.1649943015,0.424,0.886
DE138,DE,OTHER,0.0,0.508,0.443
DE138,DE,SFH,1718376.4029450973,0.762,0.332
DE139,DE,MFH_HIGH,750821.0307891215,0.43,0.858
DE139,DE,OTHER,0.0,0.516,0.429
DE139,DE,SFH,1421454.087544425,0.774,0.322
DE13A,DE,MFH_HIGH,500058.8576524005,0.437,0.83
DE13A,DE,OTHER,0.0,0.524,0.415
DE13A,DE,SFH,1420809.3628399612,0.786,0.311
DE141,DE,MFH_HIGH,855887.7328939989,0.435,0.837
DE141,DE,OTHER,0.0,0.522,0.418
DE141,DE,SFH,2153276.035709482,0.783,0.314
DE142,DE,MFH_HIGH,599938.3239735177,0.438,0.825
DE142,DE,OTHER,0.0,0.525,0.413
DE142,DE,SFH,1505866.2394288995,0.788,0.309
DE143,DE,MFH_HIGH,464340.17063405743,0.446,0.789
DE143,DE,OTHER,0.0,0.536,0.394
DE143,DE,SFH,1876430.914490213,0.803,0.296
DE144,DE,MFH_HIGH,613626.5855623715,0.395,0.9
DE144,DE,OTHER,0.0,0.474,0.503
DE144,DE,SFH,463900.453956968,0.711,0.378
DE145,DE,MFH_HIGH,451705.7784462703,0.45,0.774
DE145,DE,OTHER,0.0,0.54,0.387
DE145,DE,SFH,1853902.2175347544,0.81,0.29
DE146,DE,MFH_HIGH,457911.28645533154,0.449,0.778
DE146,DE,OTHER,0.0,0.539,0.389
DE146,DE,SFH,1971287.0866360653,0.808,0.292
DE147,DE,MFH_HIGH,719747.4640445327,0.431,0.855
DE147,DE,OTHER,0.0,0.517,0.427
DE147,DE,SFH,1473322.6934075416,0.776,0.32
DE148,DE,MFH_HIGH,761163.272944454,0.437,0.83
DE148,DE,OTHER,0.0,0.524,0.415
DE148,DE,SFH,2128332.0656989086,0.786,0.311
DE149,DE,MFH_HIGH,337420.1792271548,0.445,0.793
DE149,DE,OTHER,0.0,0.535,0.396
DE149,DE,SFH,1310695.5316338155,0.802,0.297
DE211,DE,MFH_HIGH,916390.7907844564,0.366,0.9
DE211,DE,OTHER,0.0,0.44,0.565
DE211,DE,SFH,443692.09168655815,0.659,0.424
DE212,DE,MFH_HIGH,8467906.761145087,0.372,0.9
DE212,DE,OTHER,0.0,0.446,0.553
DE212,DE,SFH,2418615.6688714977,0.67,0.415
DE213,DE,MFH_HIGH,405891.3038255766,0.362,0.9
DE213,DE,OTHER,0.0,0.434,0.575
DE213,DE,SFH,115156.7221114251,0.651,0.431
DE214,DE,MFH_HIGH,729133.425965804,0.375,0.9
DE214,DE,OTHER,0.0,0.45,0.547
DE214,DE,SFH,651010.5116126637,0.675,0.41
DE215,DE,MFH_HIGH,773384.1390184679,0.364,0.9
DE215,DE,OTHER,0.0,0.436,0.571
DE215,DE,SFH,319318.85796549224,0.654,0.428
DE216,DE,MFH_HIGH,846589.4448235071,0.365,0.9
DE216,DE,OTHER,0.0,0.438,0.569
DE216,DE,SFH,396715.03143427393,0.656,0.426
DE217,DE,MFH_HIGH,830885.2098414705,0.369,0.9
DE217,DE,OTHER,0.0,0.443,0.559
DE217,DE,SFH,599859.7431825817,0.665,0.419
DE218,DE,MFH_HIGH,655001.0827530398,0.382,0.9
DE218,DE,OTHER,0.0,0.459,0.531
DE218,DE,SFH,691860.2391061151,0.688,0.398
DE219,DE,MFH_HIGH,867566.4136404569,0.376,0.9
DE219,DE,OTHER,0.0,0.451,0.545
DE219,DE,SFH,955171.4716930994,0.677,0.408
DE21A,DE,MFH_HIGH,851303.7238284091,0.37,0.9
DE21A,DE,OTHER,0.0,0.444,0.557
DE21A,DE,SFH,675221.3219150635,0.666,0.418
DE21B,DE,MFH_HIGH,920281.3875693942,0.376,0.9
DE21B,DE,OTHER,0.0,0.451,0.544
DE21B,DE,SFH,808248.4470703695,0.677,0.408
DE21C,DE,MFH_HIGH,1015158.6604089884,0.376,0.9
DE21C,DE,OTHER,0.0,0.451,0.545
DE21C,DE,SFH,864546.5008402579,0.677,0.408
DE21D,DE,MFH_HIGH,741415.2812335832,0.362,0.9
DE21D,DE,OTHER,0.0,0.435,0.573
DE21D,DE,SFH,248121.3805718629,0.652,0.43
DE21E,DE,MFH_HIGH,855166.8468287874,0.365,0.9
DE21E,DE,OTHER,0.0,0.439,0.567
DE21E,DE,SFH,532545.6879981209,0.658,0.425
DE21F,DE,MFH_HIGH,740301.7530474268,0.368,0.9
DE21F,DE,OTHER,0.0,0.442,0.561
DE21F,DE,SFH,420245.928265949,0.663,0.421
DE21G,DE,MFH_HIGH,828582.645824088,0.372,0.9
DE21G,DE,OTHER,0.0,0.446,0.553
DE21G,DE,SFH,653103.4144951331,0.669,0.415
DE21H,DE,MFH_HIGH,1413266.5391389518,0.393,0.9
DE21H,DE,OTHER,0.0,0.472,0.508
DE21H,DE,SFH,1546135.4876596606,0.707,0.381
DE21I,DE,MFH_HIGH,717217.4038445933,0.372,0.9
DE21I,DE,OTHER,0.0,0.446,0.553
DE21I,DE,SFH,606192.3969321091,0.669,0.415
DE21J,DE,MFH_HIGH,933098.0159188914,0.369,0.9
DE21J,DE,OTHER,0.0,0.443,0.56
DE21J,DE,SFH,718663.0202740137,0.664,0.42
DE21K,DE,MFH_HIGH,1608904.696580186,0.373,0.9
DE21K,DE,OTHER,0.0,0.448,0.55
DE21K,DE,SFH,1300754.0870976015,0.672,0.413
DE21L,DE,MFH_HIGH,950507.168508428,0.368,0.9
DE21L,DE,OTHER,0.0,0.441,0.562
DE21L,DE,SFH,562380.7791605508,0.662,0.422
DE21M,DE,MFH_HIGH,1295048.999281374,0.372,0.9
DE21M,DE,OTHER,0.0,0.446,0.553
DE21M,DE,SFH,926083.9560514808,0.669,0.415
DE21N,DE,MFH_HIGH,981923.2007020176,0.365,0.9
DE21N,DE,OTHER,0.0,0.438,0.568
DE21N,DE,SFH,518640.8053061929,0.657,0.426
DE221,DE,MFH_HIGH,298767.5646068541,0.398,0.9
DE221,DE,OTHER,0.0,0.477,0.498
DE221,DE,SFH,298522.7759949343,0.716,0.374
DE222,DE,MFH_HIGH,316493.1368742209,0.386,0.9
DE222,DE,OTHER,0.0,0.464,0.522
DE222,DE,SFH,252182.81672118933,0.696,0.392
DE223,DE,MFH_HIGH,168414.69591966926,0.411,0.9
DE223,DE,OTHER,0.0,0.493,0.47
DE223,DE,SFH,249364.11942513628,0.739,0.353
DE224,DE,MFH_HIGH,382589.59776800254,0.423,0.89
DE224,DE,OTHER,0.0,0.507,0.445
DE224,DE,SFH,1090327.8550943153,0.761,0.334
DE225,DE,MFH_HIGH,327209.0471201731,0.411,0.9
DE225,DE,OTHER,0.0,0.493,0.47
DE225,DE,SFH,778058.7272885074,0.74,0.353
DE226,DE,MFH_HIGH,228082.83520287252,0.446,0.789
DE226,DE,OTHER,0.0,0.536,0.394
DE226,DE,SFH,1175552.859643007,0.803,0.296
DE227,DE,MFH_HIGH,415465.4998294384,0.432,0.851
DE227,DE,OTHER,0.0,0.518,0.425
DE227,DE,SFH,1583710.3481611523,0.777,0.319
DE228,DE,MFH_HIGH,735338.7075493789,0.415,0.9
DE228,DE,OTHER,0.0,0.498,0.461
DE228,DE,SFH,1949472.5534245,0.747,0.346
DE229,DE,MFH_HIGH,255532.7662862754,0.424,0.886
DE229,DE,OTHER,0.0,0.508,0.443
DE229,DE,SFH,774941.7728179956,0.763,0.332
DE22A,DE,MFH_HIGH,352523.4236370776,0.432,0.849
DE22A,DE,OTHER,0.0,0.519,0.424
DE22A,DE,SFH,1293205.2682033682,0.778,0.318
DE22B,DE,MFH_HIGH,196750.23524034608,0.449,0.776
DE22B,DE,OTHER,0.0,0.539,0.388
DE22B,DE,SFH,1144870.0796566473,0.809,0.291
DE22C,DE,MFH_HIGH,255551.489227945,0.436,0.834
DE22C,DE,OTHER,0.0,0.523,0.417
DE22C,DE,SFH,1027602.3571264312,0.784,0.313
DE231,DE,MFH_HIGH,174122.01087212408,0.393,0.9
DE231,DE,OTHER,0.0,0.472,0.508
DE231,DE,SFH,197693.4477720754,0.708,0.381
DE232,DE,MFH_HIGH,886190.381395004,0.377,0.9
DE232,DE,OTHER,0.0,0.453,0.542
DE232,DE,SFH,415177.9708393669,0.679,0.406
DE233,DE,MFH_HIGH,223191.85652523988,0.38,0.9
DE233,DE,OTHER,0.0,0.455,0.537
DE233,DE,SFH,172579.90718396913,0.683,0.403
DE234,DE,MFH_HIGH,389007.6903861433,0.408,0.9
DE234,DE,OTHER,0.0,0.49,0.476
DE234,DE,SFH,932558.7721756554,0.734,0.357
DE235,DE,MFH_HIGH,664139.774822321,0.402,0.9
DE235,DE,OTHER,0.0,0.483,0.488
DE235,DE,SFH,1281672.3562802728,0.724,0.366
DE236,DE,MFH_HIGH,371456.8614917933,0.425,0.881
DE236,DE,OTHER,0.0,0.51,0.44
DE236,DE,SFH,1234903.3765206942,0.765,0.33
DE237,DE,MFH_HIGH,341770.8577377826,0.408,0.9
DE237,DE,OTHER,0.0,0.49,0.476
DE237,DE,SFH,864133.7576195098,0.734,0.357
DE238,DE,MFH_HIGH,419948.6702401811,0.434,0.842
DE238,DE,OTHER,0.0,0.521,0.421
DE238,DE,SFH,1816303.284240361,0.781,0.316
DE239,DE,MFH_HIGH,476962.5095433446,0.416,0.9
DE239,DE,OTHER,0.0,0.499,0.46
DE239,DE,SFH,1451354.457062403,0.748,0.345
DE23A,DE,MFH_HIGH,392483.7032793756,0.392,0.9
DE23A,DE,OTHER,0.0,0.47,0.511
DE23A,DE,SFH,596954.0608004285,0.705,0.383
DE241,DE,MFH_HIGH,386251.6457743304,0.389,0.9
DE241,DE,OTHER,0.0,0.467,0.517
DE241,DE,SFH,288268.32914789265,0.7,0.388
DE242,DE,MFH_HIGH,391155.8108018687,0.381,0.9
DE242,DE,OTHER,0.0,0.458,0.533
DE242,DE,SFH,248467.8764004197,0.687,0.4
DE243,DE,MFH_HIGH,251745.35603703876,0.381,0.9
DE243,DE,OTHER,0.0,0.457,0.533
DE243,DE,SFH,186669.2768690941,0.686,0.4
DE244,DE,MFH_HIGH,348329.1149091297,0.364,0.9
DE244,DE,OTHER,0.0,0.437,0.57
DE244,DE,SFH,122279.583039319,0.656,0.427
DE245,DE,MFH_HIGH,424675.7060397863,0.408,0.9
DE245,DE,OTHER,0.0,0.49,0.476
DE245,DE,SFH,1191673.537920304,0.735,0.357
DE246,DE,MFH_HIGH,444709.7763948058,0.399,0.9
DE246,DE,OTHER,0.0,0.479,0.496
DE246,DE,SFH,886584.5040783277,0.718,0.372
DE247,DE,MFH_HIGH,327927.28218475234,0.401,0.9
DE247,DE,OTHER,0.0,0.481,0.492
DE247,DE,SFH,665554.5328647193,0.721,0.369
DE248,DE,MFH_HIGH,541413.1131204688,0.389,0.9
DE248,DE,OTHER,0.0,0.467,0.516
DE248,DE,SFH,802018.3655465373,0.701,0.387
DE249,DE,MFH_HIGH,578149.7562024574,0.381,0.9
DE249,DE,OTHER,0.0,0.457,0.535
DE249,DE,SFH,667668.3130195987,0.685,0.401
DE24A,DE,MFH_HIGH,302147.0077135115,0.392,0.9
DE24A,DE,OTHER,0.0,0.47,0.511
DE24A,DE,SFH,528907.2615164424,0.705,0.383
DE24B,DE,MFH_HIGH,311781.7355573138,0.396,0.9
DE24B,DE,OTHER,0.0,0.475,0.502
DE24B,DE,SFH,559020.8375433573,0.713,0.376
DE24C,DE,MFH_HIGH,281341.28466643096,0.397,0.9
DE24C,DE,OTHER,0.0,0.477,0.499
DE24C,DE,SFH,524875.2230218988,0.715,0.374
DE24D,DE,MFH_HIGH,460839.05197610974,0.378,0.9
DE24D,DE,OTHER,0.0,0.454,0.539
DE24D,DE,SFH,445414.4640338385,0.681,0.405
DE251,DE,MFH_HIGH,180897.6624559918,0.396,0.9
DE251,DE,OTHER,0.0,0.475,0.502
DE251,DE,SFH,216824.36368194188,0.713,0.377
DE252,DE,MFH_HIGH,574398.0145184282,0.39,0.9
DE252,DE,OTHER,0.0,0.468,0.515
DE252,DE,SFH,387879.000670517,0.702,0.386
DE253,DE,MFH_HIGH,594520.3331080666,0.387,0.9
DE253,DE,OTHER,0.0,0.464,0.522
DE253,DE,SFH,368656.0562118793,0.696,0.391
DE254,DE,MFH_HIGH,2585230.98550249,0.385,0.9
DE254,DE,OTHER,0.0,0.461,0.526
DE254,DE,SFH,1266284.8364660814,0.692,0.395
DE255,DE,MFH_HIGH,133429.425742469,0.412,0.9
DE255,DE,OTHER,0.0,0.495,0.467
DE255,DE,SFH,228432.7509528688,0.742,0.35
DE256,DE,MFH_HIGH,366849.478889186,0.442,0.809
DE256,DE,OTHER,0.0,0.53,0.405
DE256,DE,SFH,1863188.0535921955,0.795,0.303
DE257,DE,MFH_HIGH,433165.4992938477,0.41,0.9
DE257,DE,OTHER,0.0,0.492,0.473
DE257,DE,SFH,1047090.3639651616,0.738,0.354
DE258,DE,MFH_HIGH,295189.48894344975,0.425,0.882
DE258,DE,OTHER,0.0,0.51,0.441
DE258,DE,SFH,839982.3510838534,0.764,0.331
DE259,DE,MFH_HIGH,582802.8329350578,0.408,0.9
DE259,DE,OTHER,0.0,0.49,0.476
DE259,DE,SFH,1194709.8153052889,0.735,0.357
DE25A,DE,MFH_HIGH,249834.91229545075,0.426,0.874
DE25A,DE,OTHER,0.0,0.512,0.437
DE25A,DE,SFH,920482.282956418,0.767,0.328
DE25B,DE,MFH_HIGH,326850.6065499979,0.423,0.888
DE25B,DE,OTHER,0.0,0.508,0.444
DE25B,DE,SFH,1034512.1082729794,0.762,0.333
DE25C,DE,MFH_HIGH,274054.4259535351,0.423,0.888
DE25C,DE,OTHER,0.0,0.508,0.444
DE25C,DE,SFH,868290.1554647373,0.761,0.333
DE261,DE,MFH_HIGH,357803.25459278893,0.381,0.9
DE261,DE,OTHER,0.0,0.457,0.533
DE261,DE,SFH,248236.4975541592,0.686,0.4
DE262,DE,MFH_HIGH,293864.5758442299,0.373,0.9
DE262,DE,OTHER,0.0,0.447,0.551
DE262,DE,SFH,134570.97567494013,0.671,0.413
DE263,DE,MFH_HIGH,769742.6845149846,0.375,0.9
DE263,DE,OTHER,0.0,0.45,0.546
DE263,DE,SFH,341640.9857252803,0.675,0.41
DE264,DE,MFH_HIGH,800854.7186135099,0.386,0.9
DE264,DE,OTHER,0.0,0.464,0.522
DE264,DE,SFH,1087851.3850755214,0.695,0.392
DE265,DE,MFH_HIGH,430916.6745613164,0.396,0.9
DE265,DE,OTHER,0.0,0.475,0.503
DE265,DE,SFH,783925.1461025873,0.712,0.377
DE266,DE,MFH_HIGH,330601.60823191714,0.4,0.9
DE266,DE,OTHER,0.0,0.48,0.493
DE266,DE,SFH,685100.8581220049,0.72,0.37
DE267,DE,MFH_HIGH,338503.62435217336,0.397,0.9
DE267,DE,OTHER,0.0,0.477,0.5
DE267,DE,SFH,693569.5780667498,0.715,0.375
DE268,DE,MFH_HIGH,354390.60510729114,0.403,0.9
DE268,DE,OTHER,0.0,0.484,0.486
DE268,DE,SFH,745147.9891058158,0.726,0.365
DE269,DE,MFH_HIGH,493273.96704576624,0.396,0.9
DE269,DE,OTHER,0.0,0.476,0.501
DE269,DE,SFH,909761.740446617,0.713,0.376
DE26A,DE,MFH_HIGH,636406.0189251134,0.386,0.9
DE26A,DE,OTHER,0.0,0.463,0.523
DE26A,DE,SFH,876190.818621043,0.695,0.392
DE26B,DE,MFH_HIGH,361219.4307964327,0.406,0.9
DE26B,DE,OTHER,0.0,0.487,0.481
DE26B,DE,SFH,943154.37023357,0.731,0.36
DE26C,DE,MFH_HIGH,701608.0005817523,0.393,0.9
DE26C,DE,OTHER,0.0,0.472,0.507
DE26C,DE,SFH,1122110.5848612036,0.708,0.381
DE271,DE,MFH_HIGH,1357514.1375284777,0.386,0.9
DE271,DE,OTHER,0.0,0.463,0.523
DE271,DE,SFH,665652.0105198418,0.695,0.392
DE272,DE,MFH_HIGH,207121.0130734129,0.392,0.9
DE272,DE,OTHER,0.0,0.471,0.51
DE272,DE,SFH,166278.2704364147,0.706,0.383
DE273,DE,MFH_HIGH,312834.06386556267,0.384,0.9
DE273,DE,OTHER,0.0,0.461,0.527
DE273,DE,SFH,183994.7059753056,0.691,0.395
DE274,DE,MFH_HIGH,172813.26767751022,0.398,0.9
DE274,DE,OTHER,0.0,0.478,0.497
DE274,DE,SFH,184899.7704991745,0.717,0.373
DE275,DE,MFH_HIGH,288329.7944332704,0.434,0.842
DE275,DE,OTHER,0.0,0.521,0.421
DE275,DE,SFH,1140231.633367651,0.781,0.316
DE276,DE,MFH_HIGH,619382.854074033,0.43,0.858
DE276,DE,OTHER,0.0,0.516,0.429
DE276,DE,SFH,1958104.0350881552,0.774,0.322
DE277,DE,MFH_HIGH,245843.89889265687,0.436,0.834
DE277,DE,OTHER,0.0,0.523,0.417
DE277,DE,SFH,942407.1498391991,0.784,0.313
DE278,DE,MFH_HIGH,249375.27280938363,0.444,0.801
DE278,DE,OTHER,0.0,0.532,0.4
DE278,DE,SFH,1146365.1494539306,0.798,0.3
DE279,DE,MFH_HIGH,440725.2038865927,0.431,0.856
DE279,DE,OTHER,0.0,0.517,0.428
DE279,DE,SFH,1176515.002153075,0.775,0.321
DE27A,DE,MFH_HIGH,356354.0428044199,0.394,0.9
DE27A,DE,OTHER,0.0,0.473,0.506
DE27A,DE,SFH,422592.849190764,0.709,0.38
DE27B,DE,MFH_HIGH,457855.3096715196,0.421,0.898
DE27B,DE,OTHER,0.0,0.505,0.449
DE27B,DE,SFH,1188533.4124435675,0.758,0.337
DE27C,DE,MFH_HIGH,429919.8475620081,0.421,0.895
DE27C,DE,OTHER,0.0,0.506,0.448
DE27C,DE,SFH,1255446.7727823132,0.759,0.336
DE27D,DE,MFH_HIGH,277730.78372861946,0.443,0.804
DE27D,DE,OTHER,0.0,0.531,0.402
DE27D,DE,SFH,1373311.1140802838,0.797,0.302
DE27E,DE,MFH_HIGH,707761.6868744908,0.4,0.9
DE27E,DE,OTHER,0.0,0.48,0.493
DE27E,DE,SFH,976057.2697134992,0.72,0.37
DE300,DE,MFH_HIGH,11269742.11115038,0.381,0.9
DE300,DE,OTHER,0.0,0.457,0.533
DE300,DE,SFH,3307856.7766237976,0.686,0.4
DE401,DE,MFH_HIGH,332810.0034691057,0.42,0.9
DE401,DE,OTHER,0.0,0.504,0.45
DE401,DE,SFH,264524.396743,0.756,0.338
DE402,DE,MFH_HIGH,455089.188302928,0.415,0.9
DE402,DE,OTHER,0.0,0.498,0.462
DE402,DE,SFH,317903.484809857,0.747,0.346
DE403,DE,MFH_HIGH,296035.2528132145,0.398,0.9
DE403,DE,OTHER,0.0,0.478,0.498
DE403,DE,SFH,167541.70071310393,0.716,0.373
DE404,DE,MFH_HIGH,856224.7061289492,0.398,0.9
DE404,DE,OTHER,0.0,0.478,0.497
DE404,DE,SFH,393679.7626509917,0.717,0.372
DE405,DE,MFH_HIGH,419203.9907286094,0.46,0.73
DE405,DE,OTHER,0.0,0.552,0.365
DE405,DE,SFH,1352808.1319462417,0.828,0.274
DE406,DE,MFH_HIGH,345793.65861353884,0.462,0.723
DE406,DE,OTHER,0.0,0.554,0.362
DE406,DE,SFH,1385476.9524222347,0.831,0.271
DE407,DE,MFH_HIGH,250222.67938128364,0.458,0.738
DE407,DE,OTHER,0.0,0.55,0.369
DE407,DE,SFH,1072159.0126132465,0.825,0.277
DE408,DE,MFH_HIGH,343087.89369008725,0.459,0.736
DE408,DE,OTHER,0.0,0.551,0.368
DE408,DE,SFH,1249921.86007626,0.826,0.276
DE409,DE,MFH_HIGH,360482.5712786914,0.467,0.701
DE409,DE,OTHER,0.0,0.56,0.35
DE409,DE,SFH,1526465.903224319,0.841,0.263
DE40A,DE,MFH_HIGH,532191.5813676696,0.453,0.761
DE40A,DE,OTHER,0.0,0.543,0.381
DE40A,DE,SFH,1728792.3313531762,0.815,0.285
DE40B,DE,MFH_HIGH,294781.6453627893,0.456,0.749
DE40B,DE,OTHER,0.0,0.547,0.374
DE40B,DE,SFH,824105.7066978215,0.82,0.281
DE40C,DE,MFH_HIGH,450609.5591366496,0.458,0.74
DE40C,DE,OTHER,0.0,0.55,0.37
DE40C,DE,SFH,1320309.9789243534,0.824,0.277
DE40D,DE,MFH_HIGH,261779.7480535807,0.451,0.768
DE40D,DE,OTHER,0.0,0.541,0.384
DE40D,DE,SFH,806545.7935547961,0.812,0.288
DE40E,DE,MFH_HIGH,361453.3827550748,0.469,0.693
DE40E,DE,OTHER,0.0,0.563,0.346
DE40E,DE,SFH,1829431.6981352435,0.844,0.26
DE40F,DE,MFH_HIGH,196127.91675690032,0.447,0.784
DE40F,DE,OTHER,0.0,0.537,0.392
DE40F,DE,SFH,632525.6216443095,0.805,0.294
DE40G,DE,MFH_HIGH,252702.45894112776,0.458,0.738
DE40G,DE,OTHER,0.0,0.55,0.369
DE40G,DE,SFH,888511.393188531,0.825,0.277
DE40H,DE,MFH_HIGH,378683.0032961429,0.462,0.723
DE40H,DE,OTHER,0.0,0.554,0.362
DE40H,DE,SFH,1329745.595892473,0.831,0.271
DE40I,DE,MFH_HIGH,342860.2231154448,0.448,0.784
DE40I,DE,OTHER,0.0,0.537,0.392
DE40I,DE,SFH,791574.7987192643,0.806,0.294
DE501,DE,MFH_HIGH,2660301.616237331,0.413,0.9
DE501,DE,OTHER,0.0,0.495,0.466
DE501,DE,SFH,1833460.763402332,0.743,0.35
DE502,DE,MFH_HIGH,701812.1000518833,0.398,0.9
DE502,DE,OTHER,0.0,0.477,0.498
DE502,DE,SFH,337213.4223804227,0.716,0.374
DE600,DE,MFH_HIGH,7402702.241563476,0.403,0.9
DE600,DE,OTHER,0.0,0.483,0.488
DE600,DE,SFH,3519156.615444364,0.725,0.366
DE711,DE,MFH_HIGH,585331.3706467566,0.432,0.849
DE711,DE,OTHER,0.0,0.519,0.425
DE711,DE,SFH,581873.5790271496,0.778,0.318
DE712,DE,MFH_HIGH,3929946.4819095903,0.394,0.9
DE712,DE,OTHER,0.0,0.473,0.506
DE712,DE,SFH,1620697.9411930386,0.71,0.379
DE713,DE,MFH_HIGH,429756.1526979037,0.427,0.873
DE713,DE,OTHER,0.0,0.512,0.437
DE713,DE,SFH,393121.39383972617,0.768,0.327
DE714,DE,MFH_HIGH,1058954.989009553,0.429,0.864
DE714,DE,OTHER,0.0,0.514,0.432
DE714,DE,SFH,1072648.7114914637,0.772,0.324
DE715,DE,MFH_HIGH,355312.48566505243,0.481,0.642
DE715,DE,OTHER,0.0,0.577,0.321
DE715,DE,SFH,2261061.6431350247,0.866,0.241
DE716,DE,MFH_HIGH,286378.3698371772,0.486,0.618
DE716,DE,OTHER,0.0,0.584,0.309
DE716,DE,SFH,2464457.4523175946,0.875,0.232
DE717,DE,MFH_HIGH,389276.0430324528,0.479,0.648
DE717,DE,OTHER,0.0,0.575,0.324
DE717,DE,SFH,1710872.6470268604,0.863,0.243
DE718,DE,MFH_HIGH,511422.76020566607,0.465,0.711
DE718,DE,OTHER,0.0,0.558,0.356
DE718,DE,SFH,1667238.3458505468,0.836,0.267
DE719,DE,MFH_HIGH,595360.1291837308,0.48,0.645
DE719,DE,OTHER,0.0,0.576,0.323
DE719,DE,SFH,3328451.918221312,0.864,0.242
DE71A,DE,MFH_HIGH,431967.9691348876,0.473,0.677
DE71A,DE,OTHER,0.0,0.567,0.338
DE71A,DE,SFH,1470175.406159087,0.851,0.254
DE71B,DE,MFH_HIGH,72288.12896351855,0.49,0.604
DE71B,DE,OTHER,0.0,0.588,0.302
DE71B,DE,SFH,953324.9068542018,0.882,0.226
DE71C,DE,MFH_HIGH,715257.0531114226,0.465,0.708
DE71C,DE,OTHER,0.0,0.558,0.354
DE71C,DE,SFH,2169734.316382563,0.837,0.266
DE71D,DE,MFH_HIGH,189839.94031813627,0.484,0.628
DE71D,DE,OTHER,0.0,0.581,0.314
DE71D,DE,SFH,1554292.761643393,0.871,0.235
DE71E,DE,MFH_HIGH,319946.47637870896,0.484,0.626
DE71E,DE,OTHER,0.0,0.581,0.313
DE71E,DE,SFH,2591413.9581465707,0.872,0.235
DE721,DE,MFH_HIGH,381710.5457147872,0.481,0.64
DE721,DE,OTHER,0.0,0.578,0.32
DE721,DE,SFH,2240654.034596057,0.866,0.24
DE722,DE,MFH_HIGH,235461.7032524196,0.486,0.619
DE722,DE,OTHER,0.0,0.583,0.31
DE722,DE,SFH,2385648.3303500856,0.875,0.232
DE723,DE,MFH_HIGH,157198.18915575306,0.488,0.612
DE723,DE,OTHER,0.0,0.585,0.306
DE723,DE,SFH,1687753.0722808517,0.878,0.229
DE724,DE,MFH_HIGH,275785.5232489877,0.483,0.634
DE724,DE,OTHER,0.0,0.579,0.317
DE724,DE,SFH,1945827.23021359,0.869,0.238
DE725,DE,MFH_HIGH,83805.62661935423,0.488,0.613
DE725,DE,OTHER,0.0,0.585,0.306
DE725,DE,SFH,1234434.3854111694,0.878,0.23
DE731,DE,MFH_HIGH,777596.8156541829,0.433,0.845
DE731,DE,OTHER,0.0,0.52,0.423
DE731,DE,SFH,852996.3542931614,0.78,0.317
DE732,DE,MFH_HIGH,284359.9199701385,0.475,0.666
DE732,DE,OTHER,0.0,0.57,0.333
DE732,DE,SFH,2043277.668401228,0.855,0.25
DE733,DE,MFH_HIGH,94542.2467833338,0.49,0.604
DE733,DE,OTHER,0.0,0.588,0.302
DE733,DE,SFH,1184081.09278885,0.881,0.227
DE734,DE,MFH_HIGH,225313.0264837681,0.488,0.613
DE734,DE,OTHER,0.0,0.585,0.306
DE734,DE,SFH,2319623.2124810503,0.878,0.23
DE735,DE,MFH_HIGH,147318.46025506253,0.487,0.614
DE735,DE,OTHER,0.0,0.585,0.307
DE735,DE,SFH,1812648.1440459327,0.877,0.23
DE736,DE,MFH_HIGH,140197.31262691872,0.486,0.62
DE736,DE,OTHER,0.0,0.583,0.31
DE736,DE,SFH,1597578.243774246,0.875,0.232
DE737,DE,MFH_HIGH,162904.20089703964,0.48,0.643
DE737,DE,OTHER,0.0,0.577,0.322
DE737,DE,SFH,1244274.1969545635,0.865,0.241
DE803,DE,MFH_HIGH,1053940.0670366215,0.41,0.9
DE803,DE,OTHER,0.0,0.492,0.473
DE803,DE,SFH,398889.316191482,0.737,0.354
DE804,DE,MFH_HIGH,474416.28165598697,0.404,0.9
DE804,DE,OTHER,0.0,0.484,0.486
DE804,DE,SFH,230457.02378122625,0.727,0.364
DE80J,DE,MFH_HIGH,744913.8911581887,0.454,0.757
DE80J,DE,OTHER,0.0,0.545,0.378
DE80J,DE,SFH,1529029.373037398,0.817,0.284
DE80K,DE,MFH_HIGH,444639.4192768039,0.458,0.741
DE80K,DE,OTHER,0.0,0.549,0.37
DE80K,DE,SFH,1494830.7712398442,0.824,0.278
DE80L,DE,MFH_HIGH,696114.1967980394,0.457,0.743
DE80L,DE,OTHER,0.0,0.548,0.372
DE80L,DE,SFH,1627751.015451995,0.823,0.279
DE80M,DE,MFH_HIGH,389435.000712434,0.447,0.786
DE80M,DE,OTHER,0.0,0.536,0.393
DE80M,DE,SFH,1004908.6022772804,0.804,0.295
DE80N,DE,MFH_HIGH,681100.8044794858,0.449,0.776
DE80N,DE,OTHER,0.0,0.539,0.388
DE80N,DE,SFH,1534841.2496742825,0.809,0.291
DE80O,DE,MFH_HIGH,418793.51718975935,0.458,0.741
DE80O,DE,OTHER,0.0,0.549,0.371
DE80O,DE,SFH,1602472.6613416711,0.824,0.278
DE911,DE,MFH_HIGH,1080320.8361639665,0.389,0.9
DE911,DE,OTHER,0.0,0.467,0.516
DE911,DE,SFH,930713.9152961904,0.701,0.387
DE912,DE,MFH_HIGH,202294.41245973532,0.427,0.872
DE912,DE,OTHER,0.0,0.512,0.436
DE912,DE,SFH,583440.3615395232,0.768,0.327
DE913,DE,MFH_HIGH,363122.481262757,0.423,0.89
DE913,DE,OTHER,0.0,0.507,0.445
DE913,DE,SFH,668868.129969816,0.761,0.334
DE914,DE,MFH_HIGH,153745.34775703007,0.481,0.639
DE914,DE,OTHER,0.0,0.578,0.32
DE914,DE,SFH,1732145.9623864526,0.867,0.24
DE916,DE,MFH_HIGH,434754.7329061647,0.419,0.9
DE916,DE,OTHER,0.0,0.502,0.453
DE916,DE,SFH,982128.1483235708,0.754,0.34
DE917,DE,MFH_HIGH,177731.00866090468,0.442,0.808
DE917,DE,OTHER,0.0,0.53,0.404
DE917,DE,SFH,767675.6337418185,0.796,0.303
DE918,DE,MFH_HIGH,262365.0018680902,0.434,0.842
DE918,DE,OTHER,0.0,0.521,0.421
DE918,DE,SFH,1085677.263935444,0.781,0.316
DE91A,DE,MFH_HIGH,151131.12480167902,0.461,0.726
DE91A,DE,OTHER,0.0,0.553,0.363
DE91A,DE,SFH,1142114.1953174628,0.83,0.272
DE91B,DE,MFH_HIGH,176296.2707516997,0.453,0.758
DE91B,DE,OTHER,0.0,0.544,0.379
DE91B,DE,SFH,953948.92446872,0.816,0.284
DE91C,DE,MFH_HIGH,861162.772158436,0.417,0.9
DE91C,DE,OTHER,0.0,0.501,0.456
DE91C,DE,SFH,2028902.0679508108,0.751,0.342
DE922,DE,MFH_HIGH,250743.21254039067,0.469,0.691
DE922,DE,OTHER,0.0,0.563,0.345
DE922,DE,SFH,1990395.2206014777,0.845,0.259
DE923,DE,MFH_HIGH,248377.33359060492,0.444,0.799
DE923,DE,OTHER,0.0,0.533,0.4
DE923,DE,SFH,1145277.4972867433,0.799,0.3
DE925,DE,MFH_HIGH,603790.7983922304,0.429,0.861
DE925,DE,OTHER,0.0,0.515,0.431
DE925,DE,SFH,1902207.9572552668,0.773,0.323
DE926,DE,MFH_HIGH,120919.7445853888,0.445,0.795
DE926,DE,OTHER,0.0,0.534,0.398
DE926,DE,SFH,644809.007993052,0.801,0.298
DE927,DE,MFH_HIGH,159289.2650078498,0.463,0.719
DE927,DE,OTHER,0.0,0.555,0.36
DE927,DE,SFH,1098154.6195275646,0.833,0.27
DE928,DE,MFH_HIGH,198743.15051746176,0.466,0.704
DE928,DE,OTHER,0.0,0.56,0.352
DE928,DE,SFH,1434826.6332333696,0.839,0.264
DE929,DE,MFH_HIGH,3359307.8524242565,0.412,0.9
DE929,DE,OTHER,0.0,0.495,0.467
DE929,DE,SFH,5364003.989941362,0.742,0.351
DE931,DE,MFH_HIGH,301686.4911719992,0.458,0.741
DE931,DE,OTHER,0.0,0.549,0.37
DE931,DE,SFH,1465783.8722134004,0.824,0.278
DE932,DE,MFH_HIGH,306077.01460561884,0.459,0.734
DE932,DE,OTHER,0.0,0.551,0.367
DE932,DE,SFH,1849336.5095891848,0.827,0.275
DE933,DE,MFH_HIGH,317182.54151721875,0.467,0.7
DE933,DE,OTHER,0.0,0.561,0.35
DE933,DE,SFH,1976219.963342856,0.841,0.262
DE934,DE,MFH_HIGH,142686.314812661,0.445,0.793
DE934,DE,OTHER,0.0,0.534,0.397
DE934,DE,SFH,537742.3216035829,0.802,0.297
DE935,DE,MFH_HIGH,415319.44193890726,0.434,0.84
DE935,DE,OTHER,0.0,0.521,0.42
DE935,DE,SFH,1243443.7864255433,0.782,0.315
DE936,DE,MFH_HIGH,142317.61535453514,0.466,0.704
DE936,DE,OTHER,0.0,0.56,0.352
DE936,DE,SFH,972332.1740008252,0.839,0.264
DE937,DE,MFH_HIGH,207538.1356514396,0.464,0.715
DE937,DE,OTHER,0.0,0.556,0.357
DE937,DE,SFH,1492841.6105075509,0.835,0.268
DE938,DE,MFH_HIGH,247279.23608418208,0.461,0.725
DE938,DE,OTHER,0.0,0.554,0.362
DE938,DE,SFH,1194379.296905291,0.831,0.272
DE939,DE,MFH_HIGH,290153.35504203354,0.46,0.733
DE939,DE,OTHER,0.0,0.551,0.366
DE939,DE,SFH,1617600.38533932,0.827,0.275
DE93A,DE,MFH_HIGH,189141.19067459792,0.455,0.754
DE93A,DE,OTHER,0.0,0.546,0.377
DE93A,DE,SFH,835659.5798280669,0.818,0.283
DE93B,DE,MFH_HIGH,163444.42606966972,0.467,0.703
DE93B,DE,OTHER,0.0,0.56,0.351
DE93B,DE,SFH,1186608.8273695123,0.84,0.264
DE941,DE,MFH_HIGH,109875.6046000017,0.457,0.743
DE941,DE,OTHER,0.0,0.549,0.371
DE941,DE,SFH,490761.4408737176,0.823,0.278
DE942,DE,MFH_HIGH,129496.22793066726,0.432,0.85
DE942,DE,OTHER,0.0,0.518,0.425
DE942,DE,SFH,309732.67019945924,0.778,0.319
DE943,DE,MFH_HIGH,376664.4202752477,0.441,0.811
DE943,DE,OTHER,0.0,0.529,0.405
DE943,DE,SFH,1070582.638098447,0.794,0.304
DE944,DE,MFH_HIGH,431560.44912406686,0.412,0.9
DE944,DE,OTHER,0.0,0.494,0.468
DE944,DE,SFH,736151.1237824988,0.741,0.351
DE945,DE,MFH_HIGH,333153.9723519896,0.411,0.9
DE945,DE,OTHER,0.0,0.493,0.47
DE945,DE,SFH,329943.0437180989,0.74,0.352
DE946,DE,MFH_HIGH,95176.61283860895,0.482,0.637
DE946,DE,OTHER,0.0,0.578,0.318
DE946,DE,SFH,1245898.5882987718,0.868,0.239
DE947,DE,MFH_HIGH,230985.68690316504,0.478,0.653
DE947,DE,OTHER,0.0,0.574,0.326
DE947,DE,SFH,2120132.591216496,0.861,0.245
DE948,DE,MFH_HIGH,122899.18029040736,0.48,0.645
DE948,DE,OTHER,0.0,0.576,0.322
DE948,DE,SFH,1521095.9592497775,0.864,0.242
DE949,DE,MFH_HIGH,268253.00092070585,0.477,0.658
DE949,DE,OTHER,0.0,0.572,0.329
DE949,DE,SFH,2838262.3525161385,0.858,0.247
DE94A,DE,MFH_HIGH,106549.4174170555,0.475,0.666
DE94A,DE,OTHER,0.0,0.57,0.333
DE94A,DE,SFH,1017750.033563426,0.855,0.25
DE94B,DE,MFH_HIGH,88679.68309552179,0.479,0.649
DE94B,DE,OTHER,0.0,0.575,0.325
DE94B,DE,SFH,1047121.693009165,0.862,0.243
DE94C,DE,MFH_HIGH,172387.68878985196,0.479,0.649
DE94C,DE,OTHER,0.0,0.575,0.324
DE94C,DE,SFH,1772798.2808168666,0.862,0.243
DE94D,DE,MFH_HIGH,101303.51166204008,0.483,0.632
DE94D,DE,OTHER,0.0,0.58,0.316
DE94D,DE,SFH,1243026.8793903906,0.87,0.237
DE94E,DE,MFH_HIGH,346862.4705130402,0.472,0.68
DE94E,DE,OTHER,0.0,0.566,0.34
DE94E,DE,SFH,2898014.24200049,0.85,0.255
DE94F,DE,MFH_HIGH,136566.12621781317,0.481,0.642
DE94F,DE,OTHER,0.0,0.577,0.321
DE94F,DE,SFH,1348490.8399185385,0.865,0.241
DE94G,DE,MFH_HIGH,116037.24549456984,0.465,0.711
DE94G,DE,OTHER,0.0,0.558,0.355
DE94G,DE,SFH,845675.5706256973,0.836,0.267
DE94H,DE,MFH_HIGH,77600.11644026273,0.478,0.654
DE94H,DE,OTHER,0.0,0.574,0.327
DE94H,DE,SFH,670161.0179525753,0.86,0.245
DEA11,DE,MFH_HIGH,3333069.4334239336,0.389,0.9
DEA11,DE,OTHER,0.0,0.466,0.517
DEA11,DE,SFH,1330391.1090955068,0.7,0.388
DEA12,DE,MFH_HIGH,1657213.4276740137,0.399,0.9
DEA12,DE,OTHER,0.0,0.479,0.495
DEA12,DE,SFH,1509865.629609133,0.719,0.371
DEA13,DE,MFH_HIGH,1949652.361301428,0.403,0.9
DEA13,DE,OTHER,0.0,0.484,0.486
DEA13,DE,SFH,1889518.2643090016,0.726,0.365
DEA14,DE,MFH_HIGH,627507.3962888804,0.43,0.86
DEA14,DE,OTHER,0.0,0.516,0.43
DEA14,DE,SFH,885173.8984163281,0.773,0.323
DEA15,DE,MFH_HIGH,725552.1418869679,0.415,0.9
DEA15,DE,OTHER,0.0,0.497,0.462
DEA15,DE,SFH,1119639.918244293,0.746,0.347
DEA16,DE,MFH_HIGH,451364.2087702409,0.42,0.9
DEA16,DE,OTHER,0.0,0.504,0.451
DEA16,DE,SFH,697406.6998073275,0.756,0.338
DEA17,DE,MFH_HIGH,444976.0651383285,0.446,0.79
DEA17,DE,OTHER,0.0,0.535,0.395
DEA17,DE,SFH,1002709.0422308664,0.803,0.296
DEA18,DE,MFH_HIGH,356888.7695925237,0.411,0.9
DEA18,DE,OTHER,0.0,0.493,0.47
DEA18,DE,SFH,409248.78013822605,0.739,0.353
DEA19,DE,MFH_HIGH,479524.8914959411,0.421,0.897
DEA19,DE,OTHER,0.0,0.505,0.448
DEA19,DE,SFH,720782.8862121413,0.758,0.336
DEA1A,DE,MFH_HIGH,1401473.87858626,0.393,0.9
DEA1A,DE,OTHER,0.0,0.472,0.507
DEA1A,DE,SFH,960323.3615543484,0.708,0.381
DEA1B,DE,MFH_HIGH,372715.0870109752,0.468,0.695
DEA1B,DE,OTHER,0.0,0.562,0.347
DEA1B,DE,SFH,2141064.5455581574,0.843,0.261
DEA1C,DE,MFH_HIGH,1438306.717040602,0.431,0.856
DEA1C,DE,OTHER,0.0,0.517,0.428
DEA1C,DE,SFH,2177620.067966794,0.775,0.321
DEA1D,DE,MFH_HIGH,1009704.1420652876,0.442,0.81
DEA1D,DE,OTHER,0.0,0.53,0.405
DEA1D,DE,SFH,2433237.5031561786,0.795,0.304
DEA1E,DE,MFH_HIGH,515371.5994368023,0.456,0.746
DEA1E,DE,OTHER,0.0,0.548,0.373
DEA1E,DE,SFH,1961761.7155535368,0.822,0.28
DEA1F,DE,MFH_HIGH,863234.1896919943,0.452,0.764
DEA1F,DE,OTHER,0.0,0.543,0.382
DEA1F,DE,SFH,2664918.1393145914,0.814,0.286
DEA22,DE,MFH_HIGH,186401.6656796179,0.417,0.9
DEA22,DE,OTHER,0.0,0.5,0.457
DEA22,DE,SFH,172126.01751863392,0.75,0.343
DEA23,DE,MFH_HIGH,3529511.860636614,0.4,0.9
DEA23,DE,OTHER,0.0,0.48,0.493
DEA23,DE,SFH,2360679.85717339,0.72,0.37
DEA24,DE,MFH_HIGH,477381.573939,0.424,0.884
DEA24,DE,OTHER,0.0,0.509,0.442
DEA24,DE,SFH,667701.7993287191,0.763,0.331
DEA26,DE,MFH_HIGH,208227.077487779,0.477,0.658
DEA26,DE,OTHER,0.0,0.572,0.329
DEA26,DE,SFH,1800512.5949653569,0.859,0.247
DEA27,DE,MFH_HIGH,483201.4898551304,0.473,0.674
DEA27,DE,OTHER,0.0,0.568,0.337
DEA27,DE,SFH,2497097.759396096,0.852,0.253
DEA28,DE,MFH_HIGH,169314.98969622617,0.477,0.656
DEA28,DE,OTHER,0.0,0.573,0.328
DEA28,DE,SFH,1540648.1177917742,0.859,0.246
DEA29,DE,MFH_HIGH,133208.80682202114,0.486,0.621
DEA29,DE,OTHER,0.0,0.583,0.311
DEA29,DE,SFH,1774702.048063264,0.874,0.233
DEA2A,DE,MFH_HIGH,215342.13987541723,0.474,0.671
DEA2A,DE,OTHER,0.0,0.569,0.336
DEA2A,DE,SFH,1741607.7070256637,0.853,0.252
DEA2B,DE,MFH_HIGH,288027.02608804486,0.468,0.697
DEA2B,DE,OTHER,0.0,0.562,0.348
DEA2B,DE,SFH,1657579.9059706635,0.842,0.261
DEA2C,DE,MFH_HIGH,569041.6876490475,0.476,0.662
DEA2C,DE,OTHER,0.0,0.571,0.331
DEA2C,DE,SFH,3856481.375999347,0.857,0.248
DEA2D,DE,MFH_HIGH,1013794.552379474,0.449,0.779
DEA2D,DE,OTHER,0.0,0.538,0.39
DEA2D,DE,SFH,2594938.920653668,0.807,0.292
DEA31,DE,MFH_HIGH,186037.94802005045,0.448,0.78
DEA31,DE,OTHER,0.0,0.538,0.39
DEA31,DE,SFH,592315.653425932,0.807,0.292
DEA32,DE,MFH_HIGH,920096.7228929136,0.4,0.9
DEA32,DE,OTHER,0.0,0.48,0.493
DEA32,DE,SFH,832892.6682955837,0.721,0.369
DEA33,DE,MFH_HIGH,973070.1062872674,0.42,0.9
DEA33,DE,OTHER,0.0,0.503,0.452
DEA33,DE,SFH,1185071.8823343385,0.755,0.339
DEA34,DE,MFH_HIGH,284195.50538413395,0.474,0.672
DEA34,DE,OTHER,0.0,0.569,0.336
DEA34,DE,SFH,2172924.102757038,0.853,0.252
DEA35,DE,MFH_HIGH,225506.28018115947,0.466,0.704
DEA35,DE,OTHER,0.0,0.559,0.352
DEA35,DE,SFH,1423409.6504011094,0.839,0.264
DEA36,DE,MFH_HIGH,719185.8304296207,0.462,0.724
DEA36,DE,OTHER,0.0,0.554,0.362
DEA36,DE,SFH,3267359.4608968548,0.831,0.271
DEA37,DE,MFH_HIGH,487784.34953234415,0.469,0.691
DEA37,DE,OTHER,0.0,0.563,0.346
DEA37,DE,SFH,2892868.332836108,0.845,0.259
DEA38,DE,MFH_HIGH,270671.1568317636,0.463,0.719
DEA38,DE,OTHER,0.0,0.555,0.36
DEA38,DE,SFH,1702829.2609435604,0.833,0.27
DEA41,DE,MFH_HIGH,918141.649832214,0.421,0.896
DEA41,DE,OTHER,0.0,0.505,0.448
DEA41,DE,SFH,1416004.633044774,0.758,0.336
DEA42,DE,MFH_HIGH,577284.9612235263,0.452,0.764
DEA42,DE,OTHER,0.0,0.543,0.382
DEA42,DE,SFH,2402164.14032024,0.814,0.287
DEA43,DE,MFH_HIGH,346064.4432400356,0.456,0.746
DEA43,DE,OTHER,0.0,0.548,0.373
DEA43,DE,SFH,1684501.2184772796,0.822,0.28
DEA44,DE,MFH_HIGH,204038.2298539797,0.467,0.701
DEA44,DE,OTHER,0.0,0.56,0.351
DEA44,DE,SFH,1235873.0235585445,0.84,0.263
DEA45,DE,MFH_HIGH,463205.4737606857,0.459,0.737
DEA45,DE,OTHER,0.0,0.55,0.368
DEA45,DE,SFH,2318217.1777567705,0.825,0.276
DEA46,DE,MFH_HIGH,755557.2586814592,0.435,0.835
DEA46,DE,OTHER,0.0,0.523,0.418
DEA46,DE,SFH,2122533.7143727792,0.784,0.313
DEA47,DE,MFH_HIGH,566516.5474180706,0.448,0.782
DEA47,DE,OTHER,0.0,0.538,0.391
DEA47,DE,SFH,2059349.4437213847,0.806,0.293
DEA51,DE,MFH_HIGH,1081479.1015268774,0.415,0.9
DEA51,DE,OTHER,0.0,0.498,0.462
DEA51,DE,SFH,1373046.3692739564,0.746,0.346
DEA52,DE,MFH_HIGH,1734796.9427993377,0.419,0.9
DEA52,DE,OTHER,0.0,0.502,0.453
DEA52,DE,SFH,2044677.0191596493,0.754,0.34
DEA53,DE,MFH_HIGH,473059.6936260655,0.429,0.862
DEA53,DE,OTHER,0.0,0.515,0.431
DEA53,DE,SFH,695107.4126626435,0.772,0.323
DEA54,DE,MFH_HIGH,274548.9514872498,0.467,0.699
DEA54,DE,OTHER,0.0,0.561,0.349
DEA54,DE,SFH,930430.7732650478,0.841,0.262
DEA55,DE,MFH_HIGH,531548.9773822895,0.414,0.9
DEA55,DE,OTHER,0.0,0.496,0.464
DEA55,DE,SFH,570651.6873281965,0.744,0.348
DEA56,DE,MFH_HIGH,677443.1719551574,0.436,0.831
DEA56,DE,OTHER,0.0,0.524,0.416
DEA56,DE,SFH,1556973.6087739249,0.786,0.312
DEA57,DE,MFH_HIGH,207948.05986870689,0.476,0.662
DEA57,DE,OTHER,0.0,0.571,0.331
DEA57,DE,SFH,1943161.7717562364,0.857,0.248
DEA58,DE,MFH_HIGH,531706.35896359,0.455,0.751
DEA58,DE,OTHER,0.0,0.546,0.376
DEA58,DE,SFH,2240018.952253782,0.819,0.282
DEA59,DE,MFH_HIGH,92066.99217452254,0.475,0.665
DEA59,DE,OTHER,0.0,0.57,0.333
DEA59,DE,SFH,977908.6377806412,0.856,0.249
DEA5A,DE,MFH_HIGH,254493.4137981144,0.469,0.692
DEA5A,DE,OTHER,0.0,0.563,0.346
DEA5A,DE,SFH,1881925.6734912589,0.844,0.26
DEA5B,DE,MFH_HIGH,326080.5644896584,0.466,0.704
DEA5B,DE,OTHER,0.0,0.559,0.352
DEA5B,DE,SFH,2023752.116153788,0.839,0.264
DEA5C,DE,MFH_HIGH,568899.2994447125,0.458,0.74
DEA5C,DE,OTHER,0.0,0.55,0.37
DEA5C,DE,SFH,2131749.206463295,0.824,0.277
DEB11,DE,MFH_HIGH,540091.3192039127,0.404,0.9
DEB11,DE,OTHER,0.0,0.485,0.485
DEB11,DE,SFH,471062.7812206952,0.727,0.364
DEB12,DE,MFH_HIGH,250265.0290127127,0.457,0.744
DEB12,DE,OTHER,0.0,0.548,0.372
DEB12,DE,SFH,1077107.588456235,0.822,0.279
DEB13,DE,MFH_HIGH,135803.44644838793,0.473,0.675
DEB13,DE,OTHER,0.0,0.568,0.338
DEB13,DE,SFH,1122947.161332173,0.851,0.253
DEB14,DE,MFH_HIGH,335813.9042831121,0.453,0.76
DEB14,DE,OTHER,0.0,0.544,0.38
DEB14,DE,SFH,1267435.0109684768,0.816,0.285
DEB15,DE,MFH_HIGH,150262.50150370883,0.459,0.737
DEB15,DE,OTHER,0.0,0.55,0.368
DEB15,DE,SFH,774736.9969320672,0.825,0.276
DEB17,DE,MFH_HIGH,326846.07728446147,0.458,0.737
DEB17,DE,OTHER,0.0,0.55,0.369
DEB17,DE,SFH,1694928.79765339,0.825,0.276
DEB18,DE,MFH_HIGH,292091.63039823604,0.459,0.735
DEB18,DE,OTHER,0.0,0.551,0.368
DEB18,DE,SFH,1429173.399350535,0.826,0.276
DEB1A,DE,MFH_HIGH,218320.3722157105,0.457,0.742
DEB1A,DE,OTHER,0.0,0.549,0.371
DEB1A,DE,SFH,1007848.0267663111,0.823,0.278
DEB1B,DE,MFH_HIGH,237105.9107240772,0.471,0.682
DEB1B,DE,OTHER,0.0,0.566,0.341
DEB1B,DE,SFH,1854884.8288417645,0.849,0.256
DEB1C,DE,MFH_HIGH,131612.94997689454,0.449,0.776
DEB1C,DE,OTHER,0.0,0.539,0.388
DEB1C,DE,SFH,637179.637712584,0.809,0.291
DEB1D,DE,MFH_HIGH,158435.16460367004,0.462,0.724
DEB1D,DE,OTHER,0.0,0.554,0.362
DEB1D,DE,SFH,936845.5299317684,0.831,0.271
DEB21,DE,MFH_HIGH,472379.3415905967,0.412,0.9
DEB21,DE,OTHER,0.0,0.494,0.469
DEB21,DE,SFH,460970.7045273159,0.741,0.351
DEB22,DE,MFH_HIGH,160163.552312961,0.469,0.691
DEB22,DE,OTHER,0.0,0.563,0.345
DEB22,DE,SFH,1071346.238890814,0.845,0.259
DEB23,DE,MFH_HIGH,151169.59111827106,0.473,0.677
DEB23,DE,OTHER,0.0,0.567,0.339
DEB23,DE,SFH,997797.2996340264,0.851,0.254
DEB24,DE,MFH_HIGH,58391.42714440883,0.481,0.642
DEB24,DE,OTHER,0.0,0.577,0.321
DEB24,DE,SFH,621702.5779460024,0.865,0.241
DEB25,DE,MFH_HIGH,156794.78492365888,0.473,0.674
DEB25,DE,OTHER,0.0,0.568,0.337
DEB25,DE,SFH,1316712.3303669037,0.852,0.253
DEB31,DE,MFH_HIGH,194425.87427199556,0.412,0.9
DEB31,DE,OTHER,0.0,0.494,0.468
DEB31,DE,SFH,181668.8658712242,0.741,0.351
DEB32,DE,MFH_HIGH,411375.330786984,0.41,0.9
DEB32,DE,OTHER,0.0,0.493,0.471
DEB32,DE,SFH,466036.8186657599,0.739,0.353
DEB34,DE,MFH_HIGH,590709.0148902728,0.412,0.9
DEB34,DE,OTHER,0.0,0.495,0.467
DEB34,DE,SFH,536485.2179460024,0.742,0.35
DEB35,DE,MFH_HIGH,975672.7776527016,0.402,0.9
DEB35,DE,OTHER,0.0,0.483,0.489
DEB35,DE,SFH,684189.5289669666,0.724,0.367
DEB36,DE,MFH_HIGH,152634.9238036588,0.436,0.834
DEB36,DE,OTHER,0.0,0.523,0.417
DEB36,DE,SFH,339821.2200531287,0.784,0.313
DEB37,DE,MFH_HIGH,136726.04666730357,0.423,0.89
DEB37,DE,OTHER,0.0,0.507,0.445
DEB37,DE,SFH,225619.43716078973,0.761,0.334
DEB38,DE,MFH_HIGH,189652.49186126815,0.418,0.9
DEB38,DE,OTHER,0.0,0.502,0.455
DEB38,DE,SFH,212202.95099717524,0.753,0.341
DEB39,DE,MFH_HIGH,223509.2319943784,0.438,0.826
DEB39,DE,OTHER,0.0,0.525,0.413
DEB39,DE,SFH,415060.0668282792,0.788,0.31
DEB3A,DE,MFH_HIGH,79519.21926272595,0.449,0.778
DEB3A,DE,OTHER,0.0,0.539,0.389
DEB3A,DE,SFH,225305.7037408249,0.808,0.292
DEB3B,DE,MFH_HIGH,146321.9811318808,0.471,0.685
DEB3B,DE,OTHER,0.0,0.565,0.342
DEB3B,DE,SFH,1022003.1617253128,0.847,0.257
DEB3C,DE,MFH_HIGH,158157.12008902163,0.472,0.68
DEB3C,DE,OTHER,0.0,0.566,0.34
DEB3C,DE,SFH,1087928.3705615082,0.849,0.255
DEB3D,DE,MFH_HIGH,87542.52938057359,0.474,0.673
DEB3D,DE,OTHER,0.0,0.568,0.336
DEB3D,DE,SFH,617454.2107111436,0.852,0.252
DEB3E,DE,MFH_HIGH,164161.09753754156,0.469,0.693
DEB3E,DE,OTHER,0.0,0.563,0.346
DEB3E,DE,SFH,941546.2625122285,0.844,0.26
DEB3F,DE,MFH_HIGH,191832.47770607547,0.471,0.683
DEB3F,DE,OTHER,0.0,0.565,0.342
DEB3F,DE,SFH,1063726.7310817773,0.848,0.256
DEB3G,DE,MFH_HIGH,73458.6538934948,0.474,0.672
DEB3G,DE,OTHER,0.0,0.569,0.336
DEB3G,DE,SFH,683118.0176911369,0.853,0.252
DEB3H,DE,MFH_HIGH,304416.0118109402,0.459,0.735
DEB3H,DE,OTHER,0.0,0.551,0.368
DEB3H,DE,SFH,1197903.2276478992,0.826,0.276
DEB3I,DE,MFH_HIGH,155414.43030313303,0.477,0.657
DEB3I,DE,OTHER,0.0,0.573,0.329
DEB3I,DE,SFH,1127824.2932561703,0.859,0.247
DEB3J,DE,MFH_HIGH,288891.45165082405,0.467,0.702
DEB3J,DE,OTHER,0.0,0.56,0.351
DEB3J,DE,SFH,1516897.3285117538,0.84,0.263
DEB3K,DE,MFH_HIGH,62151.11489929916,0.481,0.641
DEB3K,DE,OTHER,0.0,0.577,0.32
DEB3K,DE,SFH,900221.2223027664,0.866,0.24
DEC01,DE,MFH_HIGH,959857.757259012,0.423,0.889
DEC01,DE,OTHER,0.0,0.507,0.444
DEC01,DE,SFH,2065740.8870430395,0.761,0.333
DEC02,DE,MFH_HIGH,137821.27885934067,0.462,0.721
DEC02,DE,OTHER,0.0,0.555,0.36
DEC02,DE,SFH,1141387.8613035695,0.832,0.27
DEC03,DE,MFH_HIGH,213800.247157352,0.447,0.787
DEC03,DE,OTHER,0.0,0.536,0.394
DEC03,DE,SFH,1038460.2586170326,0.804,0.295
DEC04,DE,MFH_HIGH,324066.8702204737,0.449,0.776
DEC04,DE,OTHER,0.0,0.539,0.388
DEC04,DE,SFH,1909231.3390937927,0.809,0.291
DEC05,DE,MFH_HIGH,220700.12853767627,0.459,0.736
DEC05,DE,OTHER,0.0,0.551,0.368
DEC05,DE,SFH,1333072.3202205168,0.826,0.276
DEC06,DE,MFH_HIGH,90455.7601607919,0.467,0.701
DEC06,DE,OTHER,0.0,0.56,0.351
DEC06,DE,SFH,844414.7781882075,0.84,0.263
DED21,DE,MFH_HIGH,5356682.735713777,0.358,0.9
DED21,DE,OTHER,0.0,0.43,0.583
DED21,DE,SFH,447338.62063406856,0.645,0.437
DED2C,DE,MFH_HIGH,5060183.265691301,0.367,0.9
DED2C,DE,OTHER,0.0,0.441,0.563
DED2C,DE,SFH,1463855.703086564,0.661,0.423
DED2D,DE,MFH_HIGH,4749919.730622082,0.366,0.9
DED2D,DE,OTHER,0.0,0.439,0.566
DED2D,DE,SFH,1256073.816224002,0.659,0.425
DED2E,DE,MFH_HIGH,3880693.2444250416,0.364,0.9
DED2E,DE,OTHER,0.0,0.437,0.569
DED2E,DE,SFH,847631.5056462775,0.656,0.427
DED2F,DE,MFH_HIGH,4161735.260442034,0.366,0.9
DED2F,DE,OTHER,0.0,0.439,0.566
DED2F,DE,SFH,786191.453263748,0.659,0.425
DED41,DE,MFH_HIGH,2704103.702167148,0.361,0.9
DED41,DE,OTHER,0.0,0.433,0.576
DED41,DE,SFH,333909.774284138,0.65,0.432
DED42,DE,MFH_HIGH,5888726.787379192,0.362,0.9
DED42,DE,OTHER,0.0,0.434,0.575
DED42,DE,SFH,942579.5452367602,0.651,0.431
DED43,DE,MFH_HIGH,5867287.698758297,0.362,0.9
DED43,DE,OTHER,0.0,0.435,0.574
DED43,DE,SFH,1033709.3391062368,0.652,0.431
DED44,DE,MFH_HIGH,3885675.976207396,0.363,0.9
DED44,DE,OTHER,0.0,0.435,0.573
DED44,DE,SFH,843756.1962182383,0.653,0.43
DED45,DE,MFH_HIGH,4995234.416991809,0.361,0.9
DED45,DE,OTHER,0.0,0.433,0.577
DED45,DE,SFH,813537.6961314253,0.65,0.433
DED51,DE,MFH_HIGH,5746802.917315115,0.36,0.9
DED51,DE,OTHER,0.0,0.432,0.579
DED51,DE,SFH,598068.879998334,0.648,0.434
DED52,DE,MFH_HIGH,4125488.5328389728,0.367,0.9
DED52,DE,OTHER,0.0,0.44,0.564
DED52,DE,SFH,1160216.921322735,0.661,0.423
DED53,DE,MFH_HIGH,3269529.2786623086,0.37,0.9
DED53,DE,OTHER,0.0,0.444,0.557
DED53,DE,SFH,1088029.3227711143,0.666,0.418
DEE01,DE,MFH_HIGH,742553.6442715701,0.371,0.9
DEE01,DE,OTHER,0.0,0.446,0.554
DEE01,DE,SFH,225124.0601822773,0.669,0.416
DEE02,DE,MFH_HIGH,1787567.4047213537,0.364,0.9
DEE02,DE,OTHER,0.0,0.437,0.57
DEE02,DE,SFH,362627.6523736508,0.656,0.427
DEE03,DE,MFH_HIGH,1562312.536092938,0.374,0.9
DEE03,DE,OTHER,0.0,0.449,0.548
DEE03,DE,SFH,571742.8758353293,0.674,0.411
DEE04,DE,MFH_HIGH,275573.7851533587,0.44,0.814
DEE04,DE,OTHER,0.0,0.528,0.407
DEE04,DE,SFH,983394.3683060844,0.793,0.305
DEE05,DE,MFH_HIGH,1752913.1894573437,0.372,0.9
DEE05,DE,OTHER,0.0,0.446,0.553
DEE05,DE,SFH,723746.3384232909,0.669,0.415
DEE06,DE,MFH_HIGH,675307.7520949901,0.391,0.9
DEE06,DE,OTHER,0.0,0.469,0.513
DEE06,DE,SFH,719971.8022874856,0.704,0.384
DEE07,DE,MFH_HIGH,805363.9387974921,0.414,0.9
DEE07,DE,OTHER,0.0,0.497,0.464
DEE07,DE,SFH,1707220.534784234,0.745,0.348
DEE08,DE,MFH_HIGH,2682706.242877446,0.367,0.9
DEE08,DE,OTHER,0.0,0.44,0.564
DEE08,DE,SFH,612849.6327338922,0.66,0.423
DEE09,DE,MFH_HIGH,1244179.2834910622,0.401,0.9
DEE09,DE,OTHER,0.0,0.481,0.492
DEE09,DE,SFH,1718547.1378479735,0.721,0.369
DEE0A,DE,MFH_HIGH,1556186.522508969,0.38,0.9
DEE0A,DE,OTHER,0.0,0.456,0.536
DEE0A,DE,SFH,850978.1318743007,0.684,0.402
DEE0B,DE,MFH_HIGH,2246369.4667234314,0.369,0.9
DEE0B,DE,OTHER,0.0,0.442,0.56
DEE0B,DE,SFH,728962.8721317134,0.663,0.42
DEE0C,DE,MFH_HIGH,2015349.329386772,0.37,0.9
DEE0C,DE,OTHER,0.0,0.444,0.558
DEE0C,DE,SFH,786881.9566541109,0.665,0.419
DEE0D,DE,MFH_HIGH,490692.77389694966,0.424,0.884
DEE0D,DE,OTHER,0.0,0.509,0.442
DEE0D,DE,SFH,1100392.9596666056,0.763,0.332
DEE0E,DE,MFH_HIGH,1670312.0951861884,0.373,0.9
DEE0E,DE,OTHER,0.0,0.447,0.551
DEE0E,DE,SFH,597332.1919937326,0.671,0.414
DEF01,DE,MFH_HIGH,327649.4525045555,0.419,0.9
DEF01,DE,OTHER,0.0,0.502,0.454
DEF01,DE,SFH,323816.8857117137,0.753,0.34
DEF02,DE,MFH_HIGH,973599.0368339455,0.406,0.9
DEF02,DE,OTHER,0.0,0.487,0.482
DEF02,DE,SFH,605503.2330493543,0.73,0.361
DEF03,DE,MFH_HIGH,773028.2800822256,0.428,0.866
DEF03,DE,OTHER,0.0,0.514,0.433
DEF03,DE,SFH,850765.9250476941,0.771,0.325
DEF04,DE,MFH_HIGH,190454.21182765637,0.452,0.763
DEF04,DE,OTHER,0.0,0.543,0.382
DEF04,DE,SFH,392238.3892893944,0.814,0.286
DEF05,DE,MFH_HIGH,189324.10001150455,0.468,0.696
DEF05,DE,OTHER,0.0,0.562,0.348
DEF05,DE,SFH,1127073.0809839787,0.843,0.261
DEF06,DE,MFH_HIGH,392414.8210912333,0.454,0.758
DEF06,DE,OTHER,0.0,0.544,0.379
DEF06,DE,SFH,1242047.6707968442,0.817,0.284
DEF07,DE,MFH_HIGH,323737.63462495635,0.46,0.73
DEF07,DE,OTHER,0.0,0.552,0.365
DEF07,DE,SFH,1470687.3416402594,0.828,0.274
DEF08,DE,MFH_HIGH,518224.35120649927,0.461,0.727
DEF08,DE,OTHER,0.0,0.553,0.364
DEF08,DE,SFH,1585511.7435134472,0.829,0.273
DEF09,DE,MFH_HIGH,636376.3851304963,0.456,0.746
DEF09,DE,OTHER,0.0,0.548,0.373
DEF09,DE,SFH,1679624.5265376146,0.821,0.28
DEF0A,DE,MFH_HIGH,233420.90306468387,0.464,0.716
DEF0A,DE,OTHER,0.0,0.556,0.358
DEF0A,DE,SFH,922444.7996482464,0.834,0.268
DEF0B,DE,MFH_HIGH,455710.0361883162,0.461,0.726
DEF0B,DE,OTHER,0.0,0.553,0.363
DEF0B,DE,SFH,1910587.722525246,0.83,0.272
DEF0C,DE,MFH_HIGH,349321.30374498933,0.457,0.742
DEF0C,DE,OTHER,0.0,0.549,0.371
DEF0C,DE,SFH,1608298.3709722406,0.823,0.278
DEF0D,DE,MFH_HIGH,581775.026986121,0.459,0.734
DEF0D,DE,OTHER,0.0,0.551,0.367
DEF0D,DE,SFH,1685205.2508790211,0.826,0.275
DEF0E,DE,MFH_HIGH,224591.6608238377,0.46,0.73
DEF0E,DE,OTHER,0.0,0.552,0.365
DEF0E,DE,SFH,937034.8832050802,0.828,0.274
DEF0F,DE,MFH_HIGH,504370.0280354858,0.457,0.745
DEF0F,DE,OTHER,0.0,0.548,0.373
DEF0F,DE,SFH,1443791.6547716325,0.822,0.279
DEG01,DE,MFH_HIGH,693858.7344819844,0.414,0.9
DEG01,DE,OTHER,0.0,0.497,0.463
DEG01,DE,SFH,486923.5899482768,0.746,0.347
DEG02,DE,MFH_HIGH,484354.8966084488,0.394,0.9
DEG02,DE,OTHER,0.0,0.473,0.506
DEG02,DE,SFH,276522.7303473207,0.71,0.379
DEG03,DE,MFH_HIGH,402310.6434356296,0.41,0.9
DEG03,DE,OTHER,0.0,0.492,0.471
DEG03,DE,SFH,272157.6490652018,0.739,0.354
DEG04,DE,MFH_HIGH,133693.08305907703,0.426,0.874
DEG04,DE,OTHER,0.0,0.512,0.437
DEG04,DE,SFH,167391.13931481622,0.767,0.328
DEG05,DE,MFH_HIGH,248814.6547818236,0.412,0.9
DEG05,DE,OTHER,0.0,0.494,0.468
DEG05,DE,SFH,228661.12416173896,0.741,0.351
DEG06,DE,MFH_HIGH,282176.4353169622,0.425,0.879
DEG06,DE,OTHER,0.0,0.51,0.439
DEG06,DE,SFH,639769.9052386701,0.765,0.33
DEG07,DE,MFH_HIGH,185463.18233663475,0.457,0.742
DEG07,DE,OTHER,0.0,0.549,0.371
DEG07,DE,SFH,513610.3069806293,0.823,0.278
DEG09,DE,MFH_HIGH,255446.14236914009,0.44,0.817
DEG09,DE,OTHER,0.0,0.528,0.408
DEG09,DE,SFH,630705.3932562084,0.792,0.306
DEG0A,DE,MFH_HIGH,137492.77744656857,0.471,0.685
DEG0A,DE,OTHER,0.0,0.565,0.343
DEG0A,DE,SFH,575035.5012969403,0.847,0.257
DEG0B,DE,MFH_HIGH,259225.82138133745,0.447,0.788
DEG0B,DE,OTHER,0.0,0.536,0.394
DEG0B,DE,SFH,941163.748316397,0.804,0.295
DEG0C,DE,MFH_HIGH,374945.0177843161,0.443,0.803
DEG0C,DE,OTHER,0.0,0.532,0.402
DEG0C,DE,SFH,834485.4186587995,0.797,0.301
DEG0D,DE,MFH_HIGH,128443.51319703006,0.459,0.735
DEG0D,DE,OTHER,0.0,0.551,0.367
DEG0D,DE,SFH,455046.5821924968,0.826,0.276
DEG0E,DE,MFH_HIGH,172608.12854206513,0.423,0.888
DEG0E,DE,OTHER,0.0,0.508,0.444
DEG0E,DE,SFH,488450.34024220594,0.762,0.333
DEG0F,DE,MFH_HIGH,268520.8347425187,0.442,0.806
DEG0F,DE,OTHER,0.0,0.531,0.403
DEG0F,DE,SFH,674519.3131391964,0.796,0.302
DEG0G,DE,MFH_HIGH,158212.08938016222,0.442,0.807
DEG0G,DE,OTHER,0.0,0.53,0.404
DEG0G,DE,SFH,500862.45492468553,0.796,0.303
DEG0H,DE,MFH_HIGH,234360.36014974184,0.402,0.9
DEG0H,DE,OTHER,0.0,0.483,0.489
DEG0H,DE,SFH,325352.09486110456,0.724,0.367
DEG0I,DE,MFH_HIGH,329621.2220156013,0.423,0.889
DEG0I,DE,OTHER,0.0,0.507,0.444
DEG0I,DE,SFH,631048.7555852418,0.761,0.333
DEG0J,DE,MFH_HIGH,283602.2174752155,0.421,0.896
DEG0J,DE,OTHER,0.0,0.506,0.448
DEG0J,DE,SFH,545315.0156567034,0.758,0.336
DEG0K,DE,MFH_HIGH,241603.675030095,0.424,0.884
DEG0K,DE,OTHER,0.0,0.509,0.442
DEG0K,DE,SFH,538918.3953503172,0.763,0.332
DEG0L,DE,MFH_HIGH,378803.789668009,0.413,0.9
DEG0L,DE,OTHER,0.0,0.496,0.465
DEG0L,DE,SFH,617328.2501443602,0.744,0.348
DEG0M,DE,MFH_HIGH,443601.67591948167,0.403,0.9
DEG0M,DE,OTHER,0.0,0.484,0.487
DEG0M,DE,SFH,531133.2922995434,0.726,0.365
DEG0N,DE,MFH_HIGH,164784.98810095587,0.408,0.9
DEG0N,DE,OTHER,0.0,0.49,0.476
DEG0N,DE,SFH,136875.33190477613,0.735,0.357
DEG0P,DE,MFH_HIGH,314328.9677955891,0.44,0.814
DEG0P,DE,OTHER,0.0,0.529,0.407
DEG0P,DE,SFH,995789.2950273156,0.793,0.305
DK011,DK,MFH_HIGH,3115103.3736314354,0.387,0.9
DK011,DK,OTHER,0.0,0.464,0.521
DK011,DK,SFH,661302.6291409627,0.697,0.391
DK012,DK,MFH_HIGH,1745180.6613427154,0.437,0.827
DK012,DK,OTHER,0.0,0.525,0.414
DK012,DK,SFH,1962745.6151460663,0.787,0.31
DK013,DK,MFH_HIGH,1269218.158945897,0.445,0.794
DK013,DK,OTHER,0.0,0.534,0.397
DK013,DK,SFH,3195556.570077957,0.801,0.298
DK014,DK,MFH_HIGH,85980.56651282379,0.461,0.728
DK014,DK,OTHER,0.0,0.553,0.364
DK014,DK,SFH,369021.3933835266,0.829,0.273
DK021,DK,MFH_HIGH,645462.4209373838,0.442,0.807
DK021,DK,OTHER,0.0,0.531,0.403
DK021,DK,SFH,1525327.653161476,0.796,0.303
DK022,DK,MFH_HIGH,1617692.824324218,0.449,0.779
DK022,DK,OTHER,0.0,0.538,0.389
DK022,DK,SFH,4740063.688688756,0.808,0.292
DK031,DK,MFH_HIGH,1369072.275385992,0.438,0.824
DK031,DK,OTHER,0.0,0.526,0.412
DK031,DK,SFH,3300917.6408952456,0.788,0.309
DK032,DK,MFH_HIGH,2160988.4503967864,0.433,0.847
DK032,DK,OTHER,0.0,0.519,0.423
DK032,DK,SFH,5077797.9383461,0.779,0.318
DK041,DK,MFH_HIGH,1285224.9107147877,0.436,0.834
DK041,DK,OTHER,0.0,0.523,0.417
DK041,DK,SFH,3493342.312217427,0.784,0.313
DK042,DK,MFH_HIGH,2560046.386464895,0.43,0.859
DK042,DK,OTHER,0.0,0.516,0.43
DK042,DK,SFH,5091208.8980381945,0.774,0.322
DK050,DK,MFH_HIGH,1786324.777283682,0.44,0.815
DK050,DK,OTHER,0.0,0.528,0.407
DK050,DK,SFH,4610383.276229782,0.792,0.306
EE001,EE,MFH_HIGH,2366992.5390957184,0.41,0.9
EE001,EE,OTHER,0.0,0.492,0.471
EE001,EE,SFH,1281911.2056328144,0.739,0.353
EE004,EE,MFH_HIGH,628849.8565280205,0.444,0.799
EE004,EE,OTHER,0.0,0.533,0.4
EE004,EE,SFH,1030549.3336070584,0.799,0.3
EE006,EE,MFH_HIGH,580665.5841916536,0.435,0.839
EE006,EE,OTHER,0.0,0.521,0.42
EE006,EE,SFH,850454.8872654008,0.782,0.315
EE007,EE,MFH_HIGH,594285.3482060491,0.45,0.775
EE007,EE,OTHER,0.0,0.54,0.387
EE007,EE,SFH,376821.16977523407,0.809,0.291
EE008,EE,MFH_HIGH,1135651.8461235235,0.442,0.808
EE008,EE,OTHER,0.0,0.53,0.404
EE008,EE,SFH,1939042.1354443368,0.795,0.303
EL301,EL,MFH_HIGH,2381355.9980574576,0.36,0.9
EL301,EL,OTHER,0.0,0.433,0.578
EL301,EL,SFH,418729.7799299144,0.649,0.433
EL302,EL,MFH_HIGH,1797938.0807610522,0.356,0.9
EL302,EL,OTHER,0.0,0.427,0.587
EL302,EL,SFH,119469.8441861258,0.641,0.441
EL303,EL,MFH_HIGH,2875320.405480406,0.352,0.9
EL303,EL,OTHER,0.0,0.422,0.596
EL303,EL,SFH,79909.26331554733,0.634,0.447
EL304,EL,MFH_HIGH,1596640.855924259,0.357,0.9
EL304,EL,OTHER,0.0,0.429,0.585
EL304,EL,SFH,209739.0731615472,0.643,0.439
EL305,EL,MFH_HIGH,1635090.9212798446,0.412,0.9
EL305,EL,OTHER,0.0,0.494,0.468
EL305,EL,SFH,2235960.015794216,0.741,0.351
EL306,EL,MFH_HIGH,477456.18813831685,0.417,0.9
EL306,EL,OTHER,0.0,0.501,0.456
EL306,EL,SFH,598288.9948075385,0.751,0.342
EL307,EL,MFH_HIGH,1267205.031479797,0.393,0.9
EL307,EL,OTHER,0.0,0.471,0.509
EL307,EL,SFH,598288.6663547526,0.707,0.381
EL411,EL,MFH_HIGH,124096.56811273344,0.461,0.725
EL411,EL,OTHER,0.0,0.554,0.362
EL411,EL,SFH,479828.2625233861,0.83,0.272
EL412,EL,MFH_HIGH,76585.29880815031,0.457,0.742
EL412,EL,OTHER,0.0,0.549,0.371
EL412,EL,SFH,247059.4009098904,0.823,0.278
EL413,EL,MFH_HIGH,123351.79075949593,0.438,0.824
EL413,EL,OTHER,0.0,0.526,0.412
EL413,EL,SFH,275295.5247149325,0.789,0.309
EL421,EL,MFH_HIGH,591583.3262745253,0.421,0.896
EL421,EL,OTHER,0.0,0.505,0.448
EL421,EL,SFH,755879.0690318935,0.758,0.336
EL422,EL,MFH_HIGH,518978.2067178897,0.422,0.893
EL422,EL,OTHER,0.0,0.506,0.446
EL422,EL,SFH,865052.4452100232,0.76,0.335
EL431,EL,MFH_HIGH,879026.299227047,0.417,0.9
EL431,EL,OTHER,0.0,0.5,0.458
EL431,EL,SFH,946536.6002935752,0.75,0.344
EL432,EL,MFH_HIGH,254897.62998514087,0.419,0.9
EL432,EL,OTHER,0.0,0.503,0.452
EL432,EL,SFH,342023.1934853772,0.755,0.339
EL433,EL,MFH_HIGH,194708.4443360673,0.426,0.876
EL433,EL,OTHER,0.0,0.511,0.438
EL433,EL,SFH,315368.0331039737,0.767,0.329
EL434,EL,MFH_HIGH,383265.0649729868,0.414,0.9
EL434,EL,OTHER,0.0,0.497,0.464
EL434,EL,SFH,632393.495415306,0.745,0.348
EL511,EL,MFH_HIGH,419608.1657768919,0.418,0.9
EL511,EL,OTHER,0.0,0.502,0.454
EL511,EL,SFH,602090.7167299838,0.753,0.341
EL512,EL,MFH_HIGH,242327.8953287788,0.425,0.88
EL512,EL,OTHER,0.0,0.51,0.44
EL512,EL,SFH,352356.4377713208,0.765,0.33
EL513,EL,MFH_HIGH,237017.5472974078,0.427,0.871
EL513,EL,OTHER,0.0,0.513,0.435
EL513,EL,SFH,435636.4741181648,0.769,0.327
EL514,EL,MFH_HIGH,247974.18332825624,0.421,0.898
EL514,EL,OTHER,0.0,0.505,0.449
EL514,EL,SFH,417717.6048899254,0.757,0.337
EL515,EL,MFH_HIGH,345394.2891079004,0.421,0.899
EL515,EL,OTHER,0.0,0.505,0.449
EL515,EL,SFH,569097.2976038572,0.757,0.337
EL521,EL,MFH_HIGH,394340.6394176401,0.414,0.9
EL521,EL,OTHER,0.0,0.497,0.463
EL521,EL,SFH,494876.49600303377,0.746,0.347
EL522,EL,MFH_HIGH,2750631.064106942,0.385,0.9
EL522,EL,OTHER,0.0,0.463,0.524
EL522,EL,SFH,1639245.4685434557,0.694,0.393
EL523,EL,MFH_HIGH,210020.3048031436,0.432,0.85
EL523,EL,OTHER,0.0,0.518,0.425
EL523,EL,SFH,458556.0717087437,0.778,0.319
EL524,EL,MFH_HIGH,470858.28180870623,0.406,0.9
EL524,EL,OTHER,0.0,0.487,0.48
EL524,EL,SFH,524048.08065468015,0.731,0.36
EL525,EL,MFH_HIGH,468773.4217978156,0.408,0.9
EL525,EL,OTHER,0.0,0.49,0.476
EL525,EL,SFH,513651.1740129522,0.734,0.357
EL526,EL,MFH_HIGH,447619.7866635961,0.433,0.846
EL526,EL,OTHER,0.0,0.52,0.423
EL526,EL,SFH,918926.531503074,0.78,0.317
EL527,EL,MFH_HIGH,430578.2620815823,0.435,0.837
EL527,EL,OTHER,0.0,0.522,0.419
EL527,EL,SFH,909307.0626256872,0.783,0.314
EL531,EL,MFH_HIGH,484010.4934312194,0.425,0.882
EL531,EL,OTHER,0.0,0.509,0.441
EL531,EL,SFH,784228.7690366909,0.764,0.331
EL532,EL,MFH_HIGH,138043.89541314507,0.407,0.9
EL532,EL,OTHER,0.0,0.489,0.478
EL532,EL,SFH,192242.63889951323,0.733,0.358
EL533,EL,MFH_HIGH,130707.54865625368,0.422,0.895
EL533,EL,OTHER,0.0,0.506,0.447
EL533,EL,SFH,242906.31083186145,0.759,0.336
EL541,EL,MFH_HIGH,225736.00901919827,0.442,0.809
EL541,EL,OTHER,0.0,0.53,0.405
EL541,EL,SFH,670521.6278753174,0.795,0.303
EL542,EL,MFH_HIGH,95819.3680484998,0.429,0.864
EL542,EL,OTHER,0.0,0.514,0.432
EL542,EL,SFH,239886.51599639052,0.772,0.324
EL543,EL,MFH_HIGH,308383.9303138468,0.434,0.841
EL543,EL,OTHER,0.0,0.521,0.42
EL543,EL,SFH,692896.3478043212,0.782,0.315
EL611,EL,MFH_HIGH,644783.3854933317,0.431,0.853
EL611,EL,OTHER,0.0,0.518,0.427
EL611,EL,SFH,1427463.8858480449,0.776,0.32
EL612,EL,MFH_HIGH,754336.5607106844,0.418,0.9
EL612,EL,OTHER,0.0,0.501,0.456
EL612,EL,SFH,1111447.613196873,0.752,0.342
EL613,EL,MFH_HIGH,613979.1833228872,0.414,0.9
EL613,EL,OTHER,0.0,0.497,0.464
EL613,EL,SFH,652957.4362309445,0.745,0.348
EL621,EL,MFH_HIGH,91416.81535973908,0.438,0.826
EL621,EL,OTHER,0.0,0.525,0.413
EL621,EL,SFH,299469.8559522437,0.788,0.31
EL622,EL,MFH_HIGH,208065.5447130236,0.428,0.868
EL622,EL,OTHER,0.0,0.513,0.434
EL622,EL,SFH,544522.5681810332,0.77,0.326
EL623,EL,MFH_HIGH,55998.39826259174,0.455,0.752
EL623,EL,OTHER,0.0,0.546,0.376
EL623,EL,SFH,284038.26557036326,0.819,0.282
EL624,EL,MFH_HIGH,53433.35803180652,0.437,0.828
EL624,EL,OTHER,0.0,0.525,0.414
EL624,EL,SFH,156928.94208250334,0.787,0.31
EL631,EL,MFH_HIGH,369867.5974377176,0.437,0.828
EL631,EL,OTHER,0.0,0.525,0.414
EL631,EL,SFH,981180.7401842362,0.787,0.31
EL632,EL,MFH_HIGH,764270.5778560815,0.41,0.9
EL632,EL,OTHER,0.0,0.493,0.471
EL632,EL,SFH,1174748.8937367476,0.739,0.353
EL633,EL,MFH_HIGH,247255.2577054237,0.452,0.766
EL633,EL,OTHER,0.0,0.542,0.383
EL633,EL,SFH,942828.740344072,0.813,0.287
EL641,EL,MFH_HIGH,279469.4405035374,0.43,0.861
EL641,EL,OTHER,0.0,0.515,0.43
EL641,EL,SFH,553215.4555784881,0.773,0.323
EL642,EL,MFH_HIGH,450150.3807725223,0.439,0.82
EL642,EL,OTHER,0.0,0.527,0.41
EL642,EL,SFH,1177403.035757868,0.79,0.307
EL643,EL,MFH_HIGH,32039.74280514505,0.459,0.734
EL643,EL,OTHER,0.0,0.551,0.367
EL643,EL,SFH,137341.94322431725,0.826,0.275
EL644,EL,MFH_HIGH,362117.03895675455,0.428,0.866
EL644,EL,OTHER,0.0,0.514,0.433
EL644,EL,SFH,780608.5285393981,0.771,0.325
EL645,EL,MFH_HIGH,78337.94328499242,0.446,0.791
EL645,EL,OTHER,0.0,0.535,0.396
EL645,EL,SFH,274584.9450721777,0.803,0.297
EL651,EL,MFH_HIGH,396650.3513079374,0.444,0.801
EL651,EL,OTHER,0.0,0.532,0.4
EL651,EL,SFH,1115145.050098877,0.798,0.3
EL652,EL,MFH_HIGH,340533.01901070523,0.438,0.825
EL652,EL,OTHER,0.0,0.525,0.413
EL652,EL,SFH,947947.241798068,0.788,0.31
EL653,EL,MFH_HIGH,440306.89223370433,0.44,0.816
EL653,EL,OTHER,0.0,0.528,0.408
EL653,EL,SFH,1296024.9443386325,0.792,0.306
ES111,ES,MFH_HIGH,3169841.945029422,0.387,0.9
ES111,ES,OTHER,0.0,0.465,0.521
ES111,ES,SFH,1871228.8212453155,0.697,0.391
ES112,ES,MFH_HIGH,1212587.4356050366,0.401,0.9
ES112,ES,OTHER,0.0,0.481,0.492
ES112,ES,SFH,1252128.5556429392,0.721,0.369
ES113,ES,MFH_HIGH,952117.0589550164,0.417,0.9
ES113,ES,OTHER,0.0,0.501,0.457
ES113,ES,SFH,1476352.245532038,0.751,0.343
ES114,ES,MFH_HIGH,2413355.188721461,0.394,0.9
ES114,ES,OTHER,0.0,0.473,0.506
ES114,ES,SFH,1592503.383934658,0.709,0.38
ES120,ES,MFH_HIGH,2549235.781268851,0.396,0.9
ES120,ES,OTHER,0.0,0.475,0.503
ES120,ES,SFH,1413303.7029641669,0.712,0.377
ES130,ES,MFH_HIGH,1639974.8364840546,0.382,0.9
ES130,ES,OTHER,0.0,0.458,0.533
ES130,ES,SFH,719002.8532419123,0.687,0.4
ES211,ES,MFH_HIGH,681973.0496017616,0.37,0.9
ES211,ES,OTHER,0.0,0.444,0.557
ES211,ES,SFH,126296.1072034472,0.666,0.418
ES212,ES,MFH_HIGH,1198116.0721864868,0.362,0.9
ES212,ES,OTHER,0.0,0.434,0.575
ES212,ES,SFH,146319.5996478264,0.651,0.431
ES213,ES,MFH_HIGH,2123117.8772942508,0.366,0.9
ES213,ES,OTHER,0.0,0.439,0.567
ES213,ES,SFH,262812.3543003279,0.658,0.425
ES220,ES,MFH_HIGH,1447599.0207789678,0.379,0.9
ES220,ES,OTHER,0.0,0.454,0.539
ES220,ES,SFH,356666.2553767801,0.682,0.404
ES230,ES,MFH_HIGH,1175279.6895727385,0.365,0.9
ES230,ES,OTHER,0.0,0.438,0.567
ES230,ES,SFH,192664.189162718,0.658,0.426
ES241,ES,MFH_HIGH,1037655.9042393222,0.372,0.9
ES241,ES,OTHER,0.0,0.447,0.552
ES241,ES,SFH,326834.9064388835,0.67,0.414
ES242,ES,MFH_HIGH,855698.4473165724,0.369,0.9
ES242,ES,OTHER,0.0,0.443,0.559
ES242,ES,SFH,293882.538689595,0.664,0.419
ES243,ES,MFH_HIGH,2747214.870912808,0.377,0.9
ES243,ES,OTHER,0.0,0.452,0.543
ES243,ES,SFH,726409.6300574208,0.678,0.407
ES300,ES,MFH_HIGH,13720197.120940885,0.37,0.9
ES300,ES,OTHER,0.0,0.444,0.558
ES300,ES,SFH,1962176.7610945248,0.666,0.418
ES411,ES,MFH_HIGH,518781.5959299235,0.409,0.9
ES411,ES,OTHER,0.0,0.49,0.475
ES411,ES,SFH,641048.6849660282,0.736,0.356
ES412,ES,MFH_HIGH,1261840.4677913096,0.388,0.9
ES412,ES,OTHER,0.0,0.466,0.518
ES412,ES,SFH,728195.6216915421,0.699,0.389
ES413,ES,MFH_HIGH,1502999.3284712774,0.405,0.9
ES413,ES,OTHER,0.0,0.486,0.482
ES413,ES,SFH,1437050.936759815,0.73,0.361
ES414,ES,MFH_HIGH,484549.2964367749,0.407,0.9
ES414,ES,OTHER,0.0,0.488,0.478
ES414,ES,SFH,432697.1857231266,0.733,0.359
ES415,ES,MFH_HIGH,1030487.4720211534,0.403,0.9
ES415,ES,OTHER,0.0,0.483,0.488
ES415,ES,SFH,737121.146731808,0.725,0.366
ES416,ES,MFH_HIGH,439538.9522780101,0.415,0.9
ES416,ES,OTHER,0.0,0.498,0.461
ES416,ES,SFH,559001.1595774823,0.747,0.346
ES417,ES,MFH_HIGH,391888.000776578,0.387,0.9
ES417,ES,OTHER,0.0,0.465,0.52
ES417,ES,SFH,269921.7270849952,0.697,0.39
ES418,ES,MFH_HIGH,1242226.533066949,0.405,0.9
ES418,ES,OTHER,0.0,0.486,0.483
ES418,ES,SFH,649519.8889264896,0.729,0.362
ES419,ES,MFH_HIGH,590073.352343672,0.421,0.899
ES419,ES,OTHER,0.0,0.505,0.449
ES419,ES,SFH,778575.293980483,0.757,0.337
ES421,ES,MFH_HIGH,1054352.9249032475,0.403,0.9
ES421,ES,OTHER,0.0,0.483,0.487
ES421,ES,SFH,912047.1642357812,0.725,0.366
ES422,ES,MFH_HIGH,1036024.961890136,0.42,0.9
ES422,ES,OTHER,0.0,0.504,0.451
ES422,ES,SFH,1439071.5057999464,0.756,0.338
ES423,ES,MFH_HIGH,590622.7851803964,0.409,0.9
ES423,ES,OTHER,0.0,0.491,0.474
ES423,ES,SFH,843449.5343492806,0.736,0.356
ES424,ES,MFH_HIGH,648914.8809241528,0.398,0.9
ES424,ES,OTHER,0.0,0.478,0.497
ES424,ES,SFH,631960.8990531157,0.717,0.373
ES425,ES,MFH_HIGH,1342343.9475364946,0.421,0.895
ES425,ES,OTHER,0.0,0.506,0.448
ES425,ES,SFH,1996718.6525208564,0.759,0.336
ES431,ES,MFH_HIGH,1219541.2311440953,0.429,0.863
ES431,ES,OTHER,0.0,0.515,0.431
ES431,ES,SFH,1986881.9482637448,0.772,0.323
ES432,ES,MFH_HIGH,920364.6948348936,0.41,0.9
ES432,ES,OTHER,0.0,0.492,0.473
ES432,ES,SFH,1199986.419040925,0.737,0.355
ES511,ES,MFH_HIGH,11936186.034230651,0.37,0.9
ES511,ES,OTHER,0.0,0.444,0.558
ES511,ES,SFH,2653685.272515577,0.666,0.418
ES512,ES,MFH_HIGH,2318982.977576761,0.385,0.9
ES512,ES,OTHER,0.0,0.462,0.526
ES512,ES,SFH,1169356.2476700165,0.692,0.394
ES513,ES,MFH_HIGH,1896557.2379956883,0.363,0.9
ES513,ES,OTHER,0.0,0.435,0.573
ES513,ES,SFH,346965.8723242633,0.653,0.43
ES514,ES,MFH_HIGH,2591925.069037912,0.375,0.9
ES514,ES,OTHER,0.0,0.45,0.546
ES514,ES,SFH,846908.8122545242,0.676,0.409
ES521,ES,MFH_HIGH,5088421.913461607,0.391,0.9
ES521,ES,OTHER,0.0,0.469,0.513
ES521,ES,SFH,2321247.2875207644,0.703,0.385
ES522,ES,MFH_HIGH,2542860.787562741,0.371,0.9
ES522,ES,OTHER,0.0,0.445,0.555
ES522,ES,SFH,633918.6769661116,0.668,0.417
ES523,ES,MFH_HIGH,7425827.576700876,0.378,0.9
ES523,ES,OTHER,0.0,0.454,0.54
ES523,ES,SFH,2350880.977624274,0.681,0.405
ES531,ES,MFH_HIGH,344760.4727637743,0.397,0.9
ES531,ES,OTHER,0.0,0.476,0.5
ES531,ES,SFH,138484.1801399201,0.714,0.375
ES532,ES,MFH_HIGH,2957177.5335354265,0.39,0.9
ES532,ES,OTHER,0.0,0.468,0.515
ES532,ES,SFH,1188347.1610229712,0.702,0.386
ES533,ES,MFH_HIGH,243696.50931563575,0.388,0.9
ES533,ES,OTHER,0.0,0.465,0.52
ES533,ES,SFH,142917.0383309598,0.698,0.39
ES611,ES,MFH_HIGH,1443515.4747570937,0.401,0.9
ES611,ES,OTHER,0.0,0.481,0.491
ES611,ES,SFH,1037484.1497079307,0.722,0.368
ES612,ES,MFH_HIGH,2278453.276364148,0.398,0.9
ES612,ES,OTHER,0.0,0.478,0.497
ES612,ES,SFH,1095812.585089289,0.717,0.373
ES613,ES,MFH_HIGH,1575566.9609328606,0.403,0.9
ES613,ES,OTHER,0.0,0.484,0.486
ES613,ES,SFH,1258889.8066490905,0.726,0.365
ES614,ES,MFH_HIGH,2095281.8092131943,0.396,0.9
ES614,ES,OTHER,0.0,0.475,0.502
ES614,ES,SFH,1503956.8884249693,0.712,0.377
ES615,ES,MFH_HIGH,862119.7490052332,0.42,0.9
ES615,ES,OTHER,0.0,0.504,0.45
ES615,ES,SFH,957659.3199315174,0.756,0.338
ES616,ES,MFH_HIGH,1473366.7708795008,0.392,0.9
ES616,ES,OTHER,0.0,0.471,0.51
ES616,ES,SFH,1212010.5907379207,0.706,0.382
ES617,ES,MFH_HIGH,3873092.8339859927,0.389,0.9
ES617,ES,OTHER,0.0,0.467,0.516
ES617,ES,SFH,1425166.2575809597,0.701,0.387
ES618,ES,MFH_HIGH,3192709.9280372867,0.398,0.9
ES618,ES,OTHER,0.0,0.478,0.497
ES618,ES,SFH,2178317.868129784,0.717,0.373
ES620,ES,MFH_HIGH,3108206.690163574,0.4,0.9
ES620,ES,OTHER,0.0,0.48,0.494
ES620,ES,SFH,2116073.289806287,0.72,0.37
ES630,ES,MFH_HIGH,102217.5134458282,0.372,0.9
ES630,ES,OTHER,0.0,0.447,0.552
ES630,ES,SFH,18829.897137193868,0.67,0.414
ES640,ES,MFH_HIGH,125552.344067125,0.366,0.9
ES640,ES,OTHER,0.0,0.439,0.566
ES640,ES,SFH,21459.1584187647,0.659,0.425
ES703,ES,MFH_HIGH,10593.973293734292,0.443,0.803
ES703,ES,OTHER,0.0,0.532,0.402
ES703,ES,SFH,31359.557614535264,0.797,0.301
ES704,ES,MFH_HIGH,174368.77880603092,0.4,0.9
ES704,ES,OTHER,0.0,0.48,0.493
ES704,ES,SFH,122589.255758491,0.721,0.369
ES705,ES,MFH_HIGH,1610762.3263092288,0.377,0.9
ES705,ES,OTHER,0.0,0.452,0.543
ES705,ES,SFH,627620.4423183636,0.678,0.407
ES706,ES,MFH_HIGH,33525.77245692095,0.417,0.9
ES706,ES,OTHER,0.0,0.5,0.458
ES706,ES,SFH,42027.05316425695,0.75,0.343
ES707,ES,MFH_HIGH,121670.49760588992,0.419,0.9
ES707,ES,OTHER,0.0,0.503,0.452
ES707,ES,SFH,137051.5644528382,0.755,0.339
ES708,ES,MFH_HIGH,223740.30157133655,0.404,0.9
ES708,ES,OTHER,0.0,0.485,0.484
ES708,ES,SFH,218977.66861968272,0.728,0.363
ES709,ES,MFH_HIGH,1905417.3705580868,0.383,0.9
ES709,ES,OTHER,0.0,0.46,0.529
ES709,ES,SFH,790105.5853701731,0.69,0.397
FI193,FI,MFH_HIGH,1155771.2121982244,0.436,0.833
FI193,FI,OTHER,0.0,0.523,0.417
FI193,FI,SFH,2763591.93560135,0.785,0.313
FI194,FI,MFH_HIGH,991038.8063891496,0.429,0.863
FI194,FI,OTHER,0.0,0.515,0.432
FI194,FI,SFH,2530082.8479856774,0.772,0.324
FI195,FI,MFH_HIGH,928562.8446437597,0.434,0.84
FI195,FI,OTHER,0.0,0.521,0.42
FI195,FI,SFH,2085509.6765321384,0.782,0.315
FI196,FI,MFH_HIGH,1053202.3304653002,0.431,0.854
FI196,FI,OTHER,0.0,0.517,0.427
FI196,FI,SFH,2723499.0407873783,0.776,0.32
FI197,FI,MFH_HIGH,2505153.265150262,0.42,0.9
FI197,FI,OTHER,0.0,0.503,0.452
FI197,FI,SFH,3875283.966930924,0.755,0.339
FI1B1,FI,MFH_HIGH,6823430.650999841,0.409,0.9
FI1B1,FI,OTHER,0.0,0.49,0.475
FI1B1,FI,SFH,5959329.458307838,0.735,0.356
FI1C1,FI,MFH_HIGH,2302337.3695827182,0.428,0.867
FI1C1,FI,OTHER,0.0,0.514,0.433
FI1C1,FI,SFH,4162731.997256189,0.771,0.325
FI1C2,FI,MFH_HIGH,668492.6458215148,0.435,0.837
FI1C2,FI,OTHER,0.0,0.522,0.419
FI1C2,FI,SFH,1693114.5220774028,0.783,0.314
FI1C3,FI,MFH_HIGH,710674.8212394464,0.432,0.85
FI1C3,FI,OTHER,0.0,0.518,0.425
FI1C3,FI,SFH,1536572.749193845,0.777,0.319
FI1C4,FI,MFH_HIGH,620472.7672712526,0.44,0.815
FI1C4,FI,OTHER,0.0,0.528,0.408
FI1C4,FI,SFH,1509595.8899692418,0.792,0.306
FI1C5,FI,MFH_HIGH,477344.1599026456,0.454,0.755
FI1C5,FI,OTHER,0.0,0.545,0.377
FI1C5,FI,SFH,1371445.0247866353,0.818,0.283
FI1D1,FI,MFH_HIGH,592192.1283205749,0.454,0.758
FI1D1,FI,OTHER,0.0,0.544,0.379
FI1D1,FI,SFH,2189282.3208555696,0.816,0.284
FI1D2,FI,MFH_HIGH,984268.9943071028,0.437,0.83
FI1D2,FI,OTHER,0.0,0.524,0.415
FI1D2,FI,SFH,2534878.672339758,0.786,0.311
FI1D3,FI,MFH_HIGH,657454.5071661022,0.44,0.814
FI1D3,FI,OTHER,0.0,0.528,0.407
FI1D3,FI,SFH,1825492.024930508,0.793,0.305
FI1D5,FI,MFH_HIGH,267369.18512361834,0.434,0.842
FI1D5,FI,OTHER,0.0,0.521,0.421
FI1D5,FI,SFH,752745.0880806677,0.781,0.316
FI1D7,FI,MFH_HIGH,643569.2729734243,0.453,0.761
FI1D7,FI,OTHER,0.0,0.544,0.38
FI1D7,FI,SFH,2370504.8025081605,0.815,0.285
FI1D8,FI,MFH_HIGH,298728.52480513003,0.447,0.786
FI1D8,FI,OTHER,0.0,0.537,0.393
FI1D8,FI,SFH,986951.717130295,0.805,0.295
FI1D9,FI,MFH_HIGH,1764479.572283551,0.433,0.844
FI1D9,FI,OTHER,0.0,0.52,0.422
FI1D9,FI,SFH,4080952.3186701126,0.78,0.316
FI200,FI,MFH_HIGH,135351.6552451707,0.446,0.79
FI200,FI,OTHER,0.0,0.535,0.395
FI200,FI,SFH,394880.502043974,0.803,0.296
FR101,FR,MFH_HIGH,16336232.69398323,0.352,0.9
FR101,FR,OTHER,0.0,0.422,0.596
FR101,FR,SFH,195232.93421236583,0.633,0.447
FR102,FR,MFH_HIGH,2727984.009924122,0.456,0.747
FR102,FR,OTHER,0.0,0.548,0.373
FR102,FR,SFH,6714613.814399684,0.821,0.28
FR103,FR,MFH_HIGH,4120220.910494363,0.441,0.81
FR103,FR,OTHER,0.0,0.53,0.405
FR103,FR,SFH,5360245.990427664,0.794,0.304
FR104,FR,MFH_HIGH,2825095.5508555947,0.452,0.766
FR104,FR,OTHER,0.0,0.542,0.383
FR104,FR,SFH,4859118.020253962,0.813,0.287
FR105,FR,MFH_HIGH,6973415.3257357385,0.378,0.9
FR105,FR,OTHER,0.0,0.454,0.54
FR105,FR,SFH,1666423.8579994368,0.681,0.405
FR106,FR,MFH_HIGH,4379365.081338402,0.422,0.894
FR106,FR,OTHER,0.0,0.506,0.447
FR106,FR,SFH,3061480.2536455514,0.759,0.335
FR107,FR,MFH_HIGH,4445442.247453824,0.409,0.9
FR107,FR,OTHER,0.0,0.491,0.474
FR107,FR,SFH,2625546.254488165,0.736,0.356
FR108,FR,MFH_HIGH,2614177.519196025,0.445,0.796
FR108,FR,OTHER,0.0,0.534,0.398
FR108,FR,SFH,3948426.4332059934,0.8,0.299
FRB01,FR,MFH_HIGH,632847.5851629183,0.457,0.742
FRB01,FR,OTHER,0.0,0.549,0.371
FRB01,FR,SFH,2824074.1880723345,0.823,0.278
FRB02,FR,MFH_HIGH,849985.3841551614,0.464,0.714
FRB02,FR,OTHER,0.0,0.557,0.357
FRB02,FR,SFH,3368683.9845511504,0.835,0.268
FRB03,FR,MFH_HIGH,507063.6213492496,0.453,0.759
FRB03,FR,OTHER,0.0,0.544,0.379
FRB03,FR,SFH,2368950.469191632,0.816,0.284
FRB04,FR,MFH_HIGH,1540002.2222057562,0.444,0.801
FRB04,FR,OTHER,0.0,0.532,0.4
FRB04,FR,SFH,3945725.2182500246,0.799,0.3
FRB05,FR,MFH_HIGH,726924.1627694233,0.457,0.742
FRB05,FR,OTHER,0.0,0.549,0.371
FRB05,FR,SFH,2984408.66680964,0.823,0.278
FRB06,FR,MFH_HIGH,1490123.4584899407,0.449,0.778
FRB06,FR,OTHER,0.0,0.539,0.389
FRB06,FR,SFH,4360591.47558207,0.808,0.292
FRC11,FR,MFH_HIGH,1755708.1906073503,0.429,0.863
FRC11,FR,OTHER,0.0,0.515,0.432
FRC11,FR,SFH,3255383.4775660783,0.772,0.324
FRC12,FR,MFH_HIGH,579701.7190917905,0.451,0.768
FRC12,FR,OTHER,0.0,0.542,0.384
FRC12,FR,SFH,2455619.192855536,0.812,0.288
FRC13,FR,MFH_HIGH,1565366.5782015612,0.437,0.828
FRC13,FR,OTHER,0.0,0.525,0.414
FRC13,FR,SFH,3967921.537320407,0.787,0.31
FRC14,FR,MFH_HIGH,333938.74527282844,0.466,0.706
FRC14,FR,OTHER,0.0,0.559,0.353
FRC14,FR,SFH,2037036.4673475805,0.838,0.265
FRC21,FR,MFH_HIGH,2065553.51065608,0.42,0.9
FRC21,FR,OTHER,0.0,0.504,0.451
FRC21,FR,SFH,2765323.629320124,0.756,0.338
FRC22,FR,MFH_HIGH,1152225.4395000148,0.42,0.9
FRC22,FR,OTHER,0.0,0.504,0.45
FRC22,FR,SFH,2129828.564291102,0.757,0.337
FRC23,FR,MFH_HIGH,903922.2426447804,0.424,0.884
FRC23,FR,OTHER,0.0,0.509,0.442
FRC23,FR,SFH,1675961.6730285722,0.763,0.332
FRC24,FR,MFH_HIGH,507977.7464580798,0.421,0.896
FRC24,FR,OTHER,0.0,0.505,0.448
FRC24,FR,SFH,720585.4196910382,0.758,0.336
FRD11,FR,MFH_HIGH,2129754.6413140856,0.435,0.839
FRD11,FR,OTHER,0.0,0.522,0.419
FRD11,FR,SFH,4709396.555712436,0.782,0.315
FRD12,FR,MFH_HIGH,1143376.4820020834,0.447,0.786
FRD12,FR,OTHER,0.0,0.536,0.393
FRD12,FR,SFH,4706344.59215982,0.805,0.295
FRD13,FR,MFH_HIGH,685449.5301276012,0.45,0.773
FRD13,FR,OTHER,0.0,0.54,0.387
FRD13,FR,SFH,2847379.1687735063,0.81,0.29
FRD21,FR,MFH_HIGH,918611.21620774,0.466,0.703
FRD21,FR,OTHER,0.0,0.56,0.352
FRD21,FR,SFH,3881108.455801703,0.84,0.264
FRD22,FR,MFH_HIGH,3276416.7167202625,0.439,0.82
FRD22,FR,OTHER,0.0,0.527,0.41
FRD22,FR,SFH,6592935.024170546,0.79,0.307
FRE11,FR,MFH_HIGH,6740916.619087782,0.432,0.852
FRE11,FR,OTHER,0.0,0.518,0.426
FRE11,FR,SFH,16287959.492944043,0.777,0.32
FRE12,FR,MFH_HIGH,2523475.249587495,0.46,0.729
FRE12,FR,OTHER,0.0,0.552,0.364
FRE12,FR,SFH,11554462.007871931,0.829,0.273
FRE21,FR,MFH_HIGH,1292272.2032568008,0.449,0.776
FRE21,FR,OTHER,0.0,0.539,0.388
FRE21,FR,SFH,4047090.000123473,0.809,0.291
FRE22,FR,MFH_HIGH,1535874.2503434538,0.466,0.706
FRE22,FR,OTHER,0.0,0.559,0.353
FRE22,FR,SFH,5348955.900176277,0.838,0.265
FRE23,FR,MFH_HIGH,1250313.7079645365,0.466,0.705
FRE23,FR,OTHER,0.0,0.559,0.352
FRE23,FR,SFH,5098676.945741775,0.839,0.264
FRF11,FR,MFH_HIGH,3683303.096793083,0.433,0.848
FRF11,FR,OTHER,0.0,0.519,0.424
FRF11,FR,SFH,5288012.41755748,0.779,0.318
FRF12,FR,MFH_HIGH,2075194.4460864896,0.427,0.869
FRF12,FR,OTHER,0.0,0.513,0.435
FRF12,FR,SFH,3907082.996835069,0.769,0.326
FRF21,FR,MFH_HIGH,1425216.8088809303,0.406,0.9
FRF21,FR,OTHER,0.0,0.488,0.479
FRF21,FR,SFH,1060383.990631473,0.732,0.36
FRF22,FR,MFH_HIGH,810259.0290897812,0.441,0.811
FRF22,FR,OTHER,0.0,0.529,0.406
FRF22,FR,SFH,2241583.3203628124,0.794,0.304
FRF23,FR,MFH_HIGH,2868361.94393281,0.404,0.9
FRF23,FR,OTHER,0.0,0.485,0.484
FRF23,FR,SFH,1719596.9958875014,0.728,0.363
FRF24,FR,MFH_HIGH,752417.842600007,0.426,0.877
FRF24,FR,OTHER,0.0,0.511,0.438
FRF24,FR,SFH,1732651.644613476,0.766,0.329
FRF31,FR,MFH_HIGH,2529437.448984776,0.419,0.9
FRF31,FR,OTHER,0.0,0.502,0.453
FRF31,FR,SFH,4145410.984642783,0.754,0.34
FRF32,FR,MFH_HIGH,1365598.1932990905,0.394,0.9
FRF32,FR,OTHER,0.0,0.473,0.506
FRF32,FR,SFH,607798.8248316246,0.709,0.38
FRF33,FR,MFH_HIGH,2671166.746037396,0.431,0.853
FRF33,FR,OTHER,0.0,0.518,0.426
FRF33,FR,SFH,6185393.117602972,0.777,0.32
FRF34,FR,MFH_HIGH,1366102.89697715,0.426,0.875
FRF34,FR,OTHER,0.0,0.511,0.438
FRF34,FR,SFH,3063763.19172048,0.767,0.328
FRG01,FR,MFH_HIGH,3189243.546879467,0.445,0.793
FRG01,FR,OTHER,0.0,0.535,0.396
FRG01,FR,SFH,8080052.191331938,0.802,0.297
FRG02,FR,MFH_HIGH,1884546.97356054,0.44,0.814
FRG02,FR,OTHER,0.0,0.528,0.407
FRG02,FR,SFH,5195204.297122858,0.793,0.305
FRG03,FR,MFH_HIGH,662430.4596328398,0.447,0.787
FRG03,FR,OTHER,0.0,0.536,0.393
FRG03,FR,SFH,2475962.7563377684,0.804,0.295
FRG04,FR,MFH_HIGH,1226618.176404411,0.447,0.787
FRG04,FR,OTHER,0.0,0.536,0.393
FRG04,FR,SFH,4193811.641752784,0.804,0.295
FRG05,FR,MFH_HIGH,1157464.264193499,0.458,0.74
FRG05,FR,OTHER,0.0,0.549,0.37
FRG05,FR,SFH,5860424.58498324,0.824,0.278
FRH01,FR,MFH_HIGH,1225094.0484565191,0.454,0.757
FRH01,FR,OTHER,0.0,0.544,0.379
FRH01,FR,SFH,6089695.840749806,0.817,0.284
FRH02,FR,MFH_HIGH,2028940.8510160677,0.45,0.773
FRH02,FR,OTHER,0.0,0.54,0.386
FRH02,FR,SFH,8031514.376197736,0.81,0.29
FRH03,FR,MFH_HIGH,2660294.9195730374,0.437,0.829
FRH03,FR,OTHER,0.0,0.524,0.414
FRH03,FR,SFH,6192495.129923422,0.787,0.311
FRH04,FR,MFH_HIGH,1489647.9814872683,0.454,0.756
FRH04,FR,OTHER,0.0,0.545,0.378
FRH04,FR,SFH,6321989.775384069,0.817,0.284
FRI11,FR,MFH_HIGH,1411251.092806578,0.444,0.799
FRI11,FR,OTHER,0.0,0.533,0.4
FRI11,FR,SFH,4743812.360805951,0.799,0.3
FRI12,FR,MFH_HIGH,4548527.3868944775,0.437,0.827
FRI12,FR,OTHER,0.0,0.525,0.414
FRI12,FR,SFH,9462347.931541476,0.787,0.31
FRI13,FR,MFH_HIGH,926466.2387566466,0.452,0.767
FRI13,FR,OTHER,0.0,0.542,0.383
FRI13,FR,SFH,3504893.1253673737,0.813,0.287
FRI14,FR,MFH_HIGH,1111401.0991656089,0.433,0.844
FRI14,FR,OTHER,0.0,0.52,0.422
FRI14,FR,SFH,2976408.000246763,0.78,0.316
FRI15,FR,MFH_HIGH,2657793.235921368,0.421,0.899
FRI15,FR,OTHER,0.0,0.505,0.449
FRI15,FR,SFH,4117961.7657911913,0.757,0.337
FRI21,FR,MFH_HIGH,505477.3516766647,0.455,0.751
FRI21,FR,OTHER,0.0,0.546,0.376
FRI21,FR,SFH,2307722.9971077475,0.819,0.282
FRI22,FR,MFH_HIGH,455947.2377025848,0.446,0.792
FRI22,FR,OTHER,0.0,0.535,0.396
FRI22,FR,SFH,1931373.8972051025,0.802,0.297
FRI23,FR,MFH_HIGH,1134111.8329425429,0.439,0.822
FRI23,FR,OTHER,0.0,0.526,0.411
FRI23,FR,SFH,2817894.0745126647,0.789,0.308
FRI31,FR,MFH_HIGH,1093391.6974701618,0.436,0.832
FRI31,FR,OTHER,0.0,0.523,0.416
FRI31,FR,SFH,3237578.921208646,0.785,0.312
FRI32,FR,MFH_HIGH,1847400.5034502,0.447,0.787
FRI32,FR,OTHER,0.0,0.536,0.393
FRI32,FR,SFH,6230527.057041491,0.804,0.295
FRI33,FR,MFH_HIGH,944051.8148079596,0.44,0.818
FRI33,FR,OTHER,0.0,0.527,0.409
FRI33,FR,SFH,3350813.206666768,0.791,0.307
FRI34,FR,MFH_HIGH,1098552.352734459,0.442,0.809
FRI34,FR,OTHER,0.0,0.53,0.405
FRI34,FR,SFH,3377455.65713241,0.795,0.304
FRJ11,FR,MFH_HIGH,1181497.3793414575,0.438,0.825
FRJ11,FR,OTHER,0.0,0.526,0.412
FRJ11,FR,SFH,3281543.6315113725,0.788,0.309
FRJ12,FR,MFH_HIGH,2292676.511452813,0.439,0.821
FRJ12,FR,OTHER,0.0,0.527,0.411
FRJ12,FR,SFH,5045196.208278685,0.79,0.308
FRJ13,FR,MFH_HIGH,3785599.395879152,0.432,0.85
FRJ13,FR,OTHER,0.0,0.518,0.425
FRJ13,FR,SFH,5970310.866454853,0.777,0.319
FRJ14,FR,MFH_HIGH,331255.109688967,0.428,0.866
FRJ14,FR,OTHER,0.0,0.514,0.433
FRJ14,FR,SFH,885670.2991445989,0.771,0.325
FRJ15,FR,MFH_HIGH,1731289.4353009071,0.427,0.87
FRJ15,FR,OTHER,0.0,0.513,0.435
FRJ15,FR,SFH,3056686.9991555195,0.769,0.326
FRJ21,FR,MFH_HIGH,481217.40033581806,0.44,0.816
FRJ21,FR,OTHER,0.0,0.528,0.408
FRJ21,FR,SFH,1828875.739278728,0.792,0.306
FRJ22,FR,MFH_HIGH,1096915.0326825737,0.434,0.843
FRJ22,FR,OTHER,0.0,0.52,0.421
FRJ22,FR,SFH,2988472.5108960755,0.781,0.316
FRJ23,FR,MFH_HIGH,3975446.9066042094,0.427,0.871
FRJ23,FR,OTHER,0.0,0.512,0.436
FRJ23,FR,SFH,6501458.993710135,0.769,0.327
FRJ24,FR,MFH_HIGH,821623.8060444322,0.424,0.886
FRJ24,FR,OTHER,0.0,0.508,0.443
FRJ24,FR,SFH,1822469.6069214,0.763,0.332
FRJ25,FR,MFH_HIGH,459433.7290986964,0.451,0.771
FRJ25,FR,OTHER,0.0,0.541,0.386
FRJ25,FR,SFH,2135102.105939938,0.811,0.289
FRJ26,FR,MFH_HIGH,1054999.9614291005,0.426,0.874
FRJ26,FR,OTHER,0.0,0.512,0.437
FRJ26,FR,SFH,2050492.761505752,0.767,0.328
FRJ27,FR,MFH_HIGH,1076178.3382729958,0.441,0.813
FRJ27,FR,OTHER,0.0,0.529,0.407
FRJ27,FR,SFH,3448137.8935490223,0.793,0.305
FRJ28,FR,MFH_HIGH,740143.7114716304,0.432,0.849
FRJ28,FR,OTHER,0.0,0.519,0.424
FRJ28,FR,SFH,1962074.2748632107,0.778,0.318
FRK11,FR,MFH_HIGH,993091.8864018114,0.444,0.8
FRK11,FR,OTHER,0.0,0.532,0.4
FRK11,FR,SFH,3097298.371264233,0.799,0.3
FRK12,FR,MFH_HIGH,538098.7771206856,0.436,0.832
FRK12,FR,OTHER,0.0,0.524,0.416
FRK12,FR,SFH,1629581.9154974665,0.785,0.312
FRK13,FR,MFH_HIGH,807491.2517293742,0.429,0.864
FRK13,FR,OTHER,0.0,0.514,0.432
FRK13,FR,SFH,2221749.5377786392,0.772,0.324
FRK14,FR,MFH_HIGH,2194214.88734403,0.43,0.861
FRK14,FR,OTHER,0.0,0.515,0.43
FRK14,FR,SFH,4950122.651648148,0.773,0.323
FRK21,FR,MFH_HIGH,1974063.1881541456,0.426,0.876
FRK21,FR,OTHER,0.0,0.511,0.438
FRK21,FR,SFH,3836158.0717110992,0.767,0.329
FRK22,FR,MFH_HIGH,983325.4971920112,0.442,0.807
FRK22,FR,OTHER,0.0,0.531,0.403
FRK22,FR,SFH,2966204.728861054,0.796,0.303
FRK23,FR,MFH_HIGH,1690664.154128504,0.429,0.862
FRK23,FR,OTHER,0.0,0.515,0.431
FRK23,FR,SFH,3117871.5822075163,0.773,0.323
FRK24,FR,MFH_HIGH,4284901.992603686,0.421,0.899
FRK24,FR,OTHER,0.0,0.505,0.449
FRK24,FR,SFH,6269531.895612731,0.757,0.337
FRK25,FR,MFH_HIGH,2825738.6518909177,0.419,0.9
FRK25,FR,OTHER,0.0,0.503,0.452
FRK25,FR,SFH,3951107.682880512,0.755,0.339
FRK26,FR,MFH_HIGH,7512906.8358263485,0.395,0.9
FRK26,FR,OTHER,0.0,0.474,0.504
FRK26,FR,SFH,4924600.585017994,0.711,0.378
FRK27,FR,MFH_HIGH,2193602.8293835428,0.415,0.9
FRK27,FR,OTHER,0.0,0.498,0.461
FRK27,FR,SFH,2758490.035743493,0.747,0.346
FRK28,FR,MFH_HIGH,2961680.335751291,0.414,0.9
FRK28,FR,OTHER,0.0,0.497,0.464
FRK28,FR,SFH,3996708.835058955,0.745,0.348
FRL01,FR,MFH_HIGH,636295.0962513585,0.435,0.837
FRL01,FR,OTHER,0.0,0.522,0.418
FRL01,FR,SFH,1400140.926648758,0.783,0.314
FRL02,FR,MFH_HIGH,775003.05542902,0.425,0.881
FRL02,FR,OTHER,0.0,0.51,0.44
FRL02,FR,SFH,1203248.9629465186,0.765,0.33
FRL03,FR,MFH_HIGH,5726468.161615036,0.405,0.9
FRL03,FR,OTHER,0.0,0.486,0.483
FRL03,FR,SFH,3672128.63425544,0.728,0.363
FRL04,FR,MFH_HIGH,6431054.644828802,0.411,0.9
FRL04,FR,OTHER,0.0,0.493,0.47
FRL04,FR,SFH,6564476.313986753,0.739,0.353
FRL05,FR,MFH_HIGH,3773438.588725769,0.425,0.88
FRL05,FR,OTHER,0.0,0.51,0.44
FRL05,FR,SFH,5937841.544316827,0.765,0.33
FRL06,FR,MFH_HIGH,1762678.9966454566,0.43,0.858
FRL06,FR,OTHER,0.0,0.516,0.429
FRL06,FR,SFH,3578898.8982086284,0.774,0.322
FRM01,FR,MFH_HIGH,655836.5682508621,0.427,0.871
FRM01,FR,OTHER,0.0,0.513,0.435
FRM01,FR,SFH,983604.2205350756,0.769,0.327
FRM02,FR,MFH_HIGH,720014.879696127,0.431,0.855
FRM02,FR,OTHER,0.0,0.517,0.428
FRM02,FR,SFH,1152024.776867556,0.775,0.321
HR031,HR,MFH_HIGH,468826.5162915075,0.429,0.863
HR031,HR,OTHER,0.0,0.515,0.431
HR031,HR,SFH,683620.293345422,0.772,0.324
HR032,HR,MFH_HIGH,62784.45323800181,0.464,0.715
HR032,HR,OTHER,0.0,0.556,0.358
HR032,HR,SFH,280028.7448147797,0.835,0.268
HR033,HR,MFH_HIGH,204257.0389826483,0.455,0.754
HR033,HR,OTHER,0.0,0.545,0.377
HR033,HR,SFH,803281.6652044923,0.818,0.283
HR034,HR,MFH_HIGH,92041.4807271004,0.465,0.708
HR034,HR,OTHER,0.0,0.558,0.354
HR034,HR,SFH,511356.6352977394,0.837,0.266
HR035,HR,MFH_HIGH,572706.9311208735,0.436,0.834
HR035,HR,OTHER,0.0,0.523,0.417
HR035,HR,SFH,1097275.1016120636,0.784,0.313
HR036,HR,MFH_HIGH,333338.12293305097,0.424,0.885
HR036,HR,OTHER,0.0,0.509,0.442
HR036,HR,SFH,684184.7067436739,0.763,0.332
HR037,HR,MFH_HIGH,126911.67348489782,0.445,0.797
HR037,HR,OTHER,0.0,0.533,0.398
HR037,HR,SFH,335021.312807892,0.8,0.299
HR041,HR,MFH_HIGH,1107996.328319095,0.418,0.9
HR041,HR,OTHER,0.0,0.502,0.455
HR041,HR,SFH,764555.6139581833,0.753,0.341
HR042,HR,MFH_HIGH,371389.1328702809,0.441,0.812
HR042,HR,OTHER,0.0,0.529,0.406
HR042,HR,SFH,962100.8201175552,0.794,0.304
HR043,HR,MFH_HIGH,114374.74479589722,0.455,0.753
HR043,HR,OTHER,0.0,0.546,0.377
HR043,HR,SFH,431166.1052336708,0.818,0.283
HR044,HR,MFH_HIGH,195326.31482594385,0.441,0.81
HR044,HR,OTHER,0.0,0.53,0.405
HR044,HR,SFH,492941.41639802256,0.795,0.304
HR045,HR,MFH_HIGH,243831.9487110919,0.419,0.9
HR045,HR,OTHER,0.0,0.502,0.454
HR045,HR,SFH,340941.0832789875,0.753,0.34
HR046,HR,MFH_HIGH,203487.8321036672,0.421,0.895
HR046,HR,OTHER,0.0,0.506,0.448
HR046,HR,SFH,358704.8611325835,0.759,0.336
HR047,HR,MFH_HIGH,306880.9622802733,0.412,0.9
HR047,HR,OTHER,0.0,0.494,0.468
HR047,HR,SFH,374044.67656515446,0.742,0.351
HR048,HR,MFH_HIGH,150883.61355071058,0.428,0.867
HR048,HR,OTHER,0.0,0.514,0.434
HR048,HR,SFH,280337.82563263306,0.77,0.325
HR049,HR,MFH_HIGH,111269.50628689058,0.436,0.833
HR049,HR,OTHER,0.0,0.523,0.417
HR049,HR,SFH,253727.023328702,0.785,0.312
HR04A,HR,MFH_HIGH,255338.5369059792,0.431,0.853
HR04A,HR,OTHER,0.0,0.518,0.426
HR04A,HR,SFH,435171.3680214083,0.777,0.32
HR04B,HR,MFH_HIGH,621878.5597731023,0.426,0.874
HR04B,HR,OTHER,0.0,0.512,0.437
HR04B,HR,SFH,767096.3538337515,0.768,0.328
HR04C,HR,MFH_HIGH,322452.9462034111,0.427,0.87
HR04C,HR,OTHER,0.0,0.513,0.435
HR04C,HR,SFH,546067.5842606485,0.769,0.326
HR04D,HR,MFH_HIGH,208626.009368822,0.444,0.8
HR04D,HR,OTHER,0.0,0.533,0.4
HR04D,HR,SFH,422641.50687793264,0.799,0.3
HR04E,HR,MFH_HIGH,200152.634573928,0.454,0.755
HR04E,HR,OTHER,0.0,0.545,0.377
HR04E,HR,SFH,666557.292842285,0.818,0.283
HU110,HU,MFH_HIGH,4835216.090564595,0.397,0.9
HU110,HU,OTHER,0.0,0.476,0.501
HU110,HU,SFH,2897815.475189999,0.714,0.376
HU120,HU,MFH_HIGH,2079646.588761045,0.444,0.797
HU120,HU,OTHER,0.0,0.533,0.399
HU120,HU,SFH,7927463.221629155,0.8,0.299
HU211,HU,MFH_HIGH,693961.7897097587,0.444,0.798
HU211,HU,OTHER,0.0,0.533,0.399
HU211,HU,SFH,2041156.5837268552,0.8,0.299
HU212,HU,MFH_HIGH,444759.47267747874,0.45,0.771
HU212,HU,OTHER,0.0,0.541,0.386
HU212,HU,SFH,1421861.1371628204,0.811,0.289
HU213,HU,MFH_HIGH,721958.9668482356,0.44,0.817
HU213,HU,OTHER,0.0,0.528,0.408
HU213,HU,SFH,2003806.3899207823,0.792,0.306
HU221,HU,MFH_HIGH,867109.7721267581,0.432,0.848
HU221,HU,OTHER,0.0,0.519,0.424
HU221,HU,SFH,2248578.8780609374,0.778,0.318
HU222,HU,MFH_HIGH,628931.5009803964,0.425,0.881
HU222,HU,OTHER,0.0,0.51,0.44
HU222,HU,SFH,1369812.6112396223,0.765,0.33
HU223,HU,MFH_HIGH,682392.7066901086,0.437,0.83
HU223,HU,OTHER,0.0,0.524,0.415
HU223,HU,SFH,1684736.2679585835,0.786,0.311
HU231,HU,MFH_HIGH,807093.4704926214,0.427,0.871
HU231,HU,OTHER,0.0,0.513,0.435
HU231,HU,SFH,1565340.775967121,0.769,0.327
HU232,HU,MFH_HIGH,620005.2459208759,0.447,0.788
HU232,HU,OTHER,0.0,0.536,0.394
HU232,HU,SFH,2145641.646636161,0.804,0.295
HU233,HU,MFH_HIGH,505529.9345534895,0.425,0.881
HU233,HU,OTHER,0.0,0.51,0.441
HU233,HU,SFH,1097049.545930951,0.765,0.33
HU311,HU,MFH_HIGH,1169486.5061786326,0.432,0.849
HU311,HU,OTHER,0.0,0.519,0.424
HU311,HU,SFH,3308492.307733412,0.778,0.318
HU312,HU,MFH_HIGH,481382.6755990163,0.442,0.809
HU312,HU,OTHER,0.0,0.53,0.404
HU312,HU,SFH,1812079.8396990588,0.795,0.303
HU313,HU,MFH_HIGH,205387.37591926643,0.462,0.721
HU313,HU,OTHER,0.0,0.555,0.36
HU313,HU,SFH,1201490.3964416222,0.832,0.27
HU321,HU,MFH_HIGH,575869.5473068015,0.447,0.786
HU321,HU,OTHER,0.0,0.536,0.393
HU321,HU,SFH,1834106.9189816727,0.805,0.295
HU322,HU,MFH_HIGH,670210.7201850076,0.448,0.78
HU322,HU,OTHER,0.0,0.538,0.39
HU322,HU,SFH,2701933.9551403644,0.807,0.293
HU323,HU,MFH_HIGH,888825.478190393,0.431,0.853
HU323,HU,OTHER,0.0,0.518,0.427
HU323,HU,SFH,2876134.9220877416,0.776,0.32
HU331,HU,MFH_HIGH,1360185.7795304232,0.437,0.829
HU331,HU,OTHER,0.0,0.524,0.415
HU331,HU,SFH,3539317.8827482043,0.786,0.311
HU332,HU,MFH_HIGH,1083646.6696994763,0.427,0.87
HU332,HU,OTHER,0.0,0.513,0.435
HU332,HU,SFH,2522169.212278809,0.769,0.326
HU333,HU,MFH_HIGH,813110.7380272615,0.43,0.86
HU333,HU,OTHER,0.0,0.516,0.43
HU333,HU,SFH,1718481.6110577649,0.773,0.323
IE041,IE,MFH_HIGH,406161.5564396133,0.468,0.698
IE041,IE,OTHER,0.0,0.561,0.349
IE041,IE,SFH,3265162.796627058,0.842,0.262
IE042,IE,MFH_HIGH,642102.5927422327,0.46,0.73
IE042,IE,OTHER,0.0,0.552,0.365
IE042,IE,SFH,3883276.240871463,0.828,0.274
IE051,IE,MFH_HIGH,581342.970685697,0.453,0.76
IE051,IE,OTHER,0.0,0.544,0.38
IE051,IE,SFH,2488978.1195839485,0.815,0.285
IE052,IE,MFH_HIGH,548648.3290159081,0.456,0.747
IE052,IE,OTHER,0.0,0.547,0.373
IE052,IE,SFH,2858026.0619496587,0.821,0.28
IE053,IE,MFH_HIGH,1322250.893812533,0.437,0.828
IE053,IE,OTHER,0.0,0.525,0.414
IE053,IE,SFH,4134599.479792999,0.787,0.311
IE061,IE,MFH_HIGH,2437239.94266583,0.416,0.9
IE061,IE,OTHER,0.0,0.5,0.458
IE061,IE,SFH,4850872.2763175,0.75,0.344
IE062,IE,MFH_HIGH,876652.0265082824,0.451,0.77
IE062,IE,OTHER,0.0,0.541,0.385
IE062,IE,SFH,4297422.0238076,0.811,0.289
IE063,IE,MFH_HIGH,488939.0726207632,0.444,0.798
IE063,IE,OTHER,0.0,0.533,0.399
IE063,IE,SFH,1973635.559017812,0.799,0.299
ITC11,IT,MFH_HIGH,9824245.16878047,0.412,0.9
ITC11,IT,OTHER,0.0,0.495,0.467
ITC11,IT,SFH,8121961.319265379,0.742,0.351
ITC12,IT,MFH_HIGH,905381.8514979504,0.427,0.873
ITC12,IT,OTHER,0.0,0.512,0.436
ITC12,IT,SFH,1312057.9724205958,0.768,0.327
ITC13,IT,MFH_HIGH,898235.8830301545,0.435,0.837
ITC13,IT,OTHER,0.0,0.522,0.418
ITC13,IT,SFH,1424181.072856108,0.783,0.314
ITC14,IT,MFH_HIGH,706636.9234797723,0.449,0.777
ITC14,IT,OTHER,0.0,0.539,0.388
ITC14,IT,SFH,1533429.2748432648,0.809,0.291
ITC15,IT,MFH_HIGH,1662150.680058259,0.426,0.874
ITC15,IT,OTHER,0.0,0.512,0.437
ITC15,IT,SFH,2191668.403481678,0.768,0.328
ITC16,IT,MFH_HIGH,3647693.251155921,0.426,0.876
ITC16,IT,OTHER,0.0,0.511,0.438
ITC16,IT,SFH,4912351.391452955,0.767,0.329
ITC17,IT,MFH_HIGH,1320475.4937099009,0.42,0.9
ITC17,IT,OTHER,0.0,0.504,0.451
ITC17,IT,SFH,1644144.337877334,0.756,0.338
ITC18,IT,MFH_HIGH,2250084.359780889,0.428,0.868
ITC18,IT,OTHER,0.0,0.513,0.434
ITC18,IT,SFH,3031368.296915172,0.77,0.325
ITC20,IT,MFH_HIGH,978527.5396244468,0.41,0.9
ITC20,IT,OTHER,0.0,0.492,0.472
ITC20,IT,SFH,817504.3416954277,0.738,0.354
ITC31,IT,MFH_HIGH,1470460.619607165,0.408,0.9
ITC31,IT,OTHER,0.0,0.49,0.475
ITC31,IT,SFH,1118843.3444667885,0.735,0.357
ITC32,IT,MFH_HIGH,2051713.33467872,0.401,0.9
ITC32,IT,OTHER,0.0,0.481,0.491
ITC32,IT,SFH,1311841.8499987873,0.722,0.368
ITC33,IT,MFH_HIGH,4580798.754326388,0.388,0.9
ITC33,IT,OTHER,0.0,0.466,0.518
ITC33,IT,SFH,1800326.2078896128,0.699,0.388
ITC34,IT,MFH_HIGH,1108855.5158084652,0.412,0.9
ITC34,IT,OTHER,0.0,0.495,0.467
ITC34,IT,SFH,1034062.3566538276,0.742,0.351
ITC41,IT,MFH_HIGH,2636604.0385780497,0.437,0.829
ITC41,IT,OTHER,0.0,0.524,0.415
ITC41,IT,SFH,3875515.688397881,0.787,0.311
ITC42,IT,MFH_HIGH,2108240.47043943,0.431,0.855
ITC42,IT,OTHER,0.0,0.517,0.428
ITC42,IT,SFH,2811010.441938604,0.775,0.321
ITC43,IT,MFH_HIGH,1195213.6226763213,0.429,0.862
ITC43,IT,OTHER,0.0,0.515,0.431
ITC43,IT,SFH,1337113.017879858,0.773,0.323
ITC44,IT,MFH_HIGH,531854.753273269,0.456,0.748
ITC44,IT,OTHER,0.0,0.547,0.374
ITC44,IT,SFH,1609592.9607312556,0.821,0.28
ITC46,IT,MFH_HIGH,4018749.394849164,0.424,0.884
ITC46,IT,OTHER,0.0,0.509,0.442
ITC46,IT,SFH,4237785.02408073,0.763,0.331
ITC47,IT,MFH_HIGH,5367380.122313532,0.423,0.887
ITC47,IT,OTHER,0.0,0.508,0.443
ITC47,IT,SFH,4948102.724775245,0.762,0.333
ITC48,IT,MFH_HIGH,2272422.442816922,0.428,0.865
ITC48,IT,OTHER,0.0,0.514,0.433
ITC48,IT,SFH,2528081.488109735,0.771,0.325
ITC49,IT,MFH_HIGH,890600.6141175486,0.41,0.9
ITC49,IT,OTHER,0.0,0.492,0.472
ITC49,IT,SFH,640021.47803455,0.738,0.354
ITC4A,IT,MFH_HIGH,1237281.6712306642,0.429,0.861
ITC4A,IT,OTHER,0.0,0.515,0.431
ITC4A,IT,SFH,1488533.2760229222,0.773,0.323
ITC4B,IT,MFH_HIGH,2122316.424793764,0.405,0.9
ITC4B,IT,OTHER,0.0,0.486,0.483
ITC4B,IT,SFH,1774002.475152935,0.729,0.362
ITC4C,IT,MFH_HIGH,14286512.48250878,0.386,0.9
ITC4C,IT,OTHER,0.0,0.463,0.523
ITC4C,IT,SFH,3333053.2088066963,0.695,0.393
ITC4D,IT,MFH_HIGH,3564970.218695837,0.402,0.9
ITC4D,IT,OTHER,0.0,0.483,0.489
ITC4D,IT,SFH,1709540.8940181094,0.724,0.366
ITF11,IT,MFH_HIGH,1247305.5219507853,0.421,0.898
ITF11,IT,OTHER,0.0,0.505,0.449
ITF11,IT,SFH,1747935.0055595976,0.757,0.337
ITF12,IT,MFH_HIGH,1088008.296818796,0.416,0.9
ITF12,IT,OTHER,0.0,0.499,0.459
ITF12,IT,SFH,1550728.301562862,0.749,0.344
ITF13,IT,MFH_HIGH,1189610.8743309455,0.404,0.9
ITF13,IT,OTHER,0.0,0.485,0.484
ITF13,IT,SFH,1081391.5527027035,0.728,0.363
ITF14,IT,MFH_HIGH,1303659.9760051218,0.416,0.9
ITF14,IT,OTHER,0.0,0.499,0.459
ITF14,IT,SFH,1677767.6032730555,0.749,0.344
ITF21,IT,MFH_HIGH,528944.904265781,0.406,0.9
ITF21,IT,OTHER,0.0,0.487,0.48
ITF21,IT,SFH,383273.16047881247,0.731,0.36
ITF22,IT,MFH_HIGH,1326659.4794992816,0.394,0.9
ITF22,IT,OTHER,0.0,0.473,0.506
ITF22,IT,SFH,691152.0281743915,0.709,0.38
ITF31,IT,MFH_HIGH,6422919.808818366,0.385,0.9
ITF31,IT,OTHER,0.0,0.462,0.526
ITF31,IT,SFH,1856974.141420337,0.693,0.394
ITF32,IT,MFH_HIGH,1605940.224836695,0.392,0.9
ITF32,IT,OTHER,0.0,0.471,0.51
ITF32,IT,SFH,899759.5369948611,0.706,0.382
ITF33,IT,MFH_HIGH,18686907.3275525,0.38,0.9
ITF33,IT,OTHER,0.0,0.456,0.535
ITF33,IT,SFH,3774820.806715884,0.685,0.401
ITF34,IT,MFH_HIGH,2560058.3502350287,0.392,0.9
ITF34,IT,OTHER,0.0,0.47,0.51
ITF34,IT,SFH,1334007.3940612024,0.706,0.383
ITF35,IT,MFH_HIGH,6312356.424606809,0.396,0.9
ITF35,IT,OTHER,0.0,0.476,0.501
ITF35,IT,SFH,2947295.637596751,0.713,0.376
ITF43,IT,MFH_HIGH,5105698.5592156,0.385,0.9
ITF43,IT,OTHER,0.0,0.461,0.526
ITF43,IT,SFH,1195613.5615747017,0.692,0.395
ITF44,IT,MFH_HIGH,4552707.905312476,0.391,0.9
ITF44,IT,OTHER,0.0,0.469,0.514
ITF44,IT,SFH,943395.0850263787,0.703,0.385
ITF45,IT,MFH_HIGH,12213120.411011027,0.379,0.9
ITF45,IT,OTHER,0.0,0.454,0.539
ITF45,IT,SFH,2156909.0237189657,0.681,0.404
ITF46,IT,MFH_HIGH,4609741.710078743,0.378,0.9
ITF46,IT,OTHER,0.0,0.454,0.54
ITF46,IT,SFH,687248.3560682286,0.681,0.405
ITF47,IT,MFH_HIGH,9084724.8405017,0.372,0.9
ITF47,IT,OTHER,0.0,0.447,0.552
ITF47,IT,SFH,1108150.6193634053,0.67,0.414
ITF48,IT,MFH_HIGH,2813514.52915728,0.373,0.9
ITF48,IT,OTHER,0.0,0.447,0.551
ITF48,IT,SFH,239068.3219145809,0.671,0.413
ITF51,IT,MFH_HIGH,1934271.8825594375,0.423,0.887
ITF51,IT,OTHER,0.0,0.508,0.443
ITF51,IT,SFH,2575360.8089869427,0.762,0.333
ITF52,IT,MFH_HIGH,1020248.4180633168,0.397,0.9
ITF52,IT,OTHER,0.0,0.477,0.499
ITF52,IT,SFH,775872.7449670872,0.715,0.374
ITF61,IT,MFH_HIGH,4197152.771126932,0.4,0.9
ITF61,IT,OTHER,0.0,0.48,0.493
ITF61,IT,SFH,3121733.354175896,0.721,0.369
ITF62,IT,MFH_HIGH,1179121.7451476927,0.394,0.9
ITF62,IT,OTHER,0.0,0.472,0.507
ITF62,IT,SFH,735012.646149836,0.708,0.38
ITF63,IT,MFH_HIGH,2480661.762735006,0.401,0.9
ITF63,IT,OTHER,0.0,0.481,0.492
ITF63,IT,SFH,1667572.5506895825,0.721,0.369
ITF64,IT,MFH_HIGH,1110014.1847308143,0.411,0.9
ITF64,IT,OTHER,0.0,0.493,0.471
ITF64,IT,SFH,1165381.8146279266,0.739,0.353
ITF65,IT,MFH_HIGH,3428566.3992266017,0.412,0.9
ITF65,IT,OTHER,0.0,0.494,0.468
ITF65,IT,SFH,2992419.535315532,0.741,0.351
ITG11,IT,MFH_HIGH,3788238.689521247,0.386,0.9
ITG11,IT,OTHER,0.0,0.463,0.524
ITG11,IT,SFH,1401380.5090310464,0.694,0.393
ITG12,IT,MFH_HIGH,7568365.907883921,0.371,0.9
ITG12,IT,OTHER,0.0,0.446,0.555
ITG12,IT,SFH,2386518.963199273,0.668,0.416
ITG13,IT,MFH_HIGH,4272519.009964206,0.391,0.9
ITG13,IT,OTHER,0.0,0.469,0.513
ITG13,IT,SFH,2522397.9309277283,0.704,0.385
ITG14,IT,MFH_HIGH,3164550.37893543,0.372,0.9
ITG14,IT,OTHER,0.0,0.446,0.553
ITG14,IT,SFH,1534744.001912641,0.67,0.415
ITG15,IT,MFH_HIGH,1998884.9953465683,0.37,0.9
ITG15,IT,OTHER,0.0,0.444,0.557
ITG15,IT,SFH,630669.62974135,0.666,0.418
ITG16,IT,MFH_HIGH,1245389.6974732068,0.374,0.9
ITG16,IT,OTHER,0.0,0.449,0.548
ITG16,IT,SFH,659730.9472202556,0.673,0.411
ITG17,IT,MFH_HIGH,6796452.412726336,0.38,0.9
ITG17,IT,OTHER,0.0,0.456,0.536
ITG17,IT,SFH,3403522.563997037,0.684,0.402
ITG18,IT,MFH_HIGH,2589698.2931774845,0.376,0.9
ITG18,IT,OTHER,0.0,0.451,0.545
ITG18,IT,SFH,1139049.019101346,0.676,0.409
ITG19,IT,MFH_HIGH,2648106.611479551,0.382,0.9
ITG19,IT,OTHER,0.0,0.459,0.531
ITG19,IT,SFH,1288780.8574972737,0.688,0.398
ITG25,IT,MFH_HIGH,2360935.194555212,0.401,0.9
ITG25,IT,OTHER,0.0,0.481,0.491
ITG25,IT,SFH,990256.8033948852,0.722,0.368
ITG26,IT,MFH_HIGH,1228007.5638849875,0.399,0.9
ITG26,IT,OTHER,0.0,0.478,0.496
ITG26,IT,SFH,716844.6971106768,0.717,0.372
ITG27,IT,MFH_HIGH,3981356.779847053,0.398,0.9
ITG27,IT,OTHER,0.0,0.477,0.499
ITG27,IT,SFH,1535928.262574378,0.716,0.374
ITG28,IT,MFH_HIGH,1325186.906895405,0.4,0.9
ITG28,IT,OTHER,0.0,0.48,0.493
ITG28,IT,SFH,722995.5339542673,0.72,0.37
ITG29,IT,MFH_HIGH,1429057.6196006492,0.405,0.9
ITG29,IT,OTHER,0.0,0.487,0.482
ITG29,IT,SFH,1105342.0209526834,0.73,0.361
ITG2A,IT,MFH_HIGH,429606.8770044503,0.408,0.9
ITG2A,IT,OTHER,0.0,0.49,0.476
ITG2A,IT,SFH,348163.45283726614,0.734,0.357
ITG2B,IT,MFH_HIGH,682259.8331173317,0.396,0.9
ITG2B,IT,OTHER,0.0,0.475,0.503
ITG2B,IT,SFH,366256.782802596,0.712,0.377
ITG2C,IT,MFH_HIGH,820944.4435733234,0.401,0.9
ITG2C,IT,OTHER,0.0,0.481,0.491
ITG2C,IT,SFH,512538.9928554512,0.722,0.368
ITH10,IT,MFH_HIGH,2631790.6960652354,0.38,0.9
ITH10,IT,OTHER,0.0,0.456,0.535
ITH10,IT,SFH,1431805.8837635997,0.685,0.401
ITH20,IT,MFH_HIGH,96973.45792343753,0.471,0.684
ITH20,IT,OTHER,0.0,0.565,0.342
ITH20,IT,SFH,274825.11957235454,0.848,0.257
ITH31,IT,MFH_HIGH,3910453.294473935,0.408,0.9
ITH31,IT,OTHER,0.0,0.489,0.477
ITH31,IT,SFH,3344698.8956166035,0.734,0.358
ITH32,IT,MFH_HIGH,3651520.2842947193,0.408,0.9
ITH32,IT,OTHER,0.0,0.49,0.476
ITH32,IT,SFH,3717648.445365795,0.735,0.357
ITH33,IT,MFH_HIGH,734314.9805888546,0.435,0.837
ITH33,IT,OTHER,0.0,0.522,0.419
ITH33,IT,SFH,1594130.9473467798,0.783,0.314
ITH34,IT,MFH_HIGH,2723038.9946168847,0.426,0.875
ITH34,IT,OTHER,0.0,0.511,0.438
ITH34,IT,SFH,4575567.776253297,0.767,0.328
ITH35,IT,MFH_HIGH,3475124.3705182145,0.41,0.9
ITH35,IT,OTHER,0.0,0.491,0.473
ITH35,IT,SFH,3244400.1103094043,0.737,0.355
ITH36,IT,MFH_HIGH,3792180.263866909,0.408,0.9
ITH36,IT,OTHER,0.0,0.489,0.477
ITH36,IT,SFH,3868195.151230538,0.734,0.358
ITH37,IT,MFH_HIGH,738747.7622093925,0.432,0.85
ITH37,IT,OTHER,0.0,0.518,0.425
ITH37,IT,SFH,1305096.0699643495,0.778,0.319
ITH41,IT,MFH_HIGH,2207951.065389148,0.41,0.9
ITH41,IT,OTHER,0.0,0.493,0.471
ITH41,IT,SFH,1925422.9364209264,0.739,0.353
ITH42,IT,MFH_HIGH,4411051.258954187,0.409,0.9
ITH42,IT,OTHER,0.0,0.491,0.474
ITH42,IT,SFH,3204460.898513951,0.737,0.355
ITH43,IT,MFH_HIGH,921153.9477262256,0.409,0.9
ITH43,IT,OTHER,0.0,0.49,0.475
ITH43,IT,SFH,541220.5771140939,0.736,0.356
ITH44,IT,MFH_HIGH,1274651.7495946544,0.405,0.9
ITH44,IT,OTHER,0.0,0.486,0.483
ITH44,IT,SFH,441625.3107846761,0.729,0.362
ITH51,IT,MFH_HIGH,1044487.19486642,0.43,0.86
ITH51,IT,OTHER,0.0,0.516,0.43
ITH51,IT,SFH,1809973.7639196303,0.774,0.322
ITH52,IT,MFH_HIGH,1547377.6418803202,0.423,0.889
ITH52,IT,OTHER,0.0,0.507,0.445
ITH52,IT,SFH,2031613.0408178128,0.761,0.334
ITH53,IT,MFH_HIGH,1493331.6760605082,0.426,0.875
ITH53,IT,OTHER,0.0,0.511,0.437
ITH53,IT,SFH,2531981.1546893525,0.767,0.328
ITH54,IT,MFH_HIGH,2127510.0142933493,0.416,0.9
ITH54,IT,OTHER,0.0,0.499,0.459
ITH54,IT,SFH,2751635.379149406,0.749,0.344
ITH55,IT,MFH_HIGH,3512678.202334292,0.397,0.9
ITH55,IT,OTHER,0.0,0.477,0.499
ITH55,IT,SFH,2553702.877401858,0.715,0.374
ITH56,IT,MFH_HIGH,1243902.3618815362,0.423,0.887
ITH56,IT,OTHER,0.0,0.508,0.443
ITH56,IT,SFH,1873315.205850248,0.762,0.333
ITH57,IT,MFH_HIGH,1054672.8734163018,0.435,0.838
ITH57,IT,OTHER,0.0,0.522,0.419
ITH57,IT,SFH,2062481.8524229056,0.783,0.314
ITH58,IT,MFH_HIGH,938747.357517436,0.425,0.879
ITH58,IT,OTHER,0.0,0.51,0.439
ITH58,IT,SFH,1724057.713524782,0.765,0.33
ITH59,IT,MFH_HIGH,1187198.1029062774,0.409,0.9
ITH59,IT,OTHER,0.0,0.491,0.474
ITH59,IT,SFH,1450574.737544011,0.736,0.355
ITI11,IT,MFH_HIGH,598420.3498734569,0.435,0.837
ITI11,IT,OTHER,0.0,0.522,0.418
ITI11,IT,SFH,843544.5366174203,0.783,0.314
ITI12,IT,MFH_HIGH,849954.3191462264,0.443,0.803
ITI12,IT,OTHER,0.0,0.532,0.401
ITI12,IT,SFH,1963374.59527119,0.798,0.301
ITI13,IT,MFH_HIGH,674533.780235299,0.427,0.872
ITI13,IT,OTHER,0.0,0.512,0.436
ITI13,IT,SFH,1065378.8473840137,0.768,0.327
ITI14,IT,MFH_HIGH,3394014.724650353,0.387,0.9
ITI14,IT,OTHER,0.0,0.465,0.52
ITI14,IT,SFH,1658736.9569503,0.697,0.39
ITI15,IT,MFH_HIGH,776291.4377392915,0.395,0.9
ITI15,IT,OTHER,0.0,0.474,0.504
ITI15,IT,SFH,423095.3371848116,0.711,0.378
ITI16,IT,MFH_HIGH,1141575.6779151105,0.4,0.9
ITI16,IT,OTHER,0.0,0.48,0.493
ITI16,IT,SFH,799852.3630159552,0.72,0.37
ITI17,IT,MFH_HIGH,1044112.3829256628,0.424,0.885
ITI17,IT,OTHER,0.0,0.509,0.442
ITI17,IT,SFH,1385261.5088420128,0.763,0.332
ITI18,IT,MFH_HIGH,983297.8555671872,0.418,0.9
ITI18,IT,OTHER,0.0,0.501,0.455
ITI18,IT,SFH,1207066.472926387,0.752,0.341
ITI19,IT,MFH_HIGH,1034211.5751536576,0.394,0.9
ITI19,IT,OTHER,0.0,0.472,0.507
ITI19,IT,SFH,725807.8638667786,0.709,0.38
ITI1A,IT,MFH_HIGH,793732.7900854017,0.406,0.9
ITI1A,IT,OTHER,0.0,0.487,0.481
ITI1A,IT,SFH,713694.5026398831,0.731,0.361
ITI21,IT,MFH_HIGH,2966589.992775369,0.386,0.9
ITI21,IT,OTHER,0.0,0.463,0.524
ITI21,IT,SFH,1909645.111083263,0.694,0.393
ITI22,IT,MFH_HIGH,1013331.8011394374,0.389,0.9
ITI22,IT,OTHER,0.0,0.467,0.517
ITI22,IT,SFH,582556.082922137,0.7,0.388
ITI31,IT,MFH_HIGH,1521799.4680024837,0.403,0.9
ITI31,IT,OTHER,0.0,0.484,0.486
ITI31,IT,SFH,1359246.497504047,0.726,0.365
ITI32,IT,MFH_HIGH,2011877.9141605743,0.402,0.9
ITI32,IT,OTHER,0.0,0.482,0.49
ITI32,IT,SFH,1386840.0102830916,0.723,0.367
ITI33,IT,MFH_HIGH,1108063.2828925762,0.405,0.9
ITI33,IT,OTHER,0.0,0.486,0.483
ITI33,IT,SFH,1075478.7432779344,0.729,0.362
ITI34,IT,MFH_HIGH,990367.7884109569,0.396,0.9
ITI34,IT,OTHER,0.0,0.475,0.503
ITI34,IT,SFH,583751.7304899378,0.712,0.377
ITI35,IT,MFH_HIGH,482021.0448589618,0.411,0.9
ITI35,IT,OTHER,0.0,0.493,0.47
ITI35,IT,SFH,525616.666907782,0.739,0.353
ITI41,IT,MFH_HIGH,1504586.8106381712,0.416,0.9
ITI41,IT,OTHER,0.0,0.499,0.459
ITI41,IT,SFH,1504157.7013239374,0.749,0.344
ITI42,IT,MFH_HIGH,660724.6498026022,0.449,0.776
ITI42,IT,OTHER,0.0,0.539,0.388
ITI42,IT,SFH,1660215.169425007,0.809,0.291
ITI43,IT,MFH_HIGH,16635665.506471936,0.395,0.9
ITI43,IT,OTHER,0.0,0.474,0.505
ITI43,IT,SFH,8625090.601476084,0.711,0.378
ITI44,IT,MFH_HIGH,2739063.042701921,0.421,0.897
ITI44,IT,OTHER,0.0,0.505,0.448
ITI44,IT,SFH,3407268.2509306488,0.758,0.336
ITI45,IT,MFH_HIGH,1723221.7698602988,0.446,0.79
ITI45,IT,OTHER,0.0,0.535,0.395
ITI45,IT,SFH,4734081.095701466,0.803,0.296
LT011,LT,MFH_HIGH,2834577.709286177,0.43,0.859
LT011,LT,OTHER,0.0,0.516,0.43
LT011,LT,SFH,2130338.035309642,0.774,0.322
LT021,LT,MFH_HIGH,319002.8360636337,0.459,0.734
LT021,LT,OTHER,0.0,0.551,0.367
LT021,LT,SFH,702386.3459558316,0.826,0.275
LT022,LT,MFH_HIGH,1692294.6929409583,0.437,0.828
LT022,LT,OTHER,0.0,0.525,0.414
LT022,LT,SFH,1778676.1472756553,0.787,0.311
LT023,LT,MFH_HIGH,1074611.4544299608,0.438,0.823
LT023,LT,OTHER,0.0,0.526,0.411
LT023,LT,SFH,1148500.257598219,0.789,0.308
LT024,LT,MFH_HIGH,272372.99980982323,0.454,0.758
LT024,LT,OTHER,0.0,0.544,0.379
LT024,LT,SFH,602704.2677335531,0.817,0.284
LT025,LT,MFH_HIGH,442939.2879572311,0.457,0.742
LT025,LT,OTHER,0.0,0.549,0.371
LT025,LT,SFH,926324.4434425618,0.823,0.278
LT026,LT,MFH_HIGH,630765.9897503732,0.45,0.773
LT026,LT,OTHER,0.0,0.54,0.387
LT026,LT,SFH,1077964.333643,0.81,0.29
LT027,LT,MFH_HIGH,189885.17973877303,0.449,0.778
LT027,LT,OTHER,0.0,0.539,0.389
LT027,LT,SFH,464366.1174508996,0.808,0.292
LT028,LT,MFH_HIGH,287010.9421062841,0.446,0.791
LT028,LT,OTHER,0.0,0.535,0.395
LT028,LT,SFH,567907.3350016922,0.803,0.296
LT029,LT,MFH_HIGH,269605.64649383246,0.464,0.715
LT029,LT,OTHER,0.0,0.556,0.357
LT029,LT,SFH,702035.0456051212,0.835,0.268
LU000,LU,MFH_HIGH,3913222.506273544,0.395,0.9
LU000,LU,OTHER,0.0,0.474,0.504
LU000,LU,SFH,2686536.901950004,0.711,0.378
LV003,LV,MFH_HIGH,1218842.6370023184,0.437,0.829
LV003,LV,OTHER,0.0,0.524,0.414
LV003,LV,SFH,1572413.8614423869,0.787,0.311
LV005,LV,MFH_HIGH,1282594.0048575671,0.456,0.75
LV005,LV,OTHER,0.0,0.547,0.375
LV005,LV,SFH,2472832.738385668,0.82,0.281
LV006,LV,MFH_HIGH,4717985.579760147,0.384,0.9
LV006,LV,OTHER,0.0,0.461,0.527
LV006,LV,SFH,778090.7607561471,0.692,0.395
LV007,LV,MFH_HIGH,1804657.3027606755,0.437,0.829
LV007,LV,OTHER,0.0,0.524,0.414
LV007,LV,SFH,3224161.81310018,0.787,0.311
LV008,LV,MFH_HIGH,842157.4227643054,0.436,0.835
LV008,LV,OTHER,0.0,0.523,0.418
LV008,LV,SFH,1641026.2744723444,0.784,0.313
LV009,LV,MFH_HIGH,800993.2895903275,0.444,0.798
LV009,LV,OTHER,0.0,0.533,0.399
LV009,LV,SFH,1500628.3932738758,0.8,0.299
MT001,MT,MFH_HIGH,789095.0091413306,0.382,0.9
MT001,MT,OTHER,0.0,0.458,0.532
MT001,MT,SFH,51163.841860980814,0.687,0.399
MT002,MT,MFH_HIGH,137567.7841445811,0.382,0.9
MT002,MT,OTHER,0.0,0.459,0.531
MT002,MT,SFH,12501.170016167727,0.688,0.398
NL111,NL,MFH_HIGH,384365.9530206031,0.459,0.734
NL111,NL,OTHER,0.0,0.551,0.367
NL111,NL,SFH,1016781.4323023588,0.826,0.275
NL112,NL,MFH_HIGH,177189.49267211105,0.458,0.738
NL112,NL,OTHER,0.0,0.55,0.369
NL112,NL,SFH,327722.86711200967,0.825,0.277
NL113,NL,MFH_HIGH,1446524.8062490227,0.429,0.861
NL113,NL,OTHER,0.0,0.515,0.431
NL113,NL,SFH,1988732.47980318,0.773,0.323
NL124,NL,MFH_HIGH,969770.2452682352,0.458,0.738
NL124,NL,OTHER,0.0,0.55,0.369
NL124,NL,SFH,2126077.3047323115,0.825,0.277
NL125,NL,MFH_HIGH,575850.0131217835,0.456,0.749
NL125,NL,OTHER,0.0,0.547,0.375
NL125,NL,SFH,1003368.770631639,0.82,0.281
NL126,NL,MFH_HIGH,555830.4252775145,0.461,0.726
NL126,NL,OTHER,0.0,0.553,0.363
NL126,NL,SFH,1274506.287949708,0.83,0.272
NL131,NL,MFH_HIGH,509458.4253454308,0.461,0.728
NL131,NL,OTHER,0.0,0.553,0.364
NL131,NL,SFH,1334986.4493761042,0.829,0.273
NL132,NL,MFH_HIGH,434095.4291497159,0.462,0.721
NL132,NL,OTHER,0.0,0.555,0.361
NL132,NL,SFH,1194365.727284193,0.832,0.271
NL133,NL,MFH_HIGH,389604.3835187015,0.456,0.748
NL133,NL,OTHER,0.0,0.547,0.374
NL133,NL,SFH,847171.3389494343,0.821,0.28
NL211,NL,MFH_HIGH,825868.5033987397,0.456,0.75
NL211,NL,OTHER,0.0,0.547,0.375
NL211,NL,SFH,2122919.682058528,0.82,0.281
NL212,NL,MFH_HIGH,359616.9022568763,0.455,0.75
NL212,NL,OTHER,0.0,0.547,0.375
NL212,NL,SFH,837230.9996010321,0.82,0.281
NL213,NL,MFH_HIGH,1170390.6304004265,0.467,0.702
NL213,NL,OTHER,0.0,0.56,0.351
NL213,NL,SFH,3724525.747217001,0.84,0.263
NL221,NL,MFH_HIGH,1203365.7201097792,0.47,0.69
NL221,NL,OTHER,0.0,0.563,0.345
NL221,NL,SFH,4040245.406787916,0.845,0.259
NL224,NL,MFH_HIGH,585420.601491583,0.461,0.727
NL224,NL,OTHER,0.0,0.553,0.364
NL224,NL,SFH,1526206.054647941,0.829,0.273
NL225,NL,MFH_HIGH,903161.128420288,0.459,0.734
NL225,NL,OTHER,0.0,0.551,0.367
NL225,NL,SFH,2762133.683011088,0.827,0.275
NL226,NL,MFH_HIGH,1558546.4009817892,0.456,0.749
NL226,NL,OTHER,0.0,0.547,0.375
NL226,NL,SFH,3639752.866580615,0.82,0.281
NL230,NL,MFH_HIGH,525976.6907086705,0.474,0.673
NL230,NL,OTHER,0.0,0.568,0.337
NL230,NL,SFH,1722451.5002589657,0.852,0.252
NL310,NL,MFH_HIGH,3417953.82849916,0.424,0.886
NL310,NL,OTHER,0.0,0.508,0.443
NL310,NL,SFH,5187742.390224774,0.763,0.332
NL321,NL,MFH_HIGH,762366.9069072183,0.468,0.697
NL321,NL,OTHER,0.0,0.562,0.348
NL321,NL,SFH,2271091.4982274165,0.842,0.261
NL323,NL,MFH_HIGH,454951.96578780457,0.444,0.797
NL323,NL,OTHER,0.0,0.533,0.399
NL323,NL,SFH,923128.2055578432,0.8,0.299
NL324,NL,MFH_HIGH,854674.2764063717,0.405,0.9
NL324,NL,OTHER,0.0,0.486,0.483
NL324,NL,SFH,961191.143675667,0.728,0.363
NL325,NL,MFH_HIGH,382736.3161816843,0.443,0.803
NL325,NL,OTHER,0.0,0.532,0.401
NL325,NL,SFH,691148.280265013,0.798,0.301
NL327,NL,MFH_HIGH,543179.2605742255,0.458,0.74
NL327,NL,OTHER,0.0,0.549,0.37
NL327,NL,SFH,1441557.425701779,0.824,0.278
NL328,NL,MFH_HIGH,483010.7786845086,0.462,0.722
NL328,NL,OTHER,0.0,0.554,0.361
NL328,NL,SFH,1266665.5896520636,0.832,0.271
NL329,NL,MFH_HIGH,5591279.013961174,0.394,0.9
NL329,NL,OTHER,0.0,0.473,0.505
NL329,NL,SFH,2835332.579099446,0.71,0.379
NL332,NL,MFH_HIGH,3973612.256224392,0.386,0.9
NL332,NL,OTHER,0.0,0.464,0.522
NL332,NL,SFH,1830931.9292200685,0.696,0.392
NL333,NL,MFH_HIGH,697276.562843737,0.433,0.844
NL333,NL,OTHER,0.0,0.52,0.422
NL333,NL,SFH,833720.9468156829,0.78,0.316
NL337,NL,MFH_HIGH,1099030.0029259732,0.438,0.825
NL337,NL,OTHER,0.0,0.525,0.413
NL337,NL,SFH,1760647.6359203006,0.788,0.31
NL33A,NL,MFH_HIGH,933278.9012492218,0.445,0.797
NL33A,NL,OTHER,0.0,0.533,0.398
NL33A,NL,SFH,1778529.64323045,0.8,0.299
NL33B,NL,MFH_HIGH,702877.2602025975,0.454,0.755
NL33B,NL,OTHER,0.0,0.545,0.377
NL33B,NL,SFH,1551771.7273592236,0.818,0.283
NL33C,NL,MFH_HIGH,4651967.85241227,0.416,0.9
NL33C,NL,OTHER,0.0,0.499,0.459
NL33C,NL,SFH,4362258.909672997,0.749,0.344
NL341,NL,MFH_HIGH,196123.7206699135,0.473,0.675
NL341,NL,OTHER,0.0,0.568,0.337
NL341,NL,SFH,898634.9502250227,0.852,0.253
NL342,NL,MFH_HIGH,540841.7680548,0.463,0.717
NL342,NL,OTHER,0.0,0.556,0.358
NL342,NL,SFH,1897849.315953337,0.834,0.269
NL411,NL,MFH_HIGH,1430167.4953654166,0.45,0.773
NL411,NL,OTHER,0.0,0.54,0.387
NL411,NL,SFH,3600181.518172732,0.81,0.29
NL412,NL,MFH_HIGH,1105967.5792810677,0.45,0.773
NL412,NL,OTHER,0.0,0.54,0.387
NL412,NL,SFH,2670835.2200965965,0.81,0.29
NL413,NL,MFH_HIGH,1535663.8312160585,0.454,0.756
NL413,NL,OTHER,0.0,0.545,0.378
NL413,NL,SFH,3877686.8383554136,0.817,0.284
NL414,NL,MFH_HIGH,1709164.6678306484,0.455,0.751
NL414,NL,OTHER,0.0,0.546,0.375
NL414,NL,SFH,4558711.316277531,0.82,0.282
NL421,NL,MFH_HIGH,669974.4486667912,0.455,0.751
NL421,NL,OTHER,0.0,0.546,0.376
NL421,NL,SFH,1835599.460139649,0.819,0.282
NL422,NL,MFH_HIGH,637373.6695280775,0.453,0.761
NL422,NL,OTHER,0.0,0.544,0.38
NL422,NL,SFH,1692230.6317946222,0.815,0.285
NL423,NL,MFH_HIGH,1644098.711064527,0.445,0.796
NL423,NL,OTHER,0.0,0.534,0.398
NL423,NL,SFH,3890875.112260384,0.8,0.299
PL213,PL,MFH_HIGH,4119649.2924087895,0.389,0.9
PL213,PL,OTHER,0.0,0.467,0.516
PL213,PL,SFH,1160376.6039370082,0.701,0.387
PL214,PL,MFH_HIGH,714625.1385836137,0.468,0.697
PL214,PL,OTHER,0.0,0.562,0.348
PL214,PL,SFH,5902814.126159756,0.842,0.261
PL217,PL,MFH_HIGH,591202.6288126378,0.468,0.698
PL217,PL,OTHER,0.0,0.561,0.349
PL217,PL,SFH,2831153.2017696737,0.842,0.262
PL218,PL,MFH_HIGH,574578.3172580252,0.464,0.712
PL218,PL,OTHER,0.0,0.557,0.356
PL218,PL,SFH,3347722.7208398697,0.836,0.267
PL219,PL,MFH_HIGH,796133.9453184544,0.43,0.86
PL219,PL,OTHER,0.0,0.516,0.43
PL219,PL,SFH,2461196.244590233,0.773,0.323
PL21A,PL,MFH_HIGH,803386.6639200543,0.46,0.732
PL21A,PL,OTHER,0.0,0.552,0.366
PL21A,PL,SFH,3301754.462756639,0.827,0.275
PL224,PL,MFH_HIGH,966238.2154580991,0.466,0.704
PL224,PL,OTHER,0.0,0.56,0.352
PL224,PL,SFH,3238475.098516535,0.839,0.264
PL225,PL,MFH_HIGH,1209119.4123411167,0.452,0.766
PL225,PL,OTHER,0.0,0.542,0.383
PL225,PL,SFH,4046787.619523315,0.813,0.287
PL227,PL,MFH_HIGH,1113505.0717032987,0.451,0.767
PL227,PL,OTHER,0.0,0.542,0.384
PL227,PL,SFH,2956142.31781519,0.813,0.288
PL228,PL,MFH_HIGH,1117399.9734076047,0.433,0.845
PL228,PL,OTHER,0.0,0.52,0.423
PL228,PL,SFH,1670892.7156230472,0.78,0.317
PL229,PL,MFH_HIGH,1511667.509562214,0.407,0.9
PL229,PL,OTHER,0.0,0.489,0.478
PL229,PL,SFH,1212790.4254614068,0.733,0.359
PL22A,PL,MFH_HIGH,2958976.8392318087,0.389,0.9
PL22A,PL,OTHER,0.0,0.467,0.517
PL22A,PL,SFH,1078485.1433602949,0.7,0.387
PL22B,PL,MFH_HIGH,1850501.995642843,0.44,0.817
PL22B,PL,OTHER,0.0,0.528,0.408
PL22B,PL,SFH,2527482.515099901,0.792,0.306
PL22C,PL,MFH_HIGH,816267.7019734813,0.45,0.774
PL22C,PL,OTHER,0.0,0.54,0.387
PL22C,PL,SFH,1952897.900802703,0.81,0.29
PL411,PL,MFH_HIGH,699321.4058156086,0.456,0.747
PL411,PL,OTHER,0.0,0.547,0.374
PL411,PL,SFH,1943508.2050613312,0.821,0.28
PL414,PL,MFH_HIGH,982720.7423064744,0.468,0.696
PL414,PL,OTHER,0.0,0.562,0.348
PL414,PL,SFH,3708562.931615265,0.843,0.261
PL415,PL,MFH_HIGH,2887979.211991714,0.399,0.9
PL415,PL,OTHER,0.0,0.479,0.495
PL415,PL,SFH,1104000.4623021872,0.718,0.371
PL416,PL,MFH_HIGH,1041624.9453115526,0.46,0.73
PL416,PL,OTHER,0.0,0.552,0.365
PL416,PL,SFH,3655698.897657892,0.828,0.274
PL417,PL,MFH_HIGH,851767.2234513505,0.457,0.743
PL417,PL,OTHER,0.0,0.548,0.372
PL417,PL,SFH,3085695.602778681,0.823,0.279
PL418,PL,MFH_HIGH,1009296.0011216708,0.464,0.714
PL418,PL,OTHER,0.0,0.557,0.357
PL418,PL,SFH,4096343.2112183697,0.835,0.268
PL424,PL,MFH_HIGH,1779065.7182625926,0.409,0.9
PL424,PL,OTHER,0.0,0.491,0.474
PL424,PL,SFH,638481.8464131497,0.736,0.356
PL426,PL,MFH_HIGH,1082073.0460366264,0.439,0.819
PL426,PL,OTHER,0.0,0.527,0.41
PL426,PL,SFH,1474763.6440826734,0.791,0.307
PL427,PL,MFH_HIGH,778558.1074077702,0.444,0.797
PL427,PL,OTHER,0.0,0.533,0.399
PL427,PL,SFH,1634865.5051310451,0.8,0.299
PL428,PL,MFH_HIGH,1426864.4154311754,0.437,0.83
PL428,PL,OTHER,0.0,0.524,0.415
PL428,PL,SFH,2219274.0722280843,0.786,0.311
PL431,PL,MFH_HIGH,970043.5982225144,0.44,0.817
PL431,PL,OTHER,0.0,0.528,0.408
PL431,PL,SFH,1532135.9772527446,0.792,0.306
PL432,PL,MFH_HIGH,1487305.7559847888,0.445,0.796
PL432,PL,OTHER,0.0,0.534,0.398
PL432,PL,SFH,2882057.5116575714,0.8,0.299
PL514,PL,MFH_HIGH,3813127.284749084,0.393,0.9
PL514,PL,OTHER,0.0,0.471,0.509
PL514,PL,SFH,957073.2918169164,0.707,0.382
PL515,PL,MFH_HIGH,2133411.5893882285,0.402,0.9
PL515,PL,OTHER,0.0,0.483,0.488
PL515,PL,SFH,2309712.6811120803,0.724,0.366
PL516,PL,MFH_HIGH,1344677.773078183,0.431,0.853
PL516,PL,OTHER,0.0,0.517,0.427
PL516,PL,SFH,1636992.688415575,0.776,0.32
PL517,PL,MFH_HIGH,2078926.337847826,0.413,0.9
PL517,PL,OTHER,0.0,0.496,0.465
PL517,PL,SFH,2349907.399515624,0.744,0.349
PL518,PL,MFH_HIGH,1129165.743235533,0.453,0.761
PL518,PL,OTHER,0.0,0.543,0.381
PL518,PL,SFH,3895667.043233281,0.815,0.286
PL523,PL,MFH_HIGH,921912.1699694442,0.443,0.803
PL523,PL,OTHER,0.0,0.532,0.401
PL523,PL,SFH,2156128.7645850256,0.798,0.301
PL524,PL,MFH_HIGH,1394203.3415516864,0.454,0.757
PL524,PL,OTHER,0.0,0.545,0.379
PL524,PL,SFH,3675854.929132289,0.817,0.284
PL613,PL,MFH_HIGH,2181462.177272796,0.437,0.828
PL613,PL,OTHER,0.0,0.525,0.414
PL613,PL,SFH,2490518.1484322487,0.787,0.311
PL616,PL,MFH_HIGH,580045.7787887431,0.453,0.761
PL616,PL,OTHER,0.0,0.544,0.38
PL616,PL,SFH,1573324.95846174,0.815,0.285
PL617,PL,MFH_HIGH,560984.0747718773,0.457,0.745
PL617,PL,OTHER,0.0,0.548,0.373
PL617,PL,SFH,1540714.8420913117,0.822,0.279
PL618,PL,MFH_HIGH,172048.51172299555,0.471,0.684
PL618,PL,OTHER,0.0,0.565,0.342
PL618,PL,SFH,968130.028832784,0.847,0.257
PL619,PL,MFH_HIGH,475034.1569100744,0.468,0.697
PL619,PL,OTHER,0.0,0.561,0.349
PL619,PL,SFH,1719534.6337833332,0.842,0.262
PL621,PL,MFH_HIGH,1012596.946988362,0.445,0.795
PL621,PL,OTHER,0.0,0.534,0.397
PL621,PL,SFH,2092401.2117963205,0.801,0.298
PL622,PL,MFH_HIGH,1451312.7262722924,0.446,0.79
PL622,PL,OTHER,0.0,0.535,0.395
PL622,PL,SFH,2565222.479284831,0.803,0.296
PL623,PL,MFH_HIGH,665437.0141226914,0.451,0.769
PL623,PL,OTHER,0.0,0.541,0.384
PL623,PL,SFH,1215765.4793353097,0.812,0.288
PL633,PL,MFH_HIGH,3494316.26837528,0.385,0.9
PL633,PL,OTHER,0.0,0.462,0.526
PL633,PL,SFH,951478.2773559972,0.692,0.394
PL634,PL,MFH_HIGH,1129165.902100935,0.453,0.762
PL634,PL,OTHER,0.0,0.543,0.381
PL634,PL,SFH,3725976.336083542,0.815,0.286
PL636,PL,MFH_HIGH,710283.0114355838,0.446,0.792
PL636,PL,OTHER,0.0,0.535,0.396
PL636,PL,SFH,1411995.7959618373,0.802,0.297
PL637,PL,MFH_HIGH,250035.0792070949,0.469,0.69
PL637,PL,OTHER,0.0,0.563,0.345
PL637,PL,SFH,1215279.1490436692,0.845,0.259
PL638,PL,MFH_HIGH,779624.2421453188,0.446,0.792
PL638,PL,OTHER,0.0,0.535,0.396
PL638,PL,SFH,1715661.7452328114,0.802,0.297
PL711,PL,MFH_HIGH,3516339.7831623917,0.4,0.9
PL711,PL,OTHER,0.0,0.48,0.493
PL711,PL,SFH,1118488.2323737338,0.72,0.37
PL712,PL,MFH_HIGH,762694.6998227313,0.463,0.72
PL712,PL,OTHER,0.0,0.555,0.36
PL712,PL,SFH,2498752.1351916287,0.833,0.27
PL713,PL,MFH_HIGH,924689.007527532,0.471,0.683
PL713,PL,OTHER,0.0,0.565,0.342
PL713,PL,SFH,3676606.7815851048,0.848,0.256
PL714,PL,MFH_HIGH,520481.0290844374,0.477,0.659
PL714,PL,OTHER,0.0,0.572,0.33
PL714,PL,SFH,3051404.765728564,0.858,0.247
PL715,PL,MFH_HIGH,608472.3276982763,0.461,0.726
PL715,PL,OTHER,0.0,0.553,0.363
PL715,PL,SFH,1973224.3763544173,0.83,0.272
PL721,PL,MFH_HIGH,1311759.2436309883,0.467,0.701
PL721,PL,OTHER,0.0,0.56,0.351
PL721,PL,SFH,3612181.05995464,0.84,0.263
PL722,PL,MFH_HIGH,401487.02486946166,0.477,0.657
PL722,PL,OTHER,0.0,0.573,0.329
PL722,PL,SFH,3213767.728360689,0.859,0.246
PL811,PL,MFH_HIGH,432577.5257662197,0.473,0.677
PL811,PL,OTHER,0.0,0.567,0.339
PL811,PL,SFH,2032194.922141777,0.851,0.254
PL812,PL,MFH_HIGH,684790.7311787584,0.473,0.675
PL812,PL,OTHER,0.0,0.568,0.338
PL812,PL,SFH,3352098.482184006,0.851,0.253
PL814,PL,MFH_HIGH,1969584.650066987,0.44,0.815
PL814,PL,OTHER,0.0,0.528,0.407
PL814,PL,SFH,3004673.184945161,0.792,0.306
PL815,PL,MFH_HIGH,535776.1683372561,0.473,0.676
PL815,PL,OTHER,0.0,0.567,0.338
PL815,PL,SFH,2843738.104076461,0.851,0.254
PL821,PL,MFH_HIGH,524125.6814013748,0.473,0.676
PL821,PL,OTHER,0.0,0.567,0.338
PL821,PL,SFH,2967373.0106718065,0.851,0.253
PL822,PL,MFH_HIGH,519962.8522288396,0.469,0.691
PL822,PL,OTHER,0.0,0.563,0.345
PL822,PL,SFH,2222691.572840619,0.845,0.259
PL823,PL,MFH_HIGH,1151417.278143629,0.467,0.701
PL823,PL,OTHER,0.0,0.56,0.35
PL823,PL,SFH,4190440.080058392,0.841,0.263
PL824,PL,MFH_HIGH,869388.9623503778,0.471,0.685
PL824,PL,OTHER,0.0,0.565,0.342
PL824,PL,SFH,3434310.8700798936,0.847,0.257
PL841,PL,MFH_HIGH,1611651.8594590556,0.442,0.806
PL841,PL,OTHER,0.0,0.531,0.403
PL841,PL,SFH,2475508.729591914,0.796,0.302
PL842,PL,MFH_HIGH,635330.0603319049,0.466,0.703
PL842,PL,OTHER,0.0,0.56,0.352
PL842,PL,SFH,2859940.683082436,0.839,0.264
PL843,PL,MFH_HIGH,475271.1904751564,0.464,0.713
PL843,PL,OTHER,0.0,0.557,0.356
PL843,PL,SFH,1453874.628496499,0.836,0.267
PL911,PL,MFH_HIGH,12671953.056864891,0.376,0.9
PL911,PL,OTHER,0.0,0.451,0.545
PL911,PL,SFH,2007209.7629778392,0.676,0.409
PL912,PL,MFH_HIGH,1618055.0430934315,0.447,0.785
PL912,PL,OTHER,0.0,0.537,0.393
PL912,PL,SFH,4872735.382743651,0.805,0.295
PL913,PL,MFH_HIGH,1966536.7252211613,0.442,0.808
PL913,PL,OTHER,0.0,0.53,0.404
PL913,PL,SFH,5023130.70900188,0.796,0.303
PL921,PL,MFH_HIGH,999077.1631356314,0.469,0.691
PL921,PL,OTHER,0.0,0.563,0.346
PL921,PL,SFH,3505837.866182544,0.845,0.259
PL922,PL,MFH_HIGH,439163.4039381364,0.468,0.696
PL922,PL,OTHER,0.0,0.562,0.348
PL922,PL,SFH,1925886.148915613,0.843,0.261
PL923,PL,MFH_HIGH,541968.7629897571,0.463,0.719
PL923,PL,OTHER,0.0,0.555,0.359
PL923,PL,SFH,1660098.1118670325,0.833,0.27
PL924,PL,MFH_HIGH,567116.0896100285,0.459,0.735
PL924,PL,OTHER,0.0,0.551,0.367
PL924,PL,SFH,2508130.2870408604,0.826,0.275
PL925,PL,MFH_HIGH,617199.7334513413,0.464,0.712
PL925,PL,OTHER,0.0,0.557,0.356
PL925,PL,SFH,2961537.913154401,0.836,0.267
PL926,PL,MFH_HIGH,506582.0608451745,0.458,0.739
PL926,PL,OTHER,0.0,0.55,0.37
PL926,PL,SFH,1828836.1783784856,0.824,0.277
PT111,PT,MFH_HIGH,226529.63420233948,0.436,0.832
PT111,PT,OTHER,0.0,0.524,0.416
PT111,PT,SFH,437395.1069840976,0.785,0.312
PT112,PT,MFH_HIGH,467079.3700659808,0.408,0.9
PT112,PT,OTHER,0.0,0.489,0.477
PT112,PT,SFH,433615.1341694823,0.734,0.358
PT119,PT,MFH_HIGH,396839.14628689457,0.417,0.9
PT119,PT,OTHER,0.0,0.5,0.458
PT119,PT,SFH,467913.550977837,0.75,0.343
PT11A,PT,MFH_HIGH,1747202.478952063,0.394,0.9
PT11A,PT,OTHER,0.0,0.472,0.507
PT11A,PT,SFH,963895.639531493,0.708,0.38
PT11B,PT,MFH_HIGH,152565.6593684103,0.417,0.9
PT11B,PT,OTHER,0.0,0.5,0.458
PT11B,PT,SFH,192123.49951883184,0.75,0.343
PT11C,PT,MFH_HIGH,312212.1631319257,0.43,0.86
PT11C,PT,OTHER,0.0,0.516,0.43
PT11C,PT,SFH,559573.1889490997,0.773,0.322
PT11D,PT,MFH_HIGH,238882.55812702063,0.416,0.9
PT11D,PT,OTHER,0.0,0.499,0.459
PT11D,PT,SFH,299803.7168461121,0.749,0.344
PT11E,PT,MFH_HIGH,170519.87424372186,0.411,0.9
PT11E,PT,OTHER,0.0,0.494,0.469
PT11E,PT,SFH,185192.9371578089,0.74,0.352
PT150,PT,MFH_HIGH,723988.9534984902,0.401,0.9
PT150,PT,OTHER,0.0,0.482,0.491
PT150,PT,SFH,430512.3035079804,0.722,0.368
PT16B,PT,MFH_HIGH,694021.2273584993,0.401,0.9
PT16B,PT,OTHER,0.0,0.481,0.492
PT16B,PT,SFH,547767.0605549584,0.721,0.369
PT16D,PT,MFH_HIGH,671091.204222764,0.401,0.9
PT16D,PT,OTHER,0.0,0.482,0.49
PT16D,PT,SFH,483474.9802623648,0.723,0.368
PT16E,PT,MFH_HIGH,682925.4302067481,0.412,0.9
PT16E,PT,OTHER,0.0,0.494,0.468
PT16E,PT,SFH,654889.9959708627,0.742,0.351
PT16F,PT,MFH_HIGH,515601.9759023375,0.409,0.9
PT16F,PT,OTHER,0.0,0.491,0.474
PT16F,PT,SFH,537081.9238544295,0.736,0.356
PT16G,PT,MFH_HIGH,346451.7804590122,0.419,0.9
PT16G,PT,OTHER,0.0,0.503,0.452
PT16G,PT,SFH,486080.3654164084,0.755,0.339
PT16H,PT,MFH_HIGH,132976.51986747386,0.42,0.9
PT16H,PT,OTHER,0.0,0.504,0.451
PT16H,PT,SFH,118273.32729252597,0.756,0.338
PT16I,PT,MFH_HIGH,369649.5551410934,0.415,0.9
PT16I,PT,OTHER,0.0,0.498,0.461
PT16I,PT,SFH,421754.8901507746,0.748,0.345
PT16J,PT,MFH_HIGH,286305.4100258915,0.418,0.9
PT16J,PT,OTHER,0.0,0.501,0.456
PT16J,PT,SFH,369918.093393656,0.752,0.342
PT170,PT,MFH_HIGH,2387227.514998412,0.381,0.9
PT170,PT,OTHER,0.0,0.457,0.535
PT170,PT,SFH,944202.628728542,0.685,0.401
PT181,PT,MFH_HIGH,98029.45343524756,0.428,0.867
PT181,PT,OTHER,0.0,0.514,0.433
PT181,PT,SFH,159236.0552180609,0.771,0.325
PT184,PT,MFH_HIGH,69603.35991459194,0.454,0.757
PT184,PT,OTHER,0.0,0.545,0.378
PT184,PT,SFH,210004.40378575155,0.817,0.284
PT185,PT,MFH_HIGH,382200.49712487415,0.424,0.882
PT185,PT,OTHER,0.0,0.509,0.441
PT185,PT,SFH,399734.557150321,0.764,0.331
PT186,PT,MFH_HIGH,77283.37522408312,0.439,0.822
PT186,PT,OTHER,0.0,0.526,0.411
PT186,PT,SFH,175624.19240808772,0.79,0.308
PT187,PT,MFH_HIGH,115107.9277601331,0.431,0.855
PT187,PT,OTHER,0.0,0.517,0.427
PT187,PT,SFH,218883.0696314673,0.776,0.321
PT200,PT,MFH_HIGH,108178.55843008746,0.446,0.79
PT200,PT,OTHER,0.0,0.535,0.395
PT200,PT,SFH,234335.796153105,0.803,0.296
PT300,PT,MFH_HIGH,206308.54959430528,0.409,0.9
PT300,PT,OTHER,0.0,0.491,0.474
PT300,PT,SFH,218242.9649816172,0.736,0.355
RO111,RO,MFH_HIGH,1265232.3576355907,0.431,0.854
RO111,RO,OTHER,0.0,0.517,0.427
RO111,RO,SFH,2003950.6666016784,0.776,0.32
RO112,RO,MFH_HIGH,510896.99270713,0.446,0.789
RO112,RO,OTHER,0.0,0.536,0.394
RO112,RO,SFH,1176852.626176088,0.803,0.296
RO113,RO,MFH_HIGH,1004621.8972977296,0.456,0.748
RO113,RO,OTHER,0.0,0.547,0.374
RO113,RO,SFH,2008838.2381600456,0.821,0.281
RO114,RO,MFH_HIGH,624554.2155759733,0.456,0.749
RO114,RO,OTHER,0.0,0.547,0.374
RO114,RO,SFH,1930431.6895240168,0.82,0.281
RO115,RO,MFH_HIGH,725014.229308746,0.426,0.876
RO115,RO,OTHER,0.0,0.511,0.438
RO115,RO,SFH,1391272.7598098193,0.767,0.329
RO116,RO,MFH_HIGH,363170.3004852045,0.439,0.82
RO116,RO,OTHER,0.0,0.527,0.41
RO116,RO,SFH,980562.288714749,0.79,0.307
RO121,RO,MFH_HIGH,606514.8145812812,0.446,0.791
RO121,RO,OTHER,0.0,0.535,0.396
RO121,RO,SFH,1225223.733674978,0.802,0.297
RO122,RO,MFH_HIGH,1266754.5448832884,0.417,0.9
RO122,RO,OTHER,0.0,0.5,0.457
RO122,RO,SFH,1332318.2345465822,0.751,0.343
RO123,RO,MFH_HIGH,380069.2360210207,0.435,0.837
RO123,RO,OTHER,0.0,0.522,0.418
RO123,RO,SFH,733525.6209642651,0.783,0.314
RO124,RO,MFH_HIGH,435151.32431589416,0.46,0.729
RO124,RO,OTHER,0.0,0.552,0.365
RO124,RO,SFH,1414788.7173717134,0.829,0.273
RO125,RO,MFH_HIGH,758928.589564528,0.454,0.757
RO125,RO,OTHER,0.0,0.545,0.378
RO125,RO,SFH,1888315.7329469984,0.817,0.284
RO126,RO,MFH_HIGH,930707.736597312,0.421,0.898
RO126,RO,OTHER,0.0,0.505,0.449
RO126,RO,SFH,1068573.4021419322,0.757,0.337
RO211,RO,MFH_HIGH,884208.6578307305,0.439,0.821
RO211,RO,OTHER,0.0,0.527,0.41
RO211,RO,SFH,1995490.5780903527,0.79,0.308
RO212,RO,MFH_HIGH,461308.8248528744,0.46,0.732
RO212,RO,OTHER,0.0,0.552,0.366
RO212,RO,SFH,1402398.719997594,0.828,0.274
RO213,RO,MFH_HIGH,1143022.0936083714,0.45,0.774
RO213,RO,OTHER,0.0,0.54,0.387
RO213,RO,SFH,2239721.373258624,0.81,0.29
RO214,RO,MFH_HIGH,807192.0559176848,0.434,0.844
RO214,RO,OTHER,0.0,0.52,0.422
RO214,RO,SFH,1774490.4052413912,0.78,0.316
RO215,RO,MFH_HIGH,1358180.3222931563,0.426,0.875
RO215,RO,OTHER,0.0,0.512,0.437
RO215,RO,SFH,2625688.8310391987,0.767,0.328
RO216,RO,MFH_HIGH,370394.04982068617,0.452,0.764
RO216,RO,OTHER,0.0,0.543,0.382
RO216,RO,SFH,1250260.4346395717,0.814,0.286
RO221,RO,MFH_HIGH,688689.8467566359,0.43,0.86
RO221,RO,OTHER,0.0,0.516,0.43
RO221,RO,SFH,807038.8836880669,0.773,0.323
RO222,RO,MFH_HIGH,728321.2286520113,0.436,0.834
RO222,RO,OTHER,0.0,0.523,0.417
RO222,RO,SFH,1548102.754479828,0.784,0.313
RO223,RO,MFH_HIGH,1381534.9266232918,0.428,0.867
RO223,RO,OTHER,0.0,0.514,0.434
RO223,RO,SFH,1774102.2441004347,0.77,0.325
RO224,RO,MFH_HIGH,935536.1096582072,0.424,0.883
RO224,RO,OTHER,0.0,0.509,0.441
RO224,RO,SFH,1346836.5701919915,0.764,0.331
RO225,RO,MFH_HIGH,311192.46417567256,0.451,0.767
RO225,RO,OTHER,0.0,0.542,0.384
RO225,RO,SFH,949228.449667054,0.813,0.288
RO226,RO,MFH_HIGH,639282.579737613,0.427,0.869
RO226,RO,OTHER,0.0,0.513,0.435
RO226,RO,SFH,1315787.0555211504,0.769,0.326
RO311,RO,MFH_HIGH,777578.0447497427,0.459,0.736
RO311,RO,OTHER,0.0,0.551,0.368
RO311,RO,SFH,2083326.8680689903,0.826,0.276
RO312,RO,MFH_HIGH,321005.20718510944,0.452,0.765
RO312,RO,OTHER,0.0,0.542,0.383
RO312,RO,SFH,1109742.2137896472,0.813,0.287
RO313,RO,MFH_HIGH,722037.2036959118,0.437,0.83
RO313,RO,OTHER,0.0,0.524,0.415
RO313,RO,SFH,1720877.6500384046,0.786,0.311
RO314,RO,MFH_HIGH,393215.4945440176,0.437,0.828
RO314,RO,OTHER,0.0,0.525,0.414
RO314,RO,SFH,1073358.8717872594,0.787,0.311
RO315,RO,MFH_HIGH,359704.8966176238,0.445,0.795
RO315,RO,OTHER,0.0,0.534,0.398
RO315,RO,SFH,1053301.2783643515,0.801,0.298
RO316,RO,MFH_HIGH,1115368.616877635,0.434,0.841
RO316,RO,OTHER,0.0,0.521,0.42
RO316,RO,SFH,2374082.6601514835,0.782,0.315
RO317,RO,MFH_HIGH,351999.661230428,0.461,0.728
RO317,RO,OTHER,0.0,0.553,0.364
RO317,RO,SFH,1582945.2181596663,0.829,0.273
RO321,RO,MFH_HIGH,5088774.1199752,0.37,0.9
RO321,RO,OTHER,0.0,0.444,0.558
RO321,RO,SFH,692966.9527623703,0.666,0.418
RO322,RO,MFH_HIGH,994430.0871737304,0.425,0.882
RO322,RO,OTHER,0.0,0.509,0.441
RO322,RO,SFH,1753849.76704131,0.764,0.331
RO411,RO,MFH_HIGH,886909.369266148,0.452,0.765
RO411,RO,OTHER,0.0,0.542,0.382
RO411,RO,SFH,2155959.9165370422,0.814,0.287
RO412,RO,MFH_HIGH,409661.15892908606,0.451,0.77
RO412,RO,OTHER,0.0,0.541,0.385
RO412,RO,SFH,1304867.702478649,0.812,0.289
RO413,RO,MFH_HIGH,369535.9630102636,0.464,0.715
RO413,RO,OTHER,0.0,0.556,0.357
RO413,RO,SFH,979333.2647436569,0.835,0.268
RO414,RO,MFH_HIGH,398904.8906189073,0.465,0.71
RO414,RO,OTHER,0.0,0.558,0.355
RO414,RO,SFH,1613528.0222464358,0.837,0.266
RO415,RO,MFH_HIGH,436766.195645543,0.472,0.678
RO415,RO,OTHER,0.0,0.567,0.339
RO415,RO,SFH,1533795.194148613,0.85,0.254
RO421,RO,MFH_HIGH,1476624.2344214623,0.414,0.9
RO421,RO,OTHER,0.0,0.497,0.464
RO421,RO,SFH,1760618.5284706643,0.745,0.348
RO422,RO,MFH_HIGH,943340.353128123,0.395,0.9
RO422,RO,OTHER,0.0,0.474,0.503
RO422,RO,SFH,457291.6714523709,0.711,0.378
RO423,RO,MFH_HIGH,815499.8433737521,0.433,0.845
RO423,RO,OTHER,0.0,0.52,0.422
RO423,RO,SFH,1091423.1852772036,0.78,0.317
RO424,RO,MFH_HIGH,2070370.578051175,0.408,0.9
RO424,RO,OTHER,0.0,0.49,0.476
RO424,RO,SFH,2111839.9701373414,0.735,0.357
SE110,SE,MFH_HIGH,9647946.81100742,0.424,0.886
SE110,SE,OTHER,0.0,0.508,0.443
SE110,SE,SFH,7608070.085931695,0.763,0.332
SE121,SE,MFH_HIGH,1821395.031367668,0.421,0.898
SE121,SE,OTHER,0.0,0.505,0.449
SE121,SE,SFH,2227322.726914584,0.757,0.337
SE122,SE,MFH_HIGH,1038103.6361800856,0.433,0.844
SE122,SE,OTHER,0.0,0.52,0.422
SE122,SE,SFH,1779211.541969114,0.78,0.317
SE123,SE,MFH_HIGH,1447055.6973731294,0.433,0.846
SE123,SE,OTHER,0.0,0.519,0.423
SE123,SE,SFH,2163799.0473566456,0.779,0.317
SE124,SE,MFH_HIGH,813409.1038095718,0.439,0.821
SE124,SE,OTHER,0.0,0.526,0.411
SE124,SE,SFH,1635143.5196238586,0.79,0.308
SE125,SE,MFH_HIGH,1121691.8639135573,0.426,0.876
SE125,SE,OTHER,0.0,0.511,0.438
SE125,SE,SFH,1522269.3889427313,0.767,0.328
SE211,SE,MFH_HIGH,796881.086459072,0.435,0.839
SE211,SE,OTHER,0.0,0.521,0.42
SE211,SE,SFH,1992358.3739598696,0.782,0.315
SE212,SE,MFH_HIGH,465285.5704760209,0.431,0.856
SE212,SE,OTHER,0.0,0.517,0.428
SE212,SE,SFH,1170521.1219803188,0.775,0.321
SE213,SE,MFH_HIGH,524947.7981333107,0.447,0.787
SE213,SE,OTHER,0.0,0.536,0.394
SE213,SE,SFH,1840673.6475866523,0.804,0.295
SE214,SE,MFH_HIGH,167855.26531159712,0.447,0.788
SE214,SE,OTHER,0.0,0.536,0.394
SE214,SE,SFH,517026.0075794786,0.804,0.295
SE221,SE,MFH_HIGH,318589.5017258302,0.448,0.782
SE221,SE,OTHER,0.0,0.538,0.391
SE221,SE,SFH,1079834.7104624652,0.806,0.293
SE224,SE,MFH_HIGH,2887902.089129076,0.44,0.818
SE224,SE,OTHER,0.0,0.527,0.409
SE224,SE,SFH,6178740.120767655,0.791,0.307
SE231,SE,MFH_HIGH,676995.802173089,0.435,0.838
SE231,SE,OTHER,0.0,0.522,0.419
SE231,SE,SFH,1895101.815794911,0.783,0.314
SE232,SE,MFH_HIGH,4133760.176959555,0.442,0.806
SE232,SE,OTHER,0.0,0.531,0.403
SE232,SE,SFH,8178829.784263228,0.796,0.302
SE311,SE,MFH_HIGH,540781.9109089831,0.44,0.817
SE311,SE,OTHER,0.0,0.528,0.408
SE311,SE,SFH,1420408.4478081372,0.792,0.306
SE312,SE,MFH_HIGH,693477.7759748532,0.446,0.79
SE312,SE,OTHER,0.0,0.535,0.395
SE312,SE,SFH,2332629.16623208,0.803,0.296
SE313,SE,MFH_HIGH,772435.2165227004,0.438,0.826
SE313,SE,OTHER,0.0,0.525,0.413
SE313,SE,SFH,1856327.9997731848,0.788,0.31
SE321,SE,MFH_HIGH,448722.6767541578,0.45,0.774
SE321,SE,OTHER,0.0,0.54,0.387
SE321,SE,SFH,1608990.9581105218,0.81,0.29
SE322,SE,MFH_HIGH,319213.3637872466,0.444,0.799
SE322,SE,OTHER,0.0,0.533,0.399
SE322,SE,SFH,904864.1532477495,0.799,0.3
SE331,SE,MFH_HIGH,805348.4427902374,0.43,0.858
SE331,SE,OTHER,0.0,0.516,0.429
SE331,SE,SFH,1765765.0004693111,0.774,0.322
SE332,SE,MFH_HIGH,656219.8523494166,0.44,0.814
SE332,SE,OTHER,0.0,0.528,0.407
SE332,SE,SFH,2060639.3558775184,0.793,0.305
SI031,SI,MFH_HIGH,387870.3654963855,0.423,0.888
SI031,SI,OTHER,0.0,0.508,0.444
SI031,SI,SFH,730058.3487561728,0.762,0.333
SI032,SI,MFH_HIGH,1119049.2757093608,0.427,0.873
SI032,SI,OTHER,0.0,0.512,0.437
SI032,SI,SFH,1590072.0332758825,0.768,0.327
SI033,SI,MFH_HIGH,239520.13912551032,0.424,0.886
SI033,SI,OTHER,0.0,0.508,0.443
SI033,SI,SFH,360142.5188652612,0.762,0.332
SI034,SI,MFH_HIGH,729598.5271128099,0.439,0.821
SI034,SI,OTHER,0.0,0.527,0.41
SI034,SI,SFH,1407715.7433537317,0.79,0.308
SI035,SI,MFH_HIGH,173624.8900948817,0.432,0.852
SI035,SI,OTHER,0.0,0.518,0.426
SI035,SI,SFH,249461.768472542,0.777,0.32
SI036,SI,MFH_HIGH,188052.6518603572,0.451,0.768
SI036,SI,OTHER,0.0,0.542,0.384
SI036,SI,SFH,596905.242763565,0.812,0.288
SI037,SI,MFH_HIGH,325648.06578821666,0.455,0.752
SI037,SI,OTHER,0.0,0.546,0.376
SI037,SI,SFH,1074495.894928885,0.819,0.282
SI038,SI,MFH_HIGH,181402.76790625948,0.423,0.89
SI038,SI,OTHER,0.0,0.507,0.445
SI038,SI,SFH,318251.6623051944,0.761,0.334
SI041,SI,MFH_HIGH,2022753.6870381508,0.419,0.9
SI041,SI,OTHER,0.0,0.503,0.453
SI041,SI,SFH,1913117.9106856468,0.754,0.34
SI042,SI,MFH_HIGH,777880.0431138146,0.419,0.9
SI042,SI,OTHER,0.0,0.503,0.453
SI042,SI,SFH,962295.1824676224,0.754,0.34
SI043,SI,MFH_HIGH,417825.7090184022,0.431,0.854
SI043,SI,OTHER,0.0,0.517,0.427
SI043,SI,SFH,751311.0398293274,0.776,0.32
SI044,SI,MFH_HIGH,436767.6379906466,0.421,0.899
SI044,SI,OTHER,0.0,0.505,0.45
SI044,SI,SFH,460894.63212370855,0.757,0.337
SK010,SK,MFH_HIGH,2446869.3208632814,0.426,0.875
SK010,SK,OTHER,0.0,0.511,0.438
SK010,SK,SFH,2518674.7306924853,0.767,0.328
SK021,SK,MFH_HIGH,974871.382621008,0.45,0.774
SK021,SK,OTHER,0.0,0.54,0.387
SK021,SK,SFH,3458391.764801484,0.81,0.29
SK022,SK,MFH_HIGH,1175260.5506305424,0.453,0.759
SK022,SK,OTHER,0.0,0.544,0.38
SK022,SK,SFH,3151690.751212144,0.816,0.285
SK023,SK,MFH_HIGH,1249919.146771331,0.449,0.777
SK023,SK,OTHER,0.0,0.539,0.388
SK023,SK,SFH,4406993.89978544,0.809,0.291
SK031,SK,MFH_HIGH,1100141.0516305072,0.46,0.731
SK031,SK,OTHER,0.0,0.552,0.365
SK031,SK,SFH,3904005.3659043335,0.828,0.274
SK032,SK,MFH_HIGH,1282832.2983882902,0.451,0.767
SK032,SK,OTHER,0.0,0.542,0.384
SK032,SK,SFH,3561882.594228505,0.813,0.288
SK041,SK,MFH_HIGH,1738542.521130093,0.426,0.875
SK041,SK,OTHER,0.0,0.512,0.437
SK041,SK,SFH,4058780.2306929897,0.767,0.328
SK042,SK,MFH_HIGH,1905412.1637504816,0.433,0.847
SK042,SK,OTHER,0.0,0.519,0.424
SK042,SK,SFH,3751612.103759876,0.779,0.318
UKC11,UK,MFH_HIGH,591043.8435144537,0.438,0.823
UKC11,UK,OTHER,0.0,0.526,0.411
UKC11,UK,SFH,1074460.4368092562,0.789,0.309
UKC12,UK,MFH_HIGH,709644.9932563175,0.43,0.858
UKC12,UK,OTHER,0.0,0.516,0.429
UKC12,UK,SFH,963530.1674789952,0.774,0.322
UKC13,UK,MFH_HIGH,256490.6657640841,0.438,0.824
UKC13,UK,OTHER,0.0,0.526,0.412
UKC13,UK,SFH,384416.8525352673,0.788,0.309
UKC14,UK,MFH_HIGH,1010730.4399972248,0.444,0.797
UKC14,UK,OTHER,0.0,0.533,0.399
UKC14,UK,SFH,2276657.6793696084,0.8,0.299
UKC21,UK,MFH_HIGH,594733.3497540309,0.458,0.737
UKC21,UK,OTHER,0.0,0.55,0.369
UKC21,UK,SFH,1763494.3367598346,0.825,0.277
UKC22,UK,MFH_HIGH,2019641.012200311,0.449,0.776
UKC22,UK,OTHER,0.0,0.539,0.388
UKC22,UK,SFH,2651554.790932752,0.809,0.291
UKC23,UK,MFH_HIGH,673490.1547153116,0.441,0.811
UKC23,UK,OTHER,0.0,0.53,0.405
UKC23,UK,SFH,850181.4192893647,0.794,0.304
UKD11,UK,MFH_HIGH,534540.2034452886,0.442,0.806
UKD11,UK,OTHER,0.0,0.531,0.403
UKD11,UK,SFH,983011.761376189,0.796,0.302
UKD12,UK,MFH_HIGH,595434.333608275,0.444,0.798
UKD12,UK,OTHER,0.0,0.533,0.399
UKD12,UK,SFH,1371323.6071748328,0.799,0.299
UKD33,UK,MFH_HIGH,1245467.965656952,0.427,0.872
UKD33,UK,OTHER,0.0,0.512,0.436
UKD33,UK,SFH,1164761.6541322684,0.768,0.327
UKD34,UK,MFH_HIGH,914160.8486373615,0.439,0.82
UKD34,UK,OTHER,0.0,0.527,0.41
UKD34,UK,SFH,1539879.8635401856,0.79,0.308
UKD35,UK,MFH_HIGH,721549.5262982628,0.447,0.788
UKD35,UK,OTHER,0.0,0.536,0.394
UKD35,UK,SFH,1798381.670808513,0.804,0.295
UKD36,UK,MFH_HIGH,506807.5387228775,0.475,0.666
UKD36,UK,OTHER,0.0,0.57,0.333
UKD36,UK,SFH,2537594.955060374,0.855,0.25
UKD37,UK,MFH_HIGH,941848.3670279704,0.446,0.789
UKD37,UK,OTHER,0.0,0.536,0.394
UKD37,UK,SFH,1987734.168734248,0.803,0.296
UKD41,UK,MFH_HIGH,301172.71837606555,0.438,0.827
UKD41,UK,OTHER,0.0,0.525,0.413
UKD41,UK,SFH,414244.9243217995,0.788,0.31
UKD42,UK,MFH_HIGH,381308.6529683935,0.43,0.859
UKD42,UK,OTHER,0.0,0.516,0.43
UKD42,UK,SFH,446186.52836441726,0.774,0.322
UKD44,UK,MFH_HIGH,370125.78929904016,0.456,0.746
UKD44,UK,OTHER,0.0,0.548,0.373
UKD44,UK,SFH,1148776.6681938083,0.822,0.28
UKD45,UK,MFH_HIGH,592529.1265189648,0.457,0.744
UKD45,UK,OTHER,0.0,0.548,0.372
UKD45,UK,SFH,1774353.0247636489,0.822,0.279
UKD46,UK,MFH_HIGH,908537.5038058768,0.425,0.882
UKD46,UK,OTHER,0.0,0.509,0.441
UKD46,UK,SFH,899049.834895312,0.764,0.331
UKD47,UK,MFH_HIGH,742522.4597180596,0.457,0.745
UKD47,UK,OTHER,0.0,0.548,0.373
UKD47,UK,SFH,2174585.6603907766,0.822,0.279
UKD61,UK,MFH_HIGH,271542.2276075101,0.464,0.715
UKD61,UK,OTHER,0.0,0.556,0.357
UKD61,UK,SFH,976407.5810296398,0.835,0.268
UKD62,UK,MFH_HIGH,557568.0218054594,0.457,0.743
UKD62,UK,OTHER,0.0,0.549,0.371
UKD62,UK,SFH,1974285.8442359653,0.823,0.279
UKD63,UK,MFH_HIGH,312626.6601755399,0.466,0.703
UKD63,UK,OTHER,0.0,0.56,0.352
UKD63,UK,SFH,1805611.424051588,0.84,0.264
UKD71,UK,MFH_HIGH,523573.8319092634,0.458,0.738
UKD71,UK,OTHER,0.0,0.55,0.369
UKD71,UK,SFH,1667351.6882500222,0.825,0.277
UKD72,UK,MFH_HIGH,1304764.8250469666,0.424,0.884
UKD72,UK,OTHER,0.0,0.509,0.442
UKD72,UK,SFH,1241225.6195934948,0.763,0.331
UKD74,UK,MFH_HIGH,214647.28305056004,0.482,0.635
UKD74,UK,OTHER,0.0,0.579,0.317
UKD74,UK,SFH,1529378.6788873852,0.868,0.238
UKE11,UK,MFH_HIGH,449315.0938566759,0.464,0.713
UKE11,UK,OTHER,0.0,0.557,0.356
UKE11,UK,SFH,756253.0997372678,0.836,0.267
UKE12,UK,MFH_HIGH,451969.6159332788,0.467,0.7
UKE12,UK,OTHER,0.0,0.561,0.35
UKE12,UK,SFH,1985285.9021904336,0.841,0.262
UKE13,UK,MFH_HIGH,353306.6246000048,0.469,0.69
UKE13,UK,OTHER,0.0,0.563,0.345
UKE13,UK,SFH,1642207.0944987996,0.845,0.259
UKE21,UK,MFH_HIGH,393608.6042643048,0.45,0.773
UKE21,UK,OTHER,0.0,0.54,0.387
UKE21,UK,SFH,811058.0456838186,0.81,0.29
UKE22,UK,MFH_HIGH,1278070.226251657,0.448,0.783
UKE22,UK,OTHER,0.0,0.537,0.391
UKE22,UK,SFH,3336046.568446357,0.806,0.293
UKE31,UK,MFH_HIGH,912511.3576403904,0.457,0.745
UKE31,UK,OTHER,0.0,0.548,0.373
UKE31,UK,SFH,3131188.552479093,0.822,0.279
UKE32,UK,MFH_HIGH,1073558.0702696107,0.442,0.809
UKE32,UK,OTHER,0.0,0.53,0.405
UKE32,UK,SFH,1584864.7079913088,0.795,0.304
UKE41,UK,MFH_HIGH,1015477.7299670044,0.436,0.832
UKE41,UK,OTHER,0.0,0.524,0.416
UKE41,UK,SFH,1486638.7769860292,0.785,0.312
UKE42,UK,MFH_HIGH,814136.9024720277,0.475,0.666
UKE42,UK,OTHER,0.0,0.57,0.333
UKE42,UK,SFH,2790961.7161465604,0.855,0.25
UKE44,UK,MFH_HIGH,1016301.8261905656,0.443,0.804
UKE44,UK,OTHER,0.0,0.531,0.402
UKE44,UK,SFH,2215861.20503675,0.797,0.301
UKE45,UK,MFH_HIGH,280692.86764840165,0.473,0.674
UKE45,UK,OTHER,0.0,0.568,0.337
UKE45,UK,SFH,1395043.2181869957,0.852,0.253
UKF11,UK,MFH_HIGH,309606.1587842019,0.458,0.739
UKF11,UK,OTHER,0.0,0.55,0.37
UKF11,UK,SFH,896957.1283384175,0.824,0.277
UKF12,UK,MFH_HIGH,241977.3007326651,0.468,0.698
UKF12,UK,OTHER,0.0,0.561,0.349
UKF12,UK,SFH,1280388.7971226792,0.842,0.262
UKF13,UK,MFH_HIGH,481494.9619840685,0.468,0.697
UKF13,UK,OTHER,0.0,0.562,0.348
UKF13,UK,SFH,2360302.9415881177,0.842,0.261
UKF14,UK,MFH_HIGH,379716.9880754776,0.465,0.708
UKF14,UK,OTHER,0.0,0.558,0.354
UKF14,UK,SFH,988076.4369051856,0.838,0.265
UKF15,UK,MFH_HIGH,422246.91905434703,0.47,0.69
UKF15,UK,OTHER,0.0,0.563,0.345
UKF15,UK,SFH,2313946.433467176,0.845,0.259
UKF16,UK,MFH_HIGH,259389.209982858,0.475,0.669
UKF16,UK,OTHER,0.0,0.569,0.334
UKF16,UK,SFH,1717343.0685865849,0.854,0.251
UKF21,UK,MFH_HIGH,519638.9318139247,0.425,0.879
UKF21,UK,OTHER,0.0,0.51,0.439
UKF21,UK,SFH,651467.4307125879,0.766,0.33
UKF22,UK,MFH_HIGH,689104.3319139447,0.46,0.73
UKF22,UK,OTHER,0.0,0.552,0.365
UKF22,UK,SFH,3225571.8772747423,0.828,0.274
UKF24,UK,MFH_HIGH,449157.3841882621,0.454,0.757
UKF24,UK,OTHER,0.0,0.545,0.378
UKF24,UK,SFH,1540332.8591400927,0.817,0.284
UKF25,UK,MFH_HIGH,374308.2861744469,0.427,0.872
UKF25,UK,OTHER,0.0,0.512,0.436
UKF25,UK,SFH,1559936.1088595823,0.768,0.327
UKF30,UK,MFH_HIGH,993657.3927533712,0.46,0.73
UKF30,UK,OTHER,0.0,0.552,0.365
UKF30,UK,SFH,4509770.445090338,0.828,0.274
UKG11,UK,MFH_HIGH,203950.9732307965,0.453,0.76
UKG11,UK,OTHER,0.0,0.544,0.38
UKG11,UK,SFH,821190.3615404472,0.816,0.285
UKG12,UK,MFH_HIGH,557619.4596628133,0.461,0.725
UKG12,UK,OTHER,0.0,0.554,0.363
UKG12,UK,SFH,2599234.505379417,0.83,0.272
UKG13,UK,MFH_HIGH,751739.5636050145,0.454,0.755
UKG13,UK,OTHER,0.0,0.545,0.377
UKG13,UK,SFH,2562018.95111173,0.818,0.283
UKG21,UK,MFH_HIGH,166819.27904361257,0.456,0.746
UKG21,UK,OTHER,0.0,0.548,0.373
UKG21,UK,SFH,684588.3296983001,0.821,0.28
UKG22,UK,MFH_HIGH,342662.91303394217,0.459,0.734
UKG22,UK,OTHER,0.0,0.551,0.367
UKG22,UK,SFH,1484935.107187915,0.827,0.275
UKG23,UK,MFH_HIGH,379677.1838488801,0.447,0.786
UKG23,UK,OTHER,0.0,0.537,0.393
UKG23,UK,SFH,714563.8695099192,0.805,0.295
UKG24,UK,MFH_HIGH,811031.6347508213,0.464,0.713
UKG24,UK,OTHER,0.0,0.557,0.356
UKG24,UK,SFH,3608461.977462427,0.835,0.267
UKG31,UK,MFH_HIGH,1545112.8894034466,0.452,0.765
UKG31,UK,OTHER,0.0,0.542,0.383
UKG31,UK,SFH,3150959.826672102,0.813,0.287
UKG32,UK,MFH_HIGH,203992.63955190452,0.466,0.703
UKG32,UK,OTHER,0.0,0.56,0.352
UKG32,UK,SFH,945319.1931201944,0.84,0.264
UKG33,UK,MFH_HIGH,272346.376016445,0.476,0.661
UKG33,UK,OTHER,0.0,0.571,0.331
UKG33,UK,SFH,1427711.704443535,0.857,0.248
UKG36,UK,MFH_HIGH,233943.5816421289,0.468,0.697
UKG36,UK,OTHER,0.0,0.561,0.348
UKG36,UK,SFH,1215955.242929255,0.842,0.261
UKG37,UK,MFH_HIGH,430149.8781095148,0.452,0.765
UKG37,UK,OTHER,0.0,0.542,0.383
UKG37,UK,SFH,877207.941714004,0.813,0.287
UKG38,UK,MFH_HIGH,269091.0582325723,0.462,0.722
UKG38,UK,OTHER,0.0,0.554,0.361
UKG38,UK,SFH,920573.3695081348,0.831,0.271
UKG39,UK,MFH_HIGH,256888.4452116241,0.46,0.732
UKG39,UK,OTHER,0.0,0.552,0.366
UKG39,UK,SFH,825068.3135552828,0.827,0.275
UKH11,UK,MFH_HIGH,316585.65352202044,0.43,0.859
UKH11,UK,OTHER,0.0,0.516,0.429
UKH11,UK,SFH,825976.0243098045,0.774,0.322
UKH12,UK,MFH_HIGH,915803.2511731052,0.431,0.854
UKH12,UK,OTHER,0.0,0.517,0.427
UKH12,UK,SFH,3538711.1805311264,0.776,0.32
UKH14,UK,MFH_HIGH,1616536.1675035225,0.399,0.9
UKH14,UK,OTHER,0.0,0.479,0.496
UKH14,UK,SFH,3518867.762670208,0.718,0.372
UKH15,UK,MFH_HIGH,446197.4062313417,0.461,0.725
UKH15,UK,OTHER,0.0,0.553,0.363
UKH15,UK,SFH,1475566.9877193803,0.83,0.272
UKH16,UK,MFH_HIGH,453566.3552739272,0.438,0.824
UKH16,UK,OTHER,0.0,0.526,0.412
UKH16,UK,SFH,1850548.9123073816,0.789,0.309
UKH17,UK,MFH_HIGH,596990.7251573016,0.404,0.9
UKH17,UK,OTHER,0.0,0.485,0.485
UKH17,UK,SFH,1813166.813111144,0.727,0.364
UKH21,UK,MFH_HIGH,276032.26383848075,0.403,0.9
UKH21,UK,OTHER,0.0,0.483,0.487
UKH21,UK,SFH,496455.4839819602,0.725,0.365
UKH23,UK,MFH_HIGH,2906902.571406571,0.385,0.9
UKH23,UK,OTHER,0.0,0.462,0.525
UKH23,UK,SFH,4005746.044543325,0.693,0.394
UKH24,UK,MFH_HIGH,291749.50462058134,0.422,0.893
UKH24,UK,OTHER,0.0,0.506,0.446
UKH24,UK,SFH,715654.2337202411,0.76,0.335
UKH25,UK,MFH_HIGH,457356.6507991862,0.405,0.9
UKH25,UK,OTHER,0.0,0.486,0.482
UKH25,UK,SFH,1269974.994829227,0.73,0.362
UKH31,UK,MFH_HIGH,590399.2188144614,0.378,0.9
UKH31,UK,OTHER,0.0,0.454,0.54
UKH31,UK,SFH,483689.5655174376,0.681,0.405
UKH32,UK,MFH_HIGH,429624.3841494185,0.369,0.9
UKH32,UK,OTHER,0.0,0.443,0.56
UKH32,UK,SFH,392789.16797385714,0.664,0.42
UKH34,UK,MFH_HIGH,1135068.7519379472,0.386,0.9
UKH34,UK,OTHER,0.0,0.463,0.523
UKH34,UK,SFH,2100661.1535621523,0.695,0.392
UKH35,UK,MFH_HIGH,871614.7115168581,0.382,0.9
UKH35,UK,OTHER,0.0,0.458,0.532
UKH35,UK,SFH,1086499.0421569056,0.688,0.399
UKH36,UK,MFH_HIGH,1051830.465157057,0.371,0.9
UKH36,UK,OTHER,0.0,0.445,0.555
UKH36,UK,SFH,1159258.8400256948,0.668,0.416
UKH37,UK,MFH_HIGH,975507.2316400256,0.38,0.9
UKH37,UK,OTHER,0.0,0.456,0.536
UKH37,UK,SFH,1303173.073178862,0.684,0.402
UKI31,UK,MFH_HIGH,914111.692967674,0.358,0.9
UKI31,UK,OTHER,0.0,0.429,0.583
UKI31,UK,SFH,97638.91211153108,0.644,0.437
UKI32,UK,MFH_HIGH,1246922.531625521,0.358,0.9
UKI32,UK,OTHER,0.0,0.43,0.583
UKI32,UK,SFH,86650.5817147295,0.644,0.437
UKI33,UK,MFH_HIGH,1689286.71041738,0.36,0.9
UKI33,UK,OTHER,0.0,0.432,0.579
UKI33,UK,SFH,156726.6382721143,0.648,0.434
UKI34,UK,MFH_HIGH,1058002.6446376129,0.367,0.9
UKI34,UK,OTHER,0.0,0.441,0.563
UKI34,UK,SFH,299069.05012477847,0.661,0.422
UKI41,UK,MFH_HIGH,2045101.7106494373,0.378,0.9
UKI41,UK,OTHER,0.0,0.453,0.541
UKI41,UK,SFH,448707.1469883414,0.68,0.406
UKI42,UK,MFH_HIGH,1199433.0141803566,0.36,0.9
UKI42,UK,OTHER,0.0,0.432,0.578
UKI42,UK,SFH,54941.36598037157,0.648,0.434
UKI43,UK,MFH_HIGH,1778487.016484497,0.362,0.9
UKI43,UK,OTHER,0.0,0.434,0.575
UKI43,UK,SFH,278733.63094055903,0.651,0.431
UKI44,UK,MFH_HIGH,1758485.9481888693,0.376,0.9
UKI44,UK,OTHER,0.0,0.451,0.544
UKI44,UK,SFH,599215.9975527772,0.677,0.408
UKI45,UK,MFH_HIGH,1158476.5637231942,0.356,0.9
UKI45,UK,OTHER,0.0,0.427,0.588
UKI45,UK,SFH,132092.01256083677,0.64,0.441
UKI51,UK,MFH_HIGH,1046714.0999763084,0.413,0.9
UKI51,UK,OTHER,0.0,0.496,0.465
UKI51,UK,SFH,1350217.736848583,0.744,0.349
UKI52,UK,MFH_HIGH,1168345.6483007283,0.377,0.9
UKI52,UK,OTHER,0.0,0.452,0.543
UKI52,UK,SFH,899650.614720359,0.678,0.407
UKI53,UK,MFH_HIGH,1422763.3778848818,0.378,0.9
UKI53,UK,OTHER,0.0,0.454,0.54
UKI53,UK,SFH,934921.6385986028,0.681,0.405
UKI54,UK,MFH_HIGH,647636.4095554566,0.398,0.9
UKI54,UK,OTHER,0.0,0.478,0.497
UKI54,UK,SFH,581595.819036394,0.717,0.373
UKI61,UK,MFH_HIGH,850087.1783063189,0.384,0.9
UKI61,UK,OTHER,0.0,0.461,0.527
UKI61,UK,SFH,1061399.8939807515,0.691,0.395
UKI62,UK,MFH_HIGH,1035725.4031892704,0.369,0.9
UKI62,UK,OTHER,0.0,0.442,0.56
UKI62,UK,SFH,671198.9602230317,0.664,0.42
UKI63,UK,MFH_HIGH,1330412.9001830977,0.391,0.9
UKI63,UK,OTHER,0.0,0.469,0.513
UKI63,UK,SFH,1338896.4239968627,0.703,0.385
UKI71,UK,MFH_HIGH,1435733.0193971952,0.365,0.9
UKI71,UK,OTHER,0.0,0.438,0.569
UKI71,UK,SFH,619112.1776670367,0.656,0.427
UKI72,UK,MFH_HIGH,673104.0844290166,0.383,0.9
UKI72,UK,OTHER,0.0,0.46,0.529
UKI72,UK,SFH,563196.5209487766,0.69,0.397
UKI73,UK,MFH_HIGH,918467.796736248,0.364,0.9
UKI73,UK,OTHER,0.0,0.437,0.569
UKI73,UK,SFH,377156.30744052806,0.656,0.427
UKI74,UK,MFH_HIGH,915334.786431337,0.402,0.9
UKI74,UK,OTHER,0.0,0.482,0.489
UKI74,UK,SFH,1440704.4077180035,0.724,0.367
UKI75,UK,MFH_HIGH,1161868.291344737,0.381,0.9
UKI75,UK,OTHER,0.0,0.457,0.534
UKI75,UK,SFH,896349.8404862931,0.685,0.401
UKJ11,UK,MFH_HIGH,1935448.0414086224,0.387,0.9
UKJ11,UK,OTHER,0.0,0.465,0.52
UKJ11,UK,SFH,3065606.9048032425,0.697,0.39
UKJ12,UK,MFH_HIGH,422918.4938042507,0.42,0.9
UKJ12,UK,OTHER,0.0,0.504,0.451
UKJ12,UK,SFH,952963.5937894804,0.756,0.338
UKJ13,UK,MFH_HIGH,852406.4715753319,0.418,0.9
UKJ13,UK,OTHER,0.0,0.502,0.454
UKJ13,UK,SFH,2432919.484242431,0.753,0.341
UKJ14,UK,MFH_HIGH,1096122.168245603,0.436,0.834
UKJ14,UK,OTHER,0.0,0.523,0.417
UKJ14,UK,SFH,2869606.0866944725,0.784,0.313
UKJ21,UK,MFH_HIGH,533771.0392438946,0.413,0.9
UKJ21,UK,OTHER,0.0,0.496,0.465
UKJ21,UK,SFH,762008.7454326327,0.744,0.349
UKJ22,UK,MFH_HIGH,1016890.0449967624,0.411,0.9
UKJ22,UK,OTHER,0.0,0.493,0.47
UKJ22,UK,SFH,2348847.8790090987,0.74,0.352
UKJ25,UK,MFH_HIGH,2206181.4415225782,0.386,0.9
UKJ25,UK,OTHER,0.0,0.463,0.524
UKJ25,UK,SFH,3162731.4687939803,0.694,0.393
UKJ26,UK,MFH_HIGH,1035462.6949634532,0.39,0.9
UKJ26,UK,OTHER,0.0,0.468,0.515
UKJ26,UK,SFH,1686705.341842698,0.702,0.386
UKJ27,UK,MFH_HIGH,1067923.61793691,0.401,0.9
UKJ27,UK,OTHER,0.0,0.482,0.49
UKJ27,UK,SFH,2175628.475799816,0.723,0.368
UKJ28,UK,MFH_HIGH,1378900.4613103298,0.372,0.9
UKJ28,UK,OTHER,0.0,0.447,0.552
UKJ28,UK,SFH,1447337.3071091045,0.67,0.414
UKJ31,UK,MFH_HIGH,589071.2713318008,0.393,0.9
UKJ31,UK,OTHER,0.0,0.472,0.508
UKJ31,UK,SFH,309927.7343471042,0.707,0.381
UKJ32,UK,MFH_HIGH,248368.8067098838,0.472,0.68
UKJ32,UK,OTHER,0.0,0.566,0.34
UKJ32,UK,SFH,833015.4460032941,0.849,0.255
UKJ34,UK,MFH_HIGH,192550.35799714303,0.462,0.722
UKJ34,UK,OTHER,0.0,0.554,0.361
UKJ34,UK,SFH,759680.3375145404,0.832,0.271
UKJ35,UK,MFH_HIGH,476567.296710024,0.458,0.741
UKJ35,UK,OTHER,0.0,0.549,0.37
UKJ35,UK,SFH,2071549.151294979,0.824,0.278
UKJ36,UK,MFH_HIGH,818693.2516727262,0.448,0.783
UKJ36,UK,OTHER,0.0,0.537,0.391
UKJ36,UK,SFH,3101741.570671244,0.806,0.294
UKJ37,UK,MFH_HIGH,812828.0192820444,0.41,0.9
UKJ37,UK,OTHER,0.0,0.492,0.472
UKJ37,UK,SFH,1541501.144263466,0.738,0.354
UKJ41,UK,MFH_HIGH,779193.3471643867,0.368,0.9
UKJ41,UK,OTHER,0.0,0.441,0.562
UKJ41,UK,SFH,582523.1742866343,0.662,0.422
UKJ43,UK,MFH_HIGH,884059.4651457247,0.376,0.9
UKJ43,UK,OTHER,0.0,0.452,0.544
UKJ43,UK,SFH,1072702.458281649,0.678,0.408
UKJ44,UK,MFH_HIGH,846386.0438204721,0.433,0.845
UKJ44,UK,OTHER,0.0,0.52,0.423
UKJ44,UK,SFH,2295568.62079922,0.78,0.317
UKJ45,UK,MFH_HIGH,538200.3186340309,0.413,0.9
UKJ45,UK,OTHER,0.0,0.495,0.466
UKJ45,UK,SFH,1276990.9279943025,0.743,0.349
UKJ46,UK,MFH_HIGH,799054.168425193,0.39,0.9
UKJ46,UK,OTHER,0.0,0.468,0.515
UKJ46,UK,SFH,1429689.1575682051,0.702,0.386
UKK11,UK,MFH_HIGH,609525.6317597192,0.444,0.799
UKK11,UK,OTHER,0.0,0.533,0.399
UKK11,UK,SFH,1766942.4625725334,0.799,0.3
UKK12,UK,MFH_HIGH,822051.5278507355,0.453,0.761
UKK12,UK,OTHER,0.0,0.543,0.381
UKK12,UK,SFH,3557437.2492607515,0.815,0.285
UKK13,UK,MFH_HIGH,688659.092169007,0.458,0.739
UKK13,UK,OTHER,0.0,0.55,0.369
UKK13,UK,SFH,2992007.631146729,0.825,0.277
UKK14,UK,MFH_HIGH,232376.18354868345,0.458,0.74
UKK14,UK,OTHER,0.0,0.55,0.37
UKK14,UK,SFH,839455.7780322258,0.824,0.277
UKK15,UK,MFH_HIGH,590339.0331099264,0.454,0.757
UKK15,UK,OTHER,0.0,0.545,0.378
UKK15,UK,SFH,2459833.277662683,0.817,0.284
UKK21,UK,MFH_HIGH,473455.4165170484,0.453,0.762
UKK21,UK,OTHER,0.0,0.543,0.381
UKK21,UK,SFH,1277723.3321522304,0.815,0.286
UKK22,UK,MFH_HIGH,592496.5758719866,0.452,0.766
UKK22,UK,OTHER,0.0,0.542,0.383
UKK22,UK,SFH,2198617.46373815,0.813,0.287
UKK23,UK,MFH_HIGH,819412.676228342,0.447,0.788
UKK23,UK,OTHER,0.0,0.536,0.394
UKK23,UK,SFH,2868586.497935684,0.804,0.295
UKK30,UK,MFH_HIGH,762779.3723860262,0.453,0.76
UKK30,UK,OTHER,0.0,0.544,0.38
UKK30,UK,SFH,2745208.4928575866,0.816,0.285
UKK41,UK,MFH_HIGH,250936.0245270492,0.463,0.717
UKK41,UK,OTHER,0.0,0.556,0.358
UKK41,UK,SFH,820194.3421741592,0.834,0.269
UKK42,UK,MFH_HIGH,307115.031058754,0.433,0.845
UKK42,UK,OTHER,0.0,0.52,0.423
UKK42,UK,SFH,499656.53644533554,0.78,0.317
UKK43,UK,MFH_HIGH,1159998.534645415,0.446,0.79
UKK43,UK,OTHER,0.0,0.535,0.395
UKK43,UK,SFH,3541805.722180843,0.803,0.296
UKL11,UK,MFH_HIGH,77863.62651820725,0.473,0.676
UKL11,UK,OTHER,0.0,0.567,0.338
UKL11,UK,SFH,532148.9931095437,0.851,0.254
UKL12,UK,MFH_HIGH,182954.9162996328,0.458,0.741
UKL12,UK,OTHER,0.0,0.549,0.371
UKL12,UK,SFH,637219.9887833672,0.824,0.278
UKL13,UK,MFH_HIGH,333770.8641479697,0.457,0.745
UKL13,UK,OTHER,0.0,0.548,0.373
UKL13,UK,SFH,1283782.6549126315,0.822,0.279
UKL14,UK,MFH_HIGH,525559.2874244829,0.456,0.746
UKL14,UK,OTHER,0.0,0.548,0.373
UKL14,UK,SFH,2211677.777682571,0.822,0.28
UKL15,UK,MFH_HIGH,500292.6386828153,0.446,0.791
UKL15,UK,OTHER,0.0,0.535,0.396
UKL15,UK,SFH,1003967.0078800608,0.802,0.297
UKL16,UK,MFH_HIGH,525826.9961012079,0.445,0.793
UKL16,UK,OTHER,0.0,0.534,0.397
UKL16,UK,SFH,1177076.62880045,0.802,0.297
UKL17,UK,MFH_HIGH,419298.7912539497,0.451,0.767
UKL17,UK,OTHER,0.0,0.542,0.384
UKL17,UK,SFH,1209647.419226508,0.812,0.288
UKL18,UK,MFH_HIGH,363543.1720725696,0.452,0.764
UKL18,UK,OTHER,0.0,0.543,0.382
UKL18,UK,SFH,987710.6270924464,0.814,0.287
UKL21,UK,MFH_HIGH,418742.6297123689,0.427,0.871
UKL21,UK,OTHER,0.0,0.512,0.436
UKL21,UK,SFH,1116076.0710646946,0.769,0.327
UKL22,UK,MFH_HIGH,1188453.4191183285,0.41,0.9
UKL22,UK,OTHER,0.0,0.492,0.472
UKL22,UK,SFH,1659415.4788256662,0.738,0.354
UKL23,UK,MFH_HIGH,204590.82926391927,0.47,0.687
UKL23,UK,OTHER,0.0,0.564,0.344
UKL23,UK,SFH,1424075.8541588902,0.846,0.258
UKL24,UK,MFH_HIGH,187323.5483057435,0.453,0.762
UKL24,UK,OTHER,0.0,0.543,0.381
UKL24,UK,SFH,809634.4979265453,0.815,0.286
UKM50,UK,MFH_HIGH,798096.22074056,0.453,0.762
UKM50,UK,OTHER,0.0,0.543,0.381
UKM50,UK,SFH,2676597.729372167,0.815,0.286
UKM61,UK,MFH_HIGH,224587.05807173587,0.449,0.78
UKM61,UK,OTHER,0.0,0.538,0.39
UKM61,UK,SFH,858918.848169149,0.807,0.292
UKM62,UK,MFH_HIGH,403023.1762290396,0.445,0.796
UKM62,UK,OTHER,0.0,0.534,0.398
UKM62,UK,SFH,1337268.8485567444,0.801,0.298
UKM63,UK,MFH_HIGH,232993.4424051632,0.445,0.794
UKM63,UK,OTHER,0.0,0.534,0.397
UKM63,UK,SFH,752024.3635304113,0.801,0.298
UKM64,UK,MFH_HIGH,29375.265934096973,0.476,0.661
UKM64,UK,OTHER,0.0,0.572,0.331
UKM64,UK,SFH,255859.83573975333,0.857,0.248
UKM65,UK,MFH_HIGH,73418.11929088797,0.444,0.798
UKM65,UK,OTHER,0.0,0.533,0.399
UKM65,UK,SFH,270703.91428750224,0.8,0.299
UKM66,UK,MFH_HIGH,77656.80360963724,0.44,0.816
UKM66,UK,OTHER,0.0,0.528,0.408
UKM66,UK,SFH,221626.0949725422,0.792,0.306
UKM71,UK,MFH_HIGH,438828.9774598991,0.447,0.785
UKM71,UK,OTHER,0.0,0.537,0.393
UKM71,UK,SFH,965084.1363203068,0.805,0.295
UKM72,UK,MFH_HIGH,547838.8908935277,0.457,0.744
UKM72,UK,OTHER,0.0,0.548,0.372
UKM72,UK,SFH,1996432.610142392,0.822,0.279
UKM73,UK,MFH_HIGH,262257.88317631267,0.461,0.727
UKM73,UK,OTHER,0.0,0.553,0.364
UKM73,UK,SFH,982815.9624766544,0.829,0.273
UKM75,UK,MFH_HIGH,1446422.0863047051,0.423,0.889
UKM75,UK,OTHER,0.0,0.508,0.444
UKM75,UK,SFH,1443726.45580998,0.761,0.333
UKM76,UK,MFH_HIGH,155240.2710946024,0.467,0.7
UKM76,UK,OTHER,0.0,0.561,0.35
UKM76,UK,SFH,709238.1423606541,0.841,0.263
UKM77,UK,MFH_HIGH,467239.6278057767,0.44,0.814
UKM77,UK,OTHER,0.0,0.529,0.407
UKM77,UK,SFH,1318085.037565936,0.793,0.305
UKM78,UK,MFH_HIGH,190235.6322839828,0.465,0.708
UKM78,UK,OTHER,0.0,0.558,0.354
UKM78,UK,SFH,896853.1692823004,0.837,0.266
UKM81,UK,MFH_HIGH,314520.07112349407,0.451,0.771
UKM81,UK,OTHER,0.0,0.541,0.386
UKM81,UK,SFH,972190.8722097724,0.811,0.289
UKM82,UK,MFH_HIGH,1878891.9973278583,0.405,0.9
UKM82,UK,OTHER,0.0,0.486,0.482
UKM82,UK,SFH,1198416.669499514,0.729,0.362
UKM83,UK,MFH_HIGH,649797.2780485621,0.439,0.818
UKM83,UK,OTHER,0.0,0.527,0.409
UKM83,UK,SFH,1388696.980323591,0.791,0.307
UKM84,UK,MFH_HIGH,474229.9039572904,0.449,0.777
UKM84,UK,OTHER,0.0,0.539,0.389
UKM84,UK,SFH,1288914.3281414986,0.808,0.291
UKM91,UK,MFH_HIGH,294144.3271983608,0.442,0.809
UKM91,UK,OTHER,0.0,0.53,0.404
UKM91,UK,SFH,734948.3780833202,0.795,0.303
UKM92,UK,MFH_HIGH,285849.823467646,0.443,0.801
UKM92,UK,OTHER,0.0,0.532,0.401
UKM92,UK,SFH,843964.3862621847,0.798,0.301
UKM93,UK,MFH_HIGH,352516.8684439168,0.448,0.781
UKM93,UK,OTHER,0.0,0.538,0.391
UKM93,UK,SFH,1054428.8773588915,0.807,0.293
UKM94,UK,MFH_HIGH,168435.18546838887,0.455,0.751
UKM94,UK,OTHER,0.0,0.546,0.375
UKM94,UK,SFH,589714.0186654166,0.82,0.281
UKM95,UK,MFH_HIGH,491693.8824366933,0.454,0.758
UKM95,UK,OTHER,0.0,0.544,0.379
UKM95,UK,SFH,1487695.1431946023,0.816,0.284
UKN06,UK,MFH_HIGH,506882.64780089,0.46,0.731
UKN06,UK,OTHER,0.0,0.552,0.365
UKN06,UK,SFH,1257800.951981359,0.828,0.274
UKN07,UK,MFH_HIGH,199360.8950879386,0.455,0.754
UKN07,UK,OTHER,0.0,0.545,0.377
UKN07,UK,SFH,851482.3329934787,0.818,0.283
UKN08,UK,MFH_HIGH,207827.73164553283,0.46,0.732
UKN08,UK,OTHER,0.0,0.552,0.366
UKN08,UK,SFH,1120916.1436303249,0.827,0.275
UKN09,UK,MFH_HIGH,207065.80772056128,0.458,0.741
UKN09,UK,OTHER,0.0,0.549,0.37
UKN09,UK,SFH,913177.156152582,0.824,0.278
UKN10,UK,MFH_HIGH,144262.1150973315,0.465,0.71
UKN10,UK,OTHER,0.0,0.558,0.355
UKN10,UK,SFH,739155.5034789754,0.837,0.266
UKN11,UK,MFH_HIGH,181389.14414773657,0.434,0.844
UKN11,UK,OTHER,0.0,0.52,0.422
UKN11,UK,SFH,552341.7775844531,0.78,0.316
UKN12,UK,MFH_HIGH,205889.37304913925,0.453,0.759
UKN12,UK,OTHER,0.0,0.544,0.379
UKN12,UK,SFH,865033.8041114106,0.816,0.284
UKN13,UK,MFH_HIGH,139836.34837501022,0.459,0.736
UKN13,UK,OTHER,0.0,0.551,0.368
UKN13,UK,SFH,659095.9064894207,0.826,0.276
UKN14,UK,MFH_HIGH,162697.9426911604,0.458,0.741
UKN14,UK,OTHER,0.0,0.549,0.371
UKN14,UK,SFH,712598.4676155703,0.824,0.278
UKN15,UK,MFH_HIGH,155439.11280846782,0.456,0.746
UKN15,UK,OTHER,0.0,0.548,0.373
UKN15,UK,SFH,623448.9193085437,0.822,0.28
UKN16,UK,MFH_HIGH,196550.2981946506,0.436,0.832
UKN16,UK,OTHER,0.0,0.523,0.416
UKN16,UK,SFH,677788.1320283494,0.785,0.312
