nuts3,building_class,building_count,total_footprint_m2,total_heated_area_m2,mean_floors,median_height_m,source
DE111,MFH_HIGH,1371,554619.1944824393,3508436.238997554,7.52071480671043,16.2,EUBUCCO
DE111,MFH_LOW,34513,6492564.91349823,17877935.44220508,3.1232868774085127,11.7,EUBUCCO
DE111,NON_RESIDENTIAL,80645,11384548.523199966,0.0,1.529747659495319,5.5,EUBUCCO
DE111,SFH,62142,5196306.452449478,7699347.098857508,1.7072623990215956,8.6,EUBUCCO
DE112,MFH_HIGH,436,295211.4565316567,2092968.1085719264,8.226605504587157,16.9,EUBUCCO
DE112,MFH_LOW,12610,3188851.5158953913,7645357.333984629,2.8109199048374305,10.4,EUBUCCO
DE112,NON_RESIDENTIAL,103404,12398967.488908544,0.0,1.2369811612703572,5.0,EUBUCCO
DE112,SFH,88427,8589582.563504733,11484693.576757157,1.5722799597408033,7.9,EUBUCCO
DE113,MFH_HIGH,260,132887.27045465482,807692.6229784008,7.128846153846154,15.850000000000001,EUBUCCO
DE113,MFH_LOW,18190,4660255.804465654,10906760.07568441,2.7031061022539857,10.9,EUBUCCO
DE113,NON_RESIDENTIAL,124955,14433585.322008394,0.0,1.2313296786843262,5.0,EUBUCCO
DE113,SFH,118470,11694915.178402338,15817497.223238332,1.5820655018148053,8.1,EUBUCCO
DE114,MFH_HIGH,40,37483.110480642135,228801.6264017418,7.1975,18.2,EUBUCCO
DE114,MFH_LOW,8292,2160905.9926120755,4569100.853153906,2.5199348769898697,10.6,EUBUCCO
DE114,NON_RESIDENTIAL,80089,8854676.945613474,0.0,1.226977487545106,4.9,EUBUCCO
DE114,SFH,65837,6944087.814576775,9105818.59147016,1.522813919224752,7.9,EUBUCCO
DE115,MFH_HIGH,222,114057.94871775161,900523.0125983715,8.240540540540541,15.8,EUBUCCO
DE115,MFH_LOW,18043,4915562.788898027,11369379.653554263,2.6644294186110957,10.8,EUBUCCO
DE115,NON_RESIDENTIAL,128837,16365131.122621922,0.0,1.232109564798932,4.8,EUBUCCO
DE115,SFH,119533,11692341.44873079,15550613.294815369,1.5506897676792184,8.0,EUBUCCO
DE116,MFH_HIGH,145,80035.79298380701,538221.483188214,8.22896551724138,16.9,EUBUCCO
DE116,MFH_LOW,13074,3673702.24810517,7844937.678887477,2.5024170108612513,10.8,EUBUCCO
DE116,NON_RESIDENTIAL,118609,12593511.455290774,0.0,1.2188400542960482,4.8,EUBUCCO
DE116,SFH,111903,10816574.024329081,14093016.3836464,1.5006032009865686,8.2,EUBUCCO
DE117,MFH_HIGH,123,84761.38575430583,586447.9690845126,7.555284552845528,17.4,EUBUCCO
DE117,MFH_LOW,4940,1207131.1983273935,3102273.2012902102,2.97251012145749,11.6,EUBUCCO
DE117,NON_RESIDENTIAL,28241,4550773.121521791,0.0,1.3294536312453524,4.9,EUBUCCO
DE117,SFH,20019,1831247.3522214429,2520723.6754961195,1.5845296967880513,7.9,EUBUCCO
DE118,MFH_HIGH,18,10819.031664935437,61483.92753326605,6.266666666666667,16.65,EUBUCCO
DE118,MFH_LOW,7053,2170349.0634912644,3892056.5780780446,2.101361122926414,9.6,EUBUCCO
DE118,NON_RESIDENTIAL,138479,15092840.317779424,0.0,1.1732450407643038,4.6,EUBUCCO
DE118,SFH,104906,11273681.385632796,13684860.087300168,1.4146264274684002,7.2,EUBUCCO
DE119,MFH_HIGH,4,994.6273255312165,6096.918537341919,7.0,14.55,EUBUCCO
DE119,MFH_LOW,3562,1150402.609478895,1912143.2172097422,1.9900056148231329,9.6,EUBUCCO
DE119,NON_RESIDENTIAL,49911,6712234.616699612,0.0,1.1589429183947426,4.9,EUBUCCO
DE119,SFH,40847,4550409.2958248835,5377261.515995137,1.368923054324675,7.7,EUBUCCO
DE11A,MFH_HIGH,17,7096.799424525563,41617.33521752601,6.652941176470588,18.1,EUBUCCO
DE11A,MFH_LOW,6758,2345434.4543304374,3738697.513030595,1.9098697839597514,10.1,EUBUCCO
DE11A,NON_RESIDENTIAL,99887,12465831.918515716,0.0,1.167224964209557,5.0,EUBUCCO
DE11A,SFH,68968,7960872.30277621,9380104.58048594,1.368797123303561,8.2,EUBUCCO
DE11B,MFH_HIGH,24,10457.252888540748,65950.6364999824,6.745833333333334,16.85,EUBUCCO
DE11B,MFH_LOW,3944,1101271.4773992088,1925150.7285036698,2.0883620689655173,10.3,EUBUCCO
DE11B,NON_RESIDENTIAL,63953,7773578.168489509,0.0,1.1865776429565462,5.3,EUBUCCO
DE11B,SFH,60481,6290284.894318453,7593270.588029108,1.3804566723433804,7.9,EUBUCCO
DE11C,MFH_HIGH,14,11814.185271395767,91487.26990015227,8.314285714285715,17.799999999999997,EUBUCCO
DE11C,MFH_LOW,3251,1016228.4003414839,1961699.9110527732,2.2214395570593664,10.3,EUBUCCO
DE11C,NON_RESIDENTIAL,54374,6762582.312011154,0.0,1.198968256887483,4.8,EUBUCCO
DE11C,SFH,40052,4293314.149177213,5344144.910056382,1.4445420952761412,7.8,EUBUCCO
DE11D,MFH_HIGH,56,17714.43468963669,105133.59776096005,6.9750000000000005,12.6,EUBUCCO
DE11D,MFH_LOW,8399,2639327.9716908108,4517107.683655659,2.0512084771996664,9.8,EUBUCCO
DE11D,NON_RESIDENTIAL,130244,15447190.052053126,0.0,1.1808674487884279,4.9,EUBUCCO
DE11D,SFH,93919,10909503.888873173,13151243.434783887,1.4056389016067037,7.9,EUBUCCO
DE121,MFH_HIGH,15,9222.156049635218,43951.156937774635,5.86,16.7,EUBUCCO
DE121,MFH_LOW,3363,809153.8954202444,1992872.9662182094,2.81900089206066,10.3,EUBUCCO
DE121,NON_RESIDENTIAL,14214,1695695.515942511,0.0,1.3155972984381596,4.9,EUBUCCO
DE121,SFH,10410,1141889.6918884057,1579015.8997320193,1.6107012487992316,6.9,EUBUCCO
DE122,MFH_HIGH,827,358718.2403271125,2361814.993693036,7.191898428053205,16.4,EUBUCCO
DE122,MFH_LOW,14294,3093092.8476102445,9096957.183208667,3.3713656079473906,12.3,EUBUCCO
DE122,NON_RESIDENTIAL,60715,8656859.08491479,0.0,1.3396969447418265,4.1,EUBUCCO
DE122,SFH,33074,3181644.067127249,4519912.2512083305,1.6761444034589104,7.4,EUBUCCO
DE123,MFH_HIGH,100,45261.726075075974,300903.2636397432,7.899,15.8,EUBUCCO
DE123,MFH_LOW,8703,2263598.1444692607,4567840.014926253,2.3500976674709873,9.3,EUBUCCO
DE123,NON_RESIDENTIAL,178320,17596578.370442893,0.0,1.1850011215791834,4.5,EUBUCCO
DE123,SFH,133307,14133815.907873137,17833997.601779558,1.4727036089627703,6.8,EUBUCCO
DE124,MFH_HIGH,52,27883.629192445453,179857.1471119995,7.609615384615385,16.4,EUBUCCO
DE124,MFH_LOW,4940,1483959.7377354486,3317432.790200713,2.518076923076923,9.4,EUBUCCO
DE124,NON_RESIDENTIAL,89927,10311501.960007811,0.0,1.2016468913674425,4.5,EUBUCCO
DE124,SFH,64481,6894921.38577044,8740286.354385288,1.4750686248662397,6.5,EUBUCCO
DE125,MFH_HIGH,454,204163.54246034278,1217562.6111892767,7.028854625550661,15.649999999999999,EUBUCCO
DE125,MFH_LOW,8789,1747479.7286496407,4947531.667707224,3.1544885652520196,11.4,EUBUCCO
DE125,NON_RESIDENTIAL,20263,3690443.9495240096,0.0,1.415111286581454,4.6,EUBUCCO
DE125,SFH,19975,1662360.5359958548,2400250.373294255,1.6753942428035045,7.6,EUBUCCO
DE126,MFH_HIGH,909,403962.7294641864,2841467.2844134513,6.94895489548955,16.5,EUBUCCO
DE126,MFH_LOW,15967,3176012.1497762343,9412998.506980762,3.3834721613327488,11.6,EUBUCCO
DE126,NON_RESIDENTIAL,48049,9526837.021232145,0.0,1.399758579783138,4.2,EUBUCCO
DE126,SFH,35802,3042686.685773297,4273855.459292294,1.6220155298586671,7.4,EUBUCCO
DE127,MFH_HIGH,1,460.08937641006787,2424.671013681058,6.2,20.3,EUBUCCO
DE127,MFH_LOW,3109,928575.5358697249,1518954.8582298611,1.9490511418462528,8.7,EUBUCCO
DE127,NON_RESIDENTIAL,67011,6912821.616263747,0.0,1.1469579621256212,4.7,EUBUCCO
DE127,SFH,63114,6579710.530886358,7639562.116163358,1.3362629527521626,7.1,EUBUCCO
DE128,MFH_HIGH,238,144520.33898429174,948303.9198538301,7.973949579831933,15.9,EUBUCCO
DE128,MFH_LOW,12280,3208911.954815503,6729071.0528898835,2.433672638436482,9.7,EUBUCCO
DE128,NON_RESIDENTIAL,159995,16386622.312436154,0.0,1.1787199599987501,4.4,EUBUCCO
DE128,SFH,173494,16277197.405265518,20625468.131668825,1.4630724981843752,7.1,EUBUCCO
DE129,MFH_HIGH,301,130435.4453882371,702975.9393589185,6.290697674418604,17.5,EUBUCCO
DE129,MFH_LOW,6700,1466706.8502711614,4139343.5550158704,3.1759552238805973,11.8,EUBUCCO
DE129,NON_RESIDENTIAL,22587,2812581.862602709,0.0,1.340151414530482,4.8,EUBUCCO
DE129,SFH,14384,1443437.4652233433,1998891.2731930048,1.6176932703003337,7.5,EUBUCCO
DE12A,MFH_HIGH,15,8414.883900003068,43927.77682070249,6.16,18.1,EUBUCCO
DE12A,MFH_LOW,4244,1248357.8981812967,2388413.916074937,2.2564090480678605,9.8,EUBUCCO
DE12A,NON_RESIDENTIAL,68643,6082065.582824014,0.0,1.1790466617135031,4.9,EUBUCCO
DE12A,SFH,46154,5205985.792804481,6558485.615789402,1.4628634571218095,7.6,EUBUCCO
DE12B,MFH_HIGH,22,11852.83561352812,69904.10912727201,6.781818181818181,18.15,EUBUCCO
DE12B,MFH_LOW,3341,926257.7356450006,1714184.6293225558,2.200927865908411,9.0,EUBUCCO
DE12B,NON_RESIDENTIAL,88601,6923358.477009222,0.0,1.1630624936513132,4.7,EUBUCCO
DE12B,SFH,65109,6944411.812243177,8575750.590843521,1.442226113133361,6.7,EUBUCCO
DE12C,MFH_HIGH,16,9551.224072745974,65871.56486170112,7.89375,15.45,EUBUCCO
DE12C,MFH_LOW,4046,1119979.1669700365,2125979.2476637987,2.267301038062284,10.3,EUBUCCO
DE12C,NON_RESIDENTIAL,57805,5662854.089068055,0.0,1.2067779603840498,5.0,EUBUCCO
DE12C,SFH,34183,3999017.523310569,5220582.023361805,1.5205979580493227,7.8,EUBUCCO
DE131,MFH_HIGH,532,330010.66240987927,2158588.0026060226,7.874436090225563,15.7,EUBUCCO
DE131,MFH_LOW,10712,2616711.7306451,7263245.3990388,3.1879667662434654,11.2,EUBUCCO
DE131,NON_RESIDENTIAL,31853,4716722.74264756,0.0,1.3628449439613222,4.5,EUBUCCO
DE131,SFH,22675,2079479.7198229393,2878217.2433793447,1.590800441014333,6.8,EUBUCCO
DE132,MFH_HIGH,16,12570.795189284012,76905.7926915668,6.875,15.4,EUBUCCO
DE132,MFH_LOW,6487,2095453.4673600395,4029753.325334802,2.1984738708185603,8.6,EUBUCCO
DE132,NON_RESIDENTIAL,108087,10112426.477790711,0.0,1.1869762321093194,4.6,EUBUCCO
DE132,SFH,66318,7606687.587289517,9849884.194394782,1.5058762326970052,6.8,EUBUCCO
DE133,MFH_HIGH,19,14175.77279464895,92820.72723890847,9.0,13.9,EUBUCCO
DE133,MFH_LOW,5167,1447317.3660353643,2945804.1152001577,2.330327075672537,9.5,EUBUCCO
DE133,NON_RESIDENTIAL,69771,6587888.49929183,0.0,1.1977526479482878,4.6,EUBUCCO
DE133,SFH,42292,4611419.089654177,6065336.369870526,1.527336139222548,6.8,EUBUCCO
DE134,MFH_HIGH,56,35726.95154046541,240227.00886313355,8.758928571428571,19.1,EUBUCCO
DE134,MFH_LOW,13834,4017428.7545039137,8100039.164416124,2.3289865548648256,9.6,EUBUCCO
DE134,NON_RESIDENTIAL,185980,20704587.601343196,0.0,1.2205828583718679,4.7,EUBUCCO
DE134,SFH,115374,13093876.793142218,17130432.81233314,1.5164525803040547,7.1,EUBUCCO
DE135,MFH_HIGH,10,3799.0409050522658,24489.322117623782,7.38,17.7,EUBUCCO
DE135,MFH_LOW,4222,1204716.6060967615,2190363.659540424,2.218403600189484,10.2,EUBUCCO
DE135,NON_RESIDENTIAL,65480,6909772.985820515,0.0,1.1713271227855835,4.8,EUBUCCO
DE135,SFH,46538,5308139.118979051,6581846.641409752,1.43662383428596,7.3,EUBUCCO
DE136,MFH_HIGH,91,51597.139738301776,310508.5052522661,7.476923076923077,17.6,EUBUCCO
DE136,MFH_LOW,7842,2279579.3130023777,4826923.403953193,2.4739607243050243,10.3,EUBUCCO
DE136,NON_RESIDENTIAL,81923,9244322.956439,0.0,1.1920974573685046,4.8,EUBUCCO
DE136,SFH,50240,5644149.179683833,7285633.297290194,1.5059952229299363,7.4,EUBUCCO
DE137,MFH_HIGH,27,13651.971573080342,75393.80105479104,6.859259259259259,17.8,EUBUCCO
DE137,MFH_LOW,4599,1352825.8143724576,2468858.332468743,2.174146553598608,9.5,EUBUCCO
DE137,NON_RESIDENTIAL,60206,6362258.117112222,0.0,1.1780935454938046,4.8,EUBUCCO
DE137,SFH,38792,4639652.604452857,6087376.522971766,1.528735306248711,7.5,EUBUCCO
DE138,MFH_HIGH,235,117614.48615176567,789732.5017499626,8.246808510638298,15.4,EUBUCCO
DE138,MFH_LOW,10609,3068635.6101667467,6959371.452654004,2.753586577434254,10.4,EUBUCCO
DE138,NON_RESIDENTIAL,82959,10285879.189050736,0.0,1.2011692522812474,4.7,EUBUCCO
DE138,SFH,65682,6894884.929920862,8890171.007742355,1.4889436984257483,7.7,EUBUCCO
DE139,MFH_HIGH,40,38878.74267396386,248485.520433696,8.265,10.1,EUBUCCO
DE139,MFH_LOW,7488,2286086.814282349,4967670.779040536,2.447262286324786,8.8,EUBUCCO
DE139,NON_RESIDENTIAL,78625,7578739.140568789,0.0,1.185655961844197,4.7,EUBUCCO
DE139,SFH,52615,5688452.266502989,7353636.747454912,1.4968754157559632,6.6,EUBUCCO
DE13A,MFH_HIGH,23,10517.94804314434,72417.6842312175,7.921739130434782,10.2,EUBUCCO
DE13A,MFH_LOW,5915,1872699.1179362405,3392168.7568259565,2.1085714285714285,8.5,EUBUCCO
DE13A,NON_RESIDENTIAL,73157,7490594.274457493,0.0,1.1873422912366554,4.8,EUBUCCO
DE13A,SFH,49304,5696609.196558418,7350042.443444254,1.4791497647249716,7.1,EUBUCCO
DE141,MFH_HIGH,104,57075.67546504638,429101.7901013329,8.675,18.3,EUBUCCO
DE141,MFH_LOW,9786,2588310.5232635965,5523395.486527887,2.5217657878602084,10.5,EUBUCCO
DE141,NON_RESIDENTIAL,106921,10491785.009425426,0.0,1.2369871213325725,5.0,EUBUCCO
DE141,SFH,79886,8382018.504286613,11137515.383374576,1.5610194527201262,7.8,EUBUCCO
DE142,MFH_HIGH,187,86731.37644616401,538058.128378183,7.650267379679144,14.8,EUBUCCO
DE142,MFH_LOW,6268,1613234.9360059283,3677131.8005200434,2.7130504148053607,10.3,EUBUCCO
DE142,NON_RESIDENTIAL,73118,6894364.416534018,0.0,1.20156185891299,4.8,EUBUCCO
DE142,SFH,58423,6015509.713105345,7789625.153622426,1.5018040840080105,7.5,EUBUCCO
DE143,MFH_HIGH,9,3662.7741674169843,28894.97297740123,9.233333333333333,17.8,EUBUCCO
DE143,MFH_LOW,6034,1664719.1385496252,3189004.6547572906,2.279532648326152,10.3,EUBUCCO
DE143,NON_RESIDENTIAL,92655,8013556.688082017,0.0,1.2000949759861854,5.1,EUBUCCO
DE143,SFH,65409,7491304.1068419805,9707199.969278352,1.5121863963674724,7.5,EUBUCCO
DE144,MFH_HIGH,224,105322.87229426978,677847.9290191077,7.755803571428571,14.3,EUBUCCO
DE144,MFH_LOW,6529,1488236.7329388338,4015660.0360386013,3.0737632102925407,11.1,EUBUCCO
DE144,NON_RESIDENTIAL,24158,4454996.208467659,0.0,1.3403675800976902,5.0,EUBUCCO
DE144,SFH,18856,1852341.158957316,2503739.719272548,1.593248833262622,7.9,EUBUCCO
DE145,MFH_HIGH,18,7610.762550081519,49349.40943815051,7.4944444444444445,16.0,EUBUCCO
DE145,MFH_LOW,5794,1888258.8119512873,3151930.31673527,1.9955988954090438,9.1,EUBUCCO
DE145,NON_RESIDENTIAL,91206,11321853.852414502,0.0,1.183094313970572,4.9,EUBUCCO
DE145,SFH,70118,7881918.792802893,9767476.298979672,1.4342322941327477,7.6,EUBUCCO
DE146,MFH_HIGH,29,12526.22128220632,95016.27164073594,8.87241379310345,17.4,EUBUCCO
DE146,MFH_LOW,5861,1868648.3939041498,3096244.180946728,1.9698003753625661,8.9,EUBUCCO
DE146,NON_RESIDENTIAL,112241,13030896.575589253,0.0,1.1667055710480128,4.8,EUBUCCO
DE146,SFH,68974,8331848.955146099,10233961.289061487,1.4338881317597936,7.4,EUBUCCO
DE147,MFH_HIGH,74,32245.221456840867,197040.4457301508,7.536486486486487,15.25,EUBUCCO
DE147,MFH_LOW,7471,2368219.8169611334,4805125.523515774,2.3563779949136663,9.9,EUBUCCO
DE147,NON_RESIDENTIAL,74929,8659247.598935338,0.0,1.187829812222237,4.7,EUBUCCO
DE147,SFH,54319,5948824.911154696,7621826.8545255205,1.484915038936652,7.7,EUBUCCO
DE148,MFH_HIGH,32,14201.881674658482,101450.14699269568,8.11875,16.85,EUBUCCO
DE148,MFH_LOW,9177,2830580.672875586,5172775.468761643,2.175667429443173,9.5,EUBUCCO
DE148,NON_RESIDENTIAL,118828,15737285.265779534,0.0,1.1877562527350458,4.9,EUBUCCO
DE148,SFH,76371,8658178.49788129,11010717.549547076,1.4799491953752077,7.7,EUBUCCO
DE149,MFH_HIGH,1,1637.5778233220476,7098.899864101077,5.1,20.2,EUBUCCO
DE149,MFH_LOW,4328,1398683.5070114564,2328805.7713582194,1.9652726432532348,9.0,EUBUCCO
DE149,NON_RESIDENTIAL,76166,8450447.932174342,0.0,1.162728776619489,4.8,EUBUCCO
DE149,SFH,45514,5477106.425078327,6782419.921035972,1.4441007162631279,7.5,EUBUCCO
DE211,MFH_HIGH,133,73476.36118755201,413911.6368626464,6.496240601503759,25.0,EUBUCCO
DE211,MFH_LOW,16525,2453905.257618826,5962919.963704844,2.6053373676248106,10.0,EUBUCCO
DE211,NON_RESIDENTIAL,55135,5847602.936741002,0.0,1.1250838850095222,3.0,EUBUCCO
DE211,SFH,12423,1439759.827179357,2295319.1751047913,1.86158737825002,8.0,EUBUCCO
DE212,MFH_HIGH,7712,2819258.5056744115,17327673.191602614,6.961929460580913,22.4,EUBUCCO
DE212,MFH_LOW,60483,13414689.015366934,42537052.543392055,3.619541028057471,14.1,EUBUCCO
DE212,NON_RESIDENTIAL,167827,20403167.051545694,0.0,1.3855190166063864,3.0,EUBUCCO
DE212,SFH,89048,8372738.913752679,12512733.678718552,1.7543358638037914,9.3,EUBUCCO
DE213,MFH_HIGH,52,28832.872159714712,163283.4799428444,6.574999999999999,23.6,EUBUCCO
DE213,MFH_LOW,6735,1063718.0715458854,2729498.0479914634,2.668314773570898,9.8,EUBUCCO
DE213,NON_RESIDENTIAL,15181,1735871.630960441,0.0,1.240386008826823,3.4,EUBUCCO
DE213,SFH,3547,379747.6681328811,602882.9772382835,1.8721454750493374,7.7,EUBUCCO
DE214,MFH_HIGH,76,36494.39711839415,184043.02368659573,5.927631578947368,21.65,EUBUCCO
DE214,MFH_LOW,14594,2244722.5735386387,4876514.782527389,2.398115663971495,9.8,EUBUCCO
DE214,NON_RESIDENTIAL,67863,8048991.241936374,0.0,1.1970322561631521,4.5,EUBUCCO
DE214,SFH,17855,2114890.742153986,3367824.080026525,1.8738896667600113,8.1,EUBUCCO
DE215,MFH_HIGH,27,16822.132300245237,102679.57008542136,7.003703703703703,21.5,EUBUCCO
DE215,MFH_LOW,14797,2398126.0109740966,5255085.858296287,2.4277826586470233,9.3,EUBUCCO
DE215,NON_RESIDENTIAL,55638,4977535.5592584135,0.0,1.3044142492541069,4.4,EUBUCCO
DE215,SFH,8862,1030674.7730062385,1651869.0687010137,1.8700970435567592,7.5,EUBUCCO
DE216,MFH_HIGH,21,14799.693639454774,77603.87005097588,5.771428571428571,21.5,EUBUCCO
DE216,MFH_LOW,18731,2616104.5782179018,5785613.973663949,2.4913245422027654,9.5,EUBUCCO
DE216,NON_RESIDENTIAL,61175,5803926.605971295,0.0,1.2000261544748674,4.4,EUBUCCO
DE216,SFH,12247,1317879.270993593,2052296.2562665294,1.8010206581203558,7.6,EUBUCCO
DE217,MFH_HIGH,37,14481.997937179927,77939.58609661831,6.402702702702703,22.3,EUBUCCO
DE217,MFH_LOW,19443,2598845.1064572427,5673939.334150202,2.4698863344134137,10.5,EUBUCCO
DE217,NON_RESIDENTIAL,63087,6882640.1340829125,0.0,1.1504002409371186,4.2,EUBUCCO
DE217,SFH,17483,1954922.583570291,3103314.403229334,1.8606303266029858,8.9,EUBUCCO
DE218,MFH_HIGH,50,24714.27593953405,143142.56206954224,6.818,23.549999999999997,EUBUCCO
DE218,MFH_LOW,13300,1964864.2813626002,4407530.174832107,2.5638045112781955,9.8,EUBUCCO
DE218,NON_RESIDENTIAL,58554,6273751.416012116,0.0,1.1886941968097824,4.0,EUBUCCO
DE218,SFH,22297,2336144.4593813117,3579416.3904240606,1.8217562900838677,8.7,EUBUCCO
DE219,MFH_HIGH,5,1811.7044103487517,9778.677700901353,6.4,15.4,EUBUCCO
DE219,MFH_LOW,19185,2833732.8845587894,5992926.041328444,2.4524003127443317,10.0,EUBUCCO
DE219,NON_RESIDENTIAL,111245,9303333.140760982,0.0,1.1268919951458494,3.9,EUBUCCO
DE219,SFH,24093,3079125.9484675373,4941422.517660264,1.885755198605404,8.2,EUBUCCO
DE21A,MFH_HIGH,19,9324.17530361284,51009.3350366915,6.421052631578948,22.5,EUBUCCO
DE21A,MFH_LOW,19241,2732780.4354402507,5838796.9147637915,2.443833480588327,10.1,EUBUCCO
DE21A,NON_RESIDENTIAL,71411,9532745.220630765,0.0,1.1930108806766466,4.8,EUBUCCO
DE21A,SFH,17934,2195430.544235016,3492479.129395032,1.8628972900635663,8.3,EUBUCCO
DE21B,MFH_HIGH,52,24447.9972514383,162848.02742802707,7.6596153846153845,23.65,EUBUCCO
DE21B,MFH_LOW,18437,2759493.4273411506,6202896.322657615,2.555301838693931,10.6,EUBUCCO
DE21B,NON_RESIDENTIAL,84591,9953296.090614349,0.0,1.1970930713669303,4.4,EUBUCCO
DE21B,SFH,23671,2692982.1661876673,4178593.3070583465,1.825676988720375,8.9,EUBUCCO
DE21C,MFH_HIGH,254,113708.72594174383,715518.3086396976,7.316929133858268,23.700000000000003,EUBUCCO
DE21C,MFH_LOW,21818,2876348.3601927483,6372033.237608602,2.457755064625539,9.9,EUBUCCO
DE21C,NON_RESIDENTIAL,71618,6349091.9570276225,0.0,1.1667765086989303,3.4,EUBUCCO
DE21C,SFH,28463,2925705.428819153,4472244.853367923,1.8045989530267366,8.6,EUBUCCO
DE21D,MFH_HIGH,8,6050.1718566675745,38996.74496355896,7.4,21.299999999999997,EUBUCCO
DE21D,MFH_LOW,14376,2331698.063968115,5091707.029693023,2.467730940456316,9.3,EUBUCCO
DE21D,NON_RESIDENTIAL,49688,3887018.846363464,0.0,1.193175414587023,4.2,EUBUCCO
DE21D,SFH,7852,816728.6062545058,1283587.815178821,1.7871752419765665,7.2,EUBUCCO
DE21E,MFH_HIGH,23,14115.658973542952,73529.35801670421,6.043478260869565,19.2,EUBUCCO
DE21E,MFH_LOW,21057,2712184.7533061565,5847697.608489,2.4746687562330814,9.5,EUBUCCO
DE21E,NON_RESIDENTIAL,73441,7429037.522917718,0.0,1.1863073759888891,4.4,EUBUCCO
DE21E,SFH,14590,1710802.2456349616,2754914.565026491,1.885442083618917,7.8,EUBUCCO
DE21F,MFH_HIGH,5,3959.6179580947473,26937.539292416506,9.32,24.2,EUBUCCO
DE21F,MFH_LOW,14681,2344093.2715205466,5098383.8629339095,2.482146992711668,9.3,EUBUCCO
DE21F,NON_RESIDENTIAL,48714,4749831.925197439,0.0,1.197665968715359,4.3,EUBUCCO
DE21F,SFH,12126,1391575.2885678024,2173720.6300670397,1.8187530925284514,7.4,EUBUCCO
DE21G,MFH_HIGH,84,52173.19410348958,278336.52596636367,6.455952380952381,21.35,EUBUCCO
DE21G,MFH_LOW,16742,2564773.7993914383,5478092.235790328,2.3906164138095805,9.7,EUBUCCO
DE21G,NON_RESIDENTIAL,74839,9083184.752969466,0.0,1.1735792835286414,4.5,EUBUCCO
DE21G,SFH,17469,2122547.1783504165,3378651.1382675315,1.8727975270479136,8.1,EUBUCCO
DE21H,MFH_HIGH,644,212252.366125581,1396633.2248762487,7.625,23.8,EUBUCCO
DE21H,MFH_LOW,20605,3521573.4896472236,8510974.47301663,2.7571657364717304,10.3,EUBUCCO
DE21H,NON_RESIDENTIAL,107770,11959611.356401334,0.0,1.2320961306486036,3.4,EUBUCCO
DE21H,SFH,54900,5346717.597834079,7999090.495018562,1.7757868852459016,8.9,EUBUCCO
DE21I,MFH_HIGH,9,4352.216205747587,23825.28385364265,6.4,27.6,EUBUCCO
DE21I,MFH_LOW,15191,2312825.4248270155,4939382.078452466,2.444098479362781,10.0,EUBUCCO
DE21I,NON_RESIDENTIAL,81884,7937754.325345503,0.0,1.142971764935763,4.2,EUBUCCO
DE21I,SFH,15539,1942979.9985829701,3135969.873143354,1.8970718836475964,8.4,EUBUCCO
DE21J,MFH_HIGH,6,2355.4926792702495,11791.084670818098,5.766666666666667,21.55,EUBUCCO
DE21J,MFH_LOW,21321,3070865.0166753735,6443396.386759101,2.433267670371934,10.2,EUBUCCO
DE21J,NON_RESIDENTIAL,83629,8716241.004461328,0.0,1.1511688529098758,4.3,EUBUCCO
DE21J,SFH,18458,2327844.444865761,3717805.7526411423,1.880079098493878,8.3,EUBUCCO
DE21K,MFH_HIGH,26,15574.370061961714,74321.2787148683,5.842307692307693,21.35,EUBUCCO
DE21K,MFH_LOW,34005,5196429.741641038,11086176.477651507,2.422099691221879,9.5,EUBUCCO
DE21K,NON_RESIDENTIAL,129987,13942021.003073122,0.0,1.18004800480048,4.3,EUBUCCO
DE21K,SFH,37452,4287187.514405695,6751110.5588654755,1.8462752322973406,7.7,EUBUCCO
DE21L,MFH_HIGH,11,5535.531367335751,29831.393141758646,6.418181818181818,20.6,EUBUCCO
DE21L,MFH_LOW,20498,2986365.8980648587,6547229.7234164,2.482447068006635,9.7,EUBUCCO
DE21L,NON_RESIDENTIAL,58630,4516165.449174362,0.0,1.1423929728807778,3.7,EUBUCCO
DE21L,SFH,16491,1889904.473103908,2909343.53948589,1.799678612576557,7.6,EUBUCCO
DE21M,MFH_HIGH,22,11316.776579443325,64003.3118363141,6.831818181818182,26.25,EUBUCCO
DE21M,MFH_LOW,25358,4190504.5681066657,8899794.1746758,2.389805978389463,9.4,EUBUCCO
DE21M,NON_RESIDENTIAL,103063,11271958.118879471,0.0,1.2192814103994645,4.4,EUBUCCO
DE21M,SFH,26120,3021298.037518607,4790840.995163639,1.8501416539050535,7.6,EUBUCCO
DE21N,MFH_HIGH,18,8749.495557394497,39948.27026010519,5.438888888888889,19.75,EUBUCCO
DE21N,MFH_LOW,22933,3103380.7574321567,6755471.878983886,2.468735010683295,9.6,EUBUCCO
DE21N,NON_RESIDENTIAL,77506,8481638.308775565,0.0,1.1924973550434805,4.4,EUBUCCO
DE21N,SFH,15283,1678389.8852808662,2682918.4788805596,1.8610024209906433,7.5,EUBUCCO
DE221,MFH_HIGH,56,21870.113137660606,122151.43471198488,6.614285714285714,21.45,EUBUCCO
DE221,MFH_LOW,3429,759288.7394344988,1955510.2276447113,2.937357830271216,12.7,EUBUCCO
DE221,NON_RESIDENTIAL,24562,2454573.2169995606,0.0,1.3124623402003095,3.6,EUBUCCO
DE221,SFH,10093,1094410.4175845082,1544670.8516003538,1.653849202417517,9.3,EUBUCCO
DE222,MFH_HIGH,90,31800.575819094473,191897.7987023139,7.1288888888888895,22.3,EUBUCCO
DE222,MFH_LOW,3650,776682.931295535,2014128.726088125,2.9874520547945207,12.3,EUBUCCO
DE222,NON_RESIDENTIAL,21332,2237286.373242162,0.0,1.3664260266266641,4.0,EUBUCCO
DE222,SFH,7602,909072.6962054747,1304598.5396129142,1.6894369902657196,9.0,EUBUCCO
DE223,MFH_HIGH,9,4941.672211639593,32015.76260839279,7.622222222222222,28.2,EUBUCCO
DE223,MFH_LOW,2149,474787.81748073135,1135857.6933692424,2.703024662633783,12.6,EUBUCCO
DE223,NON_RESIDENTIAL,18853,2633573.5196353598,0.0,1.2636291306423382,3.6,EUBUCCO
DE223,SFH,8918,942426.6332760868,1290016.7833146362,1.6018950437317785,8.9,EUBUCCO
DE224,MFH_HIGH,28,12216.176386300123,75611.6716344618,7.278571428571429,24.6,EUBUCCO
DE224,MFH_LOW,5569,1118586.4582099675,2577717.966690206,2.779116537978093,10.3,EUBUCCO
DE224,NON_RESIDENTIAL,92830,9792604.943214202,0.0,1.2218237638694387,4.6,EUBUCCO
DE224,SFH,31990,3984591.864127873,5640433.836973372,1.6504845264145045,8.4,EUBUCCO
DE225,MFH_LOW,5401,1025482.5693949454,2263508.631680629,2.7,10.3,EUBUCCO
DE225,NON_RESIDENTIAL,72143,6368184.503296499,0.0,1.2287429133803696,4.6,EUBUCCO
DE225,SFH,22113,2871046.2705766857,4024972.9478435037,1.6308777642110974,8.7,EUBUCCO
DE226,MFH_HIGH,3,2861.32904512067,15710.781045444866,7.0,18.2,EUBUCCO
DE226,MFH_LOW,3240,767821.8699951827,1563455.1589225184,2.4458333333333333,11.4,EUBUCCO
DE226,NON_RESIDENTIAL,90041,9611812.40951997,0.0,1.1791839273219977,4.5,EUBUCCO
DE226,SFH,35036,4432056.585207105,6081399.850583838,1.6068700764927504,9.0,EUBUCCO
DE227,MFH_HIGH,8,3856.3912035621506,30404.658835691753,8.5,21.35,EUBUCCO
DE227,MFH_LOW,6348,1288835.1247221099,2845202.8606118434,2.7123030875866414,10.5,EUBUCCO
DE227,NON_RESIDENTIAL,133307,14601498.316606527,0.0,1.2242177830121448,4.8,EUBUCCO
DE227,SFH,45909,5773860.703489763,8192855.246506327,1.6606417042409984,8.8,EUBUCCO
DE228,MFH_HIGH,8,3030.578091472623,17937.33121608562,6.875,22.95,EUBUCCO
DE228,MFH_LOW,11387,2309516.0826161606,5070360.505123545,2.6904276806885044,10.3,EUBUCCO
DE228,NON_RESIDENTIAL,172370,16710746.450254602,0.0,1.2401688228810117,4.7,EUBUCCO
DE228,SFH,52662,6900697.180741712,10084940.38745651,1.7142987353309787,8.5,EUBUCCO
DE229,MFH_HIGH,7,3210.644947610631,18520.15424358693,6.857142857142857,22.4,EUBUCCO
DE229,MFH_LOW,3763,840565.3728549014,1753512.3494882083,2.618044113739038,10.3,EUBUCCO
DE229,NON_RESIDENTIAL,67245,6014009.081842237,0.0,1.234088779834932,4.7,EUBUCCO
DE229,SFH,21915,2883980.2404626505,4009088.1163955904,1.6212731006160164,8.9,EUBUCCO
DE22A,MFH_HIGH,5,2605.3304783545336,14445.93457772841,6.2,19.0,EUBUCCO
DE22A,MFH_LOW,5091,1161166.0313673117,2424411.227787493,2.5772932626203104,10.2,EUBUCCO
DE22A,NON_RESIDENTIAL,103739,13508078.578075297,0.0,1.2222683850817917,5.1,EUBUCCO
DE22A,SFH,37312,4736497.053512395,6690014.025678378,1.6417560034305316,8.6,EUBUCCO
DE22B,MFH_HIGH,3,601.9640852285991,4040.432957531581,8.333333333333334,9.0,EUBUCCO
DE22B,MFH_LOW,2880,697792.647202458,1356681.9829382044,2.4336458333333333,10.4,EUBUCCO
DE22B,NON_RESIDENTIAL,97765,10368948.050474688,0.0,1.1933831125658467,4.9,EUBUCCO
DE22B,SFH,34060,4375431.688784247,5922670.915433095,1.580223135642983,8.4,EUBUCCO
DE22C,MFH_HIGH,3,1374.539409344493,7331.475262456056,6.666666666666667,20.8,EUBUCCO
DE22C,MFH_LOW,3704,809419.0168325217,1761097.6718433385,2.666603671706264,10.2,EUBUCCO
DE22C,NON_RESIDENTIAL,83601,11574486.11308231,0.0,1.1934019927991293,4.8,EUBUCCO
DE22C,SFH,29737,3743493.5849350574,5316077.835191811,1.659198977704543,8.5,EUBUCCO
DE231,MFH_HIGH,11,4370.0730965779985,25782.77554049489,7.263636363636365,25.2,EUBUCCO
DE231,MFH_LOW,2805,526560.8106079194,1181012.5348339346,2.5684491978609625,12.4,EUBUCCO
DE231,NON_RESIDENTIAL,17190,2024796.847017756,0.0,1.248022105875509,3.5,EUBUCCO
DE231,SFH,6893,726309.8080499757,1022712.7550075498,1.6521253445524446,9.1,EUBUCCO
DE232,MFH_HIGH,278,129801.18461186725,849289.4784133454,7.323021582733813,23.15,EUBUCCO
DE232,MFH_LOW,9184,1958811.9813400786,5355088.450803056,3.086661585365854,12.9,EUBUCCO
DE232,NON_RESIDENTIAL,32277,5536388.829649957,0.0,1.4022244942218918,3.3,EUBUCCO
DE232,SFH,13520,1462368.4183691607,2147768.774778551,1.7357026627218934,9.6,EUBUCCO
DE233,MFH_HIGH,24,9961.046277706795,53133.07764975325,6.233333333333333,21.95,EUBUCCO
DE233,MFH_LOW,3844,632932.7336910163,1495552.0990911275,2.6600416233090534,12.6,EUBUCCO
DE233,NON_RESIDENTIAL,20125,2348039.8438971974,0.0,1.2104,3.3,EUBUCCO
DE233,SFH,5780,623406.3688174065,892794.7502769753,1.6853633217993078,9.2,EUBUCCO
DE234,MFH_HIGH,1,309.8131632348027,1580.0471324974937,6.0,25.0,EUBUCCO
DE234,MFH_LOW,7154,1245790.8474878438,2689514.480065,2.592773273693039,11.5,EUBUCCO
DE234,NON_RESIDENTIAL,94098,8645403.980424197,0.0,1.1865948266700674,4.3,EUBUCCO
DE234,SFH,27048,3323991.2607124182,4824336.678056258,1.6984767820171547,9.3,EUBUCCO
DE235,MFH_HIGH,6,2338.734231350333,12931.310569357864,6.533333333333334,17.55,EUBUCCO
DE235,MFH_LOW,10642,2011960.2562951166,4582272.129625272,2.7806427363277577,10.3,EUBUCCO
DE235,NON_RESIDENTIAL,132406,13387041.759508988,0.0,1.2041674848571817,4.9,EUBUCCO
DE235,SFH,34282,4601109.00446237,6630462.891886803,1.6851758940551893,8.7,EUBUCCO
DE236,MFH_HIGH,10,4657.510324819513,21137.20363633675,5.34,21.5,EUBUCCO
DE236,MFH_LOW,6013,1169073.865567789,2556506.418639024,2.6032429735572924,11.1,EUBUCCO
DE236,NON_RESIDENTIAL,102205,11237880.154914495,0.0,1.1767741304241475,4.4,EUBUCCO
DE236,SFH,36067,4535523.306387169,6388667.317021417,1.6523192946460752,9.0,EUBUCCO
DE237,MFH_HIGH,3,691.3854250310097,4138.231709090167,6.666666666666667,17.2,EUBUCCO
DE237,MFH_LOW,6634,1103151.434988105,2359900.745812639,2.535393427796201,11.4,EUBUCCO
DE237,NON_RESIDENTIAL,94215,9543616.698624121,0.0,1.208699251711511,4.5,EUBUCCO
DE237,SFH,25118,3060910.185898846,4470288.568490694,1.7140257982323435,9.2,EUBUCCO
DE238,MFH_HIGH,5,1664.5248921667903,9413.64665821052,6.640000000000001,22.7,EUBUCCO
DE238,MFH_LOW,7132,1397531.2318811647,2896395.748970684,2.5462282669657883,11.3,EUBUCCO
DE238,NON_RESIDENTIAL,136784,12003867.57492389,0.0,1.1538915370218739,4.3,EUBUCCO
DE238,SFH,54591,6773951.45097964,9396127.689854912,1.6324174314447437,9.1,EUBUCCO
DE239,MFH_HIGH,3,915.9123551372217,5108.826940117007,6.666666666666667,24.1,EUBUCCO
DE239,MFH_LOW,8275,1534808.8659017587,3294650.7812044416,2.5748157099697884,11.4,EUBUCCO
DE239,NON_RESIDENTIAL,128467,12994844.818311762,0.0,1.140563724536262,4.4,EUBUCCO
DE239,SFH,38836,4942721.072759917,7508079.736069215,1.7799155422803585,9.2,EUBUCCO
DE23A,MFH_HIGH,1,251.15491066443835,1707.8533925181807,8.0,27.8,EUBUCCO
DE23A,MFH_LOW,7334,1287973.8038456496,2713443.3735639323,2.4925961276247617,11.3,EUBUCCO
DE23A,NON_RESIDENTIAL,69272,7438963.258543291,0.0,1.2254792701235708,4.2,EUBUCCO
DE23A,SFH,16928,2065189.0766336962,3088177.8785001626,1.75132915879017,9.2,EUBUCCO
DE241,MFH_HIGH,109,46433.52624758678,290985.71278080664,7.3311926605504585,24.2,EUBUCCO
DE241,MFH_LOW,4316,908417.0722792686,2400449.8971938174,3.091056533827618,14.6,EUBUCCO
DE241,NON_RESIDENTIAL,22086,2998515.9542372394,0.0,1.3865752060128589,3.7,EUBUCCO
DE241,SFH,9852,1041150.8254241059,1489743.5013244555,1.6898396264717823,10.4,EUBUCCO
DE242,MFH_HIGH,77,31448.05827404066,181901.88584602438,6.802597402597402,26.0,EUBUCCO
DE242,MFH_LOW,5224,1046295.5387123489,2537591.4845312163,2.683518376722818,12.3,EUBUCCO
DE242,NON_RESIDENTIAL,23378,2822829.481180754,0.0,1.4332320985541962,3.2,EUBUCCO
DE242,SFH,8705,907114.8011962696,1285380.3161818413,1.6687650775416427,9.3,EUBUCCO
DE243,MFH_HIGH,21,10921.72251996026,76164.31234491506,8.476190476190476,27.1,EUBUCCO
DE243,MFH_LOW,3810,708878.1647958532,1672102.3888710649,2.642755905511811,12.3,EUBUCCO
DE243,NON_RESIDENTIAL,18719,1818733.046349857,0.0,1.3003365564399807,3.2,EUBUCCO
DE243,SFH,6115,674581.6155577587,965682.2346593955,1.6880948487326248,9.0,EUBUCCO
DE244,MFH_HIGH,51,17051.960279361225,86090.01000631668,5.8431372549019605,22.0,EUBUCCO
DE244,MFH_LOW,6178,932591.2199033017,2331182.1223060903,2.7983651667206213,12.1,EUBUCCO
DE244,NON_RESIDENTIAL,19282,2303402.105706108,0.0,1.4520122393942538,3.3,EUBUCCO
DE244,SFH,4005,404480.99279049993,632579.838434994,1.8484893882646691,8.6,EUBUCCO
DE245,MFH_HIGH,9,2524.227037945701,15941.840118883547,7.455555555555555,24.2,EUBUCCO
DE245,MFH_LOW,9157,1470325.1411260995,2921423.934942368,2.3596592770558042,11.5,EUBUCCO
DE245,NON_RESIDENTIAL,111991,9703565.480802394,0.0,1.4199382093203916,4.5,EUBUCCO
DE245,SFH,35019,4328849.721647629,6164486.2179614315,1.6721037151260745,9.4,EUBUCCO
DE246,MFH_HIGH,1,581.7445037875628,2966.8969693165704,6.0,18.3,EUBUCCO
DE246,MFH_LOW,9165,1563602.2387114144,3073342.5827087974,2.330987452264048,11.5,EUBUCCO
DE246,NON_RESIDENTIAL,103384,7980415.143240608,0.0,1.3867813201269055,4.4,EUBUCCO
DE246,SFH,26498,3150182.2246667007,4586409.387466507,1.701588799154653,9.3,EUBUCCO
DE247,MFH_HIGH,3,1078.755610803232,4959.121843324894,5.466666666666666,24.5,EUBUCCO
DE247,MFH_LOW,6696,1142986.5171946795,2263915.6089264746,2.350940860215054,11.4,EUBUCCO
DE247,NON_RESIDENTIAL,72469,6881583.132978969,0.0,1.3270432874746443,4.0,EUBUCCO
DE247,SFH,20509,2430035.2969157873,3443063.5794191766,1.6643619874201572,9.0,EUBUCCO
DE248,MFH_HIGH,15,6772.86244286686,38540.09735622904,6.66,21.6,EUBUCCO
DE248,MFH_LOW,11463,1775977.7093162679,3710259.3711130316,2.4509116287184853,11.4,EUBUCCO
DE248,NON_RESIDENTIAL,79522,6455976.547024856,0.0,1.3951648600387314,4.3,EUBUCCO
DE248,SFH,24483,2911249.9625584553,4148544.579898698,1.6734591349099377,9.4,EUBUCCO
DE249,MFH_HIGH,5,1766.679022002454,10197.309112720131,6.74,26.4,EUBUCCO
DE249,MFH_LOW,13431,1977858.4342354822,3989774.721717462,2.343518725336907,11.0,EUBUCCO
DE249,NON_RESIDENTIAL,82182,7789068.1055845115,0.0,1.3337701686500694,3.8,EUBUCCO
DE249,SFH,20721,2277950.238532021,3454077.4820752377,1.7715071666425366,8.9,EUBUCCO
DE24A,MFH_HIGH,2,1721.8628682965384,10696.222916524313,6.9,26.0,EUBUCCO
DE24A,MFH_LOW,7018,1065719.3804864604,2080357.9302799467,2.288073525220861,11.3,EUBUCCO
DE24A,NON_RESIDENTIAL,54219,4806454.520013097,0.0,1.4034692635423007,4.2,EUBUCCO
DE24A,SFH,16184,1858767.290015795,2736156.451642326,1.7220588235294116,9.3,EUBUCCO
DE24B,MFH_HIGH,3,2764.592481168413,17002.893965731502,7.666666666666667,26.8,EUBUCCO
DE24B,MFH_LOW,6517,1064819.9331318354,2140281.3905593855,2.3539818935092836,11.5,EUBUCCO
DE24B,NON_RESIDENTIAL,61121,6040232.939914761,0.0,1.3462934179741823,4.3,EUBUCCO
DE24B,SFH,17312,1992324.8039447283,2891832.2370222867,1.7010628465804065,9.2,EUBUCCO
DE24C,MFH_HIGH,4,1839.4805087930054,9187.730467971925,6.075,28.75,EUBUCCO
DE24C,MFH_LOW,5758,967035.2332315367,1935746.7791870213,2.3618270232719696,11.4,EUBUCCO
DE24C,NON_RESIDENTIAL,59569,5308646.388157118,0.0,1.3498111433799458,4.0,EUBUCCO
DE24C,SFH,15914,1879132.4633084876,2715297.8079011063,1.6949666959909515,9.3,EUBUCCO
DE24D,MFH_HIGH,12,3711.2607490080204,20169.41537256005,6.533333333333334,25.450000000000003,EUBUCCO
DE24D,MFH_LOW,9915,1517619.4243580063,3169309.955788904,2.3948159354513363,11.4,EUBUCCO
DE24D,NON_RESIDENTIAL,57237,5627389.784086537,0.0,1.3129741251288503,3.5,EUBUCCO
DE24D,SFH,13928,1521863.4532160298,2304229.3953892123,1.772479896611143,8.9,EUBUCCO
DE251,MFH_HIGH,9,7505.384217361577,43750.97964815604,7.211111111111112,23.4,EUBUCCO
DE251,MFH_LOW,2756,569372.8506700561,1211524.4516304873,2.4080914368650217,12.8,EUBUCCO
DE251,NON_RESIDENTIAL,19100,2383088.037059765,0.0,1.2259005235602094,3.5,EUBUCCO
DE251,SFH,7377,799074.2485022502,1121681.2941093347,1.6559983733224888,9.8,EUBUCCO
DE252,MFH_HIGH,167,77684.18733122488,650425.6054696939,9.037125748502994,25.5,EUBUCCO
DE252,MFH_LOW,5767,1241159.0305800254,3322057.736707727,3.0165077163169762,12.4,EUBUCCO
DE252,NON_RESIDENTIAL,27797,3407359.396655944,0.0,1.2867036011080333,3.0,EUBUCCO
DE252,SFH,13799,1445349.9546324562,2002212.8874172384,1.6476846148271616,9.4,EUBUCCO
DE253,MFH_HIGH,269,117475.9673344518,680262.054384327,6.746468401486989,21.7,EUBUCCO
DE253,MFH_LOW,6309,1276332.7196445374,3489829.8586043664,3.1357108892058965,14.2,EUBUCCO
DE253,NON_RESIDENTIAL,29530,3353975.3973476407,0.0,1.361273281408737,3.2,EUBUCCO
DE253,SFH,14017,1363404.622098978,1906691.3364413294,1.6550902475565386,9.6,EUBUCCO
DE254,MFH_HIGH,1670,599561.3335829128,3737976.079494299,7.082634730538922,22.2,EUBUCCO
DE254,MFH_LOW,22791,4551185.549981817,14480907.399611583,3.679983326751788,16.3,EUBUCCO
DE254,NON_RESIDENTIAL,111285,14422887.414191842,0.0,1.3818798580221954,3.0,EUBUCCO
DE254,SFH,50973,4727709.550767372,6549865.186494716,1.6564985384419202,9.9,EUBUCCO
DE255,MFH_HIGH,17,7575.798601182114,60201.98662492843,8.905882352941177,26.7,EUBUCCO
DE255,MFH_LOW,1873,382056.5154621682,868186.6262990948,2.6407367859049655,12.5,EUBUCCO
DE255,NON_RESIDENTIAL,16366,1350160.8228060757,0.0,1.2466638152266896,2.9,EUBUCCO
DE255,SFH,8264,837919.7793698821,1181734.0973804463,1.6599951597289448,9.7,EUBUCCO
DE256,MFH_HIGH,3,1003.7310326047282,7851.528840161838,10.0,19.1,EUBUCCO
DE256,MFH_LOW,5811,1338979.036522643,2520570.0766336545,2.314524178282568,12.0,EUBUCCO
DE256,NON_RESIDENTIAL,173531,18766714.663791623,0.0,1.196287694993978,4.7,EUBUCCO
DE256,SFH,54725,6921160.17965051,9637632.90038101,1.6290799451804476,9.6,EUBUCCO
DE257,MFH_HIGH,21,7195.906557016436,51103.701351951,7.904761904761905,21.5,EUBUCCO
DE257,MFH_LOW,8298,1321290.3231543766,2951268.1458364995,2.692166787177633,11.1,EUBUCCO
DE257,NON_RESIDENTIAL,72737,6234442.120886809,0.0,1.2172236963306158,3.6,EUBUCCO
DE257,SFH,33237,3970155.366836339,5416793.660797779,1.6139061888858803,9.3,EUBUCCO
DE258,MFH_HIGH,56,17026.130357010356,111866.8185858709,7.651785714285714,24.65,EUBUCCO
DE258,MFH_LOW,4567,854421.2295055242,1940373.0896975927,2.7089993431136414,11.6,EUBUCCO
DE258,NON_RESIDENTIAL,58041,4851365.691778862,0.0,1.1845109491566306,3.3,EUBUCCO
DE258,SFH,28211,3133565.653704796,4346313.020712077,1.6370600120520364,9.6,EUBUCCO
DE259,MFH_HIGH,36,14001.170696725068,98338.87124821359,8.13888888888889,24.3,EUBUCCO
DE259,MFH_LOW,10536,1789402.1379170858,3941661.6905709486,2.6174259681093397,11.8,EUBUCCO
DE259,NON_RESIDENTIAL,108872,8049655.809911603,0.0,1.2044896759497392,3.6,EUBUCCO
DE259,SFH,40705,4426192.5300623905,6180589.0876613,1.6389239651148506,9.5,EUBUCCO
DE25A,MFH_HIGH,4,1433.1217582931922,9931.192805175599,8.0,23.4,EUBUCCO
DE25A,MFH_LOW,4470,898123.9661834518,1718505.184012848,2.2937807606263982,11.9,EUBUCCO
DE25A,NON_RESIDENTIAL,91864,10947099.81490955,0.0,1.2619589828442046,5.0,EUBUCCO
DE25A,SFH,27863,3431589.993543691,4761887.391508591,1.6238703657179774,9.4,EUBUCCO
DE25B,MFH_HIGH,4,2880.592121251194,18822.063182525704,7.25,24.8,EUBUCCO
DE25B,MFH_LOW,5786,1088812.7771191716,2247435.4310600054,2.4835292084341516,11.6,EUBUCCO
DE25B,NON_RESIDENTIAL,95937,8937974.071378807,0.0,1.2274377977214213,3.9,EUBUCCO
DE25B,SFH,33095,3835952.277667528,5353073.585708237,1.644535428312434,9.4,EUBUCCO
DE25C,MFH_HIGH,8,3303.904518664835,19627.962564608344,7.0,26.85,EUBUCCO
DE25C,MFH_LOW,4437,918750.8883822572,1877896.465679695,2.4503042596348883,11.9,EUBUCCO
DE25C,NON_RESIDENTIAL,91190,8448165.170876276,0.0,1.271422305077311,4.4,EUBUCCO
DE25C,SFH,25420,3189797.372085136,4491824.192669342,1.6428520849724628,9.5,EUBUCCO
DE261,MFH_HIGH,27,13955.028521640354,80980.93983395658,6.825925925925926,22.2,EUBUCCO
DE261,MFH_LOW,5088,929953.70695012,2398473.306636482,2.919614779874214,12.6,EUBUCCO
DE261,NON_RESIDENTIAL,21762,2927985.7748837676,0.0,1.3551603712894036,3.3,EUBUCCO
DE261,SFH,8172,900352.3499140909,1283369.1193564292,1.6790748898678414,9.9,EUBUCCO
DE262,MFH_HIGH,38,20025.739700031852,127780.00207875941,6.9526315789473685,27.299999999999997,EUBUCCO
DE262,MFH_LOW,4526,780915.0963355785,1916469.5692647863,2.6648254529385773,13.1,EUBUCCO
DE262,NON_RESIDENTIAL,17317,2772669.284595591,0.0,1.3711381879078361,3.1,EUBUCCO
DE262,SFH,5029,523068.01575942367,696165.9823710766,1.603400278385365,9.0,EUBUCCO
DE263,MFH_HIGH,151,66057.41330130977,429126.59703394177,7.755629139072847,24.7,EUBUCCO
DE263,MFH_LOW,9434,1865815.8945591683,4934983.272568255,2.952872588509646,13.2,EUBUCCO
DE263,NON_RESIDENTIAL,33137,4238944.364402926,0.0,1.4926758608202313,3.2,EUBUCCO
DE263,SFH,12055,1279096.0644818342,1767373.832425395,1.6254832019908751,9.3,EUBUCCO
DE264,MFH_HIGH,12,9087.34096002881,93532.72801635585,12.875,48.95,EUBUCCO
DE264,MFH_LOW,17780,2610522.1021296023,5458425.466082279,2.465793025871766,11.4,EUBUCCO
DE264,NON_RESIDENTIAL,107045,8480836.923895841,0.0,1.2480919239572144,3.6,EUBUCCO
DE264,SFH,34234,3868017.127466757,5627612.507808899,1.6985102529648888,9.7,EUBUCCO
DE265,MFH_HIGH,10,4620.725840666709,31646.245439153674,8.22,27.4,EUBUCCO
DE265,MFH_LOW,8894,1457135.5419004536,2950020.710751565,2.369102765909602,11.4,EUBUCCO
DE265,NON_RESIDENTIAL,98195,7762165.969438721,0.0,1.3391313203319926,4.3,EUBUCCO
DE265,SFH,23461,2810917.0231577978,4055388.0245661153,1.6822002472187885,9.4,EUBUCCO
DE266,MFH_HIGH,2,1410.905927715778,7541.616740144569,6.5,23.9,EUBUCCO
DE266,MFH_LOW,6963,1175950.9805240948,2279850.6374780308,2.301780841591268,11.3,EUBUCCO
DE266,NON_RESIDENTIAL,74960,6757333.374626763,0.0,1.3813553895410886,4.7,EUBUCCO
DE266,SFH,20956,2487839.837436843,3544181.1246865303,1.6609133422408855,9.2,EUBUCCO
DE267,MFH_HIGH,4,879.2435306100508,5522.122577922049,7.25,18.450000000000003,EUBUCCO
DE267,MFH_LOW,7540,1213395.6643633493,2335955.168246183,2.273527851458886,11.4,EUBUCCO
DE267,NON_RESIDENTIAL,80326,7504614.870702807,0.0,1.3642158205313348,4.5,EUBUCCO
DE267,SFH,20740,2527851.9196993792,3587950.2814353737,1.6629122468659596,9.2,EUBUCCO
DE268,MFH_HIGH,3,1470.5012070091948,9078.726504222164,7.366666666666667,24.8,EUBUCCO
DE268,MFH_LOW,6670,1227453.4119327997,2442514.7225726955,2.3634632683658174,11.9,EUBUCCO
DE268,NON_RESIDENTIAL,65396,8474304.31140627,0.0,1.365776194262646,4.4,EUBUCCO
DE268,SFH,22175,2696517.668890256,3854656.05764679,1.6745208568207441,9.4,EUBUCCO
DE269,MFH_HIGH,3,1487.4489519860376,10712.950072484418,8.333333333333334,26.6,EUBUCCO
DE269,MFH_LOW,10825,1732838.8252630422,3402361.5426093857,2.312849884526559,11.5,EUBUCCO
DE269,NON_RESIDENTIAL,74582,6975842.95777912,0.0,1.325402912230833,4.0,EUBUCCO
DE269,SFH,29000,3315540.6534139803,4706431.160745152,1.6565137931034484,9.4,EUBUCCO
DE26A,MFH_LOW,14642,2146912.587804239,4399557.730868354,2.403681191094113,11.4,EUBUCCO
DE26A,NON_RESIDENTIAL,103991,8777928.69183891,0.0,1.3277447086767125,4.2,EUBUCCO
DE26A,SFH,27725,3161358.537481624,4531407.363329556,1.6698539224526598,9.4,EUBUCCO
DE26B,MFH_HIGH,4,1931.8208883626148,13334.250180839184,8.0,29.05,EUBUCCO
DE26B,MFH_LOW,8201,1287236.9388542757,2486213.5028515677,2.2620046335812707,11.5,EUBUCCO
DE26B,NON_RESIDENTIAL,92758,8299118.939130565,0.0,1.321305978999116,4.1,EUBUCCO
DE26B,SFH,29360,3440610.7679260657,4879092.962410978,1.666791553133515,9.5,EUBUCCO
DE26C,MFH_HIGH,26,12553.273287894446,83631.44561947614,7.5,24.65,EUBUCCO
DE26C,MFH_LOW,14680,2359709.8475450156,4775929.025220982,2.3892370572207082,11.5,EUBUCCO
DE26C,NON_RESIDENTIAL,100452,8572899.799642067,0.0,1.4024130928204517,4.0,EUBUCCO
DE26C,SFH,36104,4072505.524706221,5806263.001726118,1.6724850432085088,9.4,EUBUCCO
DE271,MFH_HIGH,475,201209.79349692567,1244324.3401666835,7.12,22.9,EUBUCCO
DE271,MFH_LOW,12398,2990853.155200542,8250821.403279618,3.118059364413615,14.0,EUBUCCO
DE271,NON_RESIDENTIAL,59370,7706916.06468256,0.0,1.2894290045477512,3.1,EUBUCCO
DE271,SFH,26568,2421667.0661351033,3443422.5379142403,1.6488369467028006,9.4,EUBUCCO
DE272,MFH_HIGH,8,3207.517234118757,14830.278745516229,5.4625,28.700000000000003,EUBUCCO
DE272,MFH_LOW,2853,668890.7815135145,1419253.79263948,2.4872765509989483,12.1,EUBUCCO
DE272,NON_RESIDENTIAL,12761,1466200.8753797207,0.0,1.2011362745866312,3.5,EUBUCCO
DE272,SFH,6738,608452.6091379531,860194.9633251159,1.6684921341644403,9.3,EUBUCCO
DE273,MFH_HIGH,64,28882.227949864646,185128.83172486376,7.625,25.2,EUBUCCO
DE273,MFH_LOW,3544,812243.3321707363,1994798.9240334462,2.751805869074492,12.7,EUBUCCO
DE273,NON_RESIDENTIAL,17292,2363221.2681473647,0.0,1.3268679157992136,3.5,EUBUCCO
DE273,SFH,6636,680075.0673756528,951846.0767185263,1.6563140446051838,9.3,EUBUCCO
DE274,MFH_HIGH,8,4001.426514013654,23578.17875331724,7.125,24.25,EUBUCCO
DE274,MFH_LOW,2416,510595.1280520218,1173966.4272541031,2.624586092715232,12.2,EUBUCCO
DE274,NON_RESIDENTIAL,14192,2277225.186828449,0.0,1.1923407553551297,3.5,EUBUCCO
DE274,SFH,6966,700210.2910735868,956528.1794543376,1.6080390467987369,9.1,EUBUCCO
DE275,MFH_HIGH,3,1110.0650573426915,7171.730664518487,7.666666666666667,32.8,EUBUCCO
DE275,MFH_LOW,4678,933214.8590265474,1979483.1047960848,2.570906370243694,11.1,EUBUCCO
DE275,NON_RESIDENTIAL,80468,8640933.581586266,0.0,1.1555860714818313,4.0,EUBUCCO
DE275,SFH,35723,4248725.307148878,5897988.456249202,1.6275788707555356,9.2,EUBUCCO
DE276,MFH_HIGH,83,29719.963469116454,184386.48787826835,7.366265060240964,23.6,EUBUCCO
DE276,MFH_LOW,8997,1823754.6670765842,4117106.178244486,2.716705568522841,11.1,EUBUCCO
DE276,NON_RESIDENTIAL,149365,14209060.260150475,0.0,1.1460027449536372,3.7,EUBUCCO
DE276,SFH,63814,7268259.061190628,10130605.196017344,1.6342291660137274,9.3,EUBUCCO
DE277,MFH_HIGH,5,1871.2041570540985,10743.084794284274,7.6,20.4,EUBUCCO
DE277,MFH_LOW,3578,788492.6690664936,1690169.3060649047,2.6447456679709336,10.8,EUBUCCO
DE277,NON_RESIDENTIAL,67951,8674123.582068868,0.0,1.1224956218451532,4.1,EUBUCCO
DE277,SFH,28811,3608453.3338633147,4875143.797351489,1.5819582798236786,9.1,EUBUCCO
DE278,MFH_HIGH,5,2401.3749779919012,12088.374819275643,6.08,24.8,EUBUCCO
DE278,MFH_LOW,3662,817536.3856867679,1713917.5688007653,2.552758055707264,11.7,EUBUCCO
DE278,NON_RESIDENTIAL,86239,9844020.811391348,0.0,1.1414974663435338,4.0,EUBUCCO
DE278,SFH,36627,4247592.6170798335,5930462.950663467,1.629440030578535,9.4,EUBUCCO
DE279,MFH_HIGH,93,47636.815839359784,331554.6050854617,7.963440860215054,22.8,EUBUCCO
DE279,MFH_LOW,5577,1270882.894176085,2891046.4380856273,2.675470683162991,12.2,EUBUCCO
DE279,NON_RESIDENTIAL,84753,9140910.019542076,0.0,1.1268261890434557,3.4,EUBUCCO
DE279,SFH,41030,4438934.584216672,6134325.41620149,1.6186960760419207,9.1,EUBUCCO
DE27A,MFH_HIGH,3,1149.2852970442962,5861.35501492591,6.0,18.5,EUBUCCO
DE27A,MFH_LOW,5486,1116595.1226327817,2458507.867401762,2.609989063069632,11.8,EUBUCCO
DE27A,NON_RESIDENTIAL,38199,3864786.883561462,0.0,1.1957721406319537,4.0,EUBUCCO
DE27A,SFH,13689,1560557.390920739,2186068.377686713,1.6294908320549346,9.0,EUBUCCO
DE27B,MFH_HIGH,16,7420.491401850699,44484.76905101288,7.0,20.4,EUBUCCO
DE27B,MFH_LOW,7003,1525325.8636545965,3126331.1694999146,2.480408396401542,11.0,EUBUCCO
DE27B,NON_RESIDENTIAL,92328,11495175.965699803,0.0,1.1901015943159172,4.5,EUBUCCO
DE27B,SFH,37938,4398038.279704513,6148491.681138927,1.6246006642416575,8.7,EUBUCCO
DE27C,MFH_HIGH,1,395.9725214473401,3029.1897890721516,9.0,27.9,EUBUCCO
DE27C,MFH_LOW,7449,1379894.6353084333,2972354.6242153347,2.6040005369848305,11.2,EUBUCCO
DE27C,NON_RESIDENTIAL,102482,13815213.334667215,0.0,1.1835863859019145,4.5,EUBUCCO
DE27C,SFH,40668,4607162.586433567,6494709.067130241,1.6504745746041114,9.0,EUBUCCO
DE27D,MFH_HIGH,11,4357.191837041956,32764.614898991975,9.909090909090908,28.5,EUBUCCO
DE27D,MFH_LOW,4104,950324.7251790476,1890234.9281583368,2.4278752436647175,12.0,EUBUCCO
DE27D,NON_RESIDENTIAL,105358,13750380.367402311,0.0,1.17540386112113,4.7,EUBUCCO
DE27D,SFH,40265,5175797.420289237,7104444.766794356,1.6039612566745312,9.4,EUBUCCO
DE27E,MFH_HIGH,12,6690.618131258494,39778.41050982808,7.108333333333333,23.75,EUBUCCO
DE27E,MFH_LOW,10246,2235795.4842340164,4859712.570497999,2.5869900448955687,10.9,EUBUCCO
DE27E,NON_RESIDENTIAL,89551,9240117.423535872,0.0,1.2004087056537616,4.3,EUBUCCO
DE27E,SFH,30792,3596882.527895098,5049353.6174819,1.6233664588204728,8.9,EUBUCCO
DE300,MFH_HIGH,13378,3158183.853207686,20159142.742930334,7.347705187621469,9.8,EUBUCCO
DE300,MFH_LOW,121159,20659450.30622647,59327354.55562123,3.3669962611114324,10.5,EUBUCCO
DE300,NON_RESIDENTIAL,437682,37350829.36128266,0.0,1.7911328315991975,3.8,EUBUCCO
DE300,SFH,261452,13447253.175024165,17095032.51022875,1.4634896654070346,8.6,EUBUCCO
DE401,MFH_HIGH,40,22444.695784680564,124315.58072247275,6.44,16.95,EUBUCCO
DE401,MFH_LOW,2642,826425.4388358896,2160093.4245980447,2.960446631339894,11.2,EUBUCCO
DE401,NON_RESIDENTIAL,39039,3717410.7959109615,0.0,1.1735648966418197,4.1,EUBUCCO
DE401,SFH,14658,1168168.7781921853,1364519.5724140222,1.311659162232228,6.8,EUBUCCO
DE402,MFH_HIGH,214,102843.34244577395,671341.5914739511,7.380373831775701,18.55,EUBUCCO
DE402,MFH_LOW,2215,796145.8834280508,2539478.4347934695,3.5204063205417606,12.4,EUBUCCO
DE402,NON_RESIDENTIAL,39532,4109533.0952690006,0.0,1.1408630982495194,3.8,EUBUCCO
DE402,SFH,13389,1347964.8560084319,1645016.701625483,1.409082082306371,6.5,EUBUCCO
DE403,MFH_HIGH,182,81775.47357648214,575553.5457744865,8.37912087912088,16.2,EUBUCCO
DE403,MFH_LOW,1774,500954.8069616193,1510929.4638579627,3.3844419391206313,10.7,EUBUCCO
DE403,NON_RESIDENTIAL,23310,2638921.0344067677,0.0,1.1385328185328185,4.2,EUBUCCO
DE403,SFH,6723,630716.9960143846,866532.7354341875,1.5609103078982598,6.9,EUBUCCO
DE404,MFH_HIGH,211,128575.18263728819,892648.3776958098,7.908530805687204,14.7,EUBUCCO
DE404,MFH_LOW,4935,1736848.5853257757,5057884.117445947,3.2252684903748734,10.0,EUBUCCO
DE404,NON_RESIDENTIAL,33702,4449971.97218613,0.0,1.2481336419203608,5.1,EUBUCCO
DE404,SFH,16149,1566422.7335682847,2017629.348526604,1.4755402811319587,7.5,EUBUCCO
DE405,MFH_HIGH,46,22652.81882168629,133474.20774293074,6.804347826086956,15.6,EUBUCCO
DE405,MFH_LOW,3639,1247690.867334107,2777368.078536012,2.5727397636713385,9.8,EUBUCCO
DE405,NON_RESIDENTIAL,126275,10434976.368021945,0.0,1.0940677093644822,4.6,EUBUCCO
DE405,SFH,63151,6077167.363792608,6998220.749424172,1.3222276765213536,7.3,EUBUCCO
DE406,MFH_HIGH,41,14083.706033718501,89435.25670098717,7.0878048780487815,14.8,EUBUCCO
DE406,MFH_LOW,3626,1088901.3844562687,2309766.9793191305,2.5848593491450638,9.2,EUBUCCO
DE406,NON_RESIDENTIAL,165230,13337276.916328337,0.0,1.0834612358530533,4.8,EUBUCCO
DE406,SFH,65951,6317082.308757523,7167076.025150536,1.2998028839593032,7.2,EUBUCCO
DE407,MFH_HIGH,5,1802.7193133379915,9193.868498023756,6.0,13.2,EUBUCCO
DE407,MFH_LOW,2788,883889.1537871007,1721102.5151039925,2.361764705882353,9.2,EUBUCCO
DE407,NON_RESIDENTIAL,135817,11862176.260727964,0.0,1.2017928536192082,4.0,EUBUCCO
DE407,SFH,43512,4244035.944812914,5546015.060360766,1.4799250781393638,6.9,EUBUCCO
DE408,MFH_HIGH,11,5903.66309782546,30108.68179890984,6.0,17.1,EUBUCCO
DE408,MFH_LOW,3517,1067845.450286754,2346332.8035609326,2.5992323002559,9.5,EUBUCCO
DE408,NON_RESIDENTIAL,110762,10461249.678131491,0.0,1.1007656055325834,4.3,EUBUCCO
DE408,SFH,56242,5362563.110750238,6466106.5991705,1.3854112584900964,7.1,EUBUCCO
DE409,MFH_HIGH,57,35036.83687244794,178931.19469537775,6.003508771929824,12.7,EUBUCCO
DE409,MFH_LOW,3103,1157224.1039823287,2328393.5903917244,2.305285207863358,9.4,EUBUCCO
DE409,NON_RESIDENTIAL,158265,19456153.90817727,0.0,1.0860809401952423,4.6,EUBUCCO
DE409,SFH,70187,7020635.483304747,7895870.255470635,1.2931027113283087,7.3,EUBUCCO
DE40A,MFH_HIGH,14,14028.459998573491,78230.75874444212,7.142857142857143,15.35,EUBUCCO
DE40A,MFH_LOW,5839,1487047.0540602838,3615934.282007453,2.872324028087001,9.5,EUBUCCO
DE40A,NON_RESIDENTIAL,131243,11688166.628699841,0.0,1.1374160907629358,5.0,EUBUCCO
DE40A,SFH,77083,6904955.662838202,8943188.417681292,1.4564067304074828,7.2,EUBUCCO
DE40B,MFH_HIGH,11,2966.8905115582734,15383.80456720812,6.463636363636363,15.0,EUBUCCO
DE40B,MFH_LOW,2258,820090.0370680541,2024663.1358274026,2.6996899911426038,10.2,EUBUCCO
DE40B,NON_RESIDENTIAL,112388,9649555.913352186,0.0,1.1296730967718973,3.8,EUBUCCO
DE40B,SFH,32965,3159645.269284846,4262698.455232287,1.5193690277567116,6.9,EUBUCCO
DE40C,MFH_HIGH,116,59372.83017539137,337882.14725418173,6.993965517241379,14.3,EUBUCCO
DE40C,MFH_LOW,3602,1175795.2501357533,2812610.9568795785,2.7128539700166576,9.3,EUBUCCO
DE40C,NON_RESIDENTIAL,137016,13649400.13733116,0.0,1.063730513224733,4.3,EUBUCCO
DE40C,SFH,61387,5844083.265194502,6832521.255251517,1.3348135598742403,6.7,EUBUCCO
DE40D,MFH_HIGH,8,2681.5511934173237,12520.376667388442,5.6875,14.3,EUBUCCO
DE40D,MFH_LOW,2858,969373.6621047324,1796513.706073827,2.187473757872638,9.6,EUBUCCO
DE40D,NON_RESIDENTIAL,103604,10342001.428773735,0.0,1.0868315895139185,4.3,EUBUCCO
DE40D,SFH,35925,3653098.551093821,4172276.1915583895,1.2986917188587335,7.0,EUBUCCO
DE40E,MFH_HIGH,12,7434.846076273713,41176.73554441589,6.466666666666666,14.45,EUBUCCO
DE40E,MFH_LOW,3799,1283487.0128472815,2464286.265283358,2.3357725717294024,9.2,EUBUCCO
DE40E,NON_RESIDENTIAL,171582,16683114.43236884,0.0,1.1241115035376672,4.5,EUBUCCO
DE40E,SFH,87812,7995029.11862898,9466607.437636858,1.3358880335261696,7.3,EUBUCCO
DE40F,MFH_HIGH,5,3668.070365115291,16793.206546628728,5.38,17.2,EUBUCCO
DE40F,MFH_LOW,2457,787513.0214037289,1339864.4458941773,1.9674806674806675,9.5,EUBUCCO
DE40F,NON_RESIDENTIAL,78656,10201155.30985523,0.0,1.088397579332791,4.2,EUBUCCO
DE40F,SFH,27538,2995229.085205489,3271652.3433356667,1.2599172053162901,7.4,EUBUCCO
DE40G,MFH_HIGH,12,4293.42384308259,21781.365096265716,5.95,16.5,EUBUCCO
DE40G,MFH_LOW,2283,804723.9743904643,1727557.2285081644,2.390845378887429,10.2,EUBUCCO
DE40G,NON_RESIDENTIAL,131145,11657319.122660022,0.0,1.1390323687521444,4.1,EUBUCCO
DE40G,SFH,36277,3996060.2469073297,4596196.157847391,1.3264685613474103,7.0,EUBUCCO
DE40H,MFH_HIGH,15,6042.827592031322,35307.73882702454,6.766666666666667,15.9,EUBUCCO
DE40H,MFH_LOW,3609,1308590.1618329287,2585952.8284691563,2.3301745635910227,9.4,EUBUCCO
DE40H,NON_RESIDENTIAL,134601,15690847.72875161,0.0,1.1373310748062793,4.7,EUBUCCO
DE40H,SFH,64100,5793232.198294063,6878355.028491435,1.343201248049922,7.4,EUBUCCO
DE40I,MFH_HIGH,42,20197.86366075569,130506.38543912745,7.333333333333333,12.1,EUBUCCO
DE40I,MFH_LOW,2884,1131464.2657345065,2252661.128204021,2.150866851595007,9.2,EUBUCCO
DE40I,NON_RESIDENTIAL,110713,12057373.471877838,0.0,1.0862671953609784,4.8,EUBUCCO
DE40I,SFH,33742,3767133.8924508574,4094940.196693121,1.248512239938356,7.1,EUBUCCO
DE501,MFH_HIGH,1007,322666.28643166024,1836904.0230428907,7.210824230387289,8.5,EUBUCCO
DE501,MFH_LOW,31990,8265263.314069443,16758840.868615692,2.75570803376055,9.2,EUBUCCO
DE501,NON_RESIDENTIAL,130715,14442748.638854982,0.0,1.4356600237157173,3.3,EUBUCCO
DE501,SFH,152123,7735248.273976841,9485516.793186933,1.4389125904695543,8.3,EUBUCCO
DE502,MFH_HIGH,52,82404.75913697059,409845.340495615,5.948076923076924,17.1,EUBUCCO
DE502,MFH_LOW,3725,2065199.3247425146,4481642.019460301,2.006979865771812,5.6,EUBUCCO
DE502,NON_RESIDENTIAL,10671,3507711.0629116013,0.0,1.4257895230062787,2.9,EUBUCCO
DE502,SFH,10920,1538819.6093627075,1744481.0241046369,1.324349816849817,4.6,EUBUCCO
DE600,MFH_HIGH,2870,1524467.6254417598,9937189.512648946,7.495121951219512,22.8,EUBUCCO
DE600,MFH_LOW,44203,14526310.618293699,41909886.93821117,3.3336379883718297,13.2,EUBUCCO
DE600,NON_RESIDENTIAL,199615,43391818.13543231,0.0,1.4011567266988956,3.3,EUBUCCO
DE600,SFH,174318,16015780.870853832,18190056.32190404,1.3313507497791393,8.3,EUBUCCO
DE711,MFH_HIGH,186,81549.38625507875,555261.2391013446,8.196774193548386,14.9,EUBUCCO
DE711,MFH_LOW,6727,1450577.7693013318,3549019.8403535597,2.9883306079976215,11.3,EUBUCCO
DE711,NON_RESIDENTIAL,17370,3835606.295575126,0.0,1.5635463442717328,5.2,EUBUCCO
DE711,SFH,53456,2580892.0655814214,3010067.3119316488,1.2520390601616282,5.7,EUBUCCO
DE712,MFH_HIGH,5218,1102435.5866582505,7482281.592654688,7.952740513606746,16.3,EUBUCCO
DE712,MFH_LOW,42881,6682156.721989795,20388477.148707647,3.6412093934376535,11.6,EUBUCCO
DE712,NON_RESIDENTIAL,53032,13562780.466648486,0.0,2.0263143007995175,6.2,EUBUCCO
DE712,SFH,151381,6369896.435939026,8382728.484199468,1.3725500558194226,6.0,EUBUCCO
DE713,MFH_HIGH,589,121525.32693976055,836796.839454934,8.466723259762308,12.9,EUBUCCO
DE713,MFH_LOW,4364,887827.4388837246,2210997.448082239,3.066544454628781,11.4,EUBUCCO
DE713,NON_RESIDENTIAL,9412,1902019.0072480428,0.0,1.5509881002974926,5.3,EUBUCCO
DE713,SFH,39656,1779659.4546057342,2033705.5591734424,1.2119401855961267,5.7,EUBUCCO
DE714,MFH_HIGH,438,114470.8310401441,738611.412199366,7.6212328767123285,15.0,EUBUCCO
DE714,MFH_LOW,12078,2706988.0339583457,6589205.999926489,2.950074515648286,11.8,EUBUCCO
DE714,NON_RESIDENTIAL,24008,5293720.309399597,0.0,1.4340303232255913,5.5,EUBUCCO
DE714,SFH,89734,4775953.969908172,5548261.922338377,1.2334120846056122,6.1,EUBUCCO
DE715,MFH_HIGH,189,56013.41043400996,430279.33984005474,8.554497354497354,13.9,EUBUCCO
DE715,MFH_LOW,4665,1183143.8294817063,2066565.742494029,2.4602572347266882,7.5,EUBUCCO
DE715,NON_RESIDENTIAL,55202,7955560.901150925,0.0,1.159566682366581,4.7,EUBUCCO
DE715,SFH,217108,11103214.26096495,11695343.864474913,1.1617208946699338,5.2,EUBUCCO
DE716,MFH_HIGH,53,13695.201528383059,123942.50782740241,11.228301886792453,14.4,EUBUCCO
DE716,MFH_LOW,3580,1232596.3873000494,1869744.3312226725,2.011284916201117,8.0,EUBUCCO
DE716,NON_RESIDENTIAL,44054,7489298.235688127,0.0,1.1633154764607074,5.0,EUBUCCO
DE716,SFH,225645,12061357.031484485,12749238.329894386,1.1552420838042057,5.4,EUBUCCO
DE717,MFH_HIGH,268,60980.016405236944,469265.36767854844,9.301865671641792,15.2,EUBUCCO
DE717,MFH_LOW,3714,1215183.1090420221,2266885.0078259665,2.3525578890683896,9.3,EUBUCCO
DE717,NON_RESIDENTIAL,40010,8946268.11265217,0.0,1.2186128467883028,4.9,EUBUCCO
DE717,SFH,173532,8279060.443477199,8850645.015585227,1.153156190212756,5.2,EUBUCCO
DE718,MFH_HIGH,304,71741.91330348977,530476.2878986594,8.681907894736844,12.05,EUBUCCO
DE718,MFH_LOW,5675,1498626.7808217083,3055255.4407914565,2.562555066079295,9.8,EUBUCCO
DE718,NON_RESIDENTIAL,26108,4359488.549813592,0.0,1.2818676267810634,5.4,EUBUCCO
DE718,SFH,129833,7492423.653954607,8624981.27788644,1.2451803470612248,6.0,EUBUCCO
DE719,MFH_HIGH,257,65427.26463963374,512499.0049608414,8.903891050583658,15.2,EUBUCCO
DE719,MFH_LOW,6992,1989886.8118253674,3655895.855050916,2.3748855835240277,10.0,EUBUCCO
DE719,NON_RESIDENTIAL,75966,11950110.079702089,0.0,1.171962456888608,5.2,EUBUCCO
DE719,SFH,306256,16187894.893788224,17218026.142819617,1.1564455880048066,5.5,EUBUCCO
DE71A,MFH_HIGH,244,81960.07028716327,695457.5339765669,9.0,9.2,EUBUCCO
DE71A,MFH_LOW,3879,1202514.9219510134,2354975.036946441,2.4386439804073214,8.4,EUBUCCO
DE71A,NON_RESIDENTIAL,20908,4330580.879873975,0.0,1.3587765448632103,5.5,EUBUCCO
DE71A,SFH,125869,6747488.776328352,7605318.665341631,1.2059371251062614,5.6,EUBUCCO
DE71B,MFH_HIGH,15,4364.862479156907,38004.92652532419,9.0,7.6,EUBUCCO
DE71B,MFH_LOW,1117,353947.77747054445,465451.4507536946,1.71727842435094,7.4,EUBUCCO
DE71B,NON_RESIDENTIAL,29726,3526856.7132521644,0.0,1.1329173114445266,5.2,EUBUCCO
DE71B,SFH,95271,4878649.055696737,4931683.329698766,1.1167406660998624,5.2,EUBUCCO
DE71C,MFH_HIGH,652,143085.81426827866,1144525.7527601216,9.199233128834356,9.9,EUBUCCO
DE71C,MFH_LOW,7754,1972384.3397452247,3915620.8477389445,2.6510446221305135,8.4,EUBUCCO
DE71C,NON_RESIDENTIAL,37831,7688118.418845823,0.0,1.264912373450345,4.9,EUBUCCO
DE71C,SFH,197433,9988907.84319687,11224998.216886098,1.208247354798843,5.5,EUBUCCO
DE71D,MFH_HIGH,76,16215.28238604407,129932.72010748941,8.838157894736844,15.3,EUBUCCO
DE71D,MFH_LOW,2394,700884.0472132161,1193561.394117843,2.1314118629908103,9.4,EUBUCCO
DE71D,NON_RESIDENTIAL,32912,4032847.3352535316,0.0,1.1907723626640738,5.4,EUBUCCO
DE71D,SFH,133921,7427439.828331429,8038147.188593727,1.1781042554939105,5.7,EUBUCCO
DE71E,MFH_HIGH,46,15280.319351213973,87478.19507368622,7.1499999999999995,13.1,EUBUCCO
DE71E,MFH_LOW,4352,1159973.7708633211,2134879.5864892644,2.390211397058824,9.3,EUBUCCO
DE71E,NON_RESIDENTIAL,66635,9661827.853154486,0.0,1.1616042620244615,5.3,EUBUCCO
DE71E,SFH,233507,12500257.413752666,13405648.477700641,1.1685709636113693,5.5,EUBUCCO
DE721,MFH_HIGH,93,26313.076765456106,187451.2865071153,8.494623655913978,12.4,EUBUCCO
DE721,MFH_LOW,4830,1424788.8009635375,2515263.1010738206,2.2688612836438926,9.4,EUBUCCO
DE721,NON_RESIDENTIAL,49452,8267019.858791114,0.0,1.1938020706948151,5.8,EUBUCCO
DE721,SFH,216142,11027125.180823246,11597140.582816927,1.1589052567293723,5.5,EUBUCCO
DE722,MFH_HIGH,45,9323.984353437421,57479.35965972646,7.5088888888888885,11.6,EUBUCCO
DE722,MFH_LOW,3601,970903.561101045,1574553.5841935298,2.1935018050541517,8.3,EUBUCCO
DE722,NON_RESIDENTIAL,53691,8401489.49222097,0.0,1.1922147101003893,5.8,EUBUCCO
DE722,SFH,219770,11699673.970305488,12341332.022698767,1.1792455749192339,5.6,EUBUCCO
DE723,MFH_HIGH,6,1177.2286251882058,6180.329773425328,7.533333333333334,10.149999999999999,EUBUCCO
DE723,MFH_LOW,2272,755697.0937468442,1081545.5496910845,1.878257042253521,8.6,EUBUCCO
DE723,NON_RESIDENTIAL,34882,5398298.079602657,0.0,1.158497219196147,5.8,EUBUCCO
DE723,SFH,156382,8544873.796033122,8731125.672435626,1.1419645483495544,5.7,EUBUCCO
DE724,MFH_HIGH,15,7575.106755857133,67091.44292503505,8.879999999999999,15.2,EUBUCCO
DE724,MFH_LOW,3938,1053663.1656289257,1845918.7372762254,2.297105129507364,9.3,EUBUCCO
DE724,NON_RESIDENTIAL,75988,9281797.172713762,0.0,1.1822327209559405,6.1,EUBUCCO
DE724,SFH,182722,9635606.08846961,10066065.4895746,1.1508986328958746,5.6,EUBUCCO
DE725,MFH_HIGH,3,1006.342798408096,6583.028840012559,8.0,13.4,EUBUCCO
DE725,MFH_LOW,1648,456854.10916398535,573730.4722569679,1.7526699029126214,8.3,EUBUCCO
DE725,NON_RESIDENTIAL,51245,6437167.76937905,0.0,1.1423319348229095,6.0,EUBUCCO
DE725,SFH,110202,6294750.831706539,6385879.996357982,1.131292535525671,5.5,EUBUCCO
DE731,MFH_HIGH,298,88126.11118801194,618183.0755109467,7.728187919463087,14.55,EUBUCCO
DE731,MFH_LOW,8869,1870201.403684473,4818237.098484816,3.16273537039125,11.6,EUBUCCO
DE731,NON_RESIDENTIAL,17091,4990317.107506391,0.0,1.8452343338599264,7.0,EUBUCCO
DE731,SFH,73506,3730022.5768878404,4413271.639663374,1.2613922672979077,5.7,EUBUCCO
DE732,MFH_HIGH,40,12676.983281850924,93891.16997523619,8.445,15.2,EUBUCCO
DE732,MFH_LOW,4679,1069673.4187837525,1886726.2285769954,2.3767044240222273,9.0,EUBUCCO
DE732,NON_RESIDENTIAL,63681,10343827.213660512,0.0,1.3915218039917714,6.4,EUBUCCO
DE732,SFH,145867,9715274.473541263,10570154.82342299,1.1850349976348318,5.7,EUBUCCO
DE733,MFH_HIGH,4,1424.8562921376233,9463.542295035371,8.25,14.35,EUBUCCO
DE733,MFH_LOW,1361,441034.5993021446,645378.3671508989,1.7961792799412197,9.3,EUBUCCO
DE733,NON_RESIDENTIAL,50848,6766897.069234063,0.0,1.3603229232221523,6.2,EUBUCCO
DE733,SFH,111493,5845456.344413737,6125547.880981521,1.1387620747490874,5.2,EUBUCCO
DE734,MFH_HIGH,27,12199.650994020672,81876.26062787753,8.007407407407406,15.1,EUBUCCO
DE734,MFH_LOW,3023,1044703.2187649334,1483137.4693000808,1.8380747601720147,8.8,EUBUCCO
DE734,NON_RESIDENTIAL,52825,8902544.217713648,0.0,1.307831519167061,6.0,EUBUCCO
DE734,SFH,208986,11502875.350142479,12000471.975033093,1.1320083641966447,5.5,EUBUCCO
DE735,MFH_HIGH,3,1030.3206286025302,6130.407740185054,7.0,16.1,EUBUCCO
DE735,MFH_LOW,2458,747397.1916168777,1012949.548040753,1.8455248169243288,8.55,EUBUCCO
DE735,NON_RESIDENTIAL,70745,9487530.54365145,0.0,1.349469220439607,6.3,EUBUCCO
DE735,SFH,159834,8994977.751199936,9377647.307841182,1.1373237233629891,5.4,EUBUCCO
DE736,MFH_HIGH,7,1680.8512012566755,12577.386537200235,8.857142857142858,12.5,EUBUCCO
DE736,MFH_LOW,2278,748355.4144991315,957712.0051799503,1.6431518876207198,8.4,EUBUCCO
DE736,NON_RESIDENTIAL,69735,9833867.757716522,0.0,1.3312081451208146,6.4,EUBUCCO
DE736,SFH,134188,7982643.131649202,8264154.74222661,1.1323881420097177,5.5,EUBUCCO
DE737,MFH_HIGH,8,2444.0174065151955,12745.73998260275,6.35,14.8,EUBUCCO
DE737,MFH_LOW,3204,769093.1716045843,1115374.9091855544,2.274750312109863,8.7,EUBUCCO
DE737,NON_RESIDENTIAL,31388,3973475.5805833703,0.0,1.369013635784376,5.8,EUBUCCO
DE737,SFH,129477,6088947.818340038,6441258.373095392,1.1478239378422423,5.2,EUBUCCO
DE803,MFH_HIGH,956,611766.9738468515,3498874.233400044,6.5345188284518825,20.0,EUBUCCO
DE803,MFH_LOW,4771,1341855.097738776,4104116.27162896,3.479962272060365,14.6,EUBUCCO
DE803,NON_RESIDENTIAL,38028,6089304.175864373,0.0,1.408727779530872,4.8,EUBUCCO
DE803,SFH,31569,1903776.6016812169,2063456.911229819,1.244407488358833,4.2,EUBUCCO
DE804,MFH_HIGH,43,25922.648913767018,197354.2341566676,8.488372093023257,33.0,EUBUCCO
DE804,MFH_LOW,3412,1030827.2745715316,3101822.2646760675,3.208675263774912,13.1,EUBUCCO
DE804,NON_RESIDENTIAL,27151,3482547.79688451,0.0,1.2654377370999228,4.1,EUBUCCO
DE804,SFH,11879,1070468.893040676,1192032.8564150375,1.258784409462076,7.0,EUBUCCO
DE80J,MFH_HIGH,264,137879.54947239062,878867.2916694717,7.463257575757575,18.8,EUBUCCO
DE80J,MFH_LOW,5645,2196834.835243147,4367156.077533587,2.240726306465899,9.8,EUBUCCO
DE80J,NON_RESIDENTIAL,201729,20076221.89335758,0.0,1.0584551551834391,4.1,EUBUCCO
DE80J,SFH,88146,8132664.670990297,7914868.281822801,1.1277913915549203,6.4,EUBUCCO
DE80K,MFH_HIGH,17,11768.15963978044,62599.34366416101,6.294117647058823,16.7,EUBUCCO
DE80K,MFH_LOW,5047,1794664.4735054525,3019969.2551074824,1.9388943927085398,9.4,EUBUCCO
DE80K,NON_RESIDENTIAL,209301,18779419.011322293,0.0,1.0698907315301887,4.1,EUBUCCO
DE80K,SFH,77935,7581445.575544804,7732493.479705307,1.1854096362353241,7.0,EUBUCCO
DE80L,MFH_HIGH,84,61245.41100512929,332303.80527792446,6.397619047619047,17.5,EUBUCCO
DE80L,MFH_LOW,5726,2181926.0120512154,4503334.61152666,2.2973454418442194,9.95,EUBUCCO
DE80L,NON_RESIDENTIAL,181058,15806350.216637298,0.0,1.1138662748953374,3.8,EUBUCCO
DE80L,SFH,89766,7935618.770252689,8421387.74585968,1.2227224116035025,5.5,EUBUCCO
DE80M,MFH_HIGH,5,2850.8293574114577,16613.39833153868,6.8,14.7,EUBUCCO
DE80M,MFH_LOW,4519,1510238.7056406934,2680750.5992089314,2.0423323744191193,10.0,EUBUCCO
DE80M,NON_RESIDENTIAL,119061,11058587.63899676,0.0,1.1027380922384324,4.1,EUBUCCO
DE80M,SFH,49704,5005626.367594499,5204534.002413906,1.2116912119748915,7.1,EUBUCCO
DE80N,MFH_HIGH,143,99304.25269396335,525381.7280603468,6.283916083916084,15.8,EUBUCCO
DE80N,MFH_LOW,6694,2175943.881133118,4232796.187518967,2.368419480131461,10.7,EUBUCCO
DE80N,NON_RESIDENTIAL,243574,18615341.29755418,0.0,1.0599953196975047,3.8,EUBUCCO
DE80N,SFH,84647,7810788.163250385,7939941.135703742,1.1658227698559902,7.0,EUBUCCO
DE80O,MFH_HIGH,1,633.8882357632351,3232.830002392499,6.0,16.0,EUBUCCO
DE80O,MFH_LOW,5071,1951723.9235951153,2893019.6823927704,1.6149477420627094,8.5,EUBUCCO
DE80O,NON_RESIDENTIAL,216848,20635495.35079682,0.0,1.0725346786689294,4.0,EUBUCCO
DE80O,SFH,77120,8202409.584446011,8289815.2141706655,1.1809802904564315,7.0,EUBUCCO
DE911,MFH_HIGH,1744,142187.07183962016,910160.869359361,7.630561926605505,21.8,EUBUCCO
DE911,MFH_LOW,24251,2381184.291043456,6635559.9486942785,3.4435322254752383,13.8,EUBUCCO
DE911,NON_RESIDENTIAL,105987,7803749.061485089,0.0,1.4456093671865415,3.6,EUBUCCO
DE911,SFH,64070,3732058.6001435956,4814576.72851098,1.43131730919307,6.9,EUBUCCO
DE912,MFH_HIGH,96,12052.205589943671,70005.9692904515,6.941666666666666,21.5,EUBUCCO
DE912,MFH_LOW,4676,611692.4525517793,1335633.114567688,2.67303250641574,12.9,EUBUCCO
DE912,NON_RESIDENTIAL,63985,5939729.384589178,0.0,1.2946456200672032,3.7,EUBUCCO
DE912,SFH,31496,2275715.1440298697,3018268.4669480007,1.473704597409195,7.9,EUBUCCO
DE913,MFH_HIGH,353,43314.721296648946,332654.7200332698,8.88328611898017,24.6,EUBUCCO
DE913,MFH_LOW,6336,947815.6628165685,2209038.784502441,2.872537878787879,12.6,EUBUCCO
DE913,NON_RESIDENTIAL,76594,6173474.050234025,0.0,1.3168655508264355,3.6,EUBUCCO
DE913,SFH,42267,2745776.1636416386,3460142.6242590533,1.4174415028272647,7.0,EUBUCCO
DE914,MFH_HIGH,18,1510.2336297499744,8159.418305718429,6.277777777777778,18.0,EUBUCCO
DE914,MFH_LOW,2912,670481.2775768194,1054761.6686226458,2.099656593406593,10.8,EUBUCCO
DE914,NON_RESIDENTIAL,179088,10279119.154932152,0.0,1.1815129991959261,3.5,EUBUCCO
DE914,SFH,126569,7514992.2404380655,8961018.4609527,1.3036557134843445,6.0,EUBUCCO
DE916,MFH_HIGH,160,25270.887331934387,176859.85372143268,7.314375,18.65,EUBUCCO
DE916,MFH_LOW,11579,1390342.474461969,2838523.5763527276,2.457837464375162,12.1,EUBUCCO
DE916,NON_RESIDENTIAL,144095,7295909.045708519,0.0,1.3659863284638605,4.4,EUBUCCO
DE916,SFH,61420,3674332.0256212703,5080942.77413491,1.5309052425919896,7.8,EUBUCCO
DE917,MFH_HIGH,14,1272.3700544081917,9145.917445144036,10.664285714285715,33.95,EUBUCCO
DE917,MFH_LOW,4116,643119.3176479762,1219484.4158322345,2.325898931000972,12.1,EUBUCCO
DE917,NON_RESIDENTIAL,105389,5168920.797209783,0.0,1.2510252493144445,3.9,EUBUCCO
DE917,SFH,39602,3088407.315208402,3971281.1417377996,1.4465330033836674,7.8,EUBUCCO
DE918,MFH_HIGH,55,7852.263048097826,64780.0086160064,10.485454545454546,27.8,EUBUCCO
DE918,MFH_LOW,6358,899926.095877092,1758153.2259391688,2.369094054734193,12.2,EUBUCCO
DE918,NON_RESIDENTIAL,161367,9596222.41408778,0.0,1.3164581358022396,4.7,EUBUCCO
DE918,SFH,49694,4104076.579056301,5641965.452975972,1.5457338914154626,8.8,EUBUCCO
DE91A,MFH_HIGH,27,2425.637518942964,22084.729256443934,10.262962962962964,23.8,EUBUCCO
DE91A,MFH_LOW,3035,566275.7277713559,1025957.49107795,2.251828665568369,12.1,EUBUCCO
DE91A,NON_RESIDENTIAL,137789,7378200.119005613,0.0,1.2277554812067728,3.7,EUBUCCO
DE91A,SFH,53555,4620149.531963687,5908405.342736849,1.4543590701148352,8.1,EUBUCCO
DE91B,MFH_HIGH,10,850.6327431645816,4338.2269901393665,6.0,19.2,EUBUCCO
DE91B,MFH_LOW,3944,601126.2933049104,1214626.0537146563,2.5521551724137934,12.4,EUBUCCO
DE91B,NON_RESIDENTIAL,102446,5427409.170139257,0.0,1.2518487788688677,3.9,EUBUCCO
DE91B,SFH,53084,3829935.0484373355,4934992.756081122,1.4528671539446913,7.8,EUBUCCO
DE91C,MFH_HIGH,513,54165.11763101796,343127.1484504028,7.435672514619883,21.2,EUBUCCO
DE91C,MFH_LOW,22542,2593932.206776863,5832539.157365754,2.7416821932392867,12.2,EUBUCCO
DE91C,NON_RESIDENTIAL,291783,16560321.167428289,0.0,1.331525482978789,4.6,EUBUCCO
DE91C,SFH,119027,7932752.188974586,10904180.624154152,1.5518411788921842,8.3,EUBUCCO
DE922,MFH_LOW,4370,1368837.687657609,1735260.8151428471,1.5727231121281464,9.8,EUBUCCO
DE922,NON_RESIDENTIAL,247479,20630267.86663079,0.0,1.1440445451937336,3.8,EUBUCCO
DE922,SFH,102177,9009081.74301724,10297127.021721832,1.2940857531538408,7.6,EUBUCCO
DE923,MFH_HIGH,2,794.9277662344041,6756.886012992435,10.0,21.549999999999997,EUBUCCO
DE923,MFH_LOW,4820,871393.3459144275,1710264.2463657157,2.436473029045643,13.1,EUBUCCO
DE923,NON_RESIDENTIAL,133670,8384056.512029888,0.0,1.263988179845889,4.1,EUBUCCO
DE923,SFH,48465,4622215.856032378,5923986.610281995,1.4612359434643558,8.8,EUBUCCO
DE925,MFH_HIGH,168,13980.091069938695,110071.52167631159,9.175,22.4,EUBUCCO
DE925,MFH_LOW,13554,1848572.5612050258,4069309.923879398,2.722915744429689,13.1,EUBUCCO
DE925,NON_RESIDENTIAL,230622,13277380.886781648,0.0,1.3062947160288263,4.3,EUBUCCO
DE925,SFH,95101,7427013.242536371,9840046.582205495,1.5061229640066875,8.4,EUBUCCO
DE926,MFH_HIGH,3,310.2189021252341,6064.779536548326,23.0,14.2,EUBUCCO
DE926,MFH_LOW,2696,444637.54672161373,830741.2595271403,2.3130563798219583,12.6,EUBUCCO
DE926,NON_RESIDENTIAL,73717,4887582.713438023,0.0,1.2887420812024364,4.4,EUBUCCO
DE926,SFH,27900,2463539.4458271773,3335469.94122766,1.5304121863799283,8.9,EUBUCCO
DE927,MFH_HIGH,36,3828.2240000673137,25392.77512188827,7.972222222222222,22.45,EUBUCCO
DE927,MFH_LOW,2688,789567.6542273503,1079671.709029179,1.782328869047619,10.1,EUBUCCO
DE927,NON_RESIDENTIAL,159177,12407466.421448562,0.0,1.1719281051910766,4.0,EUBUCCO
DE927,SFH,50907,4951581.126493128,5680692.142972766,1.3053214685603158,7.9,EUBUCCO
DE928,MFH_HIGH,14,2227.671525141607,14868.147443150676,7.785714285714286,18.6,EUBUCCO
DE928,MFH_LOW,3525,801459.99800863,1360100.2307364983,2.161985815602837,12.1,EUBUCCO
DE928,NON_RESIDENTIAL,141203,8805848.225549404,0.0,1.2128949101647981,3.7,EUBUCCO
DE928,SFH,74122,6020473.842758609,7422599.664255945,1.3708224278891559,8.1,EUBUCCO
DE929,MFH_HIGH,2241,246858.34917575133,1606894.087102542,7.845783132530121,21.1,EUBUCCO
DE929,MFH_LOW,58029,8753323.666301837,21772752.1026594,3.1210015681814265,14.2,EUBUCCO
DE929,NON_RESIDENTIAL,499240,41904665.3679691,0.0,1.3133685201506289,3.5,EUBUCCO
DE929,SFH,278067,22225713.07691935,27747853.175731696,1.4191209312863446,7.9,EUBUCCO
DE931,MFH_HIGH,48,8141.377797053362,49841.00455384884,7.370833333333334,21.3,EUBUCCO
DE931,MFH_LOW,4328,1214023.0388058228,2040230.9629392126,2.115480591497227,11.4,EUBUCCO
DE931,NON_RESIDENTIAL,157378,10387520.73676788,0.0,1.1724802704316994,3.7,EUBUCCO
DE931,SFH,68319,6593150.650759958,7582776.8032895895,1.3296769566299271,7.7,EUBUCCO
DE932,MFH_HIGH,172,23052.02240135316,156510.4602815499,8.480232558139534,21.75,EUBUCCO
DE932,MFH_LOW,5574,1167823.733562406,1979106.8820999442,2.3356835306781485,11.4,EUBUCCO
DE932,NON_RESIDENTIAL,257808,16088342.920061046,0.0,1.1441297399615218,3.5,EUBUCCO
DE932,SFH,98918,8369762.2677796455,9566788.022430249,1.295516488404537,7.3,EUBUCCO
DE933,MFH_HIGH,28,6022.593510450306,37815.73103412568,7.735714285714286,25.0,EUBUCCO
DE933,MFH_LOW,4622,1254003.4530649644,2159675.935996155,2.162721765469494,11.0,EUBUCCO
DE933,NON_RESIDENTIAL,203096,12782279.686567048,0.0,1.1519823137826446,3.5,EUBUCCO
DE933,SFH,101492,8844619.478651484,10223207.312746739,1.323525992196429,7.7,EUBUCCO
DE934,MFH_LOW,2451,622854.7278579574,980694.2395795594,1.9570379436964505,11.0,EUBUCCO
DE934,NON_RESIDENTIAL,80282,5628835.746952998,0.0,1.1714381804140406,3.7,EUBUCCO
DE934,SFH,25685,2290844.3751282264,2778873.9250118784,1.3473272337940432,7.3,EUBUCCO
DE935,MFH_HIGH,280,25848.111073185373,157688.16273455633,7.678571428571429,20.6,EUBUCCO
DE935,MFH_LOW,7340,1423790.1366171958,2725613.9086483917,2.5190599455040874,11.8,EUBUCCO
DE935,NON_RESIDENTIAL,153496,9221191.502879648,0.0,1.2079813154740189,3.5,EUBUCCO
DE935,SFH,63685,5532655.333054362,6431963.928414637,1.3423223679045302,7.7,EUBUCCO
DE936,MFH_HIGH,12,1234.388973749132,8393.845021494097,8.0,23.299999999999997,EUBUCCO
DE936,MFH_LOW,2325,715961.8987070267,975498.2986220892,1.7239569892473117,9.8,EUBUCCO
DE936,NON_RESIDENTIAL,98646,6500258.857088589,0.0,1.1219349998986274,3.5,EUBUCCO
DE936,SFH,49093,4447299.304879272,5028947.56711813,1.2974069622960502,7.6,EUBUCCO
DE937,MFH_LOW,3378,1070965.2125290297,1435379.688737723,1.6235346358792184,9.7,EUBUCCO
DE937,NON_RESIDENTIAL,208320,16421594.452023473,0.0,1.1363743279569893,3.6,EUBUCCO
DE937,SFH,63542,6716293.485308377,7722719.923493384,1.3257750779012305,8.0,EUBUCCO
DE938,MFH_LOW,3430,1114780.6219309077,1710183.4685128622,1.951807580174927,10.8,EUBUCCO
DE938,NON_RESIDENTIAL,192752,12171908.702471396,0.0,1.171436872250353,3.6,EUBUCCO
DE938,SFH,59411,5394574.9359550215,6178654.499728568,1.3066065206779889,7.8,EUBUCCO
DE939,MFH_HIGH,87,11871.708309297623,77669.84896474498,8.11609195402299,23.4,EUBUCCO
DE939,MFH_LOW,5117,1138011.8083055308,1938726.0649935426,2.228981825288255,11.4,EUBUCCO
DE939,NON_RESIDENTIAL,191188,12733477.086560845,0.0,1.1723690817415318,3.5,EUBUCCO
DE939,SFH,87920,7166863.026877054,8368196.171168479,1.3287329390354867,7.8,EUBUCCO
DE93A,MFH_HIGH,4,499.3547754485973,2546.7093547878467,6.0,15.0,EUBUCCO
DE93A,MFH_LOW,3218,806135.8258898912,1305412.146387099,2.086202610316967,11.3,EUBUCCO
DE93A,NON_RESIDENTIAL,100128,7410068.051206484,0.0,1.176255393096836,3.6,EUBUCCO
DE93A,SFH,44647,3698713.61431081,4322864.0183860315,1.3191748605729388,7.4,EUBUCCO
DE93B,MFH_HIGH,5,1821.608831952329,10838.572550116358,7.0,18.1,EUBUCCO
DE93B,MFH_LOW,2635,726365.8664173109,1120275.346090264,1.957381404174573,10.7,EUBUCCO
DE93B,NON_RESIDENTIAL,126454,9352757.10949537,0.0,1.1666724658769196,3.7,EUBUCCO
DE93B,SFH,55445,5166509.799985878,6138403.714975885,1.3522084949048607,8.0,EUBUCCO
DE941,MFH_HIGH,67,5660.7876384432075,42272.001796491124,10.114925373134328,23.8,EUBUCCO
DE941,MFH_LOW,1839,364687.02518299106,722536.0140829964,2.5084284937466013,12.0,EUBUCCO
DE941,NON_RESIDENTIAL,62924,2937208.817322651,0.0,1.1818193376136292,3.4,EUBUCCO
DE941,SFH,31019,2059418.4722677523,2538819.525400224,1.3899706631419453,7.5,EUBUCCO
DE942,MFH_HIGH,23,3426.203554698658,27066.921654665755,8.217391304347826,24.3,EUBUCCO
DE942,MFH_LOW,2750,399926.87004321924,871145.4613415739,2.569163636363636,12.6,EUBUCCO
DE942,NON_RESIDENTIAL,38536,2971393.7093439316,0.0,1.3227397757940627,3.5,EUBUCCO
DE942,SFH,20445,1273252.7251595354,1602316.9003594962,1.4469503546099292,7.2,EUBUCCO
DE943,MFH_HIGH,64,8520.353857426326,52126.417719632715,7.38125,22.3,EUBUCCO
DE943,MFH_LOW,7490,1151166.8081006494,2554641.6491542873,2.7457676902536714,11.8,EUBUCCO
DE943,NON_RESIDENTIAL,106224,5712019.90105823,0.0,1.2952769618918512,3.1,EUBUCCO
DE943,SFH,71673,4395838.074691782,5538159.060227438,1.4243397095140429,7.0,EUBUCCO
DE944,MFH_HIGH,132,11994.882589429297,79171.82629785925,7.795454545454546,23.7,EUBUCCO
DE944,MFH_LOW,9438,1297054.5462289827,2913231.6416904144,2.7051176096630645,13.6,EUBUCCO
DE944,NON_RESIDENTIAL,82636,6388714.692404774,0.0,1.3365942204366137,4.2,EUBUCCO
DE944,SFH,41692,2895906.3377447277,3808358.6779716513,1.4954307780869232,8.4,EUBUCCO
DE945,MFH_HIGH,84,10489.369584782766,64289.03888765627,7.551190476190476,23.75,EUBUCCO
DE945,MFH_LOW,5010,968000.4840498182,2244854.4214252695,2.7668463073852294,13.1,EUBUCCO
DE945,NON_RESIDENTIAL,56753,3576930.80298263,0.0,1.3917096893556287,3.5,EUBUCCO
DE945,SFH,21757,1380115.5077339879,1706806.0134838717,1.3754056165831687,6.7,EUBUCCO
DE946,MFH_HIGH,2,122.52655986701178,1041.4757588696002,10.0,4.199999999999999,EUBUCCO
DE946,MFH_LOW,1704,434959.9799305831,658962.2879968175,1.9784037558685446,9.6,EUBUCCO
DE946,NON_RESIDENTIAL,157430,10921910.06928014,0.0,1.185460204535349,3.5,EUBUCCO
DE946,SFH,75203,5427196.319288014,6445523.165344432,1.3410515537943966,7.0,EUBUCCO
DE947,MFH_HIGH,9,1943.1403083819932,12855.538610487802,9.11111111111111,20.3,EUBUCCO
DE947,MFH_LOW,3618,1071188.762568208,1583786.9127199026,2.023493642896628,9.5,EUBUCCO
DE947,NON_RESIDENTIAL,246703,13131568.68523696,0.0,1.2142673579161989,3.5,EUBUCCO
DE947,SFH,129468,9423134.629665017,10967252.733907802,1.3403937652547349,6.9,EUBUCCO
DE948,MFH_HIGH,1,66.83608214461725,454.48535858339727,8.0,3.6,EUBUCCO
DE948,MFH_LOW,2214,633313.3306825535,850999.0392336268,1.7426829268292683,8.5,EUBUCCO
DE948,NON_RESIDENTIAL,261815,19894586.725755055,0.0,1.1489330252277372,3.9,EUBUCCO
DE948,SFH,87303,6796197.429821641,7870537.268865277,1.2995086079516167,7.2,EUBUCCO
DE949,MFH_HIGH,33,2523.1538013721483,22014.76169904339,10.545454545454545,35.5,EUBUCCO
DE949,MFH_LOW,4716,1319991.9598380097,1836128.7933259935,1.8084393553859204,9.3,EUBUCCO
DE949,NON_RESIDENTIAL,499852,37101525.43476378,0.0,1.155162127989885,3.9,EUBUCCO
DE949,SFH,159333,12742990.42810002,14683868.184783516,1.2996497900623223,7.7,EUBUCCO
DE94A,MFH_HIGH,11,1495.5012849019454,8708.966493075312,8.10909090909091,21.2,EUBUCCO
DE94A,MFH_LOW,1927,425788.6379063064,728626.8932010446,2.2337311883757134,10.9,EUBUCCO
DE94A,NON_RESIDENTIAL,137556,7447569.740657498,0.0,1.1992432173078602,3.5,EUBUCCO
DE94A,SFH,59314,4443442.126778651,5264471.231755069,1.3482095289476346,7.1,EUBUCCO
DE94B,MFH_HIGH,1,294.7202146041163,1277.612130308844,5.1,25.9,EUBUCCO
DE94B,MFH_LOW,1533,382036.0352560859,612113.9212489437,2.020874103065884,10.8,EUBUCCO
DE94B,NON_RESIDENTIAL,202971,13909336.271623192,0.0,1.1468057013070834,4.0,EUBUCCO
DE94B,SFH,56933,4666780.197974122,5417022.137285999,1.3228900637591556,8.0,EUBUCCO
DE94C,MFH_HIGH,15,3028.489330449339,20593.727447055506,8.0,21.6,EUBUCCO
DE94C,MFH_LOW,2715,792049.2360234542,1169621.5569405209,1.9505340699815836,9.9,EUBUCCO
DE94C,NON_RESIDENTIAL,235601,12396939.616197174,0.0,1.2102423164587586,3.5,EUBUCCO
DE94C,SFH,102751,7852719.5473110555,9171435.549166055,1.3449105118198363,6.9,EUBUCCO
DE94D,MFH_LOW,1770,532859.9523989689,699770.9406734505,1.6497175141242937,9.4,EUBUCCO
DE94D,NON_RESIDENTIAL,162668,11653145.354518045,0.0,1.1315077335431678,3.6,EUBUCCO
DE94D,SFH,83527,5640086.801079486,6429953.792934532,1.2638356459587916,6.5,EUBUCCO
DE94E,MFH_HIGH,16,3289.772867336844,23818.09864236418,8.44375,23.7,EUBUCCO
DE94E,MFH_LOW,5928,1727809.8533033582,2378143.4824858992,1.7463562753036437,10.6,EUBUCCO
DE94E,NON_RESIDENTIAL,366186,28353281.269914746,0.0,1.1674930226715385,4.3,EUBUCCO
DE94E,SFH,156130,12556717.162736285,14992159.095403481,1.332323064113239,8.0,EUBUCCO
DE94F,MFH_LOW,2243,664260.6658943221,944526.3782171358,1.8046366473473028,9.7,EUBUCCO
DE94F,NON_RESIDENTIAL,158211,15288912.293003308,0.0,1.1744910278046405,4.2,EUBUCCO
DE94F,SFH,91351,5906749.467776255,6977373.6001314,1.294816696040547,6.5,EUBUCCO
DE94G,MFH_HIGH,21,936.371067281997,6786.237048156971,7.666666666666667,12.8,EUBUCCO
DE94G,MFH_LOW,2034,484870.2423208139,796507.0524287038,2.094886922320551,11.6,EUBUCCO
DE94G,NON_RESIDENTIAL,121949,7820689.180305204,0.0,1.2131161387137248,3.5,EUBUCCO
DE94G,SFH,40940,3605489.212161014,4374765.947804331,1.3840156326331217,7.7,EUBUCCO
DE94H,MFH_LOW,1171,418925.89289456623,536958.4325965256,1.6882152006831768,8.7,EUBUCCO
DE94H,NON_RESIDENTIAL,89742,5293700.29957516,0.0,1.2013850816785896,3.5,EUBUCCO
DE94H,SFH,40922,3036597.1723269215,3466950.7540291436,1.3179561116269978,6.8,EUBUCCO
DEA11,MFH_HIGH,2964,805758.1659442509,4638637.465192436,6.539676113360324,17.3,EUBUCCO
DEA11,MFH_LOW,30788,6184807.161866572,18790523.34758498,3.6346823437703004,13.2,EUBUCCO
DEA11,NON_RESIDENTIAL,109451,14291204.778748011,0.0,1.226293044376022,4.9,EUBUCCO
DEA11,SFH,84904,5349073.391699189,6880223.876321238,1.3721567888438708,7.6,EUBUCCO
DEA12,MFH_HIGH,405,147282.41357389977,989466.1357298968,7.612345679012345,19.7,EUBUCCO
DEA12,MFH_LOW,19229,3843491.221518477,10562947.232590668,3.269754017369598,11.7,EUBUCCO
DEA12,NON_RESIDENTIAL,110909,14825426.065861499,0.0,1.1660947263071526,4.6,EUBUCCO
DEA12,SFH,60295,5571118.428947615,7810752.969582524,1.6323592337673107,8.2,EUBUCCO
DEA13,MFH_HIGH,519,202561.1577282771,1274713.0003439877,7.368015414258188,19.5,EUBUCCO
DEA13,MFH_LOW,23648,4644595.819190285,12325144.433374913,3.162288565629229,11.9,EUBUCCO
DEA13,NON_RESIDENTIAL,98690,12347774.007116033,0.0,1.2294244604316547,5.0,EUBUCCO
DEA13,SFH,84113,7010409.894209642,9773076.961772192,1.5387966188341873,7.7,EUBUCCO
DEA14,MFH_HIGH,111,54048.7676236272,370796.81552685134,8.0990990990991,21.7,EUBUCCO
DEA14,MFH_LOW,8238,1573859.7998149556,4003092.8597339764,3.073088128186453,10.9,EUBUCCO
DEA14,NON_RESIDENTIAL,87002,9266555.599553354,0.0,1.165359417024896,4.8,EUBUCCO
DEA14,SFH,58405,3803371.4624036034,4579413.576663837,1.353069086550809,7.5,EUBUCCO
DEA15,MFH_HIGH,89,46576.84143249176,256382.04722630625,6.452808988764044,16.8,EUBUCCO
DEA15,MFH_LOW,13055,2047164.0117680533,4814016.024766375,2.6652776713902715,10.5,EUBUCCO
DEA15,NON_RESIDENTIAL,98659,9711368.61683861,0.0,1.1128330917605085,4.4,EUBUCCO
DEA15,SFH,60469,4381378.702305855,5795636.092988374,1.5230084836858555,7.9,EUBUCCO
DEA16,MFH_HIGH,128,45518.878077585294,305415.72254675825,7.57421875,17.3,EUBUCCO
DEA16,MFH_LOW,5689,1159319.6482463628,2845164.4233202366,2.95146774477061,11.0,EUBUCCO
DEA16,NON_RESIDENTIAL,38493,4993762.22675408,0.0,1.2060764294806847,4.9,EUBUCCO
DEA16,SFH,32154,2678135.5422916953,3608865.713125502,1.520728369720719,8.2,EUBUCCO
DEA17,MFH_HIGH,93,29787.658298580904,176499.24173366852,6.978494623655914,18.2,EUBUCCO
DEA17,MFH_LOW,5699,1138380.4862143607,2917737.3152506757,3.076206351991577,11.0,EUBUCCO
DEA17,NON_RESIDENTIAL,69796,5991196.620877015,0.0,1.1514528053183564,4.9,EUBUCCO
DEA17,SFH,64428,3742385.022054705,5187330.221461043,1.5114701682498293,7.0,EUBUCCO
DEA18,MFH_HIGH,46,20698.487248498328,167849.0796410176,7.952173913043478,18.05,EUBUCCO
DEA18,MFH_LOW,4586,928335.4571115641,2315958.698401423,2.8134539904055824,11.9,EUBUCCO
DEA18,NON_RESIDENTIAL,30711,3907290.105410702,0.0,1.223610432743968,5.5,EUBUCCO
DEA18,SFH,19383,1505436.4687311095,2117023.9451457215,1.602399009441263,8.4,EUBUCCO
DEA19,MFH_HIGH,62,24244.234921372135,143614.6703503368,7.041935483870968,10.0,EUBUCCO
DEA19,MFH_LOW,6792,1330407.2092168587,3183594.50559905,2.7291224970553594,8.8,EUBUCCO
DEA19,NON_RESIDENTIAL,47922,4320065.797218398,0.0,1.1486123283669296,5.0,EUBUCCO
DEA19,SFH,37792,2741555.2925019735,3727311.1770622656,1.4871851185436071,7.3,EUBUCCO
DEA1A,MFH_HIGH,416,156471.24129564295,1043436.0274884539,7.4379807692307685,19.6,EUBUCCO
DEA1A,MFH_LOW,16838,2971455.673337593,8533671.372845918,3.4009680484618126,13.1,EUBUCCO
DEA1A,NON_RESIDENTIAL,101146,9305317.896888226,0.0,1.3143337353924032,5.5,EUBUCCO
DEA1A,SFH,44545,3496680.164711954,4963352.003369364,1.5622920642047369,8.1,EUBUCCO
DEA1B,MFH_HIGH,23,9730.035981270186,65036.86870730324,7.695652173913044,19.9,EUBUCCO
DEA1B,MFH_LOW,4540,1546249.3911328206,2515489.983318199,2.0697577092511015,8.9,EUBUCCO
DEA1B,NON_RESIDENTIAL,245165,28460572.591648113,0.0,1.0382933942446924,4.5,EUBUCCO
DEA1B,SFH,103794,10398664.471579686,11071816.582761887,1.2450931653082067,7.3,EUBUCCO
DEA1C,MFH_HIGH,527,248606.4961293182,1636497.8724120443,7.727324478178368,19.8,EUBUCCO
DEA1C,MFH_LOW,13362,3368243.6063631955,8457927.405600697,2.9599236641221376,10.5,EUBUCCO
DEA1C,NON_RESIDENTIAL,168238,15904633.069812372,0.0,1.1654109059784352,4.8,EUBUCCO
DEA1C,SFH,105206,8501352.627767153,11263018.402760623,1.5349761420451307,7.9,EUBUCCO
DEA1D,MFH_HIGH,195,97026.33084453364,569680.5006987976,7.031282051282051,16.4,EUBUCCO
DEA1D,MFH_LOW,12084,2749333.463819659,6465658.900734908,2.6473766964581267,10.3,EUBUCCO
DEA1D,NON_RESIDENTIAL,210591,18507165.152183954,0.0,1.0908918234872336,4.5,EUBUCCO
DEA1D,SFH,119518,9896647.712359894,12585928.895082485,1.481820311584866,8.2,EUBUCCO
DEA1E,MFH_HIGH,28,15873.351684665382,86059.6647495424,6.325,17.3,EUBUCCO
DEA1E,MFH_LOW,7322,1710084.272813121,3443776.029087314,2.3570609123190387,9.8,EUBUCCO
DEA1E,NON_RESIDENTIAL,155348,15789522.790906351,0.0,1.0614529958544687,4.6,EUBUCCO
DEA1E,SFH,108544,8446616.454939853,10130042.792315578,1.3842386497641508,7.8,EUBUCCO
DEA1F,MFH_HIGH,180,58709.752213609274,339730.42269412114,6.675,14.95,EUBUCCO
DEA1F,MFH_LOW,10584,2706771.117369797,5663778.883984039,2.4909013605442176,10.3,EUBUCCO
DEA1F,NON_RESIDENTIAL,260032,22542500.925517183,0.0,1.063369892936254,4.8,EUBUCCO
DEA1F,SFH,143846,11739946.664506523,13785063.347346745,1.3676647247751068,7.8,EUBUCCO
DEA22,MFH_HIGH,23,12726.146720859624,78586.78634760575,7.3999999999999995,15.9,EUBUCCO
DEA22,MFH_LOW,1484,496984.2253870364,1208271.755187106,2.8756064690026952,9.7,EUBUCCO
DEA22,NON_RESIDENTIAL,126470,12808866.226376563,0.0,1.6583727366173795,6.0,EUBUCCO
DEA22,SFH,7531,673211.5598098319,890029.3169491811,1.5040100916212988,6.7,EUBUCCO
DEA23,MFH_HIGH,1570,616150.5665928612,4220091.310182888,7.504203821656051,18.0,EUBUCCO
DEA23,MFH_LOW,33345,7070257.577402006,20590226.505692217,3.4367491378017694,11.7,EUBUCCO
DEA23,NON_RESIDENTIAL,199028,28037134.467761245,0.0,1.4586877223305263,4.5,EUBUCCO
DEA23,SFH,115767,8892770.95387031,12215305.012326807,1.5603453488472536,6.9,EUBUCCO
DEA24,MFH_HIGH,160,64318.89765245555,438789.58017514844,7.91875,17.9,EUBUCCO
DEA24,MFH_LOW,4540,1132484.5302613012,2901663.550728572,3.0750220264317183,9.6,EUBUCCO
DEA24,NON_RESIDENTIAL,48934,4165115.2043427317,0.0,1.1331385130992766,4.1,EUBUCCO
DEA24,SFH,29730,2538520.1548680593,3452870.830641247,1.5433501513622605,6.6,EUBUCCO
DEA26,MFH_HIGH,14,5729.975336811623,37385.25551786526,7.578571428571428,15.65,EUBUCCO
DEA26,MFH_LOW,2738,944677.7759135215,1405922.757046289,1.8465668371073776,8.6,EUBUCCO
DEA26,NON_RESIDENTIAL,159749,13527639.786743222,0.0,1.117169434550451,4.4,EUBUCCO
DEA26,SFH,92392,8475048.27372644,9314563.550286943,1.281057883799463,6.8,EUBUCCO
DEA27,MFH_HIGH,116,56439.59637754829,379521.3599389398,7.95,17.7,EUBUCCO
DEA27,MFH_LOW,4751,1659519.4316306014,2996790.794363558,2.1346242896232375,9.4,EUBUCCO
DEA27,NON_RESIDENTIAL,201191,17892068.228966933,0.0,1.1199193800915548,4.2,EUBUCCO
DEA27,SFH,142138,12018797.615531368,12918960.107082378,1.2474672501371906,7.0,EUBUCCO
DEA28,MFH_HIGH,21,7847.986050651715,46086.366261478826,7.033333333333333,17.7,EUBUCCO
DEA28,MFH_LOW,2205,675308.8305557681,1139745.7449532612,2.1573242630385487,8.7,EUBUCCO
DEA28,NON_RESIDENTIAL,150511,11855284.481950724,0.0,1.0893615749015022,4.6,EUBUCCO
DEA28,SFH,77109,7095579.727859081,7972607.556324112,1.2985111984333864,7.0,EUBUCCO
DEA29,MFH_HIGH,8,3884.5840496450173,26415.171537586117,8.0,20.15,EUBUCCO
DEA29,MFH_LOW,1816,656769.1413543265,892446.5668215561,1.568557268722467,7.9,EUBUCCO
DEA29,NON_RESIDENTIAL,250508,15548571.13514011,0.0,1.0547555367493253,4.0,EUBUCCO
DEA29,SFH,104140,9007430.693169469,9168423.63573488,1.1780487804878048,6.5,EUBUCCO
DEA2A,MFH_HIGH,8,3749.6528732411184,22555.843953140065,6.775,17.4,EUBUCCO
DEA2A,MFH_LOW,2734,912111.5106126434,1467221.2038136944,1.9161302121433796,8.9,EUBUCCO
DEA2A,NON_RESIDENTIAL,127440,12502648.998981122,0.0,1.1055194601381042,4.5,EUBUCCO
DEA2A,SFH,78659,8235703.286921736,9007816.16462451,1.2642977917339402,7.1,EUBUCCO
DEA2B,MFH_HIGH,60,30627.44127899026,190074.18906711854,7.163333333333333,18.3,EUBUCCO
DEA2B,MFH_LOW,3283,1092367.5512976286,1820465.4978977765,1.9693268352116966,9.5,EUBUCCO
DEA2B,NON_RESIDENTIAL,112535,8484295.236581992,0.0,1.1410903274536812,4.6,EUBUCCO
DEA2B,SFH,76948,7735016.620490619,8574506.406546116,1.2868040754795447,7.1,EUBUCCO
DEA2C,MFH_HIGH,102,52530.331968991355,356924.3963564655,7.461764705882353,18.0,EUBUCCO
DEA2C,MFH_LOW,6500,2034057.4709904704,3637543.1803588,2.223907692307692,9.4,EUBUCCO
DEA2C,NON_RESIDENTIAL,311772,21779762.209409267,0.0,1.1248944741670195,4.5,EUBUCCO
DEA2C,SFH,216342,17999850.53415443,19970708.260405242,1.2810425160163075,6.6,EUBUCCO
DEA2D,MFH_HIGH,184,83800.47563852205,518165.6709561596,7.2701086956521745,17.25,EUBUCCO
DEA2D,MFH_LOW,11661,3017741.9945547353,6544456.35434387,2.7390789812194494,11.3,EUBUCCO
DEA2D,NON_RESIDENTIAL,217901,19322101.966138214,0.0,1.1833773135506491,4.4,EUBUCCO
DEA2D,SFH,141289,11382563.08323438,13424434.386323705,1.319525936201686,7.1,EUBUCCO
DEA31,MFH_HIGH,33,11709.801544250704,73686.64106752611,7.424242424242424,20.0,EUBUCCO
DEA31,MFH_LOW,2276,527608.1629370849,1219711.6356571931,2.8286906854130054,10.1,EUBUCCO
DEA31,NON_RESIDENTIAL,47230,4001699.9526617588,0.0,1.0925513444844377,4.0,EUBUCCO
DEA31,SFH,27347,2338485.8589961138,3064143.9462355785,1.4589534501042163,6.8,EUBUCCO
DEA32,MFH_HIGH,290,87030.4521832067,557191.2852557864,7.024137931034483,16.75,EUBUCCO
DEA32,MFH_LOW,11339,2171771.8351257127,5857475.640340384,3.198500749625188,9.7,EUBUCCO
DEA32,NON_RESIDENTIAL,59376,6867831.651337344,0.0,1.1633353543519267,4.5,EUBUCCO
DEA32,SFH,37344,3032770.470972639,4308680.097163855,1.5463287275064268,6.9,EUBUCCO
DEA33,MFH_HIGH,179,93127.18653835788,561211.2899578025,7.279329608938547,17.9,EUBUCCO
DEA33,MFH_LOW,9154,2685910.411196216,6220059.699527962,2.8336792658946908,10.9,EUBUCCO
DEA33,NON_RESIDENTIAL,83479,9313673.144001385,0.0,1.155133626421016,4.3,EUBUCCO
DEA33,SFH,50526,5267748.801477851,6130652.133315204,1.3909195265803747,6.2,EUBUCCO
DEA34,MFH_HIGH,3,1588.7086519349473,9248.178850265656,6.533333333333334,16.5,EUBUCCO
DEA34,MFH_LOW,3847,1356154.0888582314,1955878.5091211104,1.7098778268780868,7.7,EUBUCCO
DEA34,NON_RESIDENTIAL,245179,29320345.43279901,0.0,1.0638651760550455,4.3,EUBUCCO
DEA34,SFH,109157,11425157.810814686,11242545.643273044,1.153233416088753,6.5,EUBUCCO
DEA35,MFH_LOW,3346,1222169.2460190733,1560831.0992829422,1.4940227136879856,7.6,EUBUCCO
DEA35,NON_RESIDENTIAL,148868,15347429.832600761,0.0,1.0509122175349974,4.5,EUBUCCO
DEA35,SFH,69037,7327406.852737999,7363766.890861627,1.1740226255486188,6.3,EUBUCCO
DEA36,MFH_HIGH,115,43078.03183216369,285526.9021114068,8.086086956521738,8.9,EUBUCCO
DEA36,MFH_LOW,8424,2439111.154275111,4717664.849292779,2.4137939221272555,8.2,EUBUCCO
DEA36,NON_RESIDENTIAL,258340,21556948.30872119,0.0,1.0965495083997832,4.1,EUBUCCO
DEA36,SFH,153530,14263048.244837154,16902402.185118303,1.3651670683254087,6.4,EUBUCCO
DEA37,MFH_HIGH,28,13895.65825768067,86205.50642696138,7.25,17.1,EUBUCCO
DEA37,MFH_LOW,6588,2282329.43608674,3295755.7906523123,1.6905130540376443,7.2,EUBUCCO
DEA37,NON_RESIDENTIAL,230265,29789221.508629624,0.0,1.0472099537489414,4.2,EUBUCCO
DEA37,SFH,155580,15205896.215602655,14965546.988766931,1.1480518061447487,5.7,EUBUCCO
DEA38,MFH_HIGH,8,4186.8535429586545,32461.81743922665,8.8625,15.05,EUBUCCO
DEA38,MFH_LOW,4181,1514936.2668638728,1841648.835558858,1.4156900263094954,7.5,EUBUCCO
DEA38,NON_RESIDENTIAL,165707,19411943.004353408,0.0,1.0706626756866033,4.5,EUBUCCO
DEA38,SFH,76190,8669494.92627076,8809152.531224066,1.184683029268933,6.4,EUBUCCO
DEA41,MFH_HIGH,113,55383.08904500308,340188.0202490433,7.146017699115045,16.1,EUBUCCO
DEA41,MFH_LOW,9528,2641458.6834969944,6038453.842863065,2.605153232577666,11.2,EUBUCCO
DEA41,NON_RESIDENTIAL,107815,11499782.762207221,0.0,1.155616565412976,4.3,EUBUCCO
DEA41,SFH,53664,5694801.864413319,7325053.393151605,1.5005497167561122,8.4,EUBUCCO
DEA42,MFH_HIGH,23,9417.601795859702,52397.56587508656,6.517391304347826,14.6,EUBUCCO
DEA42,MFH_LOW,7151,2452417.9839700107,3958302.9648713735,1.9002936652216473,9.2,EUBUCCO
DEA42,NON_RESIDENTIAL,204550,24210148.299690083,0.0,1.0619452456612075,4.5,EUBUCCO
DEA42,SFH,92505,10629590.673213115,12467872.092518695,1.354896492081509,8.0,EUBUCCO
DEA43,MFH_HIGH,17,9423.80576401623,59074.667020127396,7.476470588235294,13.8,EUBUCCO
DEA43,MFH_LOW,4554,1499226.0881258901,2340853.729306482,1.850812472551603,8.7,EUBUCCO
DEA43,NON_RESIDENTIAL,165974,13986757.423066072,0.0,1.050451275500982,4.3,EUBUCCO
DEA43,SFH,67505,7905152.866604768,8714267.48423221,1.278443078290497,7.9,EUBUCCO
DEA44,MFH_HIGH,11,4341.0870291677875,26440.061194782982,7.5181818181818185,18.1,EUBUCCO
DEA44,MFH_LOW,2525,755456.6929046988,1385719.4274485144,2.1146138613861383,10.4,EUBUCCO
DEA44,NON_RESIDENTIAL,89456,10843949.041847503,0.0,1.0833627705240565,4.7,EUBUCCO
DEA44,SFH,54289,5325210.458938616,6392806.801282488,1.3528246974525227,8.1,EUBUCCO
DEA45,MFH_HIGH,22,9879.54887506939,63893.630894647904,7.486363636363635,16.15,EUBUCCO
DEA45,MFH_LOW,5624,1675160.6114838002,3144736.031340267,2.2201458036984354,10.1,EUBUCCO
DEA45,NON_RESIDENTIAL,196248,18270011.983179886,0.0,1.0949288655171008,4.4,EUBUCCO
DEA45,SFH,89486,9946968.882415239,11992433.438650917,1.4060121136267125,8.1,EUBUCCO
DEA46,MFH_HIGH,30,13213.245027424731,89558.11641413624,8.176666666666668,15.55,EUBUCCO
DEA46,MFH_LOW,10293,3632116.6241367976,5144694.656254782,1.6583406198387254,8.3,EUBUCCO
DEA46,NON_RESIDENTIAL,167388,19478132.745738436,0.0,1.0491988673023156,4.4,EUBUCCO
DEA46,SFH,82522,10150634.964544721,10979965.142216627,1.2605983858849763,7.7,EUBUCCO
DEA47,MFH_HIGH,64,29402.665278324537,177271.9744589512,7.2734375,19.05,EUBUCCO
DEA47,MFH_LOW,5944,1858364.525679121,3758310.763593529,2.4172106325706593,10.5,EUBUCCO
DEA47,NON_RESIDENTIAL,137692,17734101.110834494,0.0,1.1106890741655289,4.6,EUBUCCO
DEA47,SFH,69594,8747610.990251636,10653776.32651259,1.437628243814122,8.3,EUBUCCO
DEA51,MFH_HIGH,362,119568.20776328306,719439.759031237,6.9779005524861875,17.65,EUBUCCO
DEA51,MFH_LOW,12708,2567235.6223939448,6828217.054654902,3.145530374567202,9.6,EUBUCCO
DEA51,NON_RESIDENTIAL,86300,9644751.446355408,0.0,1.2471772885283894,5.5,EUBUCCO
DEA51,SFH,63350,5068893.496549097,7102931.010945771,1.4956653512233622,6.1,EUBUCCO
DEA52,MFH_HIGH,524,201350.10950060815,1261036.878940566,7.270992366412214,17.3,EUBUCCO
DEA52,MFH_LOW,18295,3978073.0205447176,10848527.135668397,3.3253457228751024,10.2,EUBUCCO
DEA52,NON_RESIDENTIAL,128317,15490073.83347975,0.0,1.264538603614486,5.4,EUBUCCO
DEA52,SFH,101721,7920369.349093312,10577222.79292808,1.4850561830890376,6.1,EUBUCCO
DEA53,MFH_HIGH,112,52675.12457734558,346335.49503700266,7.691964285714286,14.350000000000001,EUBUCCO
DEA53,MFH_LOW,5729,1331393.5955637484,2956490.216338386,2.638558212602548,10.3,EUBUCCO
DEA53,NON_RESIDENTIAL,43458,5992812.074453737,0.0,1.3302798103916427,5.9,EUBUCCO
DEA53,SFH,40863,2998799.8987483857,3595329.243848114,1.3589090375156008,5.9,EUBUCCO
DEA54,MFH_HIGH,43,20959.98543427408,122841.52236495812,7.083720930232559,11.0,EUBUCCO
DEA54,MFH_LOW,2970,842072.2343748359,1785498.675465692,2.5695286195286196,8.1,EUBUCCO
DEA54,NON_RESIDENTIAL,80233,7523193.697594901,0.0,1.192358505851707,5.3,EUBUCCO
DEA54,SFH,67478,4265582.055294552,4809736.568234644,1.29744064732209,5.1,EUBUCCO
DEA55,MFH_HIGH,139,54256.98041972812,345486.26253409334,7.460431654676259,19.4,EUBUCCO
DEA55,MFH_LOW,6187,1257847.0656123029,3363561.0336095085,3.185695813803136,9.5,EUBUCCO
DEA55,NON_RESIDENTIAL,37375,3721756.155570929,0.0,1.2780361204013377,5.6,EUBUCCO
DEA55,SFH,29369,2123309.806963495,2952109.7733597388,1.482869692532943,5.6,EUBUCCO
DEA56,MFH_HIGH,129,42318.21336559076,245511.97326447998,6.898449612403101,11.4,EUBUCCO
DEA56,MFH_LOW,8594,2023131.0786315163,4484725.902058417,2.7704095880847106,8.8,EUBUCCO
DEA56,NON_RESIDENTIAL,120788,11558122.864949323,0.0,1.1570379507898134,5.4,EUBUCCO
DEA56,SFH,73649,6725280.499073181,8061916.578074008,1.3540401091664516,6.2,EUBUCCO
DEA57,MFH_HIGH,6,2223.408634629061,13226.848085543985,6.833333333333333,10.4,EUBUCCO
DEA57,MFH_LOW,2742,936866.6023500211,1425387.8675965017,1.7655361050328229,8.2,EUBUCCO
DEA57,NON_RESIDENTIAL,135170,16107506.697422136,0.0,1.2432470222682548,5.6,EUBUCCO
DEA57,SFH,87335,8903802.810167814,10051978.387389224,1.3040545027766646,6.7,EUBUCCO
DEA58,MFH_HIGH,82,31450.90653369186,214378.2947035143,7.851219512195121,13.0,EUBUCCO
DEA58,MFH_LOW,6697,1960398.5127544908,3475347.9758621603,2.1796774675227715,8.5,EUBUCCO
DEA58,NON_RESIDENTIAL,156230,17739534.402450494,0.0,1.1896325929719005,5.5,EUBUCCO
DEA58,SFH,98153,10226711.929133276,11586674.462039333,1.3189367619940298,6.4,EUBUCCO
DEA59,MFH_HIGH,4,2063.3974016589486,16278.817857273676,8.5,18.4,EUBUCCO
DEA59,MFH_LOW,1216,411783.8360473645,620759.3385995184,1.7220394736842106,8.0,EUBUCCO
DEA59,NON_RESIDENTIAL,69640,7383114.140148889,0.0,1.2411028144744398,5.4,EUBUCCO
DEA59,SFH,37458,4435581.717810531,5058807.866054898,1.3170457579155321,6.9,EUBUCCO
DEA5A,MFH_HIGH,58,23283.800068166485,133132.24767249599,6.794827586206897,13.55,EUBUCCO
DEA5A,MFH_LOW,3247,896575.0604858311,1642015.0984172027,2.3034185401909455,8.0,EUBUCCO
DEA5A,NON_RESIDENTIAL,140275,12765669.813043408,0.0,1.2595658527891642,5.3,EUBUCCO
DEA5A,SFH,79205,8496351.36679707,9734089.57152538,1.3312720156555773,6.8,EUBUCCO
DEA5B,MFH_HIGH,22,8600.075274635365,52661.865670971325,7.2,11.5,EUBUCCO
DEA5B,MFH_LOW,4028,1402964.3084929108,2203914.8621604485,1.8422293942403178,7.7,EUBUCCO
DEA5B,NON_RESIDENTIAL,154703,18060684.466151666,0.0,1.1540687640187972,5.2,EUBUCCO
DEA5B,SFH,84606,9653604.012071658,10468155.148232087,1.258427298300357,6.3,EUBUCCO
DEA5C,MFH_HIGH,128,50005.511774140854,300627.93753912085,7.0515625,11.7,EUBUCCO
DEA5C,MFH_LOW,5856,1901774.011961451,3662226.9209472397,2.368630464480874,8.1,EUBUCCO
DEA5C,NON_RESIDENTIAL,145538,16237196.930806356,0.0,1.1693056109057427,5.3,EUBUCCO
DEA5C,SFH,96702,9567960.538262174,11027393.83316921,1.3394645405472483,6.0,EUBUCCO
DEB11,MFH_HIGH,81,42342.500570054886,237669.176466784,6.487654320987654,16.1,EUBUCCO
DEB11,MFH_LOW,5100,1416527.0241874568,3511373.8899642234,2.9550980392156863,10.7,EUBUCCO
DEB11,NON_RESIDENTIAL,27268,3465554.630701557,0.0,1.3082330937362476,5.3,EUBUCCO
DEB11,SFH,18018,1862158.085482849,2436558.179412998,1.515978465978466,7.3,EUBUCCO
DEB12,MFH_HIGH,17,14240.04865176093,107887.51576573003,7.676470588235294,14.1,EUBUCCO
DEB12,MFH_LOW,3001,827572.982432293,1631805.1055357705,2.366911029656781,9.6,EUBUCCO
DEB12,NON_RESIDENTIAL,67497,5475610.533135064,0.0,1.2078803502377884,5.3,EUBUCCO
DEB12,SFH,45529,4576281.869682979,5571973.388484497,1.4012277888818117,7.3,EUBUCCO
DEB13,MFH_HIGH,3,1479.2784225315936,7848.945132599992,6.133333333333333,17.3,EUBUCCO
DEB13,MFH_LOW,1736,572530.6325536679,932114.7887239251,1.9910138248847926,9.1,EUBUCCO
DEB13,NON_RESIDENTIAL,62758,5420790.031426156,0.0,1.12907995793365,4.9,EUBUCCO
DEB13,SFH,47776,5188413.093407479,5809172.089042422,1.291834812458138,7.1,EUBUCCO
DEB14,MFH_HIGH,21,11050.883289818697,70093.95762956579,7.652380952380952,16.6,EUBUCCO
DEB14,MFH_LOW,3902,1134876.7822447855,2253774.3821674334,2.392542286007176,9.8,EUBUCCO
DEB14,NON_RESIDENTIAL,83631,7271679.889709846,0.0,1.2377862275950307,5.1,EUBUCCO
DEB14,SFH,52439,5567341.294581423,6555960.709983266,1.3655390072274451,7.2,EUBUCCO
DEB15,MFH_HIGH,8,4518.243634893185,42620.86667638268,9.55,17.4,EUBUCCO
DEB15,MFH_LOW,1913,587861.7420691487,999657.4792245915,2.0375326711970727,9.4,EUBUCCO
DEB15,NON_RESIDENTIAL,49734,4121229.512832038,0.0,1.169147866650581,4.8,EUBUCCO
DEB15,SFH,30476,3440927.318072492,4006940.5500257066,1.3499081244257778,7.2,EUBUCCO
DEB17,MFH_HIGH,24,12843.276544922204,77592.12244192717,7.7375,16.75,EUBUCCO
DEB17,MFH_LOW,4242,1203407.2912682884,2184420.062506909,2.2500471475719004,9.5,EUBUCCO
DEB17,NON_RESIDENTIAL,104661,9901270.409004092,0.0,1.2015449881044515,5.2,EUBUCCO
DEB17,SFH,67712,7308839.831869352,8766420.722261973,1.3950127008506616,7.2,EUBUCCO
DEB18,MFH_HIGH,8,4013.429906935832,23905.404396127105,7.0,17.3,EUBUCCO
DEB18,MFH_LOW,3669,1087008.776037757,1990306.8047948962,2.26486781139275,9.2,EUBUCCO
DEB18,NON_RESIDENTIAL,86706,7485692.790491934,0.0,1.1439542822872697,4.9,EUBUCCO
DEB18,SFH,58796,6324824.498999413,7390748.661654837,1.3560480304782638,7.2,EUBUCCO
DEB1A,MFH_HIGH,9,4524.398951982004,25077.472457988795,6.966666666666667,14.7,EUBUCCO
DEB1A,MFH_LOW,2976,755784.7077770518,1474186.0342609952,2.3267809139784945,9.9,EUBUCCO
DEB1A,NON_RESIDENTIAL,65618,5033890.790565001,0.0,1.2109207839312384,5.2,EUBUCCO
DEB1A,SFH,45541,4407698.061843833,5213360.285207078,1.349138139259129,7.1,EUBUCCO
DEB1B,MFH_HIGH,5,3385.4775743411324,23700.648620166743,17.52,18.7,EUBUCCO
DEB1B,MFH_LOW,2884,989124.5826247496,1619143.0637032078,1.9698335644937586,8.8,EUBUCCO
DEB1B,NON_RESIDENTIAL,114707,10275644.525399473,0.0,1.16390630040015,5.0,EUBUCCO
DEB1B,SFH,74149,8351372.270390685,9595569.820540229,1.3220609853133556,7.1,EUBUCCO
DEB1C,MFH_HIGH,3,691.5234278283629,4268.596710072362,8.0,17.1,EUBUCCO
DEB1C,MFH_LOW,2343,473411.5336072324,905566.5376315633,2.406914212548015,9.8,EUBUCCO
DEB1C,NON_RESIDENTIAL,48120,3794232.948067682,0.0,1.2286783042394014,5.4,EUBUCCO
DEB1C,SFH,27790,2750565.8666449017,3295373.5956956907,1.3771824397265204,7.2,EUBUCCO
DEB1D,MFH_HIGH,2,722.7991840140269,4300.65514488346,7.0,21.95,EUBUCCO
DEB1D,MFH_LOW,2117,633486.5424015252,1088896.2812249688,2.108124704770902,9.5,EUBUCCO
DEB1D,NON_RESIDENTIAL,67995,6365850.306344727,0.0,1.194411353776013,5.1,EUBUCCO
DEB1D,SFH,36992,4231609.880205543,4846130.293361426,1.3297713019031143,7.3,EUBUCCO
DEB21,MFH_HIGH,85,35194.097816939124,218172.22851644532,7.630588235294118,12.3,EUBUCCO
DEB21,MFH_LOW,4164,1307936.1790201569,3044856.827705716,2.7868635926993277,9.5,EUBUCCO
DEB21,NON_RESIDENTIAL,29282,3102668.7006380325,0.0,1.2025852059285567,4.5,EUBUCCO
DEB21,SFH,18600,1919320.4936456173,2381868.4076743294,1.4325430107526882,6.7,EUBUCCO
DEB22,MFH_LOW,2073,661766.0527740257,1106354.6368207936,2.0098408104196817,8.7,EUBUCCO
DEB22,NON_RESIDENTIAL,78031,7340630.017145286,0.0,1.1295408235188578,4.9,EUBUCCO
DEB22,SFH,48416,5041329.142931647,5541228.162465402,1.2635554362194317,6.8,EUBUCCO
DEB23,MFH_HIGH,1,322.4697303898631,1644.5956249883018,6.0,15.4,EUBUCCO
DEB23,MFH_LOW,1666,616017.9491108988,1043820.1286573707,1.9854141656662665,8.3,EUBUCCO
DEB23,NON_RESIDENTIAL,82628,8910246.273937158,0.0,1.107643897952268,5.3,EUBUCCO
DEB23,SFH,44691,4829356.166359276,5161625.930406099,1.2272582846658164,6.9,EUBUCCO
DEB24,MFH_HIGH,1,98.95640178968942,925.242356733596,11.0,17.3,EUBUCCO
DEB24,MFH_LOW,739,279267.4180809943,402336.22230250057,1.7089309878213803,8.2,EUBUCCO
DEB24,NON_RESIDENTIAL,54066,4439130.803143679,0.0,1.0848832907927348,5.0,EUBUCCO
DEB24,SFH,30311,3116188.608055849,3216126.923662725,1.1871267856553727,6.8,EUBUCCO
DEB25,MFH_HIGH,4,1683.277498715695,9817.876287939043,7.9,9.5,EUBUCCO
DEB25,MFH_LOW,1964,674430.3183377422,1074014.3804827607,1.8774949083503056,7.9,EUBUCCO
DEB25,NON_RESIDENTIAL,89194,6430428.0239244485,0.0,1.1000661479471714,4.6,EUBUCCO
DEB25,SFH,54757,6285715.606386698,6811004.728787675,1.2550231020691418,6.5,EUBUCCO
DEB31,MFH_HIGH,83,39653.45648478833,296613.11084074114,8.37710843373494,12.5,EUBUCCO
DEB31,MFH_LOW,1715,401498.73577566806,1075994.6632596464,3.154810495626822,9.2,EUBUCCO
DEB31,NON_RESIDENTIAL,17775,1660287.93834377,0.0,1.4393192686357243,4.7,EUBUCCO
DEB31,SFH,8366,802752.3721580611,939813.9817383501,1.3735118336122398,5.7,EUBUCCO
DEB32,MFH_HIGH,85,38179.55145870902,236431.35201948477,7.012941176470589,14.2,EUBUCCO
DEB32,MFH_LOW,4388,1220606.803395346,2630268.9652215526,2.5530765724703737,9.7,EUBUCCO
DEB32,NON_RESIDENTIAL,31630,3880992.6136773266,0.0,1.298570976920645,5.0,EUBUCCO
DEB32,SFH,18914,1993978.7320782915,2410315.2001675563,1.4151475097811144,6.4,EUBUCCO
DEB34,MFH_HIGH,264,128973.19452522373,975189.2265687253,8.65189393939394,14.0,EUBUCCO
DEB34,MFH_LOW,5162,1270130.6657736143,3196220.5870711333,2.978148004649361,10.1,EUBUCCO
DEB34,NON_RESIDENTIAL,43226,5717750.808877019,0.0,1.466025077499653,5.1,EUBUCCO
DEB34,SFH,25768,2218557.114014797,2775025.07591725,1.445075287177895,5.9,EUBUCCO
DEB35,MFH_HIGH,1028,359558.5194595008,2221125.366237889,6.98988326848249,11.8,EUBUCCO
DEB35,MFH_LOW,6609,1738892.3224878856,4764363.929406619,3.3714026327734903,10.0,EUBUCCO
DEB35,NON_RESIDENTIAL,37030,4176621.1161070303,0.0,1.504831217931407,5.6,EUBUCCO
DEB35,SFH,32082,2765841.1310570375,3540840.726865881,1.4670812293497912,6.1,EUBUCCO
DEB36,MFH_HIGH,28,7112.749352861923,44008.52147422618,7.607142857142857,11.05,EUBUCCO
DEB36,MFH_LOW,1708,475334.3779641778,1015783.0479969202,2.5955503512880562,9.5,EUBUCCO
DEB36,NON_RESIDENTIAL,23307,1663075.48525259,0.0,1.32228944094049,4.9,EUBUCCO
DEB36,SFH,14394,1441436.7324978057,1757846.0862641267,1.4119702653883563,6.0,EUBUCCO
DEB37,MFH_HIGH,18,8588.860806283705,49719.81414571956,7.544444444444445,13.55,EUBUCCO
DEB37,MFH_LOW,1681,420675.2602177544,900285.5581156544,2.4749553837001783,9.6,EUBUCCO
DEB37,NON_RESIDENTIAL,16074,1536847.911178627,0.0,1.3014806519845714,5.0,EUBUCCO
DEB37,SFH,9822,1008710.089973154,1166942.822624804,1.3422622683771126,6.4,EUBUCCO
DEB38,MFH_HIGH,34,17836.566234314276,113210.74018178918,7.68235294117647,12.45,EUBUCCO
DEB38,MFH_LOW,1781,525731.9289700578,1227499.2720787444,2.7126895002807414,9.6,EUBUCCO
DEB38,NON_RESIDENTIAL,17493,2080878.1957195774,0.0,1.3876007545875493,5.0,EUBUCCO
DEB38,SFH,9470,854089.9394811817,1097682.7046088537,1.488542766631468,6.0,EUBUCCO
DEB39,MFH_HIGH,47,15264.841088655556,105134.93441293437,8.370212765957445,13.5,EUBUCCO
DEB39,MFH_LOW,2376,679887.427387935,1449535.607934354,2.6263047138047138,9.5,EUBUCCO
DEB39,NON_RESIDENTIAL,33677,3285063.8324371413,0.0,1.2789737803248509,4.7,EUBUCCO
DEB39,SFH,21340,1910656.5006768205,2147199.25836372,1.283622305529522,5.6,EUBUCCO
DEB3A,MFH_HIGH,2,828.8310405142722,4156.685725007589,5.9,14.7,EUBUCCO
DEB3A,MFH_LOW,832,300725.34082083096,546288.3130626607,2.1890625,9.0,EUBUCCO
DEB3A,NON_RESIDENTIAL,19412,1548817.2308318894,0.0,1.1891664949515763,4.7,EUBUCCO
DEB3A,SFH,9712,1050137.7735381345,1165557.17748093,1.2776359143327842,6.2,EUBUCCO
DEB3B,MFH_HIGH,3,1533.3972718281582,12318.617838286133,12.666666666666666,14.9,EUBUCCO
DEB3B,MFH_LOW,2088,588195.1166982121,1000556.3262418298,2.2463122605363988,7.2,EUBUCCO
DEB3B,NON_RESIDENTIAL,81200,6230809.637280431,0.0,1.2504371921182267,5.3,EUBUCCO
DEB3B,SFH,51910,4918018.698218564,5287009.634981038,1.233540743594683,6.1,EUBUCCO
DEB3C,MFH_HIGH,6,1589.8942854155741,10281.155555155106,7.666666666666667,10.0,EUBUCCO
DEB3C,MFH_LOW,1950,662779.8700657432,1084654.8919267482,1.9785641025641025,7.5,EUBUCCO
DEB3C,NON_RESIDENTIAL,78551,5342318.771127494,0.0,1.2057835037109648,4.7,EUBUCCO
DEB3C,SFH,51258,5101460.521914409,5627923.61236545,1.2740313707128643,5.9,EUBUCCO
DEB3D,MFH_LOW,1003,423022.61258303345,604749.852845039,1.6926221335992024,7.4,EUBUCCO
DEB3D,NON_RESIDENTIAL,49038,3885294.166183253,0.0,1.1976691545332192,4.9,EUBUCCO
DEB3D,SFH,28130,3121860.811076711,3193710.30906419,1.1871809456096694,6.1,EUBUCCO
DEB3E,MFH_HIGH,55,24306.405468732326,159599.4039125241,7.6036363636363635,11.6,EUBUCCO
DEB3E,MFH_LOW,1610,554101.5424449237,989802.3963173414,2.1682608695652172,7.4,EUBUCCO
DEB3E,NON_RESIDENTIAL,75093,7236715.5648564845,0.0,1.1956267561557001,4.8,EUBUCCO
DEB3E,SFH,41202,4324746.2579423115,4870222.820200054,1.310285908451046,5.5,EUBUCCO
DEB3F,MFH_HIGH,4,3942.4151514125815,30497.875439983156,8.975,14.600000000000001,EUBUCCO
DEB3F,MFH_LOW,1719,829027.7281047326,1298719.1109414534,1.7641652123327516,7.6,EUBUCCO
DEB3F,NON_RESIDENTIAL,76297,5240971.98568416,0.0,1.160407355466139,4.8,EUBUCCO
DEB3F,SFH,43622,5059902.678504024,5502835.825742286,1.2677502177800193,6.4,EUBUCCO
DEB3G,MFH_LOW,1011,387901.5922313245,508148.7805094323,1.5266073194856578,7.4,EUBUCCO
DEB3G,NON_RESIDENTIAL,50597,3318420.4639036586,0.0,1.1742909658675416,4.8,EUBUCCO
DEB3G,SFH,28633,3401572.860457744,3533882.5578198074,1.2091502811441344,6.5,EUBUCCO
DEB3H,MFH_HIGH,9,2695.4894789480436,18659.32852220131,8.222222222222221,12.2,EUBUCCO
DEB3H,MFH_LOW,3355,1071617.612175547,2085587.9961909587,2.416035767511177,8.4,EUBUCCO
DEB3H,NON_RESIDENTIAL,96417,7905069.758520278,0.0,1.2539064687762531,4.9,EUBUCCO
DEB3H,SFH,53832,5518953.647981741,6197031.280068816,1.299669341655521,5.8,EUBUCCO
DEB3I,MFH_HIGH,55,23564.809054506833,169611.36154484394,8.134545454545455,12.9,EUBUCCO
DEB3I,MFH_LOW,1456,507618.27915875375,919724.7656766961,2.177197802197802,7.1,EUBUCCO
DEB3I,NON_RESIDENTIAL,81251,5626769.529396088,0.0,1.1611746316968408,4.5,EUBUCCO
DEB3I,SFH,54763,5308031.247675973,5833871.703855785,1.270770410678743,5.5,EUBUCCO
DEB3J,MFH_HIGH,16,6703.446620334607,51896.03327270362,8.93125,13.45,EUBUCCO
DEB3J,MFH_LOW,3316,1073032.142907255,1949368.453502836,2.2636308805790106,8.1,EUBUCCO
DEB3J,NON_RESIDENTIAL,95016,7733018.409087529,0.0,1.2397775111560159,5.3,EUBUCCO
DEB3J,SFH,70816,6960043.992719152,7845501.503933544,1.2983647763217352,6.2,EUBUCCO
DEB3K,MFH_LOW,948,331763.24574150325,430109.09018525825,1.5381856540084389,7.2,EUBUCCO
DEB3K,NON_RESIDENTIAL,75385,4645970.19519205,0.0,1.1533713603502023,4.8,EUBUCCO
DEB3K,SFH,39342,4491694.345616134,4657327.997103441,1.204282954603223,6.3,EUBUCCO
DEC01,MFH_HIGH,214,96295.84688777557,601268.4118289994,7.0514018691588785,16.75,EUBUCCO
DEC01,MFH_LOW,12697,2551618.7427264573,5988826.343636239,2.738016854375049,11.0,EUBUCCO
DEC01,NON_RESIDENTIAL,90325,9964549.102701273,0.0,1.2143991143094381,4.6,EUBUCCO
DEC01,SFH,76080,7989302.933747249,10678928.07001177,1.5625065720294427,7.7,EUBUCCO
DEC02,MFH_HIGH,1,311.08934292320754,1533.670460611413,5.8,20.2,EUBUCCO
DEC02,MFH_LOW,2139,569161.2952135669,952509.2515041382,2.012201963534362,9.4,EUBUCCO
DEC02,NON_RESIDENTIAL,45826,4432453.381688406,0.0,1.1579321782394274,4.7,EUBUCCO
DEC02,SFH,38386,4743797.041517403,5904289.606398828,1.457184911165529,7.6,EUBUCCO
DEC03,MFH_HIGH,12,6350.3176617064,36113.661550129014,6.791666666666667,18.45,EUBUCCO
DEC03,MFH_LOW,3357,689417.3666601805,1445915.122227224,2.4827524575513853,10.6,EUBUCCO
DEC03,NON_RESIDENTIAL,59192,4831626.67633816,0.0,1.1744644546560346,4.4,EUBUCCO
DEC03,SFH,37024,4205959.008651669,5371942.181875188,1.4991816119273984,7.5,EUBUCCO
DEC04,MFH_HIGH,6,2703.2202832057465,13816.972689370006,5.883333333333333,19.15,EUBUCCO
DEC04,MFH_LOW,5483,1169336.3738070296,2222670.485606477,2.2578150647455772,10.1,EUBUCCO
DEC04,NON_RESIDENTIAL,75095,7968992.44459605,0.0,1.1690298954657434,4.5,EUBUCCO
DEC04,SFH,64857,7581094.106543637,9874466.310263079,1.53481968021956,7.6,EUBUCCO
DEC05,MFH_HIGH,11,4868.435187839126,32049.842906068254,7.790909090909091,16.3,EUBUCCO
DEC05,MFH_LOW,3025,772723.707876463,1496098.1707298628,2.254512396694215,10.1,EUBUCCO
DEC05,NON_RESIDENTIAL,63196,6488029.726700784,0.0,1.152440027849864,4.2,EUBUCCO
DEC05,SFH,48491,5495628.930287351,6895161.20190963,1.476564723350725,7.4,EUBUCCO
DEC06,MFH_LOW,1358,358104.7081627999,624850.7457534788,2.1045655375552283,9.8,EUBUCCO
DEC06,NON_RESIDENTIAL,45591,3970482.5023903027,0.0,1.1520212322607533,4.4,EUBUCCO
DEC06,SFH,28758,3572591.159023358,4367764.266567519,1.4299047221642673,7.5,EUBUCCO
DED21,MFH_HIGH,15406,2922307.9510815805,16660866.56481399,6.605030507594444,18.9,EUBUCCO
DED21,MFH_LOW,58343,6590565.802507218,21875947.767698694,3.731131412508784,10.7,EUBUCCO
DED21,NON_RESIDENTIAL,76642,10850278.262065714,0.0,1.6391273714151509,3.4,EUBUCCO
DED21,SFH,37870,1762739.2601839625,2314278.457244461,1.4633482968048588,4.05,EUBUCCO
DED2C,MFH_HIGH,2465,645419.6953584641,3499818.9755363306,6.406937119675456,18.0,EUBUCCO
DED2C,MFH_LOW,92749,10963127.988457361,31769818.78548212,3.3027288703921336,9.4,EUBUCCO
DED2C,NON_RESIDENTIAL,143968,16012659.372192595,0.0,1.3043426316959326,3.2,EUBUCCO
DED2C,SFH,78048,4927959.936970339,7572652.938360012,1.7767489237392375,5.6,EUBUCCO
DED2D,MFH_HIGH,4830,1098763.4334097616,5978912.585273017,6.439482401656315,18.6,EUBUCCO
DED2D,MFH_LOW,75931,9186640.709433567,26851979.52841036,3.3322371626871767,9.3,EUBUCCO
DED2D,NON_RESIDENTIAL,133391,13621005.501302352,0.0,1.3315066233853858,3.3,EUBUCCO
DED2D,SFH,65290,4194695.112863482,6491423.080876352,1.7810644815438812,5.6,EUBUCCO
DED2E,MFH_HIGH,2383,610352.3742636903,3308963.8427137723,6.471254720939991,18.1,EUBUCCO
DED2E,MFH_LOW,68826,8013424.789123518,23812689.383907575,3.3822000406823003,9.6,EUBUCCO
DED2E,NON_RESIDENTIAL,110715,13470936.069735575,0.0,1.3905044483583977,3.4,EUBUCCO
DED2E,SFH,49284,2949970.414699253,4384910.397208788,1.677617482347212,5.3,EUBUCCO
DED2F,MFH_HIGH,2072,499043.6088250157,2724484.856678429,6.557239382239382,18.2,EUBUCCO
DED2F,MFH_LOW,72551,8540822.357018262,26255811.476161048,3.46099709170101,10.0,EUBUCCO
DED2F,NON_RESIDENTIAL,93425,9725881.832229944,0.0,1.4114797966283115,3.4,EUBUCCO
DED2F,SFH,56566,2870248.0481731594,4071467.3508907575,1.5916805147968744,4.8,EUBUCCO
DED41,MFH_HIGH,9301,1618343.4648032542,9384702.959170742,6.733910332222342,19.4,EUBUCCO
DED41,MFH_LOW,30327,3112940.4050686113,10161738.874037651,3.680284894648333,10.5,EUBUCCO
DED41,NON_RESIDENTIAL,54856,7215649.707189567,0.0,1.5743692576928687,3.5,EUBUCCO
DED41,SFH,29520,1351523.5287591282,1727390.5080344123,1.4052811653116533,3.8,EUBUCCO
DED42,MFH_HIGH,3614,885026.2888043851,4809686.906371113,6.424460431654676,17.9,EUBUCCO
DED42,MFH_LOW,101928,11614918.01261311,36345166.45768454,3.5539272820029826,10.4,EUBUCCO
DED42,NON_RESIDENTIAL,140594,13411929.265665688,0.0,1.444361779307794,3.6,EUBUCCO
DED42,SFH,57532,3223029.608947512,4876508.5042518815,1.7189425015643467,5.4,EUBUCCO
DED43,MFH_HIGH,3852,861762.4143353875,4658913.874175504,6.4256749740394605,17.9,EUBUCCO
DED43,MFH_LOW,99478,11824867.458462643,36330258.01663236,3.4884848911317077,10.1,EUBUCCO
DED43,NON_RESIDENTIAL,135218,15857233.125527749,0.0,1.4390251297904126,3.5,EUBUCCO
DED43,SFH,59350,3557820.8662239197,5348629.851547122,1.7106015164279695,5.4,EUBUCCO
DED44,MFH_HIGH,5861,1112716.9886953896,6098992.468267704,6.432639481317181,18.4,EUBUCCO
DED44,MFH_LOW,65952,7047617.113289571,21326176.4828201,3.4817427826297913,9.9,EUBUCCO
DED44,NON_RESIDENTIAL,115459,11246247.81168706,0.0,1.4272347759810842,3.7,EUBUCCO
DED44,SFH,47664,2867504.3907115217,4365086.861177961,1.724811178247734,5.4,EUBUCCO
DED45,MFH_HIGH,5183,1106101.1656648698,5946420.217734278,6.312290179432761,17.8,EUBUCCO
DED45,MFH_LOW,88371,9319051.996719573,29109745.709688734,3.5706544001991602,10.3,EUBUCCO
DED45,NON_RESIDENTIAL,113791,13529724.415052073,0.0,1.4334631034088814,3.5,EUBUCCO
DED45,SFH,49741,2847335.0693190605,4208079.755995627,1.6695442391588429,5.3,EUBUCCO
DED51,MFH_HIGH,20547,4667486.974550781,26736912.711508512,6.654966661799777,19.2,EUBUCCO
DED51,MFH_LOW,43359,4809753.784306143,15409769.265077764,3.6793468484051752,10.4,EUBUCCO
DED51,NON_RESIDENTIAL,78423,13298296.612556307,0.0,1.6062507172640679,3.2,EUBUCCO
DED51,SFH,47431,2437802.3811120666,3094323.649425993,1.3707554131264363,3.6,EUBUCCO
DED52,MFH_HIGH,1912,506768.8433995119,2674039.6361315283,6.367782426778243,17.6,EUBUCCO
DED52,MFH_LOW,74716,8869558.73346971,26097111.324331723,3.365517425986402,9.6,EUBUCCO
DED52,NON_RESIDENTIAL,123643,13157417.527116463,0.0,1.3112671158092248,3.2,EUBUCCO
DED52,SFH,62290,4065121.119755411,6002132.6519524865,1.6698523037405684,5.3,EUBUCCO
DED53,MFH_HIGH,1583,454428.92942281783,2378763.2644331562,6.281680353758686,17.7,EUBUCCO
DED53,MFH_LOW,56297,7038828.901616308,20260261.722095642,3.3151677709291794,9.3,EUBUCCO
DED53,NON_RESIDENTIAL,110466,14045541.233711291,0.0,1.3185613672985355,3.2,EUBUCCO
DED53,SFH,56800,3766574.418176504,5626768.598441843,1.6933714788732395,5.3,EUBUCCO
DEE01,MFH_HIGH,274,52991.639792160444,286764.1585504389,6.260583941605839,19.6,EUBUCCO
DEE01,MFH_LOW,19612,1792677.291479545,4875337.483636954,3.076137058943504,10.0,EUBUCCO
DEE01,NON_RESIDENTIAL,61528,3734180.790581382,0.0,1.3476043427382653,3.0,EUBUCCO
DEE01,SFH,20522,912358.2370290163,1164855.0779423406,1.402884709092681,4.0,EUBUCCO
DEE02,MFH_HIGH,3033,458600.1029951667,2628820.582198759,6.433564127926146,18.9,EUBUCCO
DEE02,MFH_LOW,39201,3236961.590076537,9950786.402190449,3.5395602153006296,13.6,EUBUCCO
DEE02,NON_RESIDENTIAL,72534,5536297.107201511,0.0,1.6164116138638431,3.1,EUBUCCO
DEE02,SFH,31076,1479837.1511137383,1875771.2892332275,1.4056667524777964,4.1,EUBUCCO
DEE03,MFH_HIGH,2116,275262.99537150713,1759340.1960354536,7.357466918714556,20.2,EUBUCCO
DEE03,MFH_LOW,36486,3295767.3656473313,9211188.072237259,3.243827769555446,12.7,EUBUCCO
DEE03,NON_RESIDENTIAL,91077,6957458.1506359875,0.0,1.3908967137696675,2.9,EUBUCCO
DEE03,SFH,50466,2404458.172973935,2957426.1916935546,1.3525383426465343,4.1,EUBUCCO
DEE04,MFH_HIGH,21,3649.226874931651,18305.62388097636,5.961904761904762,19.7,EUBUCCO
DEE04,MFH_LOW,5664,984408.5882326531,1886529.826462658,2.3528954802259885,11.8,EUBUCCO
DEE04,NON_RESIDENTIAL,126279,10762630.546114521,0.0,1.1714734833186833,3.6,EUBUCCO
DEE04,SFH,52122,4151063.3239382515,5087408.021908174,1.366795211235179,7.2,EUBUCCO
DEE05,MFH_HIGH,108,19225.146169112286,93010.12072142366,5.938888888888889,19.6,EUBUCCO
DEE05,MFH_LOW,51233,4835399.710625289,12036518.17468245,2.84694630413991,9.3,EUBUCCO
DEE05,NON_RESIDENTIAL,206187,12750612.569420828,0.0,1.326421646369558,3.1,EUBUCCO
DEE05,SFH,52786,2822993.2532157986,3743890.860339392,1.4561777744098814,4.6,EUBUCCO
DEE06,MFH_HIGH,37,15861.46977275749,74838.46536823799,5.616216216216216,19.7,EUBUCCO
DEE06,MFH_LOW,19374,2149656.4674300742,4601976.0987718655,2.4343604831217096,9.4,EUBUCCO
DEE06,NON_RESIDENTIAL,130694,8332749.206853477,0.0,1.2296991445666976,3.2,EUBUCCO
DEE06,SFH,43927,2806254.395051273,3724235.5704574836,1.4483392901859904,5.7,EUBUCCO
DEE07,MFH_HIGH,142,9357.475171780992,53894.81869787763,6.188028169014085,19.7,EUBUCCO
DEE07,MFH_LOW,21480,2637721.35808882,5521474.434371737,2.4629562383612664,11.1,EUBUCCO
DEE07,NON_RESIDENTIAL,218298,15222614.458653452,0.0,1.2056532812943774,3.2,EUBUCCO
DEE07,SFH,97409,6655584.546598887,8831364.038678195,1.4539180157890956,6.8,EUBUCCO
DEE08,MFH_HIGH,1310,206293.99261576755,944302.9509090198,5.346106870229008,18.6,EUBUCCO
DEE08,MFH_LOW,71526,6522557.205096527,17695610.64813714,3.1044641109526605,9.9,EUBUCCO
DEE08,NON_RESIDENTIAL,188374,10976784.086456297,0.0,1.502946266469895,3.4,EUBUCCO
DEE08,SFH,56986,2401474.422576159,3170454.9395679003,1.4160337626785526,4.0,EUBUCCO
DEE09,MFH_HIGH,60,13249.630727023507,64240.46008343862,5.776666666666667,19.4,EUBUCCO
DEE09,MFH_LOW,35404,3772517.1650008853,8545758.00944606,2.601635408428426,11.5,EUBUCCO
DEE09,NON_RESIDENTIAL,238358,12954419.64256821,0.0,1.2717647404324588,3.4,EUBUCCO
DEE09,SFH,108924,6730700.8940994255,8890226.226170132,1.4558600492086227,6.6,EUBUCCO
DEE0A,MFH_HIGH,52,10532.374888805132,53625.273657002464,5.901923076923077,19.7,EUBUCCO
DEE0A,MFH_LOW,51322,4693832.88224424,10715871.313584862,2.610759518335217,9.5,EUBUCCO
DEE0A,NON_RESIDENTIAL,157490,8510797.404069845,0.0,1.3080170169534573,3.3,EUBUCCO
DEE0A,SFH,76586,3424244.249537052,4402197.834021161,1.3956049408508082,4.6,EUBUCCO
DEE0B,MFH_HIGH,523,90571.34275799917,422003.57559719845,5.448183556405354,17.7,EUBUCCO
DEE0B,MFH_LOW,62726,6018479.882185023,15153054.758907167,2.8665178713771007,9.4,EUBUCCO
DEE0B,NON_RESIDENTIAL,207716,13628741.353954487,0.0,1.4129734830248994,3.2,EUBUCCO
DEE0B,SFH,54763,2828947.6640603626,3771242.977176539,1.438810875956394,4.6,EUBUCCO
DEE0C,MFH_HIGH,149,24417.870720958836,126818.16245077272,6.571812080536913,19.8,EUBUCCO
DEE0C,MFH_LOW,57833,5799850.929497933,13824083.81035606,2.7137239984092125,9.6,EUBUCCO
DEE0C,NON_RESIDENTIAL,236157,13439470.65498997,0.0,1.312651329412213,3.2,EUBUCCO
DEE0C,SFH,52586,3173621.1983251018,4070706.695844504,1.4027897158939642,4.4,EUBUCCO
DEE0D,MFH_HIGH,111,40000.75348538149,236142.68571553886,7.322522522522522,19.6,EUBUCCO
DEE0D,MFH_LOW,9090,1413776.2159404932,3177740.3102515633,2.5456325632563255,11.8,EUBUCCO
DEE0D,NON_RESIDENTIAL,148556,10996659.00316386,0.0,1.1968840033388082,3.4,EUBUCCO
DEE0D,SFH,55243,4445894.425151363,5692513.090917451,1.4355302934308418,7.2,EUBUCCO
DEE0E,MFH_HIGH,142,30651.563312953174,137514.4544294999,5.25774647887324,18.8,EUBUCCO
DEE0E,MFH_LOW,47370,4663665.574634281,11414453.13114055,2.8061895714587295,9.1,EUBUCCO
DEE0E,NON_RESIDENTIAL,169554,11317441.895279827,0.0,1.357690175401347,3.3,EUBUCCO
DEE0E,SFH,51449,2339479.4981894055,3090076.8679390205,1.42002371280297,4.4,EUBUCCO
DEF01,MFH_HIGH,49,28376.571912592844,170430.79362422845,7.155102040816327,12.6,EUBUCCO
DEF01,MFH_LOW,2875,936570.1918017014,2111411.712723428,2.6116521739130434,8.4,EUBUCCO
DEF01,NON_RESIDENTIAL,25548,2864806.368680515,0.0,1.2711131986848285,4.2,EUBUCCO
DEF01,SFH,15337,1486988.9848346298,1675177.7210441786,1.3164830149312121,5.4,EUBUCCO
DEF02,MFH_HIGH,327,156373.47301616817,1027064.9280472455,7.656269113149847,11.0,EUBUCCO
DEF02,MFH_LOW,8194,2077340.3912177738,5799374.384758044,3.395911642665365,9.8,EUBUCCO
DEF02,NON_RESIDENTIAL,46832,5869337.01642187,0.0,1.3975337376153059,4.0,EUBUCCO
DEF02,SFH,32733,2752526.21663943,3132191.644181397,1.3147924113280176,5.3,EUBUCCO
DEF03,MFH_HIGH,91,50495.32293240787,337069.10377730115,8.157142857142857,12.9,EUBUCCO
DEF03,MFH_LOW,7756,2203633.691431909,5051212.400312036,2.719404332129964,9.0,EUBUCCO
DEF03,NON_RESIDENTIAL,78530,6903876.536229212,0.0,1.1710836622946643,3.9,EUBUCCO
DEF03,SFH,52928,3960308.634563557,4402253.465695972,1.2798159764207981,5.5,EUBUCCO
DEF04,MFH_HIGH,17,7972.766393447414,48026.50188245853,7.294117647058823,13.4,EUBUCCO
DEF04,MFH_LOW,1773,650043.3790492768,1273739.1936278408,2.245741680767061,7.9,EUBUCCO
DEF04,NON_RESIDENTIAL,44199,3904856.4658150366,0.0,1.0967533202108646,3.7,EUBUCCO
DEF04,SFH,23594,1938048.9115373911,2029137.577651894,1.184563872170891,4.9,EUBUCCO
DEF05,MFH_HIGH,4,2062.647399833634,18980.65404176981,10.25,8.95,EUBUCCO
DEF05,MFH_LOW,2697,1007658.4344406694,1295424.3722851763,1.453392658509455,6.2,EUBUCCO
DEF05,NON_RESIDENTIAL,132238,11971310.175342673,0.0,1.0689136254329314,3.7,EUBUCCO
DEF05,SFH,60503,6280217.352541681,5832498.272908368,1.0790803761796934,5.2,EUBUCCO
DEF06,MFH_HIGH,24,12233.857593308616,72500.94564010117,7.2250000000000005,12.05,EUBUCCO
DEF06,MFH_LOW,4506,1730704.2199137483,2643592.7461004267,1.7665113182423435,7.2,EUBUCCO
DEF06,NON_RESIDENTIAL,132898,9126606.377597619,0.0,1.0854948908185225,3.9,EUBUCCO
DEF06,SFH,61545,6278137.120256347,6424989.256494901,1.1837029815582094,5.8,EUBUCCO
DEF07,MFH_HIGH,40,18545.069461646086,118253.7192771417,8.0625,9.6,EUBUCCO
DEF07,MFH_LOW,4416,1666365.7308854207,2131559.9946126468,1.4426403985507246,6.2,EUBUCCO
DEF07,NON_RESIDENTIAL,138519,14412450.716214439,0.0,1.116469942751536,4.0,EUBUCCO
DEF07,SFH,75761,8042582.191177722,7607534.338351659,1.1009912751943611,5.4,EUBUCCO
DEF08,MFH_HIGH,41,27347.683733547903,257971.65396837174,8.292682926829269,14.5,EUBUCCO
DEF08,MFH_LOW,5142,2088623.6875531825,3356305.4533334635,1.7868728121353559,7.0,EUBUCCO
DEF08,NON_RESIDENTIAL,154077,10427872.256263094,0.0,1.1062767317639883,3.8,EUBUCCO
DEF08,SFH,89552,8184748.014711811,8235213.653676084,1.1478515276040737,5.2,EUBUCCO
DEF09,MFH_HIGH,157,75351.78317430985,499434.03628010413,7.77515923566879,10.9,EUBUCCO
DEF09,MFH_LOW,5450,2205631.0083162473,3949510.763516508,2.063761467889908,7.0,EUBUCCO
DEF09,NON_RESIDENTIAL,150883,12136911.639470577,0.0,1.098459070935758,3.7,EUBUCCO
DEF09,SFH,87157,8545421.686921101,8688549.778731508,1.1953589499409114,5.3,EUBUCCO
DEF0A,MFH_HIGH,31,12914.2084827908,80601.75207669934,7.703225806451614,11.5,EUBUCCO
DEF0A,MFH_LOW,2533,1032839.5326747634,1541112.2756077591,1.6652980655349388,6.8,EUBUCCO
DEF0A,NON_RESIDENTIAL,82843,6650319.144192768,0.0,1.0885759810726312,3.9,EUBUCCO
DEF0A,SFH,49200,4683123.5668767,4771594.108775789,1.1720325203252033,5.6,EUBUCCO
DEF0B,MFH_HIGH,50,30943.796754853516,197652.06856496978,7.522,11.25,EUBUCCO
DEF0B,MFH_LOW,5298,2086609.5370630266,2973495.617166826,1.5986976217440543,6.4,EUBUCCO
DEF0B,NON_RESIDENTIAL,186867,16883693.425722133,0.0,1.0730449999197291,3.8,EUBUCCO
DEF0B,SFH,93969,10047246.10106393,9883711.484807326,1.1429545914078048,5.4,EUBUCCO
DEF0C,MFH_HIGH,15,7689.530879908879,42484.00066938016,6.446666666666667,13.7,EUBUCCO
DEF0C,MFH_LOW,5147,1873244.9879070644,2376878.449062081,1.429492908490383,6.1,EUBUCCO
DEF0C,NON_RESIDENTIAL,172025,16169839.38143283,0.0,1.0959540764423776,3.9,EUBUCCO
DEF0C,SFH,78671,8739986.549346227,8319554.594209958,1.108506311093033,5.4,EUBUCCO
DEF0D,MFH_HIGH,76,49549.11310542694,327015.5404211119,7.7,12.350000000000001,EUBUCCO
DEF0D,MFH_LOW,4962,2137318.663077557,3725708.2724296562,1.9113059250302298,7.0,EUBUCCO
DEF0D,NON_RESIDENTIAL,162464,14220779.653664561,0.0,1.1068452087847154,3.9,EUBUCCO
DEF0D,SFH,83547,8406124.817849288,8718029.161066998,1.2165260272660898,5.5,EUBUCCO
DEF0E,MFH_HIGH,7,3949.654329588431,38622.98780721344,10.328571428571427,14.1,EUBUCCO
DEF0E,MFH_LOW,2839,1102056.8869062488,1518445.4177839982,1.5747798520605847,6.6,EUBUCCO
DEF0E,NON_RESIDENTIAL,102251,9296759.672066446,0.0,1.0792608385248066,3.8,EUBUCCO
DEF0E,SFH,47477,4920793.434967043,4847426.715319568,1.1401668176169515,5.4,EUBUCCO
DEF0F,MFH_HIGH,43,28439.653475526506,185679.15831870947,7.981395348837209,11.4,EUBUCCO
DEF0F,MFH_LOW,4515,1904733.7976312535,3319028.985737979,1.933001107419712,7.1,EUBUCCO
DEF0F,NON_RESIDENTIAL,116164,10121108.528883316,0.0,1.103461485486037,3.9,EUBUCCO
DEF0F,SFH,68711,7146537.160022164,7471768.132788316,1.2225757156787123,5.7,EUBUCCO
DEG01,MFH_HIGH,461,199433.96795254084,1370583.3686926197,7.191323210412147,17.8,EUBUCCO
DEG01,MFH_LOW,4948,1198897.8667048751,3562754.098353428,3.4296079223928864,11.9,EUBUCCO
DEG01,NON_RESIDENTIAL,25661,4528182.536097201,0.0,1.257815361833132,3.9,EUBUCCO
DEG01,SFH,29140,2030224.378604234,2518924.8941736263,1.3567982155113245,5.6,EUBUCCO
DEG02,MFH_HIGH,278,117464.0308225165,704395.3518213562,6.951438848920863,18.2,EUBUCCO
DEG02,MFH_LOW,4248,991889.2642972212,2709162.886508538,3.109204331450094,12.1,EUBUCCO
DEG02,NON_RESIDENTIAL,17373,2436422.2839531796,0.0,1.275709434179474,3.8,EUBUCCO
DEG02,SFH,12969,1042466.8391443632,1430514.397734454,1.4437196391394864,5.8,EUBUCCO
DEG03,MFH_HIGH,159,102945.42649753079,714503.6373611168,7.734591194968553,18.5,EUBUCCO
DEG03,MFH_LOW,2979,764599.4466827655,2132296.642987204,3.142161799261497,11.5,EUBUCCO
DEG03,NON_RESIDENTIAL,11221,1509784.4124393796,0.0,1.3167186525265127,4.1,EUBUCCO
DEG03,SFH,14150,1051790.6124342345,1407893.7604706143,1.4313074204946996,6.2,EUBUCCO
DEG04,MFH_HIGH,74,45357.01550420289,262500.2318073841,6.863513513513513,19.6,EUBUCCO
DEG04,MFH_LOW,1163,254240.96016145125,685725.4409357499,3.0184866723989683,10.6,EUBUCCO
DEG04,NON_RESIDENTIAL,9364,983418.4440287652,0.0,1.1613733447244767,3.9,EUBUCCO
DEG04,SFH,8765,680149.0227737877,865952.0848150721,1.3973531089560751,6.6,EUBUCCO
DEG05,MFH_HIGH,23,17093.03759216207,110402.94209044054,7.291304347826086,20.3,EUBUCCO
DEG05,MFH_LOW,2600,618780.8008909768,1608932.5069803705,2.9285,12.0,EUBUCCO
DEG05,NON_RESIDENTIAL,9709,1258130.4049095472,0.0,1.2396230301781852,4.0,EUBUCCO
DEG05,SFH,11292,899137.9594952966,1182505.637541573,1.4316241586964222,6.8,EUBUCCO
DEG06,MFH_HIGH,25,12192.354412643559,63373.19989794948,6.12,17.1,EUBUCCO
DEG06,MFH_LOW,5454,855452.426202181,1893950.1516581276,2.8349468280161347,9.9,EUBUCCO
DEG06,NON_RESIDENTIAL,30973,3913959.673585081,0.0,1.216107577567559,4.4,EUBUCCO
DEG06,SFH,33451,2675888.8877942716,3309648.2522386867,1.3854443813338915,6.1,EUBUCCO
DEG07,MFH_HIGH,50,14546.808390274578,86078.34620444122,6.38,17.25,EUBUCCO
DEG07,MFH_LOW,1928,547628.4791068463,1203195.1482590218,2.7445539419087135,11.0,EUBUCCO
DEG07,NON_RESIDENTIAL,30032,3356760.8154397337,0.0,1.1424813532232285,4.1,EUBUCCO
DEG07,SFH,31626,2348140.8462426653,2656869.625156943,1.2666824764434326,5.9,EUBUCCO
DEG09,MFH_HIGH,36,20299.226160365124,108625.15537551169,7.138888888888889,17.700000000000003,EUBUCCO
DEG09,MFH_LOW,4371,750818.9599564978,1667812.0848431056,2.8585678334477236,9.7,EUBUCCO
DEG09,NON_RESIDENTIAL,24671,3945216.1133305957,0.0,1.2317214543391026,4.4,EUBUCCO
DEG09,SFH,40195,2734280.0456184987,3262916.3202005564,1.3170941659410373,5.1,EUBUCCO
DEG0A,MFH_HIGH,1,594.2173548552605,4040.6780130157713,8.0,11.3,EUBUCCO
DEG0A,MFH_LOW,1478,500049.64147345466,947424.8664402629,2.2935723951285523,11.0,EUBUCCO
DEG0A,NON_RESIDENTIAL,29599,3520148.1146711865,0.0,1.1800871651069293,4.1,EUBUCCO
DEG0A,SFH,36544,2534439.775571,2974788.230900645,1.2727041374781085,5.4,EUBUCCO
DEG0B,MFH_HIGH,62,29586.927664317544,155749.9379470606,6.190322580645161,17.4,EUBUCCO
DEG0B,MFH_LOW,4503,772259.1696971391,1650297.2635336663,2.7478569842327336,9.9,EUBUCCO
DEG0B,NON_RESIDENTIAL,46200,5053811.719552665,0.0,1.1771450216450217,4.1,EUBUCCO
DEG0B,SFH,51228,3925195.056600295,4868692.718873385,1.3801319590848753,6.4,EUBUCCO
DEG0C,MFH_HIGH,77,31664.948140891367,165011.11737481997,6.111688311688312,17.2,EUBUCCO
DEG0C,MFH_LOW,5236,991375.7566446156,2433777.3987934506,2.994900687547746,10.2,EUBUCCO
DEG0C,NON_RESIDENTIAL,32723,5163369.683366744,0.0,1.1931393820859946,4.0,EUBUCCO
DEG0C,SFH,53677,3557022.2887213533,4317029.837755567,1.3356074296253515,5.4,EUBUCCO
DEG0D,MFH_HIGH,10,6819.876510027389,39078.82079423818,6.51,18.95,EUBUCCO
DEG0D,MFH_LOW,1503,411531.19916038954,852653.2970195102,2.455954757152362,9.5,EUBUCCO
DEG0D,NON_RESIDENTIAL,26691,3378174.8004425773,0.0,1.2088381851560452,4.0,EUBUCCO
DEG0D,SFH,24539,1872078.03938184,2353885.554031656,1.39777904560088,6.0,EUBUCCO
DEG0E,MFH_HIGH,6,3563.0220652426515,18171.412532737522,6.0,16.35,EUBUCCO
DEG0E,MFH_LOW,3581,567039.3587517194,1177038.593390828,2.740100530578051,9.8,EUBUCCO
DEG0E,NON_RESIDENTIAL,30251,3452428.5129372925,0.0,1.1666986215331725,4.1,EUBUCCO
DEG0E,SFH,20584,1952896.0561482075,2526863.681033151,1.5088661095996891,7.5,EUBUCCO
DEG0F,MFH_HIGH,164,48254.724903475064,263203.2973816123,6.171341463414635,18.3,EUBUCCO
DEG0F,MFH_LOW,3181,701655.5898922809,1621719.592431763,2.799402703552342,10.4,EUBUCCO
DEG0F,NON_RESIDENTIAL,38457,4269800.2432233635,0.0,1.1807447278778895,4.0,EUBUCCO
DEG0F,SFH,35761,2800683.8879769943,3489385.70459722,1.3966667598780793,6.6,EUBUCCO
DEG0G,MFH_HIGH,13,5760.4003791260275,29378.553842576643,6.076923076923077,16.8,EUBUCCO
DEG0G,MFH_LOW,2768,481708.68360011844,1067445.2015182064,2.8372471098265897,9.7,EUBUCCO
DEG0G,NON_RESIDENTIAL,38067,3892066.130620655,0.0,1.2223001549898864,4.1,EUBUCCO
DEG0G,SFH,26782,1965470.610134824,2591069.626553779,1.465622432977373,6.2,EUBUCCO
DEG0H,MFH_HIGH,38,19357.859394383497,106413.46847280391,6.2631578947368425,17.700000000000003,EUBUCCO
DEG0H,MFH_LOW,4545,615681.6109706141,1524302.7460388823,3.025038503850385,10.1,EUBUCCO
DEG0H,NON_RESIDENTIAL,21191,2082961.2973575394,0.0,1.1700014156953424,4.2,EUBUCCO
DEG0H,SFH,14923,1243618.7623047114,1683119.703929198,1.5653420893922132,7.3,EUBUCCO
DEG0I,MFH_HIGH,46,14896.179009333417,76291.09509927122,6.193478260869565,16.6,EUBUCCO
DEG0I,MFH_LOW,5327,919468.1554102675,2209940.5685410686,2.9342782053688756,10.0,EUBUCCO
DEG0I,NON_RESIDENTIAL,46078,4328039.260732116,0.0,1.2194952037848865,4.2,EUBUCCO
DEG0I,SFH,31099,2442384.8568745074,3264527.065348436,1.509444033570211,6.8,EUBUCCO
DEG0J,MFH_HIGH,45,21448.143796189364,118964.17735435815,6.488888888888889,17.7,EUBUCCO
DEG0J,MFH_LOW,4571,790675.2871481631,1852276.4512356918,2.901203237803544,9.9,EUBUCCO
DEG0J,NON_RESIDENTIAL,37047,4350411.922934783,0.0,1.2118336167570924,4.0,EUBUCCO
DEG0J,SFH,25653,2065419.6846703251,2821037.4612528183,1.5201224028378746,6.3,EUBUCCO
DEG0K,MFH_HIGH,19,9133.973183895225,47470.124414399645,6.105263157894737,17.0,EUBUCCO
DEG0K,MFH_LOW,4338,745449.6422157827,1628235.7449300052,2.8068003688335637,9.9,EUBUCCO
DEG0K,NON_RESIDENTIAL,41436,4728676.920034863,0.0,1.2363717540303119,4.1,EUBUCCO
DEG0K,SFH,25705,2043418.4477656288,2787924.6839477518,1.5301264345458083,6.7,EUBUCCO
DEG0L,MFH_HIGH,31,12366.328555265129,66132.03512282556,6.958064516129032,17.1,EUBUCCO
DEG0L,MFH_LOW,6111,1103846.701930688,2557452.047289689,2.8187857961053835,9.6,EUBUCCO
DEG0L,NON_RESIDENTIAL,52457,5041975.641089592,0.0,1.2441847608517453,3.9,EUBUCCO
DEG0L,SFH,27358,2202703.2892752,3193551.366264249,1.589988303238541,6.4,EUBUCCO
DEG0M,MFH_HIGH,153,64146.56510458607,337095.936491707,6.163398692810458,17.2,EUBUCCO
DEG0M,MFH_LOW,5907,1158953.4470987984,2761271.841620862,2.867072964279668,9.7,EUBUCCO
DEG0M,NON_RESIDENTIAL,33459,4082057.834195918,0.0,1.2316148121581636,3.7,EUBUCCO
DEG0M,SFH,21117,1878572.6657823652,2747518.125821053,1.5955628166879765,6.6,EUBUCCO
DEG0N,MFH_HIGH,75,24251.113684002474,129201.22040097846,6.226666666666667,16.9,EUBUCCO
DEG0N,MFH_LOW,2427,371339.2642717693,1022420.1257102101,3.2893283889575606,11.3,EUBUCCO
DEG0N,NON_RESIDENTIAL,4722,958828.5091599139,0.0,1.3244811520542144,4.5,EUBUCCO
DEG0N,SFH,10184,588036.1160192159,708086.9364284485,1.2897093479968578,4.6,EUBUCCO
DEG0P,MFH_HIGH,22,13803.603981676137,74086.00128074031,6.281818181818181,17.799999999999997,EUBUCCO
DEG0P,MFH_LOW,6759,920091.4610513679,2106736.952036074,2.890131676283474,9.9,EUBUCCO
DEG0P,NON_RESIDENTIAL,34838,5238536.044338041,0.0,1.228494747115219,4.5,EUBUCCO
DEG0P,SFH,62222,4220093.188909236,5151426.085246188,1.333071903828228,5.4,EUBUCCO
