country,year,tech,carrier,share,useful_heat_MWh,final_energy_MWh,co2_tCO2,variant,mode
AT,2025,gas_boiler,gas,0.27,19478669.571134694,21172466.925146405,4276838.318879575,COST_OPT_75,trajectory
AT,2025,oil_boiler,oil,0.125,9017902.579229025,10019891.754698917,2655271.314995213,COST_OPT_75,trajectory
AT,2025,biomass_boiler,biomass,0.265,19117953.467965536,21724947.122688107,0.0,COST_OPT_75,trajectory
AT,2025,resistance_heater,electricity,0.04,2885728.825353288,2944621.250360498,353354.55004325975,COST_OPT_75,trajectory
AT,2025,hp_air,electricity,0.07,5050025.444368254,1610853.41128174,193302.40935380876,COST_OPT_75,trajectory
AT,2025,hp_ground,electricity,0.0225,1623222.4642612245,449646.1119837187,53957.533438046245,COST_OPT_75,trajectory
AT,2025,district_heat,district_heat,0.2075,14969718.28152018,15757598.191073874,1418183.8371966488,COST_OPT_75,trajectory
AT,2025,h2_boiler,hydrogen,0.0,0.0,0.0,0.0,COST_OPT_75,trajectory
AT,2030,gas_boiler,gas,0.0,0.0,0.0,0.0,COST_OPT_75,trajectory
AT,2030,oil_boiler,oil,0.0,0.0,0.0,0.0,COST_OPT_75,trajectory
AT,2030,biomass_boiler,biomass,0.3,21184359.005993173,23964207.020354267,0.0,COST_OPT_75,trajectory
AT,2030,resistance_heater,electricity,0.0,0.0,0.0,0.0,COST_OPT_75,trajectory
AT,2030,hp_air,electricity,0.1675,11827933.778346188,3727681.6193968453,260937.7133577792,COST_OPT_75,trajectory
AT,2030,hp_ground,electricity,0.0,0.0,0.0,0.0,COST_OPT_75,trajectory
AT,2030,district_heat,district_heat,0.5325,37602237.23563788,39415343.01429547,2167843.865786251,COST_OPT_75,trajectory
AT,2030,h2_boiler,hydrogen,0.0,0.0,0.0,0.0,COST_OPT_75,trajectory
AT,2040,gas_boiler,gas,0.0,0.0,0.0,0.0,COST_OPT_75,trajectory
AT,2040,oil_boiler,oil,0.0,0.0,0.0,0.0,COST_OPT_75,trajectory
AT,2040,biomass_boiler,biomass,0.0,0.0,0.0,0.0,COST_OPT_75,trajectory
AT,2040,resistance_heater,electricity,0.0,0.0,0.0,0.0,COST_OPT_75,trajectory
AT,2040,hp_air,electricity,0.34878144,23341553.119137183,7184226.875696272,179605.6718924068,COST_OPT_75,trajectory
AT,2040,hp_ground,electricity,0.0,0.0,0.0,0.0,COST_OPT_75,trajectory
AT,2040,district_heat,district_heat,0.65121856,43581598.29378543,45303116.72950669,996668.5680491469,COST_OPT_75,trajectory
AT,2040,h2_boiler,hydrogen,0.0,0.0,0.0,0.0,COST_OPT_75,trajectory
AT,2050,gas_boiler,gas,0.0,0.0,0.0,0.0,COST_OPT_75,trajectory
AT,2050,oil_boiler,oil,0.0,0.0,0.0,0.0,COST_OPT_75,trajectory
AT,2050,biomass_boiler,biomass,0.0,0.0,0.0,0.0,COST_OPT_75,trajectory
AT,2050,resistance_heater,electricity,0.0,0.0,0.0,0.0,COST_OPT_75,trajectory
AT,2050,hp_air,electricity,0.34878144,21905402.25379384,6588090.903396644,32940.45451698322,COST_OPT_75,trajectory
AT,2050,hp_ground,electricity,0.0,0.0,0.0,0.0,COST_OPT_75,trajectory
AT,2050,district_heat,district_heat,0.65121856,40900125.052343324,42165077.37354982,337320.6189883986,COST_OPT_75,trajectory
AT,2050,h2_boiler,hydrogen,0.0,0.0,0.0,0.0,COST_OPT_75,trajectory
BE,2025,gas_boiler,gas,0.603,80081194.24037188,87044776.3482303,17583044.822342522,COST_OPT_75,trajectory
BE,2025,oil_boiler,oil,0.2312,30704431.357170776,34116034.84130086,9040749.232944729,COST_OPT_75,trajectory
BE,2025,biomass_boiler,biomass,0.0603,8008119.424037188,9100135.709133169,0.0,COST_OPT_75,trajectory
BE,2025,resistance_heater,electricity,0.0503,6680073.0850592125,6816401.107203278,1090624.1771525247,COST_OPT_75,trajectory
BE,2025,hp_air,electricity,0.0251,3333396.310834717,1010120.0941923385,161619.21507077417,COST_OPT_75,trajectory
BE,2025,hp_ground,electricity,0.0025,332011.5847444937,87371.46966960361,13979.435147136579,COST_OPT_75,trajectory
BE,2025,district_heat,district_heat,0.0276,3665407.8955792105,3858324.1006096955,308665.92804877565,COST_OPT_75,trajectory
BE,2025,h2_boiler,hydrogen,0.0,0.0,0.0,0.0,COST_OPT_75,trajectory
BE,2030,gas_boiler,gas,0.6,77649319.28661738,84036059.8340015,16975284.0864683,COST_OPT_75,trajectory
BE,2030,oil_boiler,oil,0.0,0.0,0.0,0.0,COST_OPT_75,trajectory
BE,2030,biomass_boiler,biomass,0.0,0.0,0.0,0.0,COST_OPT_75,trajectory
BE,2030,resistance_heater,electricity,0.0,0.0,0.0,0.0,COST_OPT_75,trajectory
BE,2030,hp_air,electricity,0.0724,9369684.527251832,2805294.7686382732,280529.4768638273,COST_OPT_75,trajectory
BE,2030,hp_ground,electricity,0.0,0.0,0.0,0.0,COST_OPT_75,trajectory
BE,2030,district_heat,district_heat,0.3276,42396528.33049309,44440805.37787536,2222040.268893768,COST_OPT_75,trajectory
BE,2030,h2_boiler,hydrogen,0.0,0.0,0.0,0.0,COST_OPT_75,trajectory
BE,2040,gas_boiler,gas,0.0,0.0,0.0,0.0,COST_OPT_75,trajectory
BE,2040,oil_boiler,oil,0.0,0.0,0.0,0.0,COST_OPT_75,trajectory
BE,2040,biomass_boiler,biomass,0.0,0.0,0.0,0.0,COST_OPT_75,trajectory
BE,2040,resistance_heater,electricity,0.0,0.0,0.0,0.0,COST_OPT_75,trajectory
BE,2040,hp_air,electricity,0.49171416,60130282.096559696,17581953.82940342,703278.1531761369,COST_OPT_75,trajectory
BE,2040,hp_ground,electricity,0.0,0.0,0.0,0.0,COST_OPT_75,trajectory
BE,2040,district_heat,district_heat,0.50828584,62156784.227826186,64612041.816867135,1292240.8363373429,COST_OPT_75,trajectory
BE,2040,h2_boiler,hydrogen,0.0,0.0,0.0,0.0,COST_OPT_75,trajectory
BE,2050,gas_boiler,gas,0.0,0.0,0.0,0.0,COST_OPT_75,trajectory
BE,2050,oil_boiler,oil,0.0,0.0,0.0,0.0,COST_OPT_75,trajectory
BE,2050,biomass_boiler,biomass,0.0,0.0,0.0,0.0,COST_OPT_75,trajectory
BE,2050,resistance_heater,electricity,0.0,0.0,0.0,0.0,COST_OPT_75,trajectory
BE,2050,hp_air,electricity,0.49171416,56315895.50767519,16090255.859335769,128722.04687468616,COST_OPT_75,trajectory
BE,2050,hp_ground,electricity,0.0,0.0,0.0,0.0,COST_OPT_75,trajectory
BE,2050,district_heat,district_heat,0.50828584,58213845.72994789,60014273.94839989,480114.1915871991,COST_OPT_75,trajectory
BE,2050,h2_boiler,hydrogen,0.0,0.0,0.0,0.0,COST_OPT_75,trajectory
BG,2025,gas_boiler,gas,0.054,1921771.1341080829,2088881.6675087856,421954.0968367747,COST_OPT_75,trajectory
BG,2025,oil_boiler,oil,0.0455,1619270.1222577365,1799189.0247308183,476785.09155366686,COST_OPT_75,trajectory
BG,2025,biomass_boiler,biomass,0.5213,18552209.115010064,21082055.812511437,0.0,COST_OPT_75,trajectory
BG,2025,resistance_heater,electricity,0.1776,6320491.729955473,6449481.357097422,2257318.4749840978,COST_OPT_75,trajectory
BG,2025,hp_air,electricity,0.01,355883.5433533487,111178.86390295181,38912.602366033134,COST_OPT_75,trajectory
BG,2025,hp_ground,electricity,0.0,0.0,0.0,0.0,COST_OPT_75,trajectory
BG,2025,district_heat,district_heat,0.1916,6818728.69065016,7177609.1480528,1579074.012571616,COST_OPT_75,trajectory
BG,2025,h2_boiler,hydrogen,0.0,0.0,0.0,0.0,COST_OPT_75,trajectory
BG,2030,gas_boiler,gas,0.0221,767691.4286230498,830834.8794621751,167828.64565135937,COST_OPT_75,trajectory
BG,2030,oil_boiler,oil,0.0,0.0,0.0,0.0,COST_OPT_75,trajectory
BG,2030,biomass_boiler,biomass,0.2663,9250508.029064167,10464375.598488877,0.0,COST_OPT_75,trajectory
BG,2030,resistance_heater,electricity,0.0,0.0,0.0,0.0,COST_OPT_75,trajectory
BG,2030,hp_air,electricity,0.265,9205349.709733402,2841332.708726898,568266.5417453796,COST_OPT_75,trajectory
BG,2030,hp_ground,electricity,0.0,0.0,0.0,0.0,COST_OPT_75,trajectory
BG,2030,district_heat,district_heat,0.4466,15513619.548554478,16261655.711273039,2276631.7995782257,COST_OPT_75,trajectory
BG,2030,h2_boiler,hydrogen,0.0,0.0,0.0,0.0,COST_OPT_75,trajectory
BG,2040,gas_boiler,gas,0.0,0.0,0.0,0.0,COST_OPT_75,trajectory
BG,2040,oil_boiler,oil,0.0,0.0,0.0,0.0,COST_OPT_75,trajectory
BG,2040,biomass_boiler,biomass,0.0,0.0,0.0,0.0,COST_OPT_75,trajectory
BG,2040,resistance_heater,electricity,0.0,0.0,0.0,0.0,COST_OPT_75,trajectory
BG,2040,hp_air,electricity,0.49855033,16711628.167559283,5037568.025429337,403005.44203434704,COST_OPT_75,trajectory
BG,2040,hp_ground,electricity,0.0,0.0,0.0,0.0,COST_OPT_75,trajectory
BG,2040,district_heat,district_heat,0.50144967,16808815.330210105,17472781.008534413,1135730.7655547368,COST_OPT_75,trajectory
BG,2040,h2_boiler,hydrogen,0.0,0.0,0.0,0.0,COST_OPT_75,trajectory
BG,2050,gas_boiler,gas,0.0,0.0,0.0,0.0,COST_OPT_75,trajectory
BG,2050,oil_boiler,oil,0.0,0.0,0.0,0.0,COST_OPT_75,trajectory
BG,2050,biomass_boiler,biomass,0.0,0.0,0.0,0.0,COST_OPT_75,trajectory
BG,2050,resistance_heater,electricity,0.0,0.0,0.0,0.0,COST_OPT_75,trajectory
BG,2050,hp_air,electricity,0.49855033,16495260.57911686,4858692.364982875,97173.8472996575,COST_OPT_75,trajectory
BG,2050,hp_ground,electricity,0.0,0.0,0.0,0.0,COST_OPT_75,trajectory
BG,2050,district_heat,district_heat,0.50144967,16591189.447135974,17104319.017665952,376295.01838865096,COST_OPT_75,trajectory
BG,2050,h2_boiler,hydrogen,0.0,0.0,0.0,0.0,COST_OPT_75,trajectory
CH,2025,gas_boiler,gas,0.17768223,15417456.007247737,16758104.355704062,3385137.0798522206,COST_OPT_75,trajectory
CH,2025,oil_boiler,oil,0.39086091,33914932.7700233,37683258.63335922,9986063.537840195,COST_OPT_75,trajectory
CH,2025,biomass_boiler,biomass,0.11678832,10133702.091426762,11515570.558439502,0.0,COST_OPT_75,trajectory
CH,2025,resistance_heater,electricity,0.060893911,5283754.0025908,5391585.716929387,269579.2858464694,COST_OPT_75,trajectory
CH,2025,hp_air,electricity,0.15738426,13656204.701974079,4266230.772250572,213311.5386125286,COST_OPT_75,trajectory
CH,2025,hp_ground,electricity,0.055794421,4841272.147571309,1313421.6352608,65671.08176304,COST_OPT_75,trajectory
CH,2025,district_heat,district_heat,0.04059594,3522502.6105473163,3707897.484786649,222473.84908719893,COST_OPT_75,trajectory
CH,2025,h2_boiler,hydrogen,0.0,0.0,0.0,0.0,COST_OPT_75,trajectory
CH,2030,gas_boiler,gas,0.0,0.0,0.0,0.0,COST_OPT_75,trajectory
CH,2030,oil_boiler,oil,0.090860914,7794922.229664057,8661024.699626729,2295171.5454010833,COST_OPT_75,trajectory
CH,2030,biomass_boiler,biomass,0.048765491,4183572.375646392,4732547.936251574,0.0,COST_OPT_75,trajectory
CH,2030,resistance_heater,electricity,0.0,0.0,0.0,0.0,COST_OPT_75,trajectory
CH,2030,hp_air,electricity,0.45738426,39238816.5473709,12111493.47100775,363344.8041302324,COST_OPT_75,trajectory
CH,2030,hp_ground,electricity,0.062393393,5352704.751350682,1414936.4925589962,42448.09477676988,COST_OPT_75,trajectory
CH,2030,district_heat,district_heat,0.34059594,29219592.310499158,30628503.470124904,1071997.6214543718,COST_OPT_75,trajectory
CH,2030,h2_boiler,hydrogen,0.0,0.0,0.0,0.0,COST_OPT_75,trajectory
CH,2040,gas_boiler,gas,0.0,0.0,0.0,0.0,COST_OPT_75,trajectory
CH,2040,oil_boiler,oil,0.0,0.0,0.0,0.0,COST_OPT_75,trajectory
CH,2040,biomass_boiler,biomass,0.0,0.0,0.0,0.0,COST_OPT_75,trajectory
CH,2040,resistance_heater,electricity,0.0,0.0,0.0,0.0,COST_OPT_75,trajectory
CH,2040,hp_air,electricity,0.32023728,26263466.239282597,7916882.570471634,95002.59084565961,COST_OPT_75,trajectory
CH,2040,hp_ground,electricity,0.0,0.0,0.0,0.0,COST_OPT_75,trajectory
CH,2040,district_heat,district_heat,0.67976272,55749053.4751073,57951199.03857308,869267.985578596,COST_OPT_75,trajectory
CH,2040,h2_boiler,hydrogen,0.0,0.0,0.0,0.0,COST_OPT_75,trajectory
CH,2050,gas_boiler,gas,0.0,0.0,0.0,0.0,COST_OPT_75,trajectory
CH,2050,oil_boiler,oil,0.0,0.0,0.0,0.0,COST_OPT_75,trajectory
CH,2050,biomass_boiler,biomass,0.0,0.0,0.0,0.0,COST_OPT_75,trajectory
CH,2050,resistance_heater,electricity,0.0,0.0,0.0,0.0,COST_OPT_75,trajectory
CH,2050,hp_air,electricity,0.32023728,24612712.275107954,7249694.337292476,36248.47168646238,COST_OPT_75,trajectory
CH,2050,hp_ground,electricity,0.0,0.0,0.0,0.0,COST_OPT_75,trajectory
CH,2050,district_heat,district_heat,0.67976272,52245023.57347268,53860849.044817194,269304.245224086,COST_OPT_75,trajectory
CH,2050,h2_boiler,hydrogen,0.0,0.0,0.0,0.0,COST_OPT_75,trajectory
CY,2025,gas_boiler,gas,0.0,0.0,0.0,0.0,COST_OPT_75,trajectory
CY,2025,oil_boiler,oil,0.5404,1758651.623200764,1954057.3591119598,517825.2001646694,COST_OPT_75,trajectory
CY,2025,biomass_boiler,biomass,0.0556,180941.9508696567,205615.85326097353,0.0,COST_OPT_75,trajectory
CY,2025,resistance_heater,electricity,0.0909,295820.5635620826,301857.71792049246,150928.85896024623,COST_OPT_75,trajectory
CY,2025,hp_air,electricity,0.3131,1018937.4967138402,228717.73214676545,114358.86607338274,COST_OPT_75,trajectory
CY,2025,hp_ground,electricity,0.0,0.0,0.0,0.0,COST_OPT_75,trajectory
CY,2025,district_heat,district_heat,0.0,0.0,0.0,0.0,COST_OPT_75,trajectory
CY,2025,h2_boiler,hydrogen,0.0,0.0,0.0,0.0,COST_OPT_75,trajectory
CY,2030,gas_boiler,gas,0.26985921,915235.3587050961,990514.4574730477,200083.92040955563,COST_OPT_75,trajectory
CY,2030,oil_boiler,oil,0.2404,815323.5912634039,905915.101403782,240067.50187200226,COST_OPT_75,trajectory
CY,2030,biomass_boiler,biomass,0.0,0.0,0.0,0.0,COST_OPT_75,trajectory
CY,2030,resistance_heater,electricity,0.0,0.0,0.0,0.0,COST_OPT_75,trajectory
CY,2030,hp_air,electricity,0.18974079,643511.4072876679,142717.10075131245,39960.788210367486,COST_OPT_75,trajectory
CY,2030,hp_ground,electricity,0.0,0.0,0.0,0.0,COST_OPT_75,trajectory
CY,2030,district_heat,district_heat,0.3,1017458.7245383576,1066518.5791806683,53325.92895903342,COST_OPT_75,trajectory
CY,2030,h2_boiler,hydrogen,0.0,0.0,0.0,0.0,COST_OPT_75,trajectory
CY,2040,gas_boiler,gas,0.3,1088610.7697164475,1168037.306562712,235943.53592566782,COST_OPT_75,trajectory
CY,2040,oil_boiler,oil,0.0,0.0,0.0,0.0,COST_OPT_75,trajectory
CY,2040,biomass_boiler,biomass,0.0,0.0,0.0,0.0,COST_OPT_75,trajectory
CY,2040,resistance_heater,electricity,0.0,0.0,0.0,0.0,COST_OPT_75,trajectory
CY,2040,hp_air,electricity,0.0,0.0,0.0,0.0,COST_OPT_75,trajectory
CY,2040,hp_ground,electricity,0.0,0.0,0.0,0.0,COST_OPT_75,trajectory
CY,2040,district_heat,district_heat,0.7,2540091.796005044,2640428.0623753057,52808.56124750612,COST_OPT_75,trajectory
CY,2040,h2_boiler,hydrogen,0.0,0.0,0.0,0.0,COST_OPT_75,trajectory
CY,2050,gas_boiler,gas,0.15614525,602420.421920823,640872.7892774714,129456.30343404923,COST_OPT_75,trajectory
CY,2050,oil_boiler,oil,0.0,0.0,0.0,0.0,COST_OPT_75,trajectory
CY,2050,biomass_boiler,biomass,0.0,0.0,0.0,0.0,COST_OPT_75,trajectory
CY,2050,resistance_heater,electricity,0.0,0.0,0.0,0.0,COST_OPT_75,trajectory
CY,2050,hp_air,electricity,0.14385475,555002.7246446146,117460.89410468032,2349.2178820936065,COST_OPT_75,trajectory
CY,2050,hp_ground,electricity,0.0,0.0,0.0,0.0,COST_OPT_75,trajectory
CY,2050,district_heat,district_heat,0.7,2700654.0086526875,2784179.3903635954,22273.435122908762,COST_OPT_75,trajectory
CY,2050,h2_boiler,hydrogen,0.0,0.0,0.0,0.0,COST_OPT_75,trajectory
CZ,2025,gas_boiler,gas,0.3503,27286627.836373612,29659378.083014794,5991194.372768989,COST_OPT_75,trajectory
CZ,2025,oil_boiler,oil,0.0609,4743807.123137748,5270896.803486386,1396787.6529238925,COST_OPT_75,trajectory
CZ,2025,biomass_boiler,biomass,0.1624,12650152.328367326,14375173.100417417,0.0,COST_OPT_75,trajectory
CZ,2025,resistance_heater,electricity,0.0508,3957067.353947415,4037823.830558587,1695886.0088346063,COST_OPT_75,trajectory
CZ,2025,hp_air,electricity,0.033,2570535.87953277,837580.9317473997,351783.9913339079,COST_OPT_75,trajectory
CZ,2025,hp_ground,electricity,0.0127,989266.8384868538,279928.3640313678,117569.91289317446,COST_OPT_75,trajectory
CZ,2025,district_heat,district_heat,0.3299,25697569.292662445,27050072.93964468,6762518.23491117,COST_OPT_75,trajectory
CZ,2025,h2_boiler,hydrogen,0.0,0.0,0.0,0.0,COST_OPT_75,trajectory
CZ,2030,gas_boiler,gas,0.24233229,18869774.359926224,20421833.72286388,4125210.4120185035,COST_OPT_75,trajectory
CZ,2030,oil_boiler,oil,0.0,0.0,0.0,0.0,COST_OPT_75,trajectory
CZ,2030,biomass_boiler,biomass,0.18,14016123.83057462,15855343.699745046,0.0,COST_OPT_75,trajectory
CZ,2030,resistance_heater,electricity,0.0,0.0,0.0,0.0,COST_OPT_75,trajectory
CZ,2030,hp_air,electricity,0.0,0.0,0.0,0.0,COST_OPT_75,trajectory
CZ,2030,hp_ground,electricity,0.0,0.0,0.0,0.0,COST_OPT_75,trajectory
CZ,2030,district_heat,district_heat,0.57766771,44981456.42380261,47150373.60985599,7544059.777576958,COST_OPT_75,trajectory
CZ,2030,h2_boiler,hydrogen,0.0,0.0,0.0,0.0,COST_OPT_75,trajectory
CZ,2040,gas_boiler,gas,0.0,0.0,0.0,0.0,COST_OPT_75,trajectory
CZ,2040,oil_boiler,oil,0.0,0.0,0.0,0.0,COST_OPT_75,trajectory
CZ,2040,biomass_boiler,biomass,0.0,0.0,0.0,0.0,COST_OPT_75,trajectory
CZ,2040,resistance_heater,electricity,0.0,0.0,0.0,0.0,COST_OPT_75,trajectory
CZ,2040,hp_air,electricity,0.34010643,26383103.660726592,8295008.382294722,829500.8382294723,COST_OPT_75,trajectory
CZ,2040,hp_ground,electricity,0.082225861,6378513.379930793,1672833.3018439007,167283.3301843901,COST_OPT_75,trajectory
CZ,2040,district_heat,district_heat,0.57766771,44811464.08900456,46581563.50208375,3493617.262656281,COST_OPT_75,trajectory
CZ,2040,h2_boiler,hydrogen,0.0,0.0,0.0,0.0,COST_OPT_75,trajectory
CZ,2050,gas_boiler,gas,0.0,0.0,0.0,0.0,COST_OPT_75,trajectory
CZ,2050,oil_boiler,oil,0.0,0.0,0.0,0.0,COST_OPT_75,trajectory
CZ,2050,biomass_boiler,biomass,0.0,0.0,0.0,0.0,COST_OPT_75,trajectory
CZ,2050,resistance_heater,electricity,0.0,0.0,0.0,0.0,COST_OPT_75,trajectory
CZ,2050,hp_air,electricity,0.34010643,26568858.419518925,8162475.7049213275,163249.51409842656,COST_OPT_75,trajectory
CZ,2050,hp_ground,electricity,0.082225861,6423422.395548483,1606257.1631779154,32125.143263558304,COST_OPT_75,trajectory
CZ,2050,district_heat,district_heat,0.57766771,45126966.87480362,46522646.262684144,1163066.1565671037,COST_OPT_75,trajectory
CZ,2050,h2_boiler,hydrogen,0.0,0.0,0.0,0.0,COST_OPT_75,trajectory
DE,2025,gas_boiler,gas,0.5075,388654601.34265304,422450653.6333185,85335032.03393035,COST_OPT_75,trajectory
DE,2025,oil_boiler,oil,0.2111,161664997.72105235,179627775.24561372,47601360.44008764,COST_OPT_75,trajectory
DE,2025,biomass_boiler,biomass,0.1106,84699899.32708853,96249885.59896424,0.0,COST_OPT_75,trajectory
DE,2025,resistance_heater,electricity,0.0251,19222129.051626783,19614417.399619166,6865046.089866708,COST_OPT_75,trajectory
DE,2025,hp_air,electricity,0.0452,34615148.73041954,10926498.967935462,3824274.638777411,COST_OPT_75,trajectory
DE,2025,hp_ground,electricity,0.005,3829109.3728340203,1049646.2096584486,367376.17338045704,COST_OPT_75,trajectory
DE,2025,district_heat,district_heat,0.0955,73135989.02112979,76985251.60118926,10777935.224166496,COST_OPT_75,trajectory
DE,2025,h2_boiler,hydrogen,0.0,0.0,0.0,0.0,COST_OPT_75,trajectory
DE,2030,gas_boiler,gas,0.4845,360825003.44168603,390503250.4780152,78881656.59655908,COST_OPT_75,trajectory
DE,2030,oil_boiler,oil,0.0,0.0,0.0,0.0,COST_OPT_75,trajectory
DE,2030,biomass_boiler,biomass,0.12,89368421.90506156,101095499.89260358,0.0,COST_OPT_75,trajectory
DE,2030,resistance_heater,electricity,0.0,0.0,0.0,0.0,COST_OPT_75,trajectory
DE,2030,hp_air,electricity,0.0,0.0,0.0,0.0,COST_OPT_75,trajectory
DE,2030,hp_ground,electricity,0.0,0.0,0.0,0.0,COST_OPT_75,trajectory
DE,2030,district_heat,district_heat,0.3955,294543423.86209875,308745727.3187618,27787115.458688565,COST_OPT_75,trajectory
DE,2030,h2_boiler,hydrogen,0.0,0.0,0.0,0.0,COST_OPT_75,trajectory
DE,2040,gas_boiler,gas,0.0,0.0,0.0,0.0,COST_OPT_75,trajectory
DE,2040,oil_boiler,oil,0.0,0.0,0.0,0.0,COST_OPT_75,trajectory
DE,2040,biomass_boiler,biomass,0.12,84294081.13120435,94500090.95426497,0.0,COST_OPT_75,trajectory
DE,2040,resistance_heater,electricity,0.0,0.0,0.0,0.0,COST_OPT_75,trajectory
DE,2040,hp_air,electricity,0.35803367,251500993.5556904,76602398.1346523,6128191.850772184,COST_OPT_75,trajectory
DE,2040,hp_ground,electricity,0.0,0.0,0.0,0.0,COST_OPT_75,trajectory
DE,2040,district_heat,district_heat,0.52196633,366655601.4064749,381138878.80090946,15245555.152036378,COST_OPT_75,trajectory
DE,2040,h2_boiler,hydrogen,0.0,0.0,0.0,0.0,COST_OPT_75,trajectory
DE,2050,gas_boiler,gas,0.0,0.0,0.0,0.0,COST_OPT_75,trajectory
DE,2050,oil_boiler,oil,0.0,0.0,0.0,0.0,COST_OPT_75,trajectory
DE,2050,biomass_boiler,biomass,0.0,0.0,0.0,0.0,COST_OPT_75,trajectory
DE,2050,resistance_heater,electricity,0.0,0.0,0.0,0.0,COST_OPT_75,trajectory
DE,2050,hp_air,electricity,0.47803367,315833349.54567796,93998020.69811845,1409970.3104717766,COST_OPT_75,trajectory
DE,2050,hp_ground,electricity,0.0,0.0,0.0,0.0,COST_OPT_75,trajectory
DE,2050,district_heat,district_heat,0.52196633,344859336.69476604,355525089.3760475,5332876.3406407125,COST_OPT_75,trajectory
DE,2050,h2_boiler,hydrogen,0.0,0.0,0.0,0.0,COST_OPT_75,trajectory
DK,2025,gas_boiler,gas,0.13,6716835.1147645945,7300907.733439776,1474783.362154835,COST_OPT_75,trajectory
DK,2025,oil_boiler,oil,0.045,2325058.3089569747,2583398.121063305,684600.5020817759,COST_OPT_75,trajectory
DK,2025,biomass_boiler,biomass,0.065,3358417.5573822972,3816383.587934429,0.0,COST_OPT_75,trajectory
DK,2025,resistance_heater,electricity,0.025,1291699.0605316528,1318060.2658486252,171347.8345603213,COST_OPT_75,trajectory
DK,2025,hp_air,electricity,0.07,3616757.369488628,1191290.3061556746,154867.7398002377,COST_OPT_75,trajectory
DK,2025,hp_ground,electricity,0.01,516679.6242126611,147791.65452307242,19212.915087999412,COST_OPT_75,trajectory
DK,2025,district_heat,district_heat,0.655,33842515.3859293,35623700.40624137,1603066.5182808617,COST_OPT_75,trajectory
DK,2025,h2_boiler,hydrogen,0.0,0.0,0.0,0.0,COST_OPT_75,trajectory
DK,2030,gas_boiler,gas,0.039789759,2048382.2350727706,2216863.8907713965,447806.50593582215,COST_OPT_75,trajectory
DK,2030,oil_boiler,oil,0.0,0.0,0.0,0.0,COST_OPT_75,trajectory
DK,2030,biomass_boiler,biomass,0.1,5148013.676264716,5823544.882652394,0.0,COST_OPT_75,trajectory
DK,2030,resistance_heater,electricity,0.0,0.0,0.0,0.0,COST_OPT_75,trajectory
DK,2030,hp_air,electricity,0.37,19047650.60217945,6198792.828097972,433915.49796685815,COST_OPT_75,trajectory
DK,2030,hp_ground,electricity,0.0,0.0,0.0,0.0,COST_OPT_75,trajectory
DK,2030,district_heat,district_heat,0.49021024,25236090.19765009,26452924.735482275,740681.8925935037,COST_OPT_75,trajectory
DK,2030,h2_boiler,hydrogen,0.0,0.0,0.0,0.0,COST_OPT_75,trajectory
DK,2040,gas_boiler,gas,0.0,0.0,0.0,0.0,COST_OPT_75,trajectory
DK,2040,oil_boiler,oil,0.0,0.0,0.0,0.0,COST_OPT_75,trajectory
DK,2040,biomass_boiler,biomass,0.0,0.0,0.0,0.0,COST_OPT_75,trajectory
DK,2040,resistance_heater,electricity,0.0,0.0,0.0,0.0,COST_OPT_75,trajectory
DK,2040,hp_air,electricity,0.50978976,25756268.73035777,8185948.61758129,204648.71543953227,COST_OPT_75,trajectory
DK,2040,hp_ground,electricity,0.0,0.0,0.0,0.0,COST_OPT_75,trajectory
DK,2040,district_heat,district_heat,0.49021024,24767046.469927486,25745370.550860174,308944.4466103221,COST_OPT_75,trajectory
DK,2040,h2_boiler,hydrogen,0.0,0.0,0.0,0.0,COST_OPT_75,trajectory
DK,2050,gas_boiler,gas,0.0,0.0,0.0,0.0,COST_OPT_75,trajectory
DK,2050,oil_boiler,oil,0.0,0.0,0.0,0.0,COST_OPT_75,trajectory
DK,2050,biomass_boiler,biomass,0.0,0.0,0.0,0.0,COST_OPT_75,trajectory
DK,2050,resistance_heater,electricity,0.0,0.0,0.0,0.0,COST_OPT_75,trajectory
DK,2050,hp_air,electricity,0.50978976,25069317.108600445,7785502.207639889,38927.511038199445,COST_OPT_75,trajectory
DK,2050,hp_ground,electricity,0.0,0.0,0.0,0.0,COST_OPT_75,trajectory
DK,2050,district_heat,district_heat,0.49021024,24106478.632374123,24852039.827189818,124260.19913594908,COST_OPT_75,trajectory
DK,2050,h2_boiler,hydrogen,0.0,0.0,0.0,0.0,COST_OPT_75,trajectory
EE,2025,gas_boiler,gas,0.055494451,598520.0795683208,650565.3038786096,131414.19138347913,COST_OPT_75,trajectory
EE,2025,oil_boiler,oil,0.00099990001,10784.145491331461,11982.383879257179,3175.3317280031524,COST_OPT_75,trajectory
EE,2025,biomass_boiler,biomass,0.41175882,4440911.068916745,5046489.851041755,0.0,COST_OPT_75,trajectory
EE,2025,resistance_heater,electricity,0.064993501,700969.4607113734,715274.9599095647,214582.4879728694,COST_OPT_75,trajectory
EE,2025,hp_air,electricity,0.064993501,700969.4607113734,241380.66828904042,72414.20048671213,COST_OPT_75,trajectory
EE,2025,hp_ground,electricity,0.0099990001,107841.45491331462,32249.23890948404,9674.77167284521,COST_OPT_75,trajectory
EE,2025,district_heat,district_heat,0.39176082,4225228.161247159,4447608.590786484,578189.1168022429,COST_OPT_75,trajectory
EE,2025,h2_boiler,hydrogen,0.0,0.0,0.0,0.0,COST_OPT_75,trajectory
EE,2030,gas_boiler,gas,0.0,0.0,0.0,0.0,COST_OPT_75,trajectory
EE,2030,oil_boiler,oil,0.0,0.0,0.0,0.0,COST_OPT_75,trajectory
EE,2030,biomass_boiler,biomass,0.4,4359303.518234525,4931338.821532268,0.0,COST_OPT_75,trajectory
EE,2030,resistance_heater,electricity,0.0,0.0,0.0,0.0,COST_OPT_75,trajectory
EE,2030,hp_air,electricity,0.022834601,248857.391191954,84668.41017690324,12700.261526535485,COST_OPT_75,trajectory
EE,2030,hp_ground,electricity,0.0,0.0,0.0,0.0,COST_OPT_75,trajectory
EE,2030,district_heat,district_heat,0.5771654,6290097.897058093,6593394.022073473,527471.5217658778,COST_OPT_75,trajectory
EE,2030,h2_boiler,hydrogen,0.0,0.0,0.0,0.0,COST_OPT_75,trajectory
EE,2040,gas_boiler,gas,0.0,0.0,0.0,0.0,COST_OPT_75,trajectory
EE,2040,oil_boiler,oil,0.0,0.0,0.0,0.0,COST_OPT_75,trajectory
EE,2040,biomass_boiler,biomass,0.0,0.0,0.0,0.0,COST_OPT_75,trajectory
EE,2040,resistance_heater,electricity,0.0,0.0,0.0,0.0,COST_OPT_75,trajectory
EE,2040,hp_air,electricity,0.3466362,3881017.804668001,1289546.054182616,77372.76325095697,COST_OPT_75,trajectory
EE,2040,hp_ground,electricity,0.0761984,853134.6324683175,236456.38372181752,14187.383023309052,COST_OPT_75,trajectory
EE,2040,district_heat,district_heat,0.5771654,6462075.206335428,6717333.8943195725,214954.6846182263,COST_OPT_75,trajectory
EE,2040,h2_boiler,hydrogen,0.0,0.0,0.0,0.0,COST_OPT_75,trajectory
EE,2050,gas_boiler,gas,0.0,0.0,0.0,0.0,COST_OPT_75,trajectory
EE,2050,oil_boiler,oil,0.0,0.0,0.0,0.0,COST_OPT_75,trajectory
EE,2050,biomass_boiler,biomass,0.0,0.0,0.0,0.0,COST_OPT_75,trajectory
EE,2050,resistance_heater,electricity,0.0,0.0,0.0,0.0,COST_OPT_75,trajectory
EE,2050,hp_air,electricity,0.3466362,4025013.598954241,1306822.5970630653,19602.338955945976,COST_OPT_75,trajectory
EE,2050,hp_ground,electricity,0.0761984,884788.1329721328,233823.50237107105,3507.3525355660654,COST_OPT_75,trajectory
EE,2050,district_heat,district_heat,0.5771654,6701834.903122825,6909108.147549304,69091.08147549303,COST_OPT_75,trajectory
EE,2050,h2_boiler,hydrogen,0.0,0.0,0.0,0.0,COST_OPT_75,trajectory
EL,2025,gas_boiler,gas,0.183,11537093.734809158,12540319.276966477,2533144.4939472284,COST_OPT_75,trajectory
EL,2025,oil_boiler,oil,0.372,23452452.837972715,26058280.931080796,6905444.446736411,COST_OPT_75,trajectory
EL,2025,biomass_boiler,biomass,0.2735,17242596.374154676,19593859.516084857,0.0,COST_OPT_75,trajectory
EL,2025,resistance_heater,electricity,0.048,3026122.9468351896,3087880.5579950917,926364.1673985275,COST_OPT_75,trajectory
EL,2025,hp_air,electricity,0.1125,7092475.656644975,1791029.2062234788,537308.7618670436,COST_OPT_75,trajectory
EL,2025,hp_ground,electricity,0.0,0.0,0.0,0.0,COST_OPT_75,trajectory
EL,2025,district_heat,district_heat,0.011,693486.5086497308,729985.7985786641,58398.86388629313,COST_OPT_75,trajectory
EL,2025,h2_boiler,hydrogen,0.0,0.0,0.0,0.0,COST_OPT_75,trajectory
EL,2030,gas_boiler,gas,0.227,14064202.930414509,15220998.842439944,3074641.766172869,COST_OPT_75,trajectory
EL,2030,oil_boiler,oil,0.0945,5854921.484247449,6505468.315830499,1723949.1036950822,COST_OPT_75,trajectory
EL,2030,biomass_boiler,biomass,0.0,0.0,0.0,0.0,COST_OPT_75,trajectory
EL,2030,resistance_heater,electricity,0.0,0.0,0.0,0.0,COST_OPT_75,trajectory
EL,2030,hp_air,electricity,0.39,24163168.030227568,6028734.538479933,964597.5261567892,COST_OPT_75,trajectory
EL,2030,hp_ground,electricity,0.0,0.0,0.0,0.0,COST_OPT_75,trajectory
EL,2030,district_heat,district_heat,0.2885,17874548.658258084,18736424.17008185,936821.2085040925,COST_OPT_75,trajectory
EL,2030,h2_boiler,hydrogen,0.0,0.0,0.0,0.0,COST_OPT_75,trajectory
EL,2040,gas_boiler,gas,0.0,0.0,0.0,0.0,COST_OPT_75,trajectory
EL,2040,oil_boiler,oil,0.0,0.0,0.0,0.0,COST_OPT_75,trajectory
EL,2040,biomass_boiler,biomass,0.0,0.0,0.0,0.0,COST_OPT_75,trajectory
EL,2040,resistance_heater,electricity,0.0,0.0,0.0,0.0,COST_OPT_75,trajectory
EL,2040,hp_air,electricity,0.41029464,24631204.52446356,6001755.488417047,360105.3293050228,COST_OPT_75,trajectory
EL,2040,hp_ground,electricity,0.0,0.0,0.0,0.0,COST_OPT_75,trajectory
EL,2040,district_heat,district_heat,0.58970536,35401762.33189985,36800168.74417864,736003.3748835728,COST_OPT_75,trajectory
EL,2040,h2_boiler,hydrogen,0.0,0.0,0.0,0.0,COST_OPT_75,trajectory
EL,2050,gas_boiler,gas,0.0,0.0,0.0,0.0,COST_OPT_75,trajectory
EL,2050,oil_boiler,oil,0.0,0.0,0.0,0.0,COST_OPT_75,trajectory
EL,2050,biomass_boiler,biomass,0.0,0.0,0.0,0.0,COST_OPT_75,trajectory
EL,2050,resistance_heater,electricity,0.0,0.0,0.0,0.0,COST_OPT_75,trajectory
EL,2050,hp_air,electricity,0.41029464,23871098.419765305,5683594.8618488815,56835.948618488816,COST_OPT_75,trajectory
EL,2050,hp_ground,electricity,0.0,0.0,0.0,0.0,COST_OPT_75,trajectory
EL,2050,district_heat,district_heat,0.58970536,34309282.43962224,35370394.2676518,282963.1541412143,COST_OPT_75,trajectory
EL,2050,h2_boiler,hydrogen,0.0,0.0,0.0,0.0,COST_OPT_75,trajectory
ES,2025,gas_boiler,gas,0.31156884,52127026.44203092,56659811.35003361,11445281.89270679,COST_OPT_75,trajectory
ES,2025,oil_boiler,oil,0.21607839,36150996.19423261,40167773.549147345,10644459.990524048,COST_OPT_75,trajectory
ES,2025,biomass_boiler,biomass,0.24117588,40349931.89286861,45852195.33280524,0.0,COST_OPT_75,trajectory
ES,2025,resistance_heater,electricity,0.11558844,19338524.572204027,19733188.338983703,3157310.1342373923,COST_OPT_75,trajectory
ES,2025,hp_air,electricity,0.11058894,18502083.197973747,4875384.241890316,780061.4787024506,COST_OPT_75,trajectory
ES,2025,hp_ground,electricity,0.0,0.0,0.0,0.0,COST_OPT_75,trajectory
ES,2025,district_heat,district_heat,0.0049995,836441.3742302778,880464.6044529241,70437.16835623393,COST_OPT_75,trajectory
ES,2025,h2_boiler,hydrogen,0.0,0.0,0.0,0.0,COST_OPT_75,trajectory
ES,2030,gas_boiler,gas,0.52642651,85887542.60216258,92951885.93307638,18776280.95848143,COST_OPT_75,trajectory
ES,2030,oil_boiler,oil,0.0,0.0,0.0,0.0,COST_OPT_75,trajectory
ES,2030,biomass_boiler,biomass,0.0,0.0,0.0,0.0,COST_OPT_75,trajectory
ES,2030,resistance_heater,electricity,0.0,0.0,0.0,0.0,COST_OPT_75,trajectory
ES,2030,hp_air,electricity,0.18357399,29950465.235449426,7797569.704621043,701781.2734158939,COST_OPT_75,trajectory
ES,2030,hp_ground,electricity,0.0,0.0,0.0,0.0,COST_OPT_75,trajectory
ES,2030,district_heat,district_heat,0.2899995,47314000.98155363,49595388.869553074,2479769.443477654,COST_OPT_75,trajectory
ES,2030,h2_boiler,hydrogen,0.0,0.0,0.0,0.0,COST_OPT_75,trajectory
ES,2040,gas_boiler,gas,0.0,0.0,0.0,0.0,COST_OPT_75,trajectory
ES,2040,oil_boiler,oil,0.0,0.0,0.0,0.0,COST_OPT_75,trajectory
ES,2040,biomass_boiler,biomass,0.0,0.0,0.0,0.0,COST_OPT_75,trajectory
ES,2040,resistance_heater,electricity,0.0,0.0,0.0,0.0,COST_OPT_75,trajectory
ES,2040,hp_air,electricity,0.3,46308826.601739936,11774428.324876668,412104.9913706835,COST_OPT_75,trajectory
ES,2040,hp_ground,electricity,0.0,0.0,0.0,0.0,COST_OPT_75,trajectory
ES,2040,district_heat,district_heat,0.7,108053928.73739317,112322171.24469145,2246443.424893829,COST_OPT_75,trajectory
ES,2040,h2_boiler,hydrogen,0.0,0.0,0.0,0.0,COST_OPT_75,trajectory
ES,2050,gas_boiler,gas,0.0,0.0,0.0,0.0,COST_OPT_75,trajectory
ES,2050,oil_boiler,oil,0.0,0.0,0.0,0.0,COST_OPT_75,trajectory
ES,2050,biomass_boiler,biomass,0.0,0.0,0.0,0.0,COST_OPT_75,trajectory
ES,2050,resistance_heater,electricity,0.0,0.0,0.0,0.0,COST_OPT_75,trajectory
ES,2050,hp_air,electricity,0.3,43229436.97016656,10740232.78761902,85921.86230095218,COST_OPT_75,trajectory
ES,2050,hp_ground,electricity,0.0,0.0,0.0,0.0,COST_OPT_75,trajectory
ES,2050,district_heat,district_heat,0.7,100868686.26372197,103988336.35435255,831906.6908348204,COST_OPT_75,trajectory
ES,2050,h2_boiler,hydrogen,0.0,0.0,0.0,0.0,COST_OPT_75,trajectory
FI,2025,gas_boiler,gas,0.01,689263.3926987646,749199.3398899614,151338.26665777224,COST_OPT_75,trajectory
FI,2025,oil_boiler,oil,0.1,6892633.926987645,7658482.141097384,2029497.7673908067,COST_OPT_75,trajectory
FI,2025,biomass_boiler,biomass,0.175,12062109.372228378,13706942.46844134,0.0,COST_OPT_75,trajectory
FI,2025,resistance_heater,electricity,0.245,16886953.12111973,17231584.817469113,1378526.7853975291,COST_OPT_75,trajectory
FI,2025,hp_air,electricity,0.1,6892633.926987645,2457266.9971435457,196581.35977148367,COST_OPT_75,trajectory
FI,2025,hp_ground,electricity,0.09,6203370.53428888,1920548.1530306132,153643.85224244907,COST_OPT_75,trajectory
FI,2025,district_heat,district_heat,0.28,19299374.995565407,20315131.574279375,812605.2629711751,COST_OPT_75,trajectory
FI,2025,h2_boiler,hydrogen,0.0,0.0,0.0,0.0,COST_OPT_75,trajectory
FI,2030,gas_boiler,gas,0.0,0.0,0.0,0.0,COST_OPT_75,trajectory
FI,2030,oil_boiler,oil,0.0,0.0,0.0,0.0,COST_OPT_75,trajectory
FI,2030,biomass_boiler,biomass,0.0,0.0,0.0,0.0,COST_OPT_75,trajectory
FI,2030,resistance_heater,electricity,0.0,0.0,0.0,0.0,COST_OPT_75,trajectory
FI,2030,hp_air,electricity,0.415,29313492.007583123,10325287.780057458,516264.389002873,COST_OPT_75,trajectory
FI,2030,hp_ground,electricity,0.081317924,5743885.09698133,1732695.3535388627,86634.76767694314,COST_OPT_75,trajectory
FI,2030,district_heat,district_heat,0.50368208,35577543.67817553,37293022.72345444,932325.5680863609,COST_OPT_75,trajectory
FI,2030,h2_boiler,hydrogen,0.0,0.0,0.0,0.0,COST_OPT_75,trajectory
FI,2040,gas_boiler,gas,0.0,0.0,0.0,0.0,COST_OPT_75,trajectory
FI,2040,oil_boiler,oil,0.0,0.0,0.0,0.0,COST_OPT_75,trajectory
FI,2040,biomass_boiler,biomass,0.0,0.0,0.0,0.0,COST_OPT_75,trajectory
FI,2040,resistance_heater,electricity,0.0,0.0,0.0,0.0,COST_OPT_75,trajectory
FI,2040,hp_air,electricity,0.65745729,48522154.45075103,16691487.59915756,333829.7519831512,COST_OPT_75,trajectory
FI,2040,hp_ground,electricity,0.0,0.0,0.0,0.0,COST_OPT_75,trajectory
FI,2040,district_heat,district_heat,0.34254271,25280593.178301845,26279202.888047658,262792.02888047654,COST_OPT_75,trajectory
FI,2040,h2_boiler,hydrogen,0.0,0.0,0.0,0.0,COST_OPT_75,trajectory
FI,2050,gas_boiler,gas,0.0,0.0,0.0,0.0,COST_OPT_75,trajectory
FI,2050,oil_boiler,oil,0.0,0.0,0.0,0.0,COST_OPT_75,trajectory
FI,2050,biomass_boiler,biomass,0.0,0.0,0.0,0.0,COST_OPT_75,trajectory
FI,2050,resistance_heater,electricity,0.0,0.0,0.0,0.0,COST_OPT_75,trajectory
FI,2050,hp_air,electricity,0.55877271,43089639.482262686,14483912.431012668,72419.56215506334,COST_OPT_75,trajectory
FI,2050,hp_ground,electricity,0.098684578,7610040.383824815,2082090.3922913312,10410.451961456656,COST_OPT_75,trajectory
FI,2050,district_heat,district_heat,0.34254271,26415108.714198403,27232070.8393798,136160.354196899,COST_OPT_75,trajectory
FI,2050,h2_boiler,hydrogen,0.0,0.0,0.0,0.0,COST_OPT_75,trajectory
FR,2025,gas_boiler,gas,0.33326667,191231641.8933348,207860480.31884217,41987817.02440612,COST_OPT_75,trajectory
FR,2025,oil_boiler,oil,0.11438856,65637263.22411492,72930292.47123879,19326527.504878283,COST_OPT_75,trajectory
FR,2025,biomass_boiler,biomass,0.18408159,105627798.59754856,120031589.31539609,0.0,COST_OPT_75,trajectory
FR,2025,resistance_heater,electricity,0.14928507,85661218.52587724,87409406.6590584,6992752.532724673,COST_OPT_75,trajectory
FR,2025,hp_air,electricity,0.16418358,94210127.80943766,28548523.578617476,2283881.886289398,COST_OPT_75,trajectory
FR,2025,hp_ground,electricity,0.0099990001,5737523.066481923,1509874.4911794534,120789.95929435629,COST_OPT_75,trajectory
FR,2025,district_heat,district_heat,0.04479552,25704103.080772273,27056950.611339238,2164556.0489071393,COST_OPT_75,trajectory
FR,2025,h2_boiler,hydrogen,0.0,0.0,0.0,0.0,COST_OPT_75,trajectory
FR,2030,gas_boiler,gas,0.018266673,10251600.309198797,11094805.529435927,2241150.7169460575,COST_OPT_75,trajectory
FR,2030,oil_boiler,oil,0.0,0.0,0.0,0.0,COST_OPT_75,trajectory
FR,2030,biomass_boiler,biomass,0.045508029,25539961.446040433,28891359.10185569,0.0,COST_OPT_75,trajectory
FR,2030,resistance_heater,electricity,0.0,0.0,0.0,0.0,COST_OPT_75,trajectory
FR,2030,hp_air,electricity,0.47918358,268926833.9610057,80517016.15598974,4428435.888579436,COST_OPT_75,trajectory
FR,2030,hp_ground,electricity,0.097246195,54576392.90583492,13993946.89893203,769667.0794412617,COST_OPT_75,trajectory
FR,2030,district_heat,district_heat,0.35979552,201924010.14023414,211660387.98766682,10583019.399383342,COST_OPT_75,trajectory
FR,2030,h2_boiler,hydrogen,0.0,0.0,0.0,0.0,COST_OPT_75,trajectory
FR,2040,gas_boiler,gas,0.0,0.0,0.0,0.0,COST_OPT_75,trajectory
FR,2040,oil_boiler,oil,0.0,0.0,0.0,0.0,COST_OPT_75,trajectory
FR,2040,biomass_boiler,biomass,0.0,0.0,0.0,0.0,COST_OPT_75,trajectory
FR,2040,resistance_heater,electricity,0.0,0.0,0.0,0.0,COST_OPT_75,trajectory
FR,2040,hp_air,electricity,0.50028523,267073074.3938823,78091542.22043343,1952288.5555108357,COST_OPT_75,trajectory
FR,2040,hp_ground,electricity,0.0,0.0,0.0,0.0,COST_OPT_75,trajectory
FR,2040,district_heat,district_heat,0.49971477,266768539.10704455,277306173.70794654,5546123.474158931,COST_OPT_75,trajectory
FR,2040,h2_boiler,hydrogen,0.0,0.0,0.0,0.0,COST_OPT_75,trajectory
FR,2050,gas_boiler,gas,0.0,0.0,0.0,0.0,COST_OPT_75,trajectory
FR,2050,oil_boiler,oil,0.0,0.0,0.0,0.0,COST_OPT_75,trajectory
FR,2050,biomass_boiler,biomass,0.0,0.0,0.0,0.0,COST_OPT_75,trajectory
FR,2050,resistance_heater,electricity,0.0,0.0,0.0,0.0,COST_OPT_75,trajectory
FR,2050,hp_air,electricity,0.50028523,250959758.83629054,71702788.23894015,573622.3059115213,COST_OPT_75,trajectory
FR,2050,hp_ground,electricity,0.0,0.0,0.0,0.0,COST_OPT_75,trajectory
FR,2050,district_heat,district_heat,0.49971477,250673597.072079,258426388.73410207,2067411.1098728166,COST_OPT_75,trajectory
FR,2050,h2_boiler,hydrogen,0.0,0.0,0.0,0.0,COST_OPT_75,trajectory
HR,2025,gas_boiler,gas,0.2543,4517786.301961904,4910637.2847412005,991948.7315177225,COST_OPT_75,trajectory
HR,2025,oil_boiler,oil,0.0351,623571.7624807819,692857.5138675354,183607.2411748969,COST_OPT_75,trajectory
HR,2025,biomass_boiler,biomass,0.5858,10407075.169835955,11826221.783904495,0.0,COST_OPT_75,trajectory
HR,2025,resistance_heater,electricity,0.0246,437033.20105490694,445952.24597439484,80271.40427539108,COST_OPT_75,trajectory
HR,2025,hp_air,electricity,0.0145,257600.87054049395,79653.94883750586,14337.710790751054,COST_OPT_75,trajectory
HR,2025,hp_ground,electricity,0.0025,44413.94319663689,11926.407947539445,2146.7534305571,COST_OPT_75,trajectory
HR,2025,district_heat,district_heat,0.0832,1478096.0295840756,1555890.5574569218,124471.24459655375,COST_OPT_75,trajectory
HR,2025,h2_boiler,hydrogen,0.0,0.0,0.0,0.0,COST_OPT_75,trajectory
HR,2030,gas_boiler,gas,0.26619073,4570701.232493049,4946646.355511958,999222.5638134156,COST_OPT_75,trajectory
HR,2030,oil_boiler,oil,0.0,0.0,0.0,0.0,COST_OPT_75,trajectory
HR,2030,biomass_boiler,biomass,0.3083,5293750.048987834,5988405.032791667,0.0,COST_OPT_75,trajectory
HR,2030,resistance_heater,electricity,0.0,0.0,0.0,0.0,COST_OPT_75,trajectory
HR,2030,hp_air,electricity,0.064809267,1112825.3660594083,339980.8646154859,33998.08646154859,COST_OPT_75,trajectory
HR,2030,hp_ground,electricity,0.0,0.0,0.0,0.0,COST_OPT_75,trajectory
HR,2030,district_heat,district_heat,0.3607,6193498.678786609,6492136.979860178,324606.8489930089,COST_OPT_75,trajectory
HR,2030,h2_boiler,hydrogen,0.0,0.0,0.0,0.0,COST_OPT_75,trajectory
HR,2040,gas_boiler,gas,0.18576554,2983118.732281652,3200771.1719760215,646555.7767391563,COST_OPT_75,trajectory
HR,2040,oil_boiler,oil,0.0,0.0,0.0,0.0,COST_OPT_75,trajectory
HR,2040,biomass_boiler,biomass,0.0,0.0,0.0,0.0,COST_OPT_75,trajectory
HR,2040,resistance_heater,electricity,0.0,0.0,0.0,0.0,COST_OPT_75,trajectory
HR,2040,hp_air,electricity,0.31187309,5008218.730306824,1494276.98123488,59771.0792493952,COST_OPT_75,trajectory
HR,2040,hp_ground,electricity,0.0,0.0,0.0,0.0,COST_OPT_75,trajectory
HR,2040,district_heat,district_heat,0.50236136,8067177.493686323,8385839.390526324,167716.78781052647,COST_OPT_75,trajectory
HR,2040,h2_boiler,hydrogen,0.0,0.0,0.0,0.0,COST_OPT_75,trajectory
HR,2050,gas_boiler,gas,0.091061091,1367602.2417229204,1454896.0018328943,293888.99237024464,COST_OPT_75,trajectory
HR,2050,oil_boiler,oil,0.0,0.0,0.0,0.0,COST_OPT_75,trajectory
HR,2050,biomass_boiler,biomass,0.0,0.0,0.0,0.0,COST_OPT_75,trajectory
HR,2050,resistance_heater,electricity,0.0,0.0,0.0,0.0,COST_OPT_75,trajectory
HR,2050,hp_air,electricity,0.40657755,6106190.500333592,1780230.4665695606,14241.843732556486,COST_OPT_75,trajectory
HR,2050,hp_ground,electricity,0.0,0.0,0.0,0.0,COST_OPT_75,trajectory
HR,2050,district_heat,district_heat,0.50236136,7544720.962007528,7778062.8474304415,62224.50277944353,COST_OPT_75,trajectory
HR,2050,h2_boiler,hydrogen,0.0,0.0,0.0,0.0,COST_OPT_75,trajectory
HU,2025,gas_boiler,gas,0.558,37973116.78013073,41275126.93492471,8337575.640854791,COST_OPT_75,trajectory
HU,2025,oil_boiler,oil,0.011,748573.986705086,831748.8741167622,220413.451640942,COST_OPT_75,trajectory
HU,2025,biomass_boiler,biomass,0.297,20211497.641037323,22967610.955724232,0.0,COST_OPT_75,trajectory
HU,2025,resistance_heater,electricity,0.029,1973513.2376770452,2013789.0180378011,503447.2545094503,COST_OPT_75,trajectory
HU,2025,hp_air,electricity,0.011,748573.986705086,233856.29075447863,58464.07268861966,COST_OPT_75,trajectory
HU,2025,hp_ground,electricity,0.0025,170130.4515238832,46155.84685943658,11538.961714859142,COST_OPT_75,trajectory
HU,2025,district_heat,district_heat,0.0915,6226774.525774125,6554499.500814869,1179809.9101466765,COST_OPT_75,trajectory
HU,2025,h2_boiler,hydrogen,0.0,0.0,0.0,0.0,COST_OPT_75,trajectory
HU,2030,gas_boiler,gas,0.50521245,33274478.247039024,36011340.09419808,7274290.699028012,COST_OPT_75,trajectory
HU,2030,oil_boiler,oil,0.0,0.0,0.0,0.0,COST_OPT_75,trajectory
HU,2030,biomass_boiler,biomass,0.0345,2272251.0094967894,2570419.694000893,0.0,COST_OPT_75,trajectory
HU,2030,resistance_heater,electricity,0.0,0.0,0.0,0.0,COST_OPT_75,trajectory
HU,2030,hp_air,electricity,0.10628755,7000347.616940304,2160734.4950121315,280895.4843515771,COST_OPT_75,trajectory
HU,2030,hp_ground,electricity,0.0,0.0,0.0,0.0,COST_OPT_75,trajectory
HU,2030,district_heat,district_heat,0.354,23315271.227880098,24439487.660251677,2688343.6426276844,COST_OPT_75,trajectory
HU,2030,h2_boiler,hydrogen,0.0,0.0,0.0,0.0,COST_OPT_75,trajectory
HU,2040,gas_boiler,gas,0.0,0.0,0.0,0.0,COST_OPT_75,trajectory
HU,2040,oil_boiler,oil,0.0,0.0,0.0,0.0,COST_OPT_75,trajectory
HU,2040,biomass_boiler,biomass,0.0,0.0,0.0,0.0,COST_OPT_75,trajectory
HU,2040,resistance_heater,electricity,0.0,0.0,0.0,0.0,COST_OPT_75,trajectory
HU,2040,hp_air,electricity,0.53020049,32629509.509144075,9835868.303232675,491793.4151616338,COST_OPT_75,trajectory
HU,2040,hp_ground,electricity,0.0,0.0,0.0,0.0,COST_OPT_75,trajectory
HU,2040,district_heat,district_heat,0.46979951,28912322.542244777,30054389.337052785,1502719.4668526393,COST_OPT_75,trajectory
HU,2040,h2_boiler,hydrogen,0.0,0.0,0.0,0.0,COST_OPT_75,trajectory
HU,2050,gas_boiler,gas,0.0,0.0,0.0,0.0,COST_OPT_75,trajectory
HU,2050,oil_boiler,oil,0.0,0.0,0.0,0.0,COST_OPT_75,trajectory
HU,2050,biomass_boiler,biomass,0.0,0.0,0.0,0.0,COST_OPT_75,trajectory
HU,2050,resistance_heater,electricity,0.0,0.0,0.0,0.0,COST_OPT_75,trajectory
HU,2050,hp_air,electricity,0.53020049,30503083.03324457,8984707.81538868,89847.0781538868,COST_OPT_75,trajectory
HU,2050,hp_ground,electricity,0.0,0.0,0.0,0.0,COST_OPT_75,trajectory
HU,2050,district_heat,district_heat,0.46979951,27028140.736926917,27864062.615388576,501553.12707699434,COST_OPT_75,trajectory
HU,2050,h2_boiler,hydrogen,0.0,0.0,0.0,0.0,COST_OPT_75,trajectory
IE,2025,gas_boiler,gas,0.27912791,9784915.398640772,10635777.60721823,2148427.0766580827,COST_OPT_75,trajectory
IE,2025,oil_boiler,oil,0.56085609,19660984.068065625,21845537.85340625,5789067.531152656,COST_OPT_75,trajectory
IE,2025,biomass_boiler,biomass,0.0270027,946588.017783235,1075668.2020264033,0.0,COST_OPT_75,trajectory
IE,2025,resistance_heater,electricity,0.056005601,1963293.7015686862,2003360.9199680472,440739.40239297034,COST_OPT_75,trajectory
IE,2025,hp_air,electricity,0.072007201,2524234.7491439367,780530.225461947,171716.64960162836,COST_OPT_75,trajectory
IE,2025,hp_ground,electricity,0.0050005001,175294.0808727967,47071.450288076456,10355.71906337682,COST_OPT_75,trajectory
IE,2025,district_heat,district_heat,0.0,0.0,0.0,0.0,COST_OPT_75,trajectory
IE,2025,h2_boiler,hydrogen,0.0,0.0,0.0,0.0,COST_OPT_75,trajectory
IE,2030,gas_boiler,gas,0.016627913,590118.5458598335,638656.4349132397,129008.59985247442,COST_OPT_75,trajectory
IE,2030,oil_boiler,oil,0.29835609,10588548.423318405,11765053.803687116,3117739.257977086,COST_OPT_75,trajectory
IE,2030,biomass_boiler,biomass,0.0,0.0,0.0,0.0,COST_OPT_75,trajectory
IE,2030,resistance_heater,electricity,0.0,0.0,0.0,0.0,COST_OPT_75,trajectory
IE,2030,hp_air,electricity,0.3345072,11871538.084403284,3626890.530491044,435226.8636589252,COST_OPT_75,trajectory
IE,2030,hp_ground,electricity,0.088008801,3123400.132595561,817216.1519088333,98065.93822905999,COST_OPT_75,trajectory
IE,2030,district_heat,district_heat,0.2625,9316028.91404389,9765229.469647685,488261.47348238423,COST_OPT_75,trajectory
IE,2030,h2_boiler,hydrogen,0.0,0.0,0.0,0.0,COST_OPT_75,trajectory
IE,2040,gas_boiler,gas,0.0,0.0,0.0,0.0,COST_OPT_75,trajectory
IE,2040,oil_boiler,oil,0.0,0.0,0.0,0.0,COST_OPT_75,trajectory
IE,2040,biomass_boiler,biomass,0.0,0.0,0.0,0.0,COST_OPT_75,trajectory
IE,2040,resistance_heater,electricity,0.0,0.0,0.0,0.0,COST_OPT_75,trajectory
IE,2040,hp_air,electricity,0.59569148,21330107.049820583,6364156.537122742,286387.0441705234,COST_OPT_75,trajectory
IE,2040,hp_ground,electricity,0.0,0.0,0.0,0.0,COST_OPT_75,trajectory
IE,2040,district_heat,district_heat,0.40430852,14477198.85594893,15049063.259822173,300981.2651964435,COST_OPT_75,trajectory
IE,2040,h2_boiler,hydrogen,0.0,0.0,0.0,0.0,COST_OPT_75,trajectory
IE,2050,gas_boiler,gas,0.0,0.0,0.0,0.0,COST_OPT_75,trajectory
IE,2050,oil_boiler,oil,0.0,0.0,0.0,0.0,COST_OPT_75,trajectory
IE,2050,biomass_boiler,biomass,0.0,0.0,0.0,0.0,COST_OPT_75,trajectory
IE,2050,resistance_heater,electricity,0.0,0.0,0.0,0.0,COST_OPT_75,trajectory
IE,2050,hp_air,electricity,0.59569148,21112081.45815681,6155125.78955009,49241.00631640073,COST_OPT_75,trajectory
IE,2050,hp_ground,electricity,0.0,0.0,0.0,0.0,COST_OPT_75,trajectory
IE,2050,district_heat,district_heat,0.40430852,14329220.23404938,14772391.993865341,118179.13595092272,COST_OPT_75,trajectory
IE,2050,h2_boiler,hydrogen,0.0,0.0,0.0,0.0,COST_OPT_75,trajectory
IT,2025,gas_boiler,gas,0.625,318033406.60786605,345688485.4433327,69829074.0595532,COST_OPT_75,trajectory
IT,2025,oil_boiler,oil,0.05,25442672.528629284,28269636.142921425,7491453.577874178,COST_OPT_75,trajectory
IT,2025,biomass_boiler,biomass,0.22,111947759.12596884,127213362.64314641,0.0,COST_OPT_75,trajectory
IT,2025,resistance_heater,electricity,0.025,12721336.264314642,12980955.371749636,3245238.842937409,COST_OPT_75,trajectory
IT,2025,hp_air,electricity,0.055,27986939.78149221,7709900.766251298,1927475.1915628244,COST_OPT_75,trajectory
IT,2025,hp_ground,electricity,0.0,0.0,0.0,0.0,COST_OPT_75,trajectory
IT,2025,district_heat,district_heat,0.025,12721336.264314642,13390880.27822594,1472996.8306048533,COST_OPT_75,trajectory
IT,2025,h2_boiler,hydrogen,0.0,0.0,0.0,0.0,COST_OPT_75,trajectory
IT,2030,gas_boiler,gas,0.325,165024884.82317382,178598360.19824007,36076868.76004449,COST_OPT_75,trajectory
IT,2030,oil_boiler,oil,0.0,0.0,0.0,0.0,COST_OPT_75,trajectory
IT,2030,biomass_boiler,biomass,0.0,0.0,0.0,0.0,COST_OPT_75,trajectory
IT,2030,resistance_heater,electricity,0.0,0.0,0.0,0.0,COST_OPT_75,trajectory
IT,2030,hp_air,electricity,0.35,177719106.7326487,48372103.084553264,6772094.431837458,COST_OPT_75,trajectory
IT,2030,hp_ground,electricity,0.0,0.0,0.0,0.0,COST_OPT_75,trajectory
IT,2030,district_heat,district_heat,0.325,165024884.82317382,172982059.5630753,12108744.169415273,COST_OPT_75,trajectory
IT,2030,h2_boiler,hydrogen,0.0,0.0,0.0,0.0,COST_OPT_75,trajectory
IT,2040,gas_boiler,gas,0.0,0.0,0.0,0.0,COST_OPT_75,trajectory
IT,2040,oil_boiler,oil,0.0,0.0,0.0,0.0,COST_OPT_75,trajectory
IT,2040,biomass_boiler,biomass,0.0,0.0,0.0,0.0,COST_OPT_75,trajectory
IT,2040,resistance_heater,electricity,0.0,0.0,0.0,0.0,COST_OPT_75,trajectory
IT,2040,hp_air,electricity,0.3244564,164265146.81584558,43664313.348177984,2401537.234149789,COST_OPT_75,trajectory
IT,2040,hp_ground,electricity,0.0,0.0,0.0,0.0,COST_OPT_75,trajectory
IT,2040,district_heat,district_heat,0.6755436,342012882.57684195,355522746.96137416,9954636.914918477,COST_OPT_75,trajectory
IT,2040,h2_boiler,hydrogen,0.0,0.0,0.0,0.0,COST_OPT_75,trajectory
IT,2050,gas_boiler,gas,0.0,0.0,0.0,0.0,COST_OPT_75,trajectory
IT,2050,oil_boiler,oil,0.0,0.0,0.0,0.0,COST_OPT_75,trajectory
IT,2050,biomass_boiler,biomass,0.0,0.0,0.0,0.0,COST_OPT_75,trajectory
IT,2050,resistance_heater,electricity,0.0,0.0,0.0,0.0,COST_OPT_75,trajectory
IT,2050,hp_air,electricity,0.3244564,163382316.41351706,42436965.302212216,424369.65302212216,COST_OPT_75,trajectory
IT,2050,hp_ground,electricity,0.0,0.0,0.0,0.0,COST_OPT_75,trajectory
IT,2050,district_heat,district_heat,0.6755436,340174760.63448405,350695629.52008665,3506956.2952008666,COST_OPT_75,trajectory
IT,2050,h2_boiler,hydrogen,0.0,0.0,0.0,0.0,COST_OPT_75,trajectory
LT,2025,gas_boiler,gas,0.11641164,2108711.769559798,2292078.0103910845,462999.7580989991,COST_OPT_75,trajectory
LT,2025,oil_boiler,oil,0.0370037,670294.9782964994,744772.1981072215,197364.6324984137,COST_OPT_75,trajectory
LT,2025,biomass_boiler,biomass,0.34983498,6337004.956976094,7201141.996563744,0.0,COST_OPT_75,trajectory
LT,2025,resistance_heater,electricity,0.02750275,498192.21359874954,508359.4016313771,101671.88032627542,COST_OPT_75,trajectory
LT,2025,hp_air,electricity,0.10291029,1864144.6828840484,627658.1423852015,125531.62847704033,COST_OPT_75,trajectory
LT,2025,hp_ground,electricity,0.0050005001,90580.40428392682,26485.498328633574,5297.099665726715,COST_OPT_75,trajectory
LT,2025,district_heat,district_heat,0.36133613,6545339.882662844,6889831.455434573,826779.7746521487,COST_OPT_75,trajectory
LT,2025,h2_boiler,hydrogen,0.0,0.0,0.0,0.0,COST_OPT_75,trajectory
LT,2030,gas_boiler,gas,0.0,0.0,0.0,0.0,COST_OPT_75,trajectory
LT,2030,oil_boiler,oil,0.0,0.0,0.0,0.0,COST_OPT_75,trajectory
LT,2030,biomass_boiler,biomass,0.4,7539843.589551808,8529234.829809738,0.0,COST_OPT_75,trajectory
LT,2030,resistance_heater,electricity,0.0,0.0,0.0,0.0,COST_OPT_75,trajectory
LT,2030,hp_air,electricity,0.072014583,1357446.7299669913,451579.08515202644,45157.908515202646,COST_OPT_75,trajectory
LT,2030,hp_ground,electricity,0.0,0.0,0.0,0.0,COST_OPT_75,trajectory
LT,2030,district_heat,district_heat,0.52798542,9952318.710909547,10432199.906613782,730253.9934629649,COST_OPT_75,trajectory
LT,2030,h2_boiler,hydrogen,0.0,0.0,0.0,0.0,COST_OPT_75,trajectory
LT,2040,gas_boiler,gas,0.0,0.0,0.0,0.0,COST_OPT_75,trajectory
LT,2040,oil_boiler,oil,0.0,0.0,0.0,0.0,COST_OPT_75,trajectory
LT,2040,biomass_boiler,biomass,0.0,0.0,0.0,0.0,COST_OPT_75,trajectory
LT,2040,resistance_heater,electricity,0.0,0.0,0.0,0.0,COST_OPT_75,trajectory
LT,2040,hp_air,electricity,0.47201458,8805618.830293579,2860824.8311545094,100128.86909040782,COST_OPT_75,trajectory
LT,2040,hp_ground,electricity,0.0,0.0,0.0,0.0,COST_OPT_75,trajectory
LT,2040,district_heat,district_heat,0.52798542,9849777.005770594,10238853.43635197,286687.89621785516,COST_OPT_75,trajectory
LT,2040,h2_boiler,hydrogen,0.0,0.0,0.0,0.0,COST_OPT_75,trajectory
LT,2050,gas_boiler,gas,0.0,0.0,0.0,0.0,COST_OPT_75,trajectory
LT,2050,oil_boiler,oil,0.0,0.0,0.0,0.0,COST_OPT_75,trajectory
LT,2050,biomass_boiler,biomass,0.0,0.0,0.0,0.0,COST_OPT_75,trajectory
LT,2050,resistance_heater,electricity,0.0,0.0,0.0,0.0,COST_OPT_75,trajectory
LT,2050,hp_air,electricity,0.3883689,6347542.811879484,2015092.9561522172,16120.743649217737,COST_OPT_75,trajectory
LT,2050,hp_ground,electricity,0.08364568,1367113.9342742725,353259.4145411557,2826.075316329245,COST_OPT_75,trajectory
LT,2050,district_heat,district_heat,0.52798542,8629450.137480551,8896340.347918095,88963.40347918094,COST_OPT_75,trajectory
LT,2050,h2_boiler,hydrogen,0.0,0.0,0.0,0.0,COST_OPT_75,trajectory
LU,2025,gas_boiler,gas,0.565,3728864.0656463043,4053113.114832939,818728.8491962538,COST_OPT_75,trajectory
LU,2025,oil_boiler,oil,0.23,1517944.663891416,1686605.1821015733,446950.37325691694,COST_OPT_75,trajectory
LU,2025,biomass_boiler,biomass,0.065,428984.36153453065,487482.2290165121,0.0,COST_OPT_75,trajectory
LU,2025,resistance_heater,electricity,0.02,131995.18816447095,134688.96751476626,20203.345127214943,COST_OPT_75,trajectory
LU,2025,hp_air,electricity,0.055,362986.7674522951,109995.99013705913,16499.39852055887,COST_OPT_75,trajectory
LU,2025,hp_ground,electricity,0.01,65997.59408223548,17367.787916377758,2605.1681874566634,COST_OPT_75,trajectory
LU,2025,district_heat,district_heat,0.055,362986.7674522951,382091.3341603107,30567.306732824854,COST_OPT_75,trajectory
LU,2025,h2_boiler,hydrogen,0.0,0.0,0.0,0.0,COST_OPT_75,trajectory
LU,2030,gas_boiler,gas,0.29,2113154.976099425,2286964.2598478626,461966.78048926825,COST_OPT_75,trajectory
LU,2030,oil_boiler,oil,0.0,0.0,0.0,0.0,COST_OPT_75,trajectory
LU,2030,biomass_boiler,biomass,0.0,0.0,0.0,0.0,COST_OPT_75,trajectory
LU,2030,resistance_heater,electricity,0.0,0.0,0.0,0.0,COST_OPT_75,trajectory
LU,2030,hp_air,electricity,0.355,2586793.160397572,774488.9701789138,61959.1176143131,COST_OPT_75,trajectory
LU,2030,hp_ground,electricity,0.0,0.0,0.0,0.0,COST_OPT_75,trajectory
LU,2030,district_heat,district_heat,0.355,2586793.160397572,2711523.2289282726,135576.16144641364,COST_OPT_75,trajectory
LU,2030,h2_boiler,hydrogen,0.0,0.0,0.0,0.0,COST_OPT_75,trajectory
LU,2040,gas_boiler,gas,0.0,0.0,0.0,0.0,COST_OPT_75,trajectory
LU,2040,oil_boiler,oil,0.0,0.0,0.0,0.0,COST_OPT_75,trajectory
LU,2040,biomass_boiler,biomass,0.0,0.0,0.0,0.0,COST_OPT_75,trajectory
LU,2040,resistance_heater,electricity,0.0,0.0,0.0,0.0,COST_OPT_75,trajectory
LU,2040,hp_air,electricity,0.31248839,2750222.828319905,804158.7217309664,24124.761651928988,COST_OPT_75,trajectory
LU,2040,hp_ground,electricity,0.0,0.0,0.0,0.0,COST_OPT_75,trajectory
LU,2040,district_heat,district_heat,0.68751161,6050817.19854287,6289830.767716081,125796.61535432162,COST_OPT_75,trajectory
LU,2040,h2_boiler,hydrogen,0.0,0.0,0.0,0.0,COST_OPT_75,trajectory
LU,2050,gas_boiler,gas,0.0,0.0,0.0,0.0,COST_OPT_75,trajectory
LU,2050,oil_boiler,oil,0.0,0.0,0.0,0.0,COST_OPT_75,trajectory
LU,2050,biomass_boiler,biomass,0.0,0.0,0.0,0.0,COST_OPT_75,trajectory
LU,2050,resistance_heater,electricity,0.0,0.0,0.0,0.0,COST_OPT_75,trajectory
LU,2050,hp_air,electricity,0.31248839,3227723.8863074724,922206.8246592778,7377.654597274223,COST_OPT_75,trajectory
LU,2050,hp_ground,electricity,0.0,0.0,0.0,0.0,COST_OPT_75,trajectory
LU,2050,district_heat,district_heat,0.68751161,7101376.296606435,7321006.491346841,58568.05193077472,COST_OPT_75,trajectory
LU,2050,h2_boiler,hydrogen,0.0,0.0,0.0,0.0,COST_OPT_75,trajectory
LV,2025,gas_boiler,gas,0.066993301,1464231.3173201787,1591555.7796958464,321494.267498561,COST_OPT_75,trajectory
LV,2025,oil_boiler,oil,0.0279972,611917.5563132276,679908.3959035863,180175.72491445037,COST_OPT_75,trajectory
LV,2025,biomass_boiler,biomass,0.48625137,10627696.701254377,12076928.069607247,0.0,COST_OPT_75,trajectory
LV,2025,resistance_heater,electricity,0.01449855,316885.8773764929,323352.93609846215,38802.352331815455,COST_OPT_75,trajectory
LV,2025,hp_air,electricity,0.0209979,458938.16723492066,154524.63543263322,18542.956251915988,COST_OPT_75,trajectory
LV,2025,hp_ground,electricity,0.0049995,109270.99219879063,31950.582514266265,3834.069901711952,COST_OPT_75,trajectory
LV,2025,district_heat,district_heat,0.37826217,8267443.2697605,8702571.86290579,870257.186290579,COST_OPT_75,trajectory
LV,2025,h2_boiler,hydrogen,0.0,0.0,0.0,0.0,COST_OPT_75,trajectory
LV,2030,gas_boiler,gas,0.0,0.0,0.0,0.0,COST_OPT_75,trajectory
LV,2030,oil_boiler,oil,0.0,0.0,0.0,0.0,COST_OPT_75,trajectory
LV,2030,biomass_boiler,biomass,0.20525137,4380505.879730957,4955323.39336081,0.0,COST_OPT_75,trajectory
LV,2030,resistance_heater,electricity,0.0,0.0,0.0,0.0,COST_OPT_75,trajectory
LV,2030,hp_air,electricity,0.22222556,4742771.618072535,1577768.3360188075,102554.94184122249,COST_OPT_75,trajectory
LV,2030,hp_ground,electricity,0.0,0.0,0.0,0.0,COST_OPT_75,trajectory
LV,2030,district_heat,district_heat,0.57252307,12218874.224404048,12808044.260381602,768482.6556228962,COST_OPT_75,trajectory
LV,2030,h2_boiler,hydrogen,0.0,0.0,0.0,0.0,COST_OPT_75,trajectory
LV,2040,gas_boiler,gas,0.0,0.0,0.0,0.0,COST_OPT_75,trajectory
LV,2040,oil_boiler,oil,0.0,0.0,0.0,0.0,COST_OPT_75,trajectory
LV,2040,biomass_boiler,biomass,0.0,0.0,0.0,0.0,COST_OPT_75,trajectory
LV,2040,resistance_heater,electricity,0.0,0.0,0.0,0.0,COST_OPT_75,trajectory
LV,2040,hp_air,electricity,0.42747693,8856487.991639046,2877351.524249203,71933.78810623007,COST_OPT_75,trajectory
LV,2040,hp_ground,electricity,0.0,0.0,0.0,0.0,COST_OPT_75,trajectory
LV,2040,district_heat,district_heat,0.57252307,11861561.03065333,12330105.021469157,295922.5205152598,COST_OPT_75,trajectory
LV,2040,h2_boiler,hydrogen,0.0,0.0,0.0,0.0,COST_OPT_75,trajectory
LV,2050,gas_boiler,gas,0.0,0.0,0.0,0.0,COST_OPT_75,trajectory
LV,2050,oil_boiler,oil,0.0,0.0,0.0,0.0,COST_OPT_75,trajectory
LV,2050,biomass_boiler,biomass,0.0,0.0,0.0,0.0,COST_OPT_75,trajectory
LV,2050,resistance_heater,electricity,0.0,0.0,0.0,0.0,COST_OPT_75,trajectory
LV,2050,hp_air,electricity,0.35068596,7262593.582193937,2305585.2641885513,11527.926320942757,COST_OPT_75,trajectory
LV,2050,hp_ground,electricity,0.076790977,1590316.466420846,410934.487447247,2054.6724372362355,COST_OPT_75,trajectory
LV,2050,district_heat,district_heat,0.57252307,11856768.870473087,12223473.062343389,97787.7844987471,COST_OPT_75,trajectory
LV,2050,h2_boiler,hydrogen,0.0,0.0,0.0,0.0,COST_OPT_75,trajectory
MT,2025,gas_boiler,gas,0.0,0.0,0.0,0.0,COST_OPT_75,trajectory
MT,2025,oil_boiler,oil,0.09,89129.50246467542,99032.78051630601,26243.686836821096,COST_OPT_75,trajectory
MT,2025,biomass_boiler,biomass,0.0,0.0,0.0,0.0,COST_OPT_75,trajectory
MT,2025,resistance_heater,electricity,0.225,222823.75616168854,227371.17975682503,102317.03089057127,COST_OPT_75,trajectory
MT,2025,hp_air,electricity,0.685,678374.5465366963,158129.2649269688,71158.16921713598,COST_OPT_75,trajectory
MT,2025,hp_ground,electricity,0.0,0.0,0.0,0.0,COST_OPT_75,trajectory
MT,2025,district_heat,district_heat,0.0,0.0,0.0,0.0,COST_OPT_75,trajectory
MT,2025,h2_boiler,hydrogen,0.0,0.0,0.0,0.0,COST_OPT_75,trajectory
MT,2030,gas_boiler,gas,0.094167965,102038.57232290912,110431.35532782372,22307.133776220395,COST_OPT_75,trajectory
MT,2030,oil_boiler,oil,0.0,0.0,0.0,0.0,COST_OPT_75,trajectory
MT,2030,biomass_boiler,biomass,0.0,0.0,0.0,0.0,COST_OPT_75,trajectory
MT,2030,resistance_heater,electricity,0.22083203,239289.2855268757,243675.44351005674,60918.86087751418,COST_OPT_75,trajectory
MT,2030,hp_air,electricity,0.4075,441559.06121137337,101694.8551845632,25423.713796140797,COST_OPT_75,trajectory
MT,2030,hp_ground,electricity,0.0,0.0,0.0,0.0,COST_OPT_75,trajectory
MT,2030,district_heat,district_heat,0.2775,300693.59383105795,315192.4463637924,15759.622318189622,COST_OPT_75,trajectory
MT,2030,h2_boiler,hydrogen,0.0,0.0,0.0,0.0,COST_OPT_75,trajectory
MT,2040,gas_boiler,gas,0.052629227,66596.60328238073,71455.58292100938,14434.027750043893,COST_OPT_75,trajectory
MT,2040,oil_boiler,oil,0.0,0.0,0.0,0.0,COST_OPT_75,trajectory
MT,2040,biomass_boiler,biomass,0.0,0.0,0.0,0.0,COST_OPT_75,trajectory
MT,2040,resistance_heater,electricity,0.0,0.0,0.0,0.0,COST_OPT_75,trajectory
MT,2040,hp_air,electricity,0.24737077,313020.9956028244,70405.08223185434,6336.457400866891,COST_OPT_75,trajectory
MT,2040,hp_ground,electricity,0.0,0.0,0.0,0.0,COST_OPT_75,trajectory
MT,2040,district_heat,district_heat,0.7,885774.406256556,920763.4160671061,18415.268321342122,COST_OPT_75,trajectory
MT,2040,h2_boiler,hydrogen,0.0,0.0,0.0,0.0,COST_OPT_75,trajectory
MT,2050,gas_boiler,gas,0.020872584,30531.02134446962,32479.80994092513,6560.921608066877,COST_OPT_75,trajectory
MT,2050,oil_boiler,oil,0.0,0.0,0.0,0.0,COST_OPT_75,trajectory
MT,2050,biomass_boiler,biomass,0.0,0.0,0.0,0.0,COST_OPT_75,trajectory
MT,2050,resistance_heater,electricity,0.0,0.0,0.0,0.0,COST_OPT_75,trajectory
MT,2050,hp_air,electricity,0.27912742,408288.94102650334,89733.83319263809,1346.0074978895714,COST_OPT_75,trajectory
MT,2050,hp_ground,electricity,0.0,0.0,0.0,0.0,COST_OPT_75,trajectory
MT,2050,district_heat,district_heat,0.7,1023913.2318800937,1055580.651422777,8444.645211382216,COST_OPT_75,trajectory
MT,2050,h2_boiler,hydrogen,0.0,0.0,0.0,0.0,COST_OPT_75,trajectory
NL,2025,gas_boiler,gas,0.805,105213586.69216542,114362594.23061459,23101244.034584146,COST_OPT_75,trajectory
NL,2025,oil_boiler,oil,0.005,653500.5384606548,726111.7094007275,192419.6029911928,COST_OPT_75,trajectory
NL,2025,biomass_boiler,biomass,0.045,5881504.8461458925,6683528.234256696,0.0,COST_OPT_75,trajectory
NL,2025,resistance_heater,electricity,0.02,2614002.153842619,2667349.136574101,746857.7582407484,COST_OPT_75,trajectory
NL,2025,hp_air,electricity,0.07,9149007.538449168,2772426.5268027782,776279.427504778,COST_OPT_75,trajectory
NL,2025,hp_ground,electricity,0.005,653500.5384606548,171973.82591069862,48152.67125499562,COST_OPT_75,trajectory
NL,2025,district_heat,district_heat,0.05,6535005.384606548,6878953.036427945,825474.3643713534,COST_OPT_75,trajectory
NL,2025,h2_boiler,hydrogen,0.0,0.0,0.0,0.0,COST_OPT_75,trajectory
NL,2030,gas_boiler,gas,0.49,66014032.56830037,71443758.19080126,14431639.154541856,COST_OPT_75,trajectory
NL,2030,oil_boiler,oil,0.0,0.0,0.0,0.0,COST_OPT_75,trajectory
NL,2030,biomass_boiler,biomass,0.0,0.0,0.0,0.0,COST_OPT_75,trajectory
NL,2030,resistance_heater,electricity,0.0,0.0,0.0,0.0,COST_OPT_75,trajectory
NL,2030,hp_air,electricity,0.145,19534764.739599086,5848731.957963798,877309.7936945697,COST_OPT_75,trajectory
NL,2030,hp_ground,electricity,0.0,0.0,0.0,0.0,COST_OPT_75,trajectory
NL,2030,district_heat,district_heat,0.365,49173718.13761149,51544777.92202463,3865858.3441518466,COST_OPT_75,trajectory
NL,2030,h2_boiler,hydrogen,0.0,0.0,0.0,0.0,COST_OPT_75,trajectory
NL,2040,gas_boiler,gas,0.0,0.0,0.0,0.0,COST_OPT_75,trajectory
NL,2040,oil_boiler,oil,0.0,0.0,0.0,0.0,COST_OPT_75,trajectory
NL,2040,biomass_boiler,biomass,0.0,0.0,0.0,0.0,COST_OPT_75,trajectory
NL,2040,resistance_heater,electricity,0.0,0.0,0.0,0.0,COST_OPT_75,trajectory
NL,2040,hp_air,electricity,0.50311945,71517192.88731873,20911459.90857273,1254687.5945143637,COST_OPT_75,trajectory
NL,2040,hp_ground,electricity,0.0,0.0,0.0,0.0,COST_OPT_75,trajectory
NL,2040,district_heat,district_heat,0.47888055,68071692.84418498,70760595.47212575,2122817.8641637727,COST_OPT_75,trajectory
NL,2040,h2_boiler,hydrogen,0.018,2558655.746605974,2805543.581804796,0.0,COST_OPT_75,trajectory
NL,2050,gas_boiler,gas,0.0,0.0,0.0,0.0,COST_OPT_75,trajectory
NL,2050,oil_boiler,oil,0.0,0.0,0.0,0.0,COST_OPT_75,trajectory
NL,2050,biomass_boiler,biomass,0.0,0.0,0.0,0.0,COST_OPT_75,trajectory
NL,2050,resistance_heater,electricity,0.0,0.0,0.0,0.0,COST_OPT_75,trajectory
NL,2050,hp_air,electricity,0.67319374,100395511.63726014,28684431.89636004,286844.3189636004,COST_OPT_75,trajectory
NL,2050,hp_ground,electricity,0.0,0.0,0.0,0.0,COST_OPT_75,trajectory
NL,2050,district_heat,district_heat,0.29680626,44263656.29876722,45632635.35955384,456326.3535955383,COST_OPT_75,trajectory
NL,2050,h2_boiler,hydrogen,0.03,4473994.884619403,4863037.918064568,0.0,COST_OPT_75,trajectory
PL,2025,gas_boiler,gas,0.16,44785194.50827616,48679559.24812625,9833270.968121504,COST_OPT_75,trajectory
PL,2025,oil_boiler,oil,0.255,71376403.74756512,79307115.27507235,21016385.547894176,COST_OPT_75,trajectory
PL,2025,biomass_boiler,biomass,0.225,62979179.77726335,71567249.74689017,0.0,COST_OPT_75,trajectory
PL,2025,resistance_heater,electricity,0.01,2799074.65676726,2856198.629354347,1713719.177612608,COST_OPT_75,trajectory
PL,2025,hp_air,electricity,0.03,8397223.970301779,2765884.048188992,1659530.428913395,COST_OPT_75,trajectory
PL,2025,hp_ground,electricity,0.0,0.0,0.0,0.0,COST_OPT_75,trajectory
PL,2025,district_heat,district_heat,0.32,89570389.01655231,94284620.0174235,28285386.005227044,COST_OPT_75,trajectory
PL,2025,h2_boiler,hydrogen,0.0,0.0,0.0,0.0,COST_OPT_75,trajectory
PL,2030,gas_boiler,gas,0.4525,117820914.40402316,127511812.12556618,25757386.04936437,COST_OPT_75,trajectory
PL,2030,oil_boiler,oil,0.0,0.0,0.0,0.0,COST_OPT_75,trajectory
PL,2030,biomass_boiler,biomass,0.075365795,19623573.219195925,22198612.238909416,0.0,COST_OPT_75,trajectory
PL,2030,resistance_heater,electricity,0.0,0.0,0.0,0.0,COST_OPT_75,trajectory
PL,2030,hp_air,electricity,0.0,0.0,0.0,0.0,COST_OPT_75,trajectory
PL,2030,hp_ground,electricity,0.0,0.0,0.0,0.0,COST_OPT_75,trajectory
PL,2030,district_heat,district_heat,0.4721342,122933222.46499878,128860820.19391906,25772164.038783815,COST_OPT_75,trajectory
PL,2030,h2_boiler,hydrogen,0.0,0.0,0.0,0.0,COST_OPT_75,trajectory
PL,2040,gas_boiler,gas,0.34980564,78284820.88125493,83996588.92838512,16967310.963533796,COST_OPT_75,trajectory
PL,2040,oil_boiler,oil,0.0,0.0,0.0,0.0,COST_OPT_75,trajectory
PL,2040,biomass_boiler,biomass,0.0,0.0,0.0,0.0,COST_OPT_75,trajectory
PL,2040,resistance_heater,electricity,0.0,0.0,0.0,0.0,COST_OPT_75,trajectory
PL,2040,hp_air,electricity,0.17806015,39849005.71883114,12664952.23710626,1899742.835565939,COST_OPT_75,trajectory
PL,2040,hp_ground,electricity,0.0,0.0,0.0,0.0,COST_OPT_75,trajectory
PL,2040,district_heat,district_heat,0.4721342,105661364.63355649,109835098.37168035,10983509.837168034,COST_OPT_75,trajectory
PL,2040,h2_boiler,hydrogen,0.0,0.0,0.0,0.0,COST_OPT_75,trajectory
PL,2050,gas_boiler,gas,0.18769065,35889452.058848925,38180268.14771163,7712414.165837749,COST_OPT_75,trajectory
PL,2050,oil_boiler,oil,0.0,0.0,0.0,0.0,COST_OPT_75,trajectory
PL,2050,biomass_boiler,biomass,0.0,0.0,0.0,0.0,COST_OPT_75,trajectory
PL,2050,resistance_heater,electricity,0.0,0.0,0.0,0.0,COST_OPT_75,trajectory
PL,2050,hp_air,electricity,0.24258591,46386303.13815441,14405684.204395778,432170.5261318733,COST_OPT_75,trajectory
PL,2050,hp_ground,electricity,0.097589235,18660621.458726056,4717042.835876152,141511.28507628455,COST_OPT_75,trajectory
PL,2050,district_heat,district_heat,0.4721342,90279604.95764169,93071757.6882904,2792152.7306487123,COST_OPT_75,trajectory
PL,2050,h2_boiler,hydrogen,0.0,0.0,0.0,0.0,COST_OPT_75,trajectory
PT,2025,gas_boiler,gas,0.0275,597528.5679037971,649487.5738084752,131196.489909312,COST_OPT_75,trajectory
PT,2025,oil_boiler,oil,0.036,782219.2161649707,869132.4624055229,230320.1025374636,COST_OPT_75,trajectory
PT,2025,biomass_boiler,biomass,0.519,11276993.699711662,12814765.56785416,0.0,COST_OPT_75,trajectory
PT,2025,resistance_heater,electricity,0.184,3998009.327065406,4079601.3541483735,489552.1624978048,COST_OPT_75,trajectory
PT,2025,hp_air,electricity,0.2335,5073560.749292241,1302917.5011022706,156350.10013227246,COST_OPT_75,trajectory
PT,2025,hp_ground,electricity,0.0,0.0,0.0,0.0,COST_OPT_75,trajectory
PT,2025,district_heat,district_heat,0.0,0.0,0.0,0.0,COST_OPT_75,trajectory
PT,2025,h2_boiler,hydrogen,0.0,0.0,0.0,0.0,COST_OPT_75,trajectory
PT,2030,gas_boiler,gas,0.0,0.0,0.0,0.0,COST_OPT_75,trajectory
PT,2030,oil_boiler,oil,0.0,0.0,0.0,0.0,COST_OPT_75,trajectory
PT,2030,biomass_boiler,biomass,0.2415,5006155.063397302,5663071.338684731,0.0,COST_OPT_75,trajectory
PT,2030,resistance_heater,electricity,0.0,0.0,0.0,0.0,COST_OPT_75,trajectory
PT,2030,hp_air,electricity,0.481,9970851.285689864,2529902.386504076,164443.65512276496,COST_OPT_75,trajectory
PT,2030,hp_ground,electricity,0.0,0.0,0.0,0.0,COST_OPT_75,trajectory
PT,2030,district_heat,district_heat,0.2775,5752414.203282614,6029784.280170456,301489.2140085228,COST_OPT_75,trajectory
PT,2030,h2_boiler,hydrogen,0.0,0.0,0.0,0.0,COST_OPT_75,trajectory
PT,2040,gas_boiler,gas,0.0,0.0,0.0,0.0,COST_OPT_75,trajectory
PT,2040,oil_boiler,oil,0.0,0.0,0.0,0.0,COST_OPT_75,trajectory
PT,2040,biomass_boiler,biomass,0.0,0.0,0.0,0.0,COST_OPT_75,trajectory
PT,2040,resistance_heater,electricity,0.0,0.0,0.0,0.0,COST_OPT_75,trajectory
PT,2040,hp_air,electricity,0.3597039,6755828.459042498,1674057.998573322,41851.44996433306,COST_OPT_75,trajectory
PT,2040,hp_ground,electricity,0.0,0.0,0.0,0.0,COST_OPT_75,trajectory
PT,2040,district_heat,district_heat,0.6402961,12025809.60226987,12500841.582401112,250016.83164802226,COST_OPT_75,trajectory
PT,2040,h2_boiler,hydrogen,0.0,0.0,0.0,0.0,COST_OPT_75,trajectory
PT,2050,gas_boiler,gas,0.0,0.0,0.0,0.0,COST_OPT_75,trajectory
PT,2050,oil_boiler,oil,0.0,0.0,0.0,0.0,COST_OPT_75,trajectory
PT,2050,biomass_boiler,biomass,0.0,0.0,0.0,0.0,COST_OPT_75,trajectory
PT,2050,resistance_heater,electricity,0.0,0.0,0.0,0.0,COST_OPT_75,trajectory
PT,2050,hp_air,electricity,0.3597039,6045048.85490165,1463692.2166832082,7318.461083416041,COST_OPT_75,trajectory
PT,2050,hp_ground,electricity,0.0,0.0,0.0,0.0,COST_OPT_75,trajectory
PT,2050,district_heat,district_heat,0.6402961,10760576.146388717,11093377.470503833,88747.01976403066,COST_OPT_75,trajectory
PT,2050,h2_boiler,hydrogen,0.0,0.0,0.0,0.0,COST_OPT_75,trajectory
RO,2025,gas_boiler,gas,0.3415,33859422.52101875,36803720.13154212,7434351.466571509,COST_OPT_75,trajectory
RO,2025,oil_boiler,oil,0.0135,1338513.0425585741,1487236.7139539712,394117.7291978024,COST_OPT_75,trajectory
RO,2025,biomass_boiler,biomass,0.481,47690723.96079068,54194004.500898495,0.0,COST_OPT_75,trajectory
RO,2025,resistance_heater,electricity,0.026,2577876.97085355,2630486.704952602,657621.6762381505,COST_OPT_75,trajectory
RO,2025,hp_air,electricity,0.005,495745.5713179904,156485.34448168892,39121.33612042223,COST_OPT_75,trajectory
RO,2025,hp_ground,electricity,0.0025,247872.7856589952,67947.58378810177,16986.89594702544,COST_OPT_75,trajectory
RO,2025,district_heat,district_heat,0.1305,12938959.41139955,13619957.275157422,2723991.4550314844,COST_OPT_75,trajectory
RO,2025,h2_boiler,hydrogen,0.0,0.0,0.0,0.0,COST_OPT_75,trajectory
RO,2030,gas_boiler,gas,0.31452764,30438018.180232503,32941578.117134742,6654198.779661219,COST_OPT_75,trajectory
RO,2030,oil_boiler,oil,0.0,0.0,0.0,0.0,COST_OPT_75,trajectory
RO,2030,biomass_boiler,biomass,0.2185,21145063.66556784,23919755.277791675,0.0,COST_OPT_75,trajectory
RO,2030,resistance_heater,electricity,0.0,0.0,0.0,0.0,COST_OPT_75,trajectory
RO,2030,hp_air,electricity,0.073972358,7158582.239826895,2232591.7664130786,290236.92963370023,COST_OPT_75,trajectory
RO,2030,hp_ground,electricity,0.0,0.0,0.0,0.0,COST_OPT_75,trajectory
RO,2030,district_heat,district_heat,0.393,38032082.47399616,39865914.542972915,5182568.89058648,COST_OPT_75,trajectory
RO,2030,h2_boiler,hydrogen,0.0,0.0,0.0,0.0,COST_OPT_75,trajectory
RO,2040,gas_boiler,gas,0.0,0.0,0.0,0.0,COST_OPT_75,trajectory
RO,2040,oil_boiler,oil,0.0,0.0,0.0,0.0,COST_OPT_75,trajectory
RO,2040,biomass_boiler,biomass,0.0,0.0,0.0,0.0,COST_OPT_75,trajectory
RO,2040,resistance_heater,electricity,0.0,0.0,0.0,0.0,COST_OPT_75,trajectory
RO,2040,hp_air,electricity,0.49728273,46582752.66055774,14188216.575462274,709410.8287731138,COST_OPT_75,trajectory
RO,2040,hp_ground,electricity,0.0,0.0,0.0,0.0,COST_OPT_75,trajectory
RO,2040,district_heat,district_heat,0.50271727,47091830.93207524,48952007.20589942,2937120.432353965,COST_OPT_75,trajectory
RO,2040,h2_boiler,hydrogen,0.0,0.0,0.0,0.0,COST_OPT_75,trajectory
RO,2050,gas_boiler,gas,0.0,0.0,0.0,0.0,COST_OPT_75,trajectory
RO,2050,oil_boiler,oil,0.0,0.0,0.0,0.0,COST_OPT_75,trajectory
RO,2050,biomass_boiler,biomass,0.0,0.0,0.0,0.0,COST_OPT_75,trajectory
RO,2050,resistance_heater,electricity,0.0,0.0,0.0,0.0,COST_OPT_75,trajectory
RO,2050,hp_air,electricity,0.49728273,46101436.998087846,13720665.77324043,137206.6577324043,COST_OPT_75,trajectory
RO,2050,hp_ground,electricity,0.0,0.0,0.0,0.0,COST_OPT_75,trajectory
RO,2050,district_heat,district_heat,0.50271727,46605255.22524323,48046654.87138478,960933.0974276955,COST_OPT_75,trajectory
RO,2050,h2_boiler,hydrogen,0.0,0.0,0.0,0.0,COST_OPT_75,trajectory
SE,2025,gas_boiler,gas,0.0075,613774.0923581872,667145.7525632469,134763.4420177759,COST_OPT_75,trajectory
SE,2025,oil_boiler,oil,0.01,818365.4564775829,909294.9516417588,240963.1621850661,COST_OPT_75,trajectory
SE,2025,biomass_boiler,biomass,0.11,9002020.021253413,10229568.205969786,0.0,COST_OPT_75,trajectory
SE,2025,resistance_heater,electricity,0.09,7365289.108298246,7515601.130916578,338202.050891246,COST_OPT_75,trajectory
SE,2025,hp_air,electricity,0.17,13912212.760118911,4790706.873319184,215581.8092993633,COST_OPT_75,trajectory
SE,2025,hp_ground,electricity,0.13,10638750.934208577,3181444.6573590245,143165.0095811561,COST_OPT_75,trajectory
SE,2025,district_heat,district_heat,0.4825,39486133.275043376,41564350.81583513,1454752.2785542298,COST_OPT_75,trajectory
SE,2025,h2_boiler,hydrogen,0.0,0.0,0.0,0.0,COST_OPT_75,trajectory
SE,2030,gas_boiler,gas,0.0,0.0,0.0,0.0,COST_OPT_75,trajectory
SE,2030,oil_boiler,oil,0.0,0.0,0.0,0.0,COST_OPT_75,trajectory
SE,2030,biomass_boiler,biomass,0.0,0.0,0.0,0.0,COST_OPT_75,trajectory
SE,2030,resistance_heater,electricity,0.0,0.0,0.0,0.0,COST_OPT_75,trajectory
SE,2030,hp_air,electricity,0.4910004,40936117.74325309,13927639.406387143,417829.18219161424,COST_OPT_75,trajectory
SE,2030,hp_ground,electricity,0.0,0.0,0.0,0.0,COST_OPT_75,trajectory
SE,2030,district_heat,district_heat,0.5089996,42436762.896463476,44482979.975328594,889659.5995065719,COST_OPT_75,trajectory
SE,2030,h2_boiler,hydrogen,0.0,0.0,0.0,0.0,COST_OPT_75,trajectory
SE,2040,gas_boiler,gas,0.0,0.0,0.0,0.0,COST_OPT_75,trajectory
SE,2040,oil_boiler,oil,0.0,0.0,0.0,0.0,COST_OPT_75,trajectory
SE,2040,biomass_boiler,biomass,0.0,0.0,0.0,0.0,COST_OPT_75,trajectory
SE,2040,resistance_heater,electricity,0.0,0.0,0.0,0.0,COST_OPT_75,trajectory
SE,2040,hp_air,electricity,0.65556369,56045114.53383871,18622114.079558317,279331.71119337477,COST_OPT_75,trajectory
SE,2040,hp_ground,electricity,0.0,0.0,0.0,0.0,COST_OPT_75,trajectory
SE,2040,district_heat,district_heat,0.34443631,29446372.24121241,30609534.554274853,244876.27643419884,COST_OPT_75,trajectory
SE,2040,h2_boiler,hydrogen,0.0,0.0,0.0,0.0,COST_OPT_75,trajectory
SE,2050,gas_boiler,gas,0.0,0.0,0.0,0.0,COST_OPT_75,trajectory
SE,2050,oil_boiler,oil,0.0,0.0,0.0,0.0,COST_OPT_75,trajectory
SE,2050,biomass_boiler,biomass,0.0,0.0,0.0,0.0,COST_OPT_75,trajectory
SE,2050,resistance_heater,electricity,0.0,0.0,0.0,0.0,COST_OPT_75,trajectory
SE,2050,hp_air,electricity,0.65556369,57180716.271421865,18565167.620591514,92825.83810295757,COST_OPT_75,trajectory
SE,2050,hp_ground,electricity,0.0,0.0,0.0,0.0,COST_OPT_75,trajectory
SE,2050,district_heat,district_heat,0.34443631,30043022.846011356,30972188.501042634,92916.56550312792,COST_OPT_75,trajectory
SE,2050,h2_boiler,hydrogen,0.0,0.0,0.0,0.0,COST_OPT_75,trajectory
SI,2025,gas_boiler,gas,0.1351,2352728.0962149235,2557313.148059699,516577.2559080593,COST_OPT_75,trajectory
SI,2025,oil_boiler,oil,0.1456,2535582.611464788,2817314.0127386535,746588.2133757432,COST_OPT_75,trajectory
SI,2025,biomass_boiler,biomass,0.4537,7901056.530367955,8978473.329963585,0.0,COST_OPT_75,trajectory
SI,2025,resistance_heater,electricity,0.0635,1105834.4493682282,1128402.499355335,225680.49987106698,COST_OPT_75,trajectory
SI,2025,hp_air,electricity,0.088,1532494.9849512454,478755.07183731504,95751.01436746302,COST_OPT_75,trajectory
SI,2025,hp_ground,electricity,0.005,87073.57869041167,23622.78314986752,4724.556629973504,COST_OPT_75,trajectory
SI,2025,district_heat,district_heat,0.1091,1899945.4870247827,1999942.617920824,159995.40943366595,COST_OPT_75,trajectory
SI,2025,h2_boiler,hydrogen,0.0,0.0,0.0,0.0,COST_OPT_75,trajectory
SI,2030,gas_boiler,gas,0.0,0.0,0.0,0.0,COST_OPT_75,trajectory
SI,2030,oil_boiler,oil,0.0,0.0,0.0,0.0,COST_OPT_75,trajectory
SI,2030,biomass_boiler,biomass,0.2479,4291898.1182729965,4855088.3690871,0.0,COST_OPT_75,trajectory
SI,2030,resistance_heater,electricity,0.0,0.0,0.0,0.0,COST_OPT_75,trajectory
SI,2030,hp_air,electricity,0.3655,6327909.488619524,1953179.0507498996,214849.69558248896,COST_OPT_75,trajectory
SI,2030,hp_ground,electricity,0.0,0.0,0.0,0.0,COST_OPT_75,trajectory
SI,2030,district_heat,district_heat,0.3866,6693214.249795645,7015947.850938831,350797.3925469416,COST_OPT_75,trajectory
SI,2030,h2_boiler,hydrogen,0.0,0.0,0.0,0.0,COST_OPT_75,trajectory
SI,2040,gas_boiler,gas,0.0,0.0,0.0,0.0,COST_OPT_75,trajectory
SI,2040,oil_boiler,oil,0.0,0.0,0.0,0.0,COST_OPT_75,trajectory
SI,2040,biomass_boiler,biomass,0.0,0.0,0.0,0.0,COST_OPT_75,trajectory
SI,2040,resistance_heater,electricity,0.0,0.0,0.0,0.0,COST_OPT_75,trajectory
SI,2040,hp_air,electricity,0.45724414,7808148.583358293,2353695.2382463054,105916.28572108375,COST_OPT_75,trajectory
SI,2040,hp_ground,electricity,0.0,0.0,0.0,0.0,COST_OPT_75,trajectory
SI,2040,district_heat,district_heat,0.54275586,9268393.028215544,9634504.187334245,192690.08374668492,COST_OPT_75,trajectory
SI,2040,h2_boiler,hydrogen,0.0,0.0,0.0,0.0,COST_OPT_75,trajectory
SI,2050,gas_boiler,gas,0.0,0.0,0.0,0.0,COST_OPT_75,trajectory
SI,2050,oil_boiler,oil,0.0,0.0,0.0,0.0,COST_OPT_75,trajectory
SI,2050,biomass_boiler,biomass,0.0,0.0,0.0,0.0,COST_OPT_75,trajectory
SI,2050,resistance_heater,electricity,0.0,0.0,0.0,0.0,COST_OPT_75,trajectory
SI,2050,hp_air,electricity,0.45724414,7672239.661805885,2259864.4070120426,22598.644070120426,COST_OPT_75,trajectory
SI,2050,hp_ground,electricity,0.0,0.0,0.0,0.0,COST_OPT_75,trajectory
SI,2050,district_heat,district_heat,0.54275586,9107067.038124451,9388728.90528294,75109.83124226352,COST_OPT_75,trajectory
SI,2050,h2_boiler,hydrogen,0.0,0.0,0.0,0.0,COST_OPT_75,trajectory
SK,2025,gas_boiler,gas,0.45074507,18338959.773108114,19933651.927291427,4026597.6893128688,COST_OPT_75,trajectory
SK,2025,oil_boiler,oil,0.020002,813798.9692970095,904221.0769966772,239618.58540411948,COST_OPT_75,trajectory
SK,2025,biomass_boiler,biomass,0.22412241,9118617.450972993,10362065.285196584,0.0,COST_OPT_75,trajectory
SK,2025,resistance_heater,electricity,0.054505451,2217602.2320202314,2262859.420428808,452571.8840857615,COST_OPT_75,trajectory
SK,2025,hp_air,electricity,0.0390039,1586907.9901291688,517076.5689570443,103415.31379140886,COST_OPT_75,trajectory
SK,2025,hp_ground,electricity,0.0050005001,203449.7463928404,57569.25478009067,11513.850956018134,COST_OPT_75,trajectory
SK,2025,district_heat,district_heat,0.20662066,8406543.35283811,8848993.002987485,707919.4402389989,COST_OPT_75,trajectory
SK,2025,h2_boiler,hydrogen,0.0,0.0,0.0,0.0,COST_OPT_75,trajectory
SK,2030,gas_boiler,gas,0.18074507,6732498.689691976,7286253.993173134,1471823.3066209732,COST_OPT_75,trajectory
SK,2030,oil_boiler,oil,0.0,0.0,0.0,0.0,COST_OPT_75,trajectory
SK,2030,biomass_boiler,biomass,0.2,7449717.648942763,8427282.408306293,0.0,COST_OPT_75,trajectory
SK,2030,resistance_heater,electricity,0.0,0.0,0.0,0.0,COST_OPT_75,trajectory
SK,2030,hp_air,electricity,0.16918346,6301845.03935601,2028795.6472075237,202879.56472075242,COST_OPT_75,trajectory
SK,2030,hp_ground,electricity,0.0,0.0,0.0,0.0,COST_OPT_75,trajectory
SK,2030,district_heat,district_heat,0.45007147,16764526.866723064,17572879.31522334,878643.965761167,COST_OPT_75,trajectory
SK,2030,h2_boiler,hydrogen,0.0,0.0,0.0,0.0,COST_OPT_75,trajectory
SK,2040,gas_boiler,gas,0.0,0.0,0.0,0.0,COST_OPT_75,trajectory
SK,2040,oil_boiler,oil,0.0,0.0,0.0,0.0,COST_OPT_75,trajectory
SK,2040,biomass_boiler,biomass,0.2,6601134.487419691,7400374.985896515,0.0,COST_OPT_75,trajectory
SK,2040,resistance_heater,electricity,0.0,0.0,0.0,0.0,COST_OPT_75,trajectory
SK,2040,hp_air,electricity,0.34992853,11549626.43757538,3631272.853416141,145250.91413664565,COST_OPT_75,trajectory
SK,2040,hp_ground,electricity,0.0,0.0,0.0,0.0,COST_OPT_75,trajectory
SK,2040,district_heat,district_heat,0.45007147,14854911.51210338,15441695.958527423,308833.9191705485,COST_OPT_75,trajectory
SK,2040,h2_boiler,hydrogen,0.0,0.0,0.0,0.0,COST_OPT_75,trajectory
SK,2050,gas_boiler,gas,0.0,0.0,0.0,0.0,COST_OPT_75,trajectory
SK,2050,oil_boiler,oil,0.0,0.0,0.0,0.0,COST_OPT_75,trajectory
SK,2050,biomass_boiler,biomass,0.0,0.0,0.0,0.0,COST_OPT_75,trajectory
SK,2050,resistance_heater,electricity,0.0,0.0,0.0,0.0,COST_OPT_75,trajectory
SK,2050,hp_air,electricity,0.54992853,16760109.927868873,5149035.308101036,41192.28246480829,COST_OPT_75,trajectory
SK,2050,hp_ground,electricity,0.0,0.0,0.0,0.0,COST_OPT_75,trajectory
SK,2050,district_heat,district_heat,0.45007147,13716777.54670691,14141007.780110216,113128.06224088173,COST_OPT_75,trajectory
SK,2050,h2_boiler,hydrogen,0.0,0.0,0.0,0.0,COST_OPT_75,trajectory
UK,2025,gas_boiler,gas,0.8040196,296568045.01054776,322356570.66363883,65116027.274055056,COST_OPT_75,trajectory
UK,2025,oil_boiler,oil,0.050894911,18772930.72986756,20858811.922075067,5527585.159349892,COST_OPT_75,trajectory
UK,2025,biomass_boiler,biomass,0.01529847,5642943.703800896,6412436.027046473,0.0,COST_OPT_75,trajectory
UK,2025,resistance_heater,electricity,0.086491351,31902917.387077484,32553997.333752535,5859719.520075456,COST_OPT_75,trajectory
UK,2025,hp_air,electricity,0.02039796,7523924.938401194,2279977.2540609683,410395.9057309743,COST_OPT_75,trajectory
UK,2025,hp_ground,electricity,0.00249975,922049.6248040679,242644.63810633367,43676.03485914006,COST_OPT_75,trajectory
UK,2025,district_heat,district_heat,0.02039796,7523924.938401194,7919920.987790731,791992.0987790731,COST_OPT_75,trajectory
UK,2025,h2_boiler,hydrogen,0.0,0.0,0.0,0.0,COST_OPT_75,trajectory
UK,2030,gas_boiler,gas,0.67960204,252105960.86920008,272841948.9926408,55114073.69651344,COST_OPT_75,trajectory
UK,2030,oil_boiler,oil,0.0,0.0,0.0,0.0,COST_OPT_75,trajectory
UK,2030,biomass_boiler,biomass,0.0,0.0,0.0,0.0,COST_OPT_75,trajectory
UK,2030,resistance_heater,electricity,0.0,0.0,0.0,0.0,COST_OPT_75,trajectory
UK,2030,hp_air,electricity,0.0,0.0,0.0,0.0,COST_OPT_75,trajectory
UK,2030,hp_ground,electricity,0.0,0.0,0.0,0.0,COST_OPT_75,trajectory
UK,2030,district_heat,district_heat,0.32039796,118855198.79594758,124586162.25990313,7475169.735594188,COST_OPT_75,trajectory
UK,2030,h2_boiler,hydrogen,0.0,0.0,0.0,0.0,COST_OPT_75,trajectory
UK,2040,gas_boiler,gas,0.485887,179266908.72088757,192346468.58464333,38853986.65409795,COST_OPT_75,trajectory
UK,2040,oil_boiler,oil,0.0,0.0,0.0,0.0,COST_OPT_75,trajectory
UK,2040,biomass_boiler,biomass,0.0,0.0,0.0,0.0,COST_OPT_75,trajectory
UK,2040,resistance_heater,electricity,0.0,0.0,0.0,0.0,COST_OPT_75,trajectory
UK,2040,hp_air,electricity,0.023896033,8816387.280586468,2577891.0177153414,77336.73053146024,COST_OPT_75,trajectory
UK,2040,hp_ground,electricity,0.0,0.0,0.0,0.0,COST_OPT_75,trajectory
UK,2040,district_heat,district_heat,0.47821697,176437068.5154561,183406516.12833276,4585162.903208319,COST_OPT_75,trajectory
UK,2040,h2_boiler,hydrogen,0.012,4427372.834940327,4854575.4769082535,0.0,COST_OPT_75,trajectory
UK,2050,gas_boiler,gas,0.22588071,82184401.80125512,87430214.6821863,17660903.365801636,COST_OPT_75,trajectory
UK,2050,oil_boiler,oil,0.0,0.0,0.0,0.0,COST_OPT_75,trajectory
UK,2050,biomass_boiler,biomass,0.0,0.0,0.0,0.0,COST_OPT_75,trajectory
UK,2050,resistance_heater,electricity,0.0,0.0,0.0,0.0,COST_OPT_75,trajectory
UK,2050,hp_air,electricity,0.27590233,100384260.11066851,28681217.174476717,229449.73739581375,COST_OPT_75,trajectory
UK,2050,hp_ground,electricity,0.0,0.0,0.0,0.0,COST_OPT_75,trajectory
UK,2050,district_heat,district_heat,0.47821697,173994386.73031783,179375656.42300808,1435005.2513840646,COST_OPT_75,trajectory
UK,2050,h2_boiler,hydrogen,0.02,7276796.836813123,7909561.779144699,0.0,COST_OPT_75,trajectory
AT,2025,gas_boiler,gas,0.27,19478669.571134694,21172466.925146405,4276838.318879575,COST_OPT_90,trajectory
AT,2025,oil_boiler,oil,0.125,9017902.579229025,10019891.754698917,2655271.314995213,COST_OPT_90,trajectory
AT,2025,biomass_boiler,biomass,0.265,19117953.467965536,21724947.122688107,0.0,COST_OPT_90,trajectory
AT,2025,resistance_heater,electricity,0.04,2885728.825353288,2944621.250360498,353354.55004325975,COST_OPT_90,trajectory
AT,2025,hp_air,electricity,0.07,5050025.444368254,1610853.41128174,193302.40935380876,COST_OPT_90,trajectory
AT,2025,hp_ground,electricity,0.0225,1623222.4642612245,449646.1119837187,53957.533438046245,COST_OPT_90,trajectory
AT,2025,district_heat,district_heat,0.2075,14969718.28152018,15757598.191073874,1418183.8371966488,COST_OPT_90,trajectory
AT,2025,h2_boiler,hydrogen,0.0,0.0,0.0,0.0,COST_OPT_90,trajectory
AT,2030,gas_boiler,gas,0.0,0.0,0.0,0.0,COST_OPT_90,trajectory
AT,2030,oil_boiler,oil,0.0,0.0,0.0,0.0,COST_OPT_90,trajectory
AT,2030,biomass_boiler,biomass,0.3,21184359.005993173,23964207.020354267,0.0,COST_OPT_90,trajectory
AT,2030,resistance_heater,electricity,0.0,0.0,0.0,0.0,COST_OPT_90,trajectory
AT,2030,hp_air,electricity,0.1675,11827933.778346188,3727681.6193968453,260937.7133577792,COST_OPT_90,trajectory
AT,2030,hp_ground,electricity,0.0,0.0,0.0,0.0,COST_OPT_90,trajectory
AT,2030,district_heat,district_heat,0.5325,37602237.23563788,39415343.01429547,2167843.865786251,COST_OPT_90,trajectory
AT,2030,h2_boiler,hydrogen,0.0,0.0,0.0,0.0,COST_OPT_90,trajectory
AT,2040,gas_boiler,gas,0.0,0.0,0.0,0.0,COST_OPT_90,trajectory
AT,2040,oil_boiler,oil,0.0,0.0,0.0,0.0,COST_OPT_90,trajectory
AT,2040,biomass_boiler,biomass,0.0,0.0,0.0,0.0,COST_OPT_90,trajectory
AT,2040,resistance_heater,electricity,0.0,0.0,0.0,0.0,COST_OPT_90,trajectory
AT,2040,hp_air,electricity,0.34878144,23341553.119137183,7184226.875696272,179605.6718924068,COST_OPT_90,trajectory
AT,2040,hp_ground,electricity,0.0,0.0,0.0,0.0,COST_OPT_90,trajectory
AT,2040,district_heat,district_heat,0.65121856,43581598.29378543,45303116.72950669,996668.5680491469,COST_OPT_90,trajectory
AT,2040,h2_boiler,hydrogen,0.0,0.0,0.0,0.0,COST_OPT_90,trajectory
AT,2050,gas_boiler,gas,0.0,0.0,0.0,0.0,COST_OPT_90,trajectory
AT,2050,oil_boiler,oil,0.0,0.0,0.0,0.0,COST_OPT_90,trajectory
AT,2050,biomass_boiler,biomass,0.0,0.0,0.0,0.0,COST_OPT_90,trajectory
AT,2050,resistance_heater,electricity,0.0,0.0,0.0,0.0,COST_OPT_90,trajectory
AT,2050,hp_air,electricity,0.34878144,21905402.25379384,6588090.903396644,32940.45451698322,COST_OPT_90,trajectory
AT,2050,hp_ground,electricity,0.0,0.0,0.0,0.0,COST_OPT_90,trajectory
AT,2050,district_heat,district_heat,0.65121856,40900125.052343324,42165077.37354982,337320.6189883986,COST_OPT_90,trajectory
AT,2050,h2_boiler,hydrogen,0.0,0.0,0.0,0.0,COST_OPT_90,trajectory
BE,2025,gas_boiler,gas,0.603,80081194.24037188,87044776.3482303,17583044.822342522,COST_OPT_90,trajectory
BE,2025,oil_boiler,oil,0.2312,30704431.357170776,34116034.84130086,9040749.232944729,COST_OPT_90,trajectory
BE,2025,biomass_boiler,biomass,0.0603,8008119.424037188,9100135.709133169,0.0,COST_OPT_90,trajectory
BE,2025,resistance_heater,electricity,0.0503,6680073.0850592125,6816401.107203278,1090624.1771525247,COST_OPT_90,trajectory
BE,2025,hp_air,electricity,0.0251,3333396.310834717,1010120.0941923385,161619.21507077417,COST_OPT_90,trajectory
BE,2025,hp_ground,electricity,0.0025,332011.5847444937,87371.46966960361,13979.435147136579,COST_OPT_90,trajectory
BE,2025,district_heat,district_heat,0.0276,3665407.8955792105,3858324.1006096955,308665.92804877565,COST_OPT_90,trajectory
BE,2025,h2_boiler,hydrogen,0.0,0.0,0.0,0.0,COST_OPT_90,trajectory
BE,2030,gas_boiler,gas,0.6,77649319.28661738,84036059.8340015,16975284.0864683,COST_OPT_90,trajectory
BE,2030,oil_boiler,oil,0.0,0.0,0.0,0.0,COST_OPT_90,trajectory
BE,2030,biomass_boiler,biomass,0.0,0.0,0.0,0.0,COST_OPT_90,trajectory
BE,2030,resistance_heater,electricity,0.0,0.0,0.0,0.0,COST_OPT_90,trajectory
BE,2030,hp_air,electricity,0.0724,9369684.527251832,2805294.7686382732,280529.4768638273,COST_OPT_90,trajectory
BE,2030,hp_ground,electricity,0.0,0.0,0.0,0.0,COST_OPT_90,trajectory
BE,2030,district_heat,district_heat,0.3276,42396528.33049309,44440805.37787536,2222040.268893768,COST_OPT_90,trajectory
BE,2030,h2_boiler,hydrogen,0.0,0.0,0.0,0.0,COST_OPT_90,trajectory
BE,2040,gas_boiler,gas,0.0,0.0,0.0,0.0,COST_OPT_90,trajectory
BE,2040,oil_boiler,oil,0.0,0.0,0.0,0.0,COST_OPT_90,trajectory
BE,2040,biomass_boiler,biomass,0.0,0.0,0.0,0.0,COST_OPT_90,trajectory
BE,2040,resistance_heater,electricity,0.0,0.0,0.0,0.0,COST_OPT_90,trajectory
BE,2040,hp_air,electricity,0.49171416,60130282.096559696,17581953.82940342,703278.1531761369,COST_OPT_90,trajectory
BE,2040,hp_ground,electricity,0.0,0.0,0.0,0.0,COST_OPT_90,trajectory
BE,2040,district_heat,district_heat,0.50828584,62156784.227826186,64612041.816867135,1292240.8363373429,COST_OPT_90,trajectory
BE,2040,h2_boiler,hydrogen,0.0,0.0,0.0,0.0,COST_OPT_90,trajectory
BE,2050,gas_boiler,gas,0.0,0.0,0.0,0.0,COST_OPT_90,trajectory
BE,2050,oil_boiler,oil,0.0,0.0,0.0,0.0,COST_OPT_90,trajectory
BE,2050,biomass_boiler,biomass,0.0,0.0,0.0,0.0,COST_OPT_90,trajectory
BE,2050,resistance_heater,electricity,0.0,0.0,0.0,0.0,COST_OPT_90,trajectory
BE,2050,hp_air,electricity,0.49171416,56315895.50767519,16090255.859335769,128722.04687468616,COST_OPT_90,trajectory
BE,2050,hp_ground,electricity,0.0,0.0,0.0,0.0,COST_OPT_90,trajectory
BE,2050,district_heat,district_heat,0.50828584,58213845.72994789,60014273.94839989,480114.1915871991,COST_OPT_90,trajectory
BE,2050,h2_boiler,hydrogen,0.0,0.0,0.0,0.0,COST_OPT_90,trajectory
BG,2025,gas_boiler,gas,0.054,1921771.1341080829,2088881.6675087856,421954.0968367747,COST_OPT_90,trajectory
BG,2025,oil_boiler,oil,0.0455,1619270.1222577365,1799189.0247308183,476785.09155366686,COST_OPT_90,trajectory
BG,2025,biomass_boiler,biomass,0.5213,18552209.115010064,21082055.812511437,0.0,COST_OPT_90,trajectory
BG,2025,resistance_heater,electricity,0.1776,6320491.729955473,6449481.357097422,2257318.4749840978,COST_OPT_90,trajectory
BG,2025,hp_air,electricity,0.01,355883.5433533487,111178.86390295181,38912.602366033134,COST_OPT_90,trajectory
BG,2025,hp_ground,electricity,0.0,0.0,0.0,0.0,COST_OPT_90,trajectory
BG,2025,district_heat,district_heat,0.1916,6818728.69065016,7177609.1480528,1579074.012571616,COST_OPT_90,trajectory
BG,2025,h2_boiler,hydrogen,0.0,0.0,0.0,0.0,COST_OPT_90,trajectory
BG,2030,gas_boiler,gas,0.0221,767691.4286230498,830834.8794621751,167828.64565135937,COST_OPT_90,trajectory
BG,2030,oil_boiler,oil,0.0,0.0,0.0,0.0,COST_OPT_90,trajectory
BG,2030,biomass_boiler,biomass,0.2663,9250508.029064167,10464375.598488877,0.0,COST_OPT_90,trajectory
BG,2030,resistance_heater,electricity,0.0,0.0,0.0,0.0,COST_OPT_90,trajectory
BG,2030,hp_air,electricity,0.265,9205349.709733402,2841332.708726898,568266.5417453796,COST_OPT_90,trajectory
BG,2030,hp_ground,electricity,0.0,0.0,0.0,0.0,COST_OPT_90,trajectory
BG,2030,district_heat,district_heat,0.4466,15513619.548554478,16261655.711273039,2276631.7995782257,COST_OPT_90,trajectory
BG,2030,h2_boiler,hydrogen,0.0,0.0,0.0,0.0,COST_OPT_90,trajectory
BG,2040,gas_boiler,gas,0.0,0.0,0.0,0.0,COST_OPT_90,trajectory
BG,2040,oil_boiler,oil,0.0,0.0,0.0,0.0,COST_OPT_90,trajectory
BG,2040,biomass_boiler,biomass,0.0,0.0,0.0,0.0,COST_OPT_90,trajectory
BG,2040,resistance_heater,electricity,0.0,0.0,0.0,0.0,COST_OPT_90,trajectory
BG,2040,hp_air,electricity,0.49855033,16711628.167559283,5037568.025429337,403005.44203434704,COST_OPT_90,trajectory
BG,2040,hp_ground,electricity,0.0,0.0,0.0,0.0,COST_OPT_90,trajectory
BG,2040,district_heat,district_heat,0.50144967,16808815.330210105,17472781.008534413,1135730.7655547368,COST_OPT_90,trajectory
BG,2040,h2_boiler,hydrogen,0.0,0.0,0.0,0.0,COST_OPT_90,trajectory
BG,2050,gas_boiler,gas,0.0,0.0,0.0,0.0,COST_OPT_90,trajectory
BG,2050,oil_boiler,oil,0.0,0.0,0.0,0.0,COST_OPT_90,trajectory
BG,2050,biomass_boiler,biomass,0.0,0.0,0.0,0.0,COST_OPT_90,trajectory
BG,2050,resistance_heater,electricity,0.0,0.0,0.0,0.0,COST_OPT_90,trajectory
BG,2050,hp_air,electricity,0.49855033,16495260.57911686,4858692.364982875,97173.8472996575,COST_OPT_90,trajectory
BG,2050,hp_ground,electricity,0.0,0.0,0.0,0.0,COST_OPT_90,trajectory
BG,2050,district_heat,district_heat,0.50144967,16591189.447135974,17104319.017665952,376295.01838865096,COST_OPT_90,trajectory
BG,2050,h2_boiler,hydrogen,0.0,0.0,0.0,0.0,COST_OPT_90,trajectory
CH,2025,gas_boiler,gas,0.17768223,15417456.007247737,16758104.355704062,3385137.0798522206,COST_OPT_90,trajectory
CH,2025,oil_boiler,oil,0.39086091,33914932.7700233,37683258.63335922,9986063.537840195,COST_OPT_90,trajectory
CH,2025,biomass_boiler,biomass,0.11678832,10133702.091426762,11515570.558439502,0.0,COST_OPT_90,trajectory
CH,2025,resistance_heater,electricity,0.060893911,5283754.0025908,5391585.716929387,269579.2858464694,COST_OPT_90,trajectory
CH,2025,hp_air,electricity,0.15738426,13656204.701974079,4266230.772250572,213311.5386125286,COST_OPT_90,trajectory
CH,2025,hp_ground,electricity,0.055794421,4841272.147571309,1313421.6352608,65671.08176304,COST_OPT_90,trajectory
CH,2025,district_heat,district_heat,0.04059594,3522502.6105473163,3707897.484786649,222473.84908719893,COST_OPT_90,trajectory
CH,2025,h2_boiler,hydrogen,0.0,0.0,0.0,0.0,COST_OPT_90,trajectory
CH,2030,gas_boiler,gas,0.0,0.0,0.0,0.0,COST_OPT_90,trajectory
CH,2030,oil_boiler,oil,0.090860914,7794922.229664057,8661024.699626729,2295171.5454010833,COST_OPT_90,trajectory
CH,2030,biomass_boiler,biomass,0.048765491,4183572.375646392,4732547.936251574,0.0,COST_OPT_90,trajectory
CH,2030,resistance_heater,electricity,0.0,0.0,0.0,0.0,COST_OPT_90,trajectory
CH,2030,hp_air,electricity,0.45738426,39238816.5473709,12111493.47100775,363344.8041302324,COST_OPT_90,trajectory
CH,2030,hp_ground,electricity,0.062393393,5352704.751350682,1414936.4925589962,42448.09477676988,COST_OPT_90,trajectory
CH,2030,district_heat,district_heat,0.34059594,29219592.310499158,30628503.470124904,1071997.6214543718,COST_OPT_90,trajectory
CH,2030,h2_boiler,hydrogen,0.0,0.0,0.0,0.0,COST_OPT_90,trajectory
CH,2040,gas_boiler,gas,0.0,0.0,0.0,0.0,COST_OPT_90,trajectory
CH,2040,oil_boiler,oil,0.0,0.0,0.0,0.0,COST_OPT_90,trajectory
CH,2040,biomass_boiler,biomass,0.0,0.0,0.0,0.0,COST_OPT_90,trajectory
CH,2040,resistance_heater,electricity,0.0,0.0,0.0,0.0,COST_OPT_90,trajectory
CH,2040,hp_air,electricity,0.32023728,26263466.239282597,7916882.570471634,95002.59084565961,COST_OPT_90,trajectory
CH,2040,hp_ground,electricity,0.0,0.0,0.0,0.0,COST_OPT_90,trajectory
CH,2040,district_heat,district_heat,0.67976272,55749053.4751073,57951199.03857308,869267.985578596,COST_OPT_90,trajectory
CH,2040,h2_boiler,hydrogen,0.0,0.0,0.0,0.0,COST_OPT_90,trajectory
CH,2050,gas_boiler,gas,0.0,0.0,0.0,0.0,COST_OPT_90,trajectory
CH,2050,oil_boiler,oil,0.0,0.0,0.0,0.0,COST_OPT_90,trajectory
CH,2050,biomass_boiler,biomass,0.0,0.0,0.0,0.0,COST_OPT_90,trajectory
CH,2050,resistance_heater,electricity,0.0,0.0,0.0,0.0,COST_OPT_90,trajectory
CH,2050,hp_air,electricity,0.32023728,24612712.275107954,7249694.337292476,36248.47168646238,COST_OPT_90,trajectory
CH,2050,hp_ground,electricity,0.0,0.0,0.0,0.0,COST_OPT_90,trajectory
CH,2050,district_heat,district_heat,0.67976272,52245023.57347268,53860849.044817194,269304.245224086,COST_OPT_90,trajectory
CH,2050,h2_boiler,hydrogen,0.0,0.0,0.0,0.0,COST_OPT_90,trajectory
CY,2025,gas_boiler,gas,0.0,0.0,0.0,0.0,COST_OPT_90,trajectory
CY,2025,oil_boiler,oil,0.5404,1758651.623200764,1954057.3591119598,517825.2001646694,COST_OPT_90,trajectory
CY,2025,biomass_boiler,biomass,0.0556,180941.9508696567,205615.85326097353,0.0,COST_OPT_90,trajectory
CY,2025,resistance_heater,electricity,0.0909,295820.5635620826,301857.71792049246,150928.85896024623,COST_OPT_90,trajectory
CY,2025,hp_air,electricity,0.3131,1018937.4967138402,228717.73214676545,114358.86607338274,COST_OPT_90,trajectory
CY,2025,hp_ground,electricity,0.0,0.0,0.0,0.0,COST_OPT_90,trajectory
CY,2025,district_heat,district_heat,0.0,0.0,0.0,0.0,COST_OPT_90,trajectory
CY,2025,h2_boiler,hydrogen,0.0,0.0,0.0,0.0,COST_OPT_90,trajectory
CY,2030,gas_boiler,gas,0.24890701,844175.3630775209,913609.7003003472,184549.15946067014,COST_OPT_90,trajectory
CY,2030,oil_boiler,oil,0.2404,815323.5912634039,905915.101403782,240067.50187200226,COST_OPT_90,trajectory
CY,2030,biomass_boiler,biomass,0.0,0.0,0.0,0.0,COST_OPT_90,trajectory
CY,2030,resistance_heater,electricity,0.0,0.0,0.0,0.0,COST_OPT_90,trajectory
CY,2030,hp_air,electricity,0.21069299,714571.4029152432,158476.69170885853,44373.47367848039,COST_OPT_90,trajectory
CY,2030,hp_ground,electricity,0.0,0.0,0.0,0.0,COST_OPT_90,trajectory
CY,2030,district_heat,district_heat,0.3,1017458.7245383576,1066518.5791806683,53325.92895903342,COST_OPT_90,trajectory
CY,2030,h2_boiler,hydrogen,0.0,0.0,0.0,0.0,COST_OPT_90,trajectory
CY,2040,gas_boiler,gas,0.3,1088610.7697164475,1168037.306562712,235943.53592566782,COST_OPT_90,trajectory
CY,2040,oil_boiler,oil,0.0,0.0,0.0,0.0,COST_OPT_90,trajectory
CY,2040,biomass_boiler,biomass,0.0,0.0,0.0,0.0,COST_OPT_90,trajectory
CY,2040,resistance_heater,electricity,0.0,0.0,0.0,0.0,COST_OPT_90,trajectory
CY,2040,hp_air,electricity,0.0,0.0,0.0,0.0,COST_OPT_90,trajectory
CY,2040,hp_ground,electricity,0.0,0.0,0.0,0.0,COST_OPT_90,trajectory
CY,2040,district_heat,district_heat,0.7,2540091.796005044,2640428.0623753057,52808.56124750612,COST_OPT_90,trajectory
CY,2040,h2_boiler,hydrogen,0.0,0.0,0.0,0.0,COST_OPT_90,trajectory
CY,2050,gas_boiler,gas,0.062458098,240968.16105217487,256349.1075023137,51782.51971546737,COST_OPT_90,trajectory
CY,2050,oil_boiler,oil,0.0,0.0,0.0,0.0,COST_OPT_90,trajectory
CY,2050,biomass_boiler,biomass,0.0,0.0,0.0,0.0,COST_OPT_90,trajectory
CY,2050,resistance_heater,electricity,0.0,0.0,0.0,0.0,COST_OPT_90,trajectory
CY,2050,hp_air,electricity,0.2375419,916454.9777971084,193958.72545970546,3879.174509194109,COST_OPT_90,trajectory
CY,2050,hp_ground,electricity,0.0,0.0,0.0,0.0,COST_OPT_90,trajectory
CY,2050,district_heat,district_heat,0.7,2700654.0086526875,2784179.3903635954,22273.435122908762,COST_OPT_90,trajectory
CY,2050,h2_boiler,hydrogen,0.0,0.0,0.0,0.0,COST_OPT_90,trajectory
CZ,2025,gas_boiler,gas,0.3503,27286627.836373612,29659378.083014794,5991194.372768989,COST_OPT_90,trajectory
CZ,2025,oil_boiler,oil,0.0609,4743807.123137748,5270896.803486386,1396787.6529238925,COST_OPT_90,trajectory
CZ,2025,biomass_boiler,biomass,0.1624,12650152.328367326,14375173.100417417,0.0,COST_OPT_90,trajectory
CZ,2025,resistance_heater,electricity,0.0508,3957067.353947415,4037823.830558587,1695886.0088346063,COST_OPT_90,trajectory
CZ,2025,hp_air,electricity,0.033,2570535.87953277,837580.9317473997,351783.9913339079,COST_OPT_90,trajectory
CZ,2025,hp_ground,electricity,0.0127,989266.8384868538,279928.3640313678,117569.91289317446,COST_OPT_90,trajectory
CZ,2025,district_heat,district_heat,0.3299,25697569.292662445,27050072.93964468,6762518.23491117,COST_OPT_90,trajectory
CZ,2025,h2_boiler,hydrogen,0.0,0.0,0.0,0.0,COST_OPT_90,trajectory
CZ,2030,gas_boiler,gas,0.24233229,18869774.359926224,20421833.72286388,4125210.4120185035,COST_OPT_90,trajectory
CZ,2030,oil_boiler,oil,0.0,0.0,0.0,0.0,COST_OPT_90,trajectory
CZ,2030,biomass_boiler,biomass,0.18,14016123.83057462,15855343.699745046,0.0,COST_OPT_90,trajectory
CZ,2030,resistance_heater,electricity,0.0,0.0,0.0,0.0,COST_OPT_90,trajectory
CZ,2030,hp_air,electricity,0.0,0.0,0.0,0.0,COST_OPT_90,trajectory
CZ,2030,hp_ground,electricity,0.0,0.0,0.0,0.0,COST_OPT_90,trajectory
CZ,2030,district_heat,district_heat,0.57766771,44981456.42380261,47150373.60985599,7544059.777576958,COST_OPT_90,trajectory
CZ,2030,h2_boiler,hydrogen,0.0,0.0,0.0,0.0,COST_OPT_90,trajectory
CZ,2040,gas_boiler,gas,0.0,0.0,0.0,0.0,COST_OPT_90,trajectory
CZ,2040,oil_boiler,oil,0.0,0.0,0.0,0.0,COST_OPT_90,trajectory
CZ,2040,biomass_boiler,biomass,0.0,0.0,0.0,0.0,COST_OPT_90,trajectory
CZ,2040,resistance_heater,electricity,0.0,0.0,0.0,0.0,COST_OPT_90,trajectory
CZ,2040,hp_air,electricity,0.34010643,26383103.660726592,8295008.382294722,829500.8382294723,COST_OPT_90,trajectory
CZ,2040,hp_ground,electricity,0.082225861,6378513.379930793,1672833.3018439007,167283.3301843901,COST_OPT_90,trajectory
CZ,2040,district_heat,district_heat,0.57766771,44811464.08900456,46581563.50208375,3493617.262656281,COST_OPT_90,trajectory
CZ,2040,h2_boiler,hydrogen,0.0,0.0,0.0,0.0,COST_OPT_90,trajectory
CZ,2050,gas_boiler,gas,0.0,0.0,0.0,0.0,COST_OPT_90,trajectory
CZ,2050,oil_boiler,oil,0.0,0.0,0.0,0.0,COST_OPT_90,trajectory
CZ,2050,biomass_boiler,biomass,0.0,0.0,0.0,0.0,COST_OPT_90,trajectory
CZ,2050,resistance_heater,electricity,0.0,0.0,0.0,0.0,COST_OPT_90,trajectory
CZ,2050,hp_air,electricity,0.34010643,26568858.419518925,8162475.7049213275,163249.51409842656,COST_OPT_90,trajectory
CZ,2050,hp_ground,electricity,0.082225861,6423422.395548483,1606257.1631779154,32125.143263558304,COST_OPT_90,trajectory
CZ,2050,district_heat,district_heat,0.57766771,45126966.87480362,46522646.262684144,1163066.1565671037,COST_OPT_90,trajectory
CZ,2050,h2_boiler,hydrogen,0.0,0.0,0.0,0.0,COST_OPT_90,trajectory
DE,2025,gas_boiler,gas,0.5075,388654601.34265304,422450653.6333185,85335032.03393035,COST_OPT_90,trajectory
DE,2025,oil_boiler,oil,0.2111,161664997.72105235,179627775.24561372,47601360.44008764,COST_OPT_90,trajectory
DE,2025,biomass_boiler,biomass,0.1106,84699899.32708853,96249885.59896424,0.0,COST_OPT_90,trajectory
DE,2025,resistance_heater,electricity,0.0251,19222129.051626783,19614417.399619166,6865046.089866708,COST_OPT_90,trajectory
DE,2025,hp_air,electricity,0.0452,34615148.73041954,10926498.967935462,3824274.638777411,COST_OPT_90,trajectory
DE,2025,hp_ground,electricity,0.005,3829109.3728340203,1049646.2096584486,367376.17338045704,COST_OPT_90,trajectory
DE,2025,district_heat,district_heat,0.0955,73135989.02112979,76985251.60118926,10777935.224166496,COST_OPT_90,trajectory
DE,2025,h2_boiler,hydrogen,0.0,0.0,0.0,0.0,COST_OPT_90,trajectory
DE,2030,gas_boiler,gas,0.4845,360825003.44168603,390503250.4780152,78881656.59655908,COST_OPT_90,trajectory
DE,2030,oil_boiler,oil,0.0,0.0,0.0,0.0,COST_OPT_90,trajectory
DE,2030,biomass_boiler,biomass,0.12,89368421.90506156,101095499.89260358,0.0,COST_OPT_90,trajectory
DE,2030,resistance_heater,electricity,0.0,0.0,0.0,0.0,COST_OPT_90,trajectory
DE,2030,hp_air,electricity,0.0,0.0,0.0,0.0,COST_OPT_90,trajectory
DE,2030,hp_ground,electricity,0.0,0.0,0.0,0.0,COST_OPT_90,trajectory
DE,2030,district_heat,district_heat,0.3955,294543423.86209875,308745727.3187618,27787115.458688565,COST_OPT_90,trajectory
DE,2030,h2_boiler,hydrogen,0.0,0.0,0.0,0.0,COST_OPT_90,trajectory
DE,2040,gas_boiler,gas,0.0,0.0,0.0,0.0,COST_OPT_90,trajectory
DE,2040,oil_boiler,oil,0.0,0.0,0.0,0.0,COST_OPT_90,trajectory
DE,2040,biomass_boiler,biomass,0.12,84294081.13120435,94500090.95426497,0.0,COST_OPT_90,trajectory
DE,2040,resistance_heater,electricity,0.0,0.0,0.0,0.0,COST_OPT_90,trajectory
DE,2040,hp_air,electricity,0.35803367,251500993.5556904,76602398.1346523,6128191.850772184,COST_OPT_90,trajectory
DE,2040,hp_ground,electricity,0.0,0.0,0.0,0.0,COST_OPT_90,trajectory
DE,2040,district_heat,district_heat,0.52196633,366655601.4064749,381138878.80090946,15245555.152036378,COST_OPT_90,trajectory
DE,2040,h2_boiler,hydrogen,0.0,0.0,0.0,0.0,COST_OPT_90,trajectory
DE,2050,gas_boiler,gas,0.0,0.0,0.0,0.0,COST_OPT_90,trajectory
DE,2050,oil_boiler,oil,0.0,0.0,0.0,0.0,COST_OPT_90,trajectory
DE,2050,biomass_boiler,biomass,0.0,0.0,0.0,0.0,COST_OPT_90,trajectory
DE,2050,resistance_heater,electricity,0.0,0.0,0.0,0.0,COST_OPT_90,trajectory
DE,2050,hp_air,electricity,0.47803367,315833349.54567796,93998020.69811845,1409970.3104717766,COST_OPT_90,trajectory
DE,2050,hp_ground,electricity,0.0,0.0,0.0,0.0,COST_OPT_90,trajectory
DE,2050,district_heat,district_heat,0.52196633,344859336.69476604,355525089.3760475,5332876.3406407125,COST_OPT_90,trajectory
DE,2050,h2_boiler,hydrogen,0.0,0.0,0.0,0.0,COST_OPT_90,trajectory
DK,2025,gas_boiler,gas,0.13,6716835.1147645945,7300907.733439776,1474783.362154835,COST_OPT_90,trajectory
DK,2025,oil_boiler,oil,0.045,2325058.3089569747,2583398.121063305,684600.5020817759,COST_OPT_90,trajectory
DK,2025,biomass_boiler,biomass,0.065,3358417.5573822972,3816383.587934429,0.0,COST_OPT_90,trajectory
DK,2025,resistance_heater,electricity,0.025,1291699.0605316528,1318060.2658486252,171347.8345603213,COST_OPT_90,trajectory
DK,2025,hp_air,electricity,0.07,3616757.369488628,1191290.3061556746,154867.7398002377,COST_OPT_90,trajectory
DK,2025,hp_ground,electricity,0.01,516679.6242126611,147791.65452307242,19212.915087999412,COST_OPT_90,trajectory
DK,2025,district_heat,district_heat,0.655,33842515.3859293,35623700.40624137,1603066.5182808617,COST_OPT_90,trajectory
DK,2025,h2_boiler,hydrogen,0.0,0.0,0.0,0.0,COST_OPT_90,trajectory
DK,2030,gas_boiler,gas,0.039789759,2048382.2350727706,2216863.8907713965,447806.50593582215,COST_OPT_90,trajectory
DK,2030,oil_boiler,oil,0.0,0.0,0.0,0.0,COST_OPT_90,trajectory
DK,2030,biomass_boiler,biomass,0.1,5148013.676264716,5823544.882652394,0.0,COST_OPT_90,trajectory
DK,2030,resistance_heater,electricity,0.0,0.0,0.0,0.0,COST_OPT_90,trajectory
DK,2030,hp_air,electricity,0.37,19047650.60217945,6198792.828097972,433915.49796685815,COST_OPT_90,trajectory
DK,2030,hp_ground,electricity,0.0,0.0,0.0,0.0,COST_OPT_90,trajectory
DK,2030,district_heat,district_heat,0.49021024,25236090.19765009,26452924.735482275,740681.8925935037,COST_OPT_90,trajectory
DK,2030,h2_boiler,hydrogen,0.0,0.0,0.0,0.0,COST_OPT_90,trajectory
DK,2040,gas_boiler,gas,0.0,0.0,0.0,0.0,COST_OPT_90,trajectory
DK,2040,oil_boiler,oil,0.0,0.0,0.0,0.0,COST_OPT_90,trajectory
DK,2040,biomass_boiler,biomass,0.0,0.0,0.0,0.0,COST_OPT_90,trajectory
DK,2040,resistance_heater,electricity,0.0,0.0,0.0,0.0,COST_OPT_90,trajectory
DK,2040,hp_air,electricity,0.50978976,25756268.73035777,8185948.61758129,204648.71543953227,COST_OPT_90,trajectory
DK,2040,hp_ground,electricity,0.0,0.0,0.0,0.0,COST_OPT_90,trajectory
DK,2040,district_heat,district_heat,0.49021024,24767046.469927486,25745370.550860174,308944.4466103221,COST_OPT_90,trajectory
DK,2040,h2_boiler,hydrogen,0.0,0.0,0.0,0.0,COST_OPT_90,trajectory
DK,2050,gas_boiler,gas,0.0,0.0,0.0,0.0,COST_OPT_90,trajectory
DK,2050,oil_boiler,oil,0.0,0.0,0.0,0.0,COST_OPT_90,trajectory
DK,2050,biomass_boiler,biomass,0.0,0.0,0.0,0.0,COST_OPT_90,trajectory
DK,2050,resistance_heater,electricity,0.0,0.0,0.0,0.0,COST_OPT_90,trajectory
DK,2050,hp_air,electricity,0.50978976,25069317.108600445,7785502.207639889,38927.511038199445,COST_OPT_90,trajectory
DK,2050,hp_ground,electricity,0.0,0.0,0.0,0.0,COST_OPT_90,trajectory
DK,2050,district_heat,district_heat,0.49021024,24106478.632374123,24852039.827189818,124260.19913594908,COST_OPT_90,trajectory
DK,2050,h2_boiler,hydrogen,0.0,0.0,0.0,0.0,COST_OPT_90,trajectory
EE,2025,gas_boiler,gas,0.055494451,598520.0795683208,650565.3038786096,131414.19138347913,COST_OPT_90,trajectory
EE,2025,oil_boiler,oil,0.00099990001,10784.145491331461,11982.383879257179,3175.3317280031524,COST_OPT_90,trajectory
EE,2025,biomass_boiler,biomass,0.41175882,4440911.068916745,5046489.851041755,0.0,COST_OPT_90,trajectory
EE,2025,resistance_heater,electricity,0.064993501,700969.4607113734,715274.9599095647,214582.4879728694,COST_OPT_90,trajectory
EE,2025,hp_air,electricity,0.064993501,700969.4607113734,241380.66828904042,72414.20048671213,COST_OPT_90,trajectory
EE,2025,hp_ground,electricity,0.0099990001,107841.45491331462,32249.23890948404,9674.77167284521,COST_OPT_90,trajectory
EE,2025,district_heat,district_heat,0.39176082,4225228.161247159,4447608.590786484,578189.1168022429,COST_OPT_90,trajectory
EE,2025,h2_boiler,hydrogen,0.0,0.0,0.0,0.0,COST_OPT_90,trajectory
EE,2030,gas_boiler,gas,0.0,0.0,0.0,0.0,COST_OPT_90,trajectory
EE,2030,oil_boiler,oil,0.0,0.0,0.0,0.0,COST_OPT_90,trajectory
EE,2030,biomass_boiler,biomass,0.4,4359303.518234525,4931338.821532268,0.0,COST_OPT_90,trajectory
EE,2030,resistance_heater,electricity,0.0,0.0,0.0,0.0,COST_OPT_90,trajectory
EE,2030,hp_air,electricity,0.022834601,248857.391191954,84668.41017690324,12700.261526535485,COST_OPT_90,trajectory
EE,2030,hp_ground,electricity,0.0,0.0,0.0,0.0,COST_OPT_90,trajectory
EE,2030,district_heat,district_heat,0.5771654,6290097.897058093,6593394.022073473,527471.5217658778,COST_OPT_90,trajectory
EE,2030,h2_boiler,hydrogen,0.0,0.0,0.0,0.0,COST_OPT_90,trajectory
EE,2040,gas_boiler,gas,0.0,0.0,0.0,0.0,COST_OPT_90,trajectory
EE,2040,oil_boiler,oil,0.0,0.0,0.0,0.0,COST_OPT_90,trajectory
EE,2040,biomass_boiler,biomass,0.0,0.0,0.0,0.0,COST_OPT_90,trajectory
EE,2040,resistance_heater,electricity,0.0,0.0,0.0,0.0,COST_OPT_90,trajectory
EE,2040,hp_air,electricity,0.3466362,3881017.804668001,1289546.054182616,77372.76325095697,COST_OPT_90,trajectory
EE,2040,hp_ground,electricity,0.0761984,853134.6324683175,236456.38372181752,14187.383023309052,COST_OPT_90,trajectory
EE,2040,district_heat,district_heat,0.5771654,6462075.206335428,6717333.8943195725,214954.6846182263,COST_OPT_90,trajectory
EE,2040,h2_boiler,hydrogen,0.0,0.0,0.0,0.0,COST_OPT_90,trajectory
EE,2050,gas_boiler,gas,0.0,0.0,0.0,0.0,COST_OPT_90,trajectory
EE,2050,oil_boiler,oil,0.0,0.0,0.0,0.0,COST_OPT_90,trajectory
EE,2050,biomass_boiler,biomass,0.0,0.0,0.0,0.0,COST_OPT_90,trajectory
EE,2050,resistance_heater,electricity,0.0,0.0,0.0,0.0,COST_OPT_90,trajectory
EE,2050,hp_air,electricity,0.3466362,4025013.598954241,1306822.5970630653,19602.338955945976,COST_OPT_90,trajectory
EE,2050,hp_ground,electricity,0.0761984,884788.1329721328,233823.50237107105,3507.3525355660654,COST_OPT_90,trajectory
EE,2050,district_heat,district_heat,0.5771654,6701834.903122825,6909108.147549304,69091.08147549303,COST_OPT_90,trajectory
EE,2050,h2_boiler,hydrogen,0.0,0.0,0.0,0.0,COST_OPT_90,trajectory
EL,2025,gas_boiler,gas,0.183,11537093.734809158,12540319.276966477,2533144.4939472284,COST_OPT_90,trajectory
EL,2025,oil_boiler,oil,0.372,23452452.837972715,26058280.931080796,6905444.446736411,COST_OPT_90,trajectory
EL,2025,biomass_boiler,biomass,0.2735,17242596.374154676,19593859.516084857,0.0,COST_OPT_90,trajectory
EL,2025,resistance_heater,electricity,0.048,3026122.9468351896,3087880.5579950917,926364.1673985275,COST_OPT_90,trajectory
EL,2025,hp_air,electricity,0.1125,7092475.656644975,1791029.2062234788,537308.7618670436,COST_OPT_90,trajectory
EL,2025,hp_ground,electricity,0.0,0.0,0.0,0.0,COST_OPT_90,trajectory
EL,2025,district_heat,district_heat,0.011,693486.5086497308,729985.7985786641,58398.86388629313,COST_OPT_90,trajectory
EL,2025,h2_boiler,hydrogen,0.0,0.0,0.0,0.0,COST_OPT_90,trajectory
EL,2030,gas_boiler,gas,0.227,14064202.930414509,15220998.842439944,3074641.766172869,COST_OPT_90,trajectory
EL,2030,oil_boiler,oil,0.0945,5854921.484247449,6505468.315830499,1723949.1036950822,COST_OPT_90,trajectory
EL,2030,biomass_boiler,biomass,0.0,0.0,0.0,0.0,COST_OPT_90,trajectory
EL,2030,resistance_heater,electricity,0.0,0.0,0.0,0.0,COST_OPT_90,trajectory
EL,2030,hp_air,electricity,0.39,24163168.030227568,6028734.538479933,964597.5261567892,COST_OPT_90,trajectory
EL,2030,hp_ground,electricity,0.0,0.0,0.0,0.0,COST_OPT_90,trajectory
EL,2030,district_heat,district_heat,0.2885,17874548.658258084,18736424.17008185,936821.2085040925,COST_OPT_90,trajectory
EL,2030,h2_boiler,hydrogen,0.0,0.0,0.0,0.0,COST_OPT_90,trajectory
EL,2040,gas_boiler,gas,0.0,0.0,0.0,0.0,COST_OPT_90,trajectory
EL,2040,oil_boiler,oil,0.0,0.0,0.0,0.0,COST_OPT_90,trajectory
EL,2040,biomass_boiler,biomass,0.0,0.0,0.0,0.0,COST_OPT_90,trajectory
EL,2040,resistance_heater,electricity,0.0,0.0,0.0,0.0,COST_OPT_90,trajectory
EL,2040,hp_air,electricity,0.41029464,24631204.52446356,6001755.488417047,360105.3293050228,COST_OPT_90,trajectory
EL,2040,hp_ground,electricity,0.0,0.0,0.0,0.0,COST_OPT_90,trajectory
EL,2040,district_heat,district_heat,0.58970536,35401762.33189985,36800168.74417864,736003.3748835728,COST_OPT_90,trajectory
EL,2040,h2_boiler,hydrogen,0.0,0.0,0.0,0.0,COST_OPT_90,trajectory
EL,2050,gas_boiler,gas,0.0,0.0,0.0,0.0,COST_OPT_90,trajectory
EL,2050,oil_boiler,oil,0.0,0.0,0.0,0.0,COST_OPT_90,trajectory
EL,2050,biomass_boiler,biomass,0.0,0.0,0.0,0.0,COST_OPT_90,trajectory
EL,2050,resistance_heater,electricity,0.0,0.0,0.0,0.0,COST_OPT_90,trajectory
EL,2050,hp_air,electricity,0.41029464,23871098.419765305,5683594.8618488815,56835.948618488816,COST_OPT_90,trajectory
EL,2050,hp_ground,electricity,0.0,0.0,0.0,0.0,COST_OPT_90,trajectory
EL,2050,district_heat,district_heat,0.58970536,34309282.43962224,35370394.2676518,282963.1541412143,COST_OPT_90,trajectory
EL,2050,h2_boiler,hydrogen,0.0,0.0,0.0,0.0,COST_OPT_90,trajectory
ES,2025,gas_boiler,gas,0.31156884,52127026.44203092,56659811.35003361,11445281.89270679,COST_OPT_90,trajectory
ES,2025,oil_boiler,oil,0.21607839,36150996.19423261,40167773.549147345,10644459.990524048,COST_OPT_90,trajectory
ES,2025,biomass_boiler,biomass,0.24117588,40349931.89286861,45852195.33280524,0.0,COST_OPT_90,trajectory
ES,2025,resistance_heater,electricity,0.11558844,19338524.572204027,19733188.338983703,3157310.1342373923,COST_OPT_90,trajectory
ES,2025,hp_air,electricity,0.11058894,18502083.197973747,4875384.241890316,780061.4787024506,COST_OPT_90,trajectory
ES,2025,hp_ground,electricity,0.0,0.0,0.0,0.0,COST_OPT_90,trajectory
ES,2025,district_heat,district_heat,0.0049995,836441.3742302778,880464.6044529241,70437.16835623393,COST_OPT_90,trajectory
ES,2025,h2_boiler,hydrogen,0.0,0.0,0.0,0.0,COST_OPT_90,trajectory
ES,2030,gas_boiler,gas,0.50784675,82856217.43478462,89671230.99002664,18113588.659985382,COST_OPT_90,trajectory
ES,2030,oil_boiler,oil,0.0,0.0,0.0,0.0,COST_OPT_90,trajectory
ES,2030,biomass_boiler,biomass,0.0,0.0,0.0,0.0,COST_OPT_90,trajectory
ES,2030,resistance_heater,electricity,0.0,0.0,0.0,0.0,COST_OPT_90,trajectory
ES,2030,hp_air,electricity,0.20215375,32981790.40282741,8586771.778918877,772809.460102699,COST_OPT_90,trajectory
ES,2030,hp_ground,electricity,0.0,0.0,0.0,0.0,COST_OPT_90,trajectory
ES,2030,district_heat,district_heat,0.2899995,47314000.98155363,49595388.869553074,2479769.443477654,COST_OPT_90,trajectory
ES,2030,h2_boiler,hydrogen,0.0,0.0,0.0,0.0,COST_OPT_90,trajectory
ES,2040,gas_boiler,gas,0.0,0.0,0.0,0.0,COST_OPT_90,trajectory
ES,2040,oil_boiler,oil,0.0,0.0,0.0,0.0,COST_OPT_90,trajectory
ES,2040,biomass_boiler,biomass,0.0,0.0,0.0,0.0,COST_OPT_90,trajectory
ES,2040,resistance_heater,electricity,0.0,0.0,0.0,0.0,COST_OPT_90,trajectory
ES,2040,hp_air,electricity,0.3,46308826.601739936,11774428.324876668,412104.9913706835,COST_OPT_90,trajectory
ES,2040,hp_ground,electricity,0.0,0.0,0.0,0.0,COST_OPT_90,trajectory
ES,2040,district_heat,district_heat,0.7,108053928.73739317,112322171.24469145,2246443.424893829,COST_OPT_90,trajectory
ES,2040,h2_boiler,hydrogen,0.0,0.0,0.0,0.0,COST_OPT_90,trajectory
ES,2050,gas_boiler,gas,0.0,0.0,0.0,0.0,COST_OPT_90,trajectory
ES,2050,oil_boiler,oil,0.0,0.0,0.0,0.0,COST_OPT_90,trajectory
ES,2050,biomass_boiler,biomass,0.0,0.0,0.0,0.0,COST_OPT_90,trajectory
ES,2050,resistance_heater,electricity,0.0,0.0,0.0,0.0,COST_OPT_90,trajectory
ES,2050,hp_air,electricity,0.3,43229436.97016656,10740232.78761902,85921.86230095218,COST_OPT_90,trajectory
ES,2050,hp_ground,electricity,0.0,0.0,0.0,0.0,COST_OPT_90,trajectory
ES,2050,district_heat,district_heat,0.7,100868686.26372197,103988336.35435255,831906.6908348204,COST_OPT_90,trajectory
ES,2050,h2_boiler,hydrogen,0.0,0.0,0.0,0.0,COST_OPT_90,trajectory
FI,2025,gas_boiler,gas,0.01,689263.3926987646,749199.3398899614,151338.26665777224,COST_OPT_90,trajectory
FI,2025,oil_boiler,oil,0.1,6892633.926987645,7658482.141097384,2029497.7673908067,COST_OPT_90,trajectory
FI,2025,biomass_boiler,biomass,0.175,12062109.372228378,13706942.46844134,0.0,COST_OPT_90,trajectory
FI,2025,resistance_heater,electricity,0.245,16886953.12111973,17231584.817469113,1378526.7853975291,COST_OPT_90,trajectory
FI,2025,hp_air,electricity,0.1,6892633.926987645,2457266.9971435457,196581.35977148367,COST_OPT_90,trajectory
FI,2025,hp_ground,electricity,0.09,6203370.53428888,1920548.1530306132,153643.85224244907,COST_OPT_90,trajectory
FI,2025,district_heat,district_heat,0.28,19299374.995565407,20315131.574279375,812605.2629711751,COST_OPT_90,trajectory
FI,2025,h2_boiler,hydrogen,0.0,0.0,0.0,0.0,COST_OPT_90,trajectory
FI,2030,gas_boiler,gas,0.0,0.0,0.0,0.0,COST_OPT_90,trajectory
FI,2030,oil_boiler,oil,0.0,0.0,0.0,0.0,COST_OPT_90,trajectory
FI,2030,biomass_boiler,biomass,0.0,0.0,0.0,0.0,COST_OPT_90,trajectory
FI,2030,resistance_heater,electricity,0.0,0.0,0.0,0.0,COST_OPT_90,trajectory
FI,2030,hp_air,electricity,0.415,29313492.007583123,10325287.780057458,516264.389002873,COST_OPT_90,trajectory
FI,2030,hp_ground,electricity,0.081317924,5743885.09698133,1732695.3535388627,86634.76767694314,COST_OPT_90,trajectory
FI,2030,district_heat,district_heat,0.50368208,35577543.67817553,37293022.72345444,932325.5680863609,COST_OPT_90,trajectory
FI,2030,h2_boiler,hydrogen,0.0,0.0,0.0,0.0,COST_OPT_90,trajectory
FI,2040,gas_boiler,gas,0.0,0.0,0.0,0.0,COST_OPT_90,trajectory
FI,2040,oil_boiler,oil,0.0,0.0,0.0,0.0,COST_OPT_90,trajectory
FI,2040,biomass_boiler,biomass,0.0,0.0,0.0,0.0,COST_OPT_90,trajectory
FI,2040,resistance_heater,electricity,0.0,0.0,0.0,0.0,COST_OPT_90,trajectory
FI,2040,hp_air,electricity,0.65745729,48522154.45075103,16691487.59915756,333829.7519831512,COST_OPT_90,trajectory
FI,2040,hp_ground,electricity,0.0,0.0,0.0,0.0,COST_OPT_90,trajectory
FI,2040,district_heat,district_heat,0.34254271,25280593.178301845,26279202.888047658,262792.02888047654,COST_OPT_90,trajectory
FI,2040,h2_boiler,hydrogen,0.0,0.0,0.0,0.0,COST_OPT_90,trajectory
FI,2050,gas_boiler,gas,0.0,0.0,0.0,0.0,COST_OPT_90,trajectory
FI,2050,oil_boiler,oil,0.0,0.0,0.0,0.0,COST_OPT_90,trajectory
FI,2050,biomass_boiler,biomass,0.0,0.0,0.0,0.0,COST_OPT_90,trajectory
FI,2050,resistance_heater,electricity,0.0,0.0,0.0,0.0,COST_OPT_90,trajectory
FI,2050,hp_air,electricity,0.55877271,43089639.482262686,14483912.431012668,72419.56215506334,COST_OPT_90,trajectory
FI,2050,hp_ground,electricity,0.098684578,7610040.383824815,2082090.3922913312,10410.451961456656,COST_OPT_90,trajectory
FI,2050,district_heat,district_heat,0.34254271,26415108.714198403,27232070.8393798,136160.354196899,COST_OPT_90,trajectory
FI,2050,h2_boiler,hydrogen,0.0,0.0,0.0,0.0,COST_OPT_90,trajectory
FR,2025,gas_boiler,gas,0.33326667,191231641.8933348,207860480.31884217,41987817.02440612,COST_OPT_90,trajectory
FR,2025,oil_boiler,oil,0.11438856,65637263.22411492,72930292.47123879,19326527.504878283,COST_OPT_90,trajectory
FR,2025,biomass_boiler,biomass,0.18408159,105627798.59754856,120031589.31539609,0.0,COST_OPT_90,trajectory
FR,2025,resistance_heater,electricity,0.14928507,85661218.52587724,87409406.6590584,6992752.532724673,COST_OPT_90,trajectory
FR,2025,hp_air,electricity,0.16418358,94210127.80943766,28548523.578617476,2283881.886289398,COST_OPT_90,trajectory
FR,2025,hp_ground,electricity,0.0099990001,5737523.066481923,1509874.4911794534,120789.95929435629,COST_OPT_90,trajectory
FR,2025,district_heat,district_heat,0.04479552,25704103.080772273,27056950.611339238,2164556.0489071393,COST_OPT_90,trajectory
FR,2025,h2_boiler,hydrogen,0.0,0.0,0.0,0.0,COST_OPT_90,trajectory
FR,2030,gas_boiler,gas,0.018266673,10251600.309198797,11094805.529435927,2241150.7169460575,COST_OPT_90,trajectory
FR,2030,oil_boiler,oil,0.0,0.0,0.0,0.0,COST_OPT_90,trajectory
FR,2030,biomass_boiler,biomass,0.045508029,25539961.446040433,28891359.10185569,0.0,COST_OPT_90,trajectory
FR,2030,resistance_heater,electricity,0.0,0.0,0.0,0.0,COST_OPT_90,trajectory
FR,2030,hp_air,electricity,0.47918358,268926833.9610057,80517016.15598974,4428435.888579436,COST_OPT_90,trajectory
FR,2030,hp_ground,electricity,0.097246195,54576392.90583492,13993946.89893203,769667.0794412617,COST_OPT_90,trajectory
FR,2030,district_heat,district_heat,0.35979552,201924010.14023414,211660387.98766682,10583019.399383342,COST_OPT_90,trajectory
FR,2030,h2_boiler,hydrogen,0.0,0.0,0.0,0.0,COST_OPT_90,trajectory
FR,2040,gas_boiler,gas,0.0,0.0,0.0,0.0,COST_OPT_90,trajectory
FR,2040,oil_boiler,oil,0.0,0.0,0.0,0.0,COST_OPT_90,trajectory
FR,2040,biomass_boiler,biomass,0.0,0.0,0.0,0.0,COST_OPT_90,trajectory
FR,2040,resistance_heater,electricity,0.0,0.0,0.0,0.0,COST_OPT_90,trajectory
FR,2040,hp_air,electricity,0.50028523,267073074.3938823,78091542.22043343,1952288.5555108357,COST_OPT_90,trajectory
FR,2040,hp_ground,electricity,0.0,0.0,0.0,0.0,COST_OPT_90,trajectory
FR,2040,district_heat,district_heat,0.49971477,266768539.10704455,277306173.70794654,5546123.474158931,COST_OPT_90,trajectory
FR,2040,h2_boiler,hydrogen,0.0,0.0,0.0,0.0,COST_OPT_90,trajectory
FR,2050,gas_boiler,gas,0.0,0.0,0.0,0.0,COST_OPT_90,trajectory
FR,2050,oil_boiler,oil,0.0,0.0,0.0,0.0,COST_OPT_90,trajectory
FR,2050,biomass_boiler,biomass,0.0,0.0,0.0,0.0,COST_OPT_90,trajectory
FR,2050,resistance_heater,electricity,0.0,0.0,0.0,0.0,COST_OPT_90,trajectory
FR,2050,hp_air,electricity,0.50028523,250959758.83629054,71702788.23894015,573622.3059115213,COST_OPT_90,trajectory
FR,2050,hp_ground,electricity,0.0,0.0,0.0,0.0,COST_OPT_90,trajectory
FR,2050,district_heat,district_heat,0.49971477,250673597.072079,258426388.73410207,2067411.1098728166,COST_OPT_90,trajectory
FR,2050,h2_boiler,hydrogen,0.0,0.0,0.0,0.0,COST_OPT_90,trajectory
HR,2025,gas_boiler,gas,0.2543,4517786.301961904,4910637.2847412005,991948.7315177225,COST_OPT_90,trajectory
HR,2025,oil_boiler,oil,0.0351,623571.7624807819,692857.5138675354,183607.2411748969,COST_OPT_90,trajectory
HR,2025,biomass_boiler,biomass,0.5858,10407075.169835955,11826221.783904495,0.0,COST_OPT_90,trajectory
HR,2025,resistance_heater,electricity,0.0246,437033.20105490694,445952.24597439484,80271.40427539108,COST_OPT_90,trajectory
HR,2025,hp_air,electricity,0.0145,257600.87054049395,79653.94883750586,14337.710790751054,COST_OPT_90,trajectory
HR,2025,hp_ground,electricity,0.0025,44413.94319663689,11926.407947539445,2146.7534305571,COST_OPT_90,trajectory
HR,2025,district_heat,district_heat,0.0832,1478096.0295840756,1555890.5574569218,124471.24459655375,COST_OPT_90,trajectory
HR,2025,h2_boiler,hydrogen,0.0,0.0,0.0,0.0,COST_OPT_90,trajectory
HR,2030,gas_boiler,gas,0.25679577,4409382.484649264,4772058.966070632,963955.9111462678,COST_OPT_90,trajectory
HR,2030,oil_boiler,oil,0.0,0.0,0.0,0.0,COST_OPT_90,trajectory
HR,2030,biomass_boiler,biomass,0.3083,5293750.048987834,5988405.032791667,0.0,COST_OPT_90,trajectory
HR,2030,resistance_heater,electricity,0.0,0.0,0.0,0.0,COST_OPT_90,trajectory
HR,2030,hp_air,electricity,0.074204234,1274144.2340986202,389265.62205139326,38926.56220513933,COST_OPT_90,trajectory
HR,2030,hp_ground,electricity,0.0,0.0,0.0,0.0,COST_OPT_90,trajectory
HR,2030,district_heat,district_heat,0.3607,6193498.678786609,6492136.979860178,324606.8489930089,COST_OPT_90,trajectory
HR,2030,h2_boiler,hydrogen,0.0,0.0,0.0,0.0,COST_OPT_90,trajectory
HR,2040,gas_boiler,gas,0.15536754,2494971.9897593427,2677008.5727031576,540755.7316860378,COST_OPT_90,trajectory
HR,2040,oil_boiler,oil,0.0,0.0,0.0,0.0,COST_OPT_90,trajectory
HR,2040,biomass_boiler,biomass,0.0,0.0,0.0,0.0,COST_OPT_90,trajectory
HR,2040,resistance_heater,electricity,0.0,0.0,0.0,0.0,COST_OPT_90,trajectory
HR,2040,hp_air,electricity,0.34227109,5496365.472829132,1639922.8645510003,65596.91458204002,COST_OPT_90,trajectory
HR,2040,hp_ground,electricity,0.0,0.0,0.0,0.0,COST_OPT_90,trajectory
HR,2040,district_heat,district_heat,0.50236136,8067177.493686323,8385839.390526324,167716.78781052647,COST_OPT_90,trajectory
HR,2040,h2_boiler,hydrogen,0.0,0.0,0.0,0.0,COST_OPT_90,trajectory
HR,2050,gas_boiler,gas,0.036424436,547040.8906817627,581958.3943423008,117555.59565714478,COST_OPT_90,trajectory
HR,2050,oil_boiler,oil,0.0,0.0,0.0,0.0,COST_OPT_90,trajectory
HR,2050,biomass_boiler,biomass,0.0,0.0,0.0,0.0,COST_OPT_90,trajectory
HR,2050,resistance_heater,electricity,0.0,0.0,0.0,0.0,COST_OPT_90,trajectory
HR,2050,hp_air,electricity,0.4612142,6926751.776282182,2019461.1592659424,16155.68927412754,COST_OPT_90,trajectory
HR,2050,hp_ground,electricity,0.0,0.0,0.0,0.0,COST_OPT_90,trajectory
HR,2050,district_heat,district_heat,0.50236136,7544720.962007528,7778062.8474304415,62224.50277944353,COST_OPT_90,trajectory
HR,2050,h2_boiler,hydrogen,0.0,0.0,0.0,0.0,COST_OPT_90,trajectory
HU,2025,gas_boiler,gas,0.558,37973116.78013073,41275126.93492471,8337575.640854791,COST_OPT_90,trajectory
HU,2025,oil_boiler,oil,0.011,748573.986705086,831748.8741167622,220413.451640942,COST_OPT_90,trajectory
HU,2025,biomass_boiler,biomass,0.297,20211497.641037323,22967610.955724232,0.0,COST_OPT_90,trajectory
HU,2025,resistance_heater,electricity,0.029,1973513.2376770452,2013789.0180378011,503447.2545094503,COST_OPT_90,trajectory
HU,2025,hp_air,electricity,0.011,748573.986705086,233856.29075447863,58464.07268861966,COST_OPT_90,trajectory
HU,2025,hp_ground,electricity,0.0025,170130.4515238832,46155.84685943658,11538.961714859142,COST_OPT_90,trajectory
HU,2025,district_heat,district_heat,0.0915,6226774.525774125,6554499.500814869,1179809.9101466765,COST_OPT_90,trajectory
HU,2025,h2_boiler,hydrogen,0.0,0.0,0.0,0.0,COST_OPT_90,trajectory
HU,2030,gas_boiler,gas,0.48738142,32100084.742173295,34740351.4525685,7017550.993418838,COST_OPT_90,trajectory
HU,2030,oil_boiler,oil,0.0,0.0,0.0,0.0,COST_OPT_90,trajectory
HU,2030,biomass_boiler,biomass,0.0345,2272251.0094967894,2570419.694000893,0.0,COST_OPT_90,trajectory
HU,2030,resistance_heater,electricity,0.0,0.0,0.0,0.0,COST_OPT_90,trajectory
HU,2030,hp_air,electricity,0.12411858,8174741.12180603,2523224.002039024,328019.1202650732,COST_OPT_90,trajectory
HU,2030,hp_ground,electricity,0.0,0.0,0.0,0.0,COST_OPT_90,trajectory
HU,2030,district_heat,district_heat,0.354,23315271.227880098,24439487.660251677,2688343.6426276844,COST_OPT_90,trajectory
HU,2030,h2_boiler,hydrogen,0.0,0.0,0.0,0.0,COST_OPT_90,trajectory
HU,2040,gas_boiler,gas,0.0,0.0,0.0,0.0,COST_OPT_90,trajectory
HU,2040,oil_boiler,oil,0.0,0.0,0.0,0.0,COST_OPT_90,trajectory
HU,2040,biomass_boiler,biomass,0.0,0.0,0.0,0.0,COST_OPT_90,trajectory
HU,2040,resistance_heater,electricity,0.0,0.0,0.0,0.0,COST_OPT_90,trajectory
HU,2040,hp_air,electricity,0.53020049,32629509.509144075,9835868.303232675,491793.4151616338,COST_OPT_90,trajectory
HU,2040,hp_ground,electricity,0.0,0.0,0.0,0.0,COST_OPT_90,trajectory
HU,2040,district_heat,district_heat,0.46979951,28912322.542244777,30054389.337052785,1502719.4668526393,COST_OPT_90,trajectory
HU,2040,h2_boiler,hydrogen,0.0,0.0,0.0,0.0,COST_OPT_90,trajectory
HU,2050,gas_boiler,gas,0.0,0.0,0.0,0.0,COST_OPT_90,trajectory
HU,2050,oil_boiler,oil,0.0,0.0,0.0,0.0,COST_OPT_90,trajectory
HU,2050,biomass_boiler,biomass,0.0,0.0,0.0,0.0,COST_OPT_90,trajectory
HU,2050,resistance_heater,electricity,0.0,0.0,0.0,0.0,COST_OPT_90,trajectory
HU,2050,hp_air,electricity,0.53020049,30503083.03324457,8984707.81538868,89847.0781538868,COST_OPT_90,trajectory
HU,2050,hp_ground,electricity,0.0,0.0,0.0,0.0,COST_OPT_90,trajectory
HU,2050,district_heat,district_heat,0.46979951,27028140.736926917,27864062.615388576,501553.12707699434,COST_OPT_90,trajectory
HU,2050,h2_boiler,hydrogen,0.0,0.0,0.0,0.0,COST_OPT_90,trajectory
IE,2025,gas_boiler,gas,0.27912791,9784915.398640772,10635777.60721823,2148427.0766580827,COST_OPT_90,trajectory
IE,2025,oil_boiler,oil,0.56085609,19660984.068065625,21845537.85340625,5789067.531152656,COST_OPT_90,trajectory
IE,2025,biomass_boiler,biomass,0.0270027,946588.017783235,1075668.2020264033,0.0,COST_OPT_90,trajectory
IE,2025,resistance_heater,electricity,0.056005601,1963293.7015686862,2003360.9199680472,440739.40239297034,COST_OPT_90,trajectory
IE,2025,hp_air,electricity,0.072007201,2524234.7491439367,780530.225461947,171716.64960162836,COST_OPT_90,trajectory
IE,2025,hp_ground,electricity,0.0050005001,175294.0808727967,47071.450288076456,10355.71906337682,COST_OPT_90,trajectory
IE,2025,district_heat,district_heat,0.0,0.0,0.0,0.0,COST_OPT_90,trajectory
IE,2025,h2_boiler,hydrogen,0.0,0.0,0.0,0.0,COST_OPT_90,trajectory
IE,2030,gas_boiler,gas,0.016627913,590118.5458598335,638656.4349132397,129008.59985247442,COST_OPT_90,trajectory
IE,2030,oil_boiler,oil,0.29835609,10588548.423318405,11765053.803687116,3117739.257977086,COST_OPT_90,trajectory
IE,2030,biomass_boiler,biomass,0.0,0.0,0.0,0.0,COST_OPT_90,trajectory
IE,2030,resistance_heater,electricity,0.0,0.0,0.0,0.0,COST_OPT_90,trajectory
IE,2030,hp_air,electricity,0.3345072,11871538.084403284,3626890.530491044,435226.8636589252,COST_OPT_90,trajectory
IE,2030,hp_ground,electricity,0.088008801,3123400.132595561,817216.1519088333,98065.93822905999,COST_OPT_90,trajectory
IE,2030,district_heat,district_heat,0.2625,9316028.91404389,9765229.469647685,488261.47348238423,COST_OPT_90,trajectory
IE,2030,h2_boiler,hydrogen,0.0,0.0,0.0,0.0,COST_OPT_90,trajectory
IE,2040,gas_boiler,gas,0.0,0.0,0.0,0.0,COST_OPT_90,trajectory
IE,2040,oil_boiler,oil,0.0,0.0,0.0,0.0,COST_OPT_90,trajectory
IE,2040,biomass_boiler,biomass,0.0,0.0,0.0,0.0,COST_OPT_90,trajectory
IE,2040,resistance_heater,electricity,0.0,0.0,0.0,0.0,COST_OPT_90,trajectory
IE,2040,hp_air,electricity,0.59569148,21330107.049820583,6364156.537122742,286387.0441705234,COST_OPT_90,trajectory
IE,2040,hp_ground,electricity,0.0,0.0,0.0,0.0,COST_OPT_90,trajectory
IE,2040,district_heat,district_heat,0.40430852,14477198.85594893,15049063.259822173,300981.2651964435,COST_OPT_90,trajectory
IE,2040,h2_boiler,hydrogen,0.0,0.0,0.0,0.0,COST_OPT_90,trajectory
IE,2050,gas_boiler,gas,0.0,0.0,0.0,0.0,COST_OPT_90,trajectory
IE,2050,oil_boiler,oil,0.0,0.0,0.0,0.0,COST_OPT_90,trajectory
IE,2050,biomass_boiler,biomass,0.0,0.0,0.0,0.0,COST_OPT_90,trajectory
IE,2050,resistance_heater,electricity,0.0,0.0,0.0,0.0,COST_OPT_90,trajectory
IE,2050,hp_air,electricity,0.59569148,21112081.45815681,6155125.78955009,49241.00631640073,COST_OPT_90,trajectory
IE,2050,hp_ground,electricity,0.0,0.0,0.0,0.0,COST_OPT_90,trajectory
IE,2050,district_heat,district_heat,0.40430852,14329220.23404938,14772391.993865341,118179.13595092272,COST_OPT_90,trajectory
IE,2050,h2_boiler,hydrogen,0.0,0.0,0.0,0.0,COST_OPT_90,trajectory
IT,2025,gas_boiler,gas,0.625,318033406.60786605,345688485.4433327,69829074.0595532,COST_OPT_90,trajectory
IT,2025,oil_boiler,oil,0.05,25442672.528629284,28269636.142921425,7491453.577874178,COST_OPT_90,trajectory
IT,2025,biomass_boiler,biomass,0.22,111947759.12596884,127213362.64314641,0.0,COST_OPT_90,trajectory
IT,2025,resistance_heater,electricity,0.025,12721336.264314642,12980955.371749636,3245238.842937409,COST_OPT_90,trajectory
IT,2025,hp_air,electricity,0.055,27986939.78149221,7709900.766251298,1927475.1915628244,COST_OPT_90,trajectory
IT,2025,hp_ground,electricity,0.0,0.0,0.0,0.0,COST_OPT_90,trajectory
IT,2025,district_heat,district_heat,0.025,12721336.264314642,13390880.27822594,1472996.8306048533,COST_OPT_90,trajectory
IT,2025,h2_boiler,hydrogen,0.0,0.0,0.0,0.0,COST_OPT_90,trajectory
IT,2030,gas_boiler,gas,0.325,165024884.82317382,178598360.19824007,36076868.76004449,COST_OPT_90,trajectory
IT,2030,oil_boiler,oil,0.0,0.0,0.0,0.0,COST_OPT_90,trajectory
IT,2030,biomass_boiler,biomass,0.0,0.0,0.0,0.0,COST_OPT_90,trajectory
IT,2030,resistance_heater,electricity,0.0,0.0,0.0,0.0,COST_OPT_90,trajectory
IT,2030,hp_air,electricity,0.35,177719106.7326487,48372103.084553264,6772094.431837458,COST_OPT_90,trajectory
IT,2030,hp_ground,electricity,0.0,0.0,0.0,0.0,COST_OPT_90,trajectory
IT,2030,district_heat,district_heat,0.325,165024884.82317382,172982059.5630753,12108744.169415273,COST_OPT_90,trajectory
IT,2030,h2_boiler,hydrogen,0.0,0.0,0.0,0.0,COST_OPT_90,trajectory
IT,2040,gas_boiler,gas,0.0,0.0,0.0,0.0,COST_OPT_90,trajectory
IT,2040,oil_boiler,oil,0.0,0.0,0.0,0.0,COST_OPT_90,trajectory
IT,2040,biomass_boiler,biomass,0.0,0.0,0.0,0.0,COST_OPT_90,trajectory
IT,2040,resistance_heater,electricity,0.0,0.0,0.0,0.0,COST_OPT_90,trajectory
IT,2040,hp_air,electricity,0.3244564,164265146.81584558,43664313.348177984,2401537.234149789,COST_OPT_90,trajectory
IT,2040,hp_ground,electricity,0.0,0.0,0.0,0.0,COST_OPT_90,trajectory
IT,2040,district_heat,district_heat,0.6755436,342012882.57684195,355522746.96137416,9954636.914918477,COST_OPT_90,trajectory
IT,2040,h2_boiler,hydrogen,0.0,0.0,0.0,0.0,COST_OPT_90,trajectory
IT,2050,gas_boiler,gas,0.0,0.0,0.0,0.0,COST_OPT_90,trajectory
IT,2050,oil_boiler,oil,0.0,0.0,0.0,0.0,COST_OPT_90,trajectory
IT,2050,biomass_boiler,biomass,0.0,0.0,0.0,0.0,COST_OPT_90,trajectory
IT,2050,resistance_heater,electricity,0.0,0.0,0.0,0.0,COST_OPT_90,trajectory
IT,2050,hp_air,electricity,0.3244564,163382316.41351706,42436965.302212216,424369.65302212216,COST_OPT_90,trajectory
IT,2050,hp_ground,electricity,0.0,0.0,0.0,0.0,COST_OPT_90,trajectory
IT,2050,district_heat,district_heat,0.6755436,340174760.63448405,350695629.52008665,3506956.2952008666,COST_OPT_90,trajectory
IT,2050,h2_boiler,hydrogen,0.0,0.0,0.0,0.0,COST_OPT_90,trajectory
LT,2025,gas_boiler,gas,0.11641164,2108711.769559798,2292078.0103910845,462999.7580989991,COST_OPT_90,trajectory
LT,2025,oil_boiler,oil,0.0370037,670294.9782964994,744772.1981072215,197364.6324984137,COST_OPT_90,trajectory
LT,2025,biomass_boiler,biomass,0.34983498,6337004.956976094,7201141.996563744,0.0,COST_OPT_90,trajectory
LT,2025,resistance_heater,electricity,0.02750275,498192.21359874954,508359.4016313771,101671.88032627542,COST_OPT_90,trajectory
LT,2025,hp_air,electricity,0.10291029,1864144.6828840484,627658.1423852015,125531.62847704033,COST_OPT_90,trajectory
LT,2025,hp_ground,electricity,0.0050005001,90580.40428392682,26485.498328633574,5297.099665726715,COST_OPT_90,trajectory
LT,2025,district_heat,district_heat,0.36133613,6545339.882662844,6889831.455434573,826779.7746521487,COST_OPT_90,trajectory
LT,2025,h2_boiler,hydrogen,0.0,0.0,0.0,0.0,COST_OPT_90,trajectory
LT,2030,gas_boiler,gas,0.0,0.0,0.0,0.0,COST_OPT_90,trajectory
LT,2030,oil_boiler,oil,0.0,0.0,0.0,0.0,COST_OPT_90,trajectory
LT,2030,biomass_boiler,biomass,0.4,7539843.589551808,8529234.829809738,0.0,COST_OPT_90,trajectory
LT,2030,resistance_heater,electricity,0.0,0.0,0.0,0.0,COST_OPT_90,trajectory
LT,2030,hp_air,electricity,0.072014583,1357446.7299669913,451579.08515202644,45157.908515202646,COST_OPT_90,trajectory
LT,2030,hp_ground,electricity,0.0,0.0,0.0,0.0,COST_OPT_90,trajectory
LT,2030,district_heat,district_heat,0.52798542,9952318.710909547,10432199.906613782,730253.9934629649,COST_OPT_90,trajectory
LT,2030,h2_boiler,hydrogen,0.0,0.0,0.0,0.0,COST_OPT_90,trajectory
LT,2040,gas_boiler,gas,0.0,0.0,0.0,0.0,COST_OPT_90,trajectory
LT,2040,oil_boiler,oil,0.0,0.0,0.0,0.0,COST_OPT_90,trajectory
LT,2040,biomass_boiler,biomass,0.0,0.0,0.0,0.0,COST_OPT_90,trajectory
LT,2040,resistance_heater,electricity,0.0,0.0,0.0,0.0,COST_OPT_90,trajectory
LT,2040,hp_air,electricity,0.47201458,8805618.830293579,2860824.8311545094,100128.86909040782,COST_OPT_90,trajectory
LT,2040,hp_ground,electricity,0.0,0.0,0.0,0.0,COST_OPT_90,trajectory
LT,2040,district_heat,district_heat,0.52798542,9849777.005770594,10238853.43635197,286687.89621785516,COST_OPT_90,trajectory
LT,2040,h2_boiler,hydrogen,0.0,0.0,0.0,0.0,COST_OPT_90,trajectory
LT,2050,gas_boiler,gas,0.0,0.0,0.0,0.0,COST_OPT_90,trajectory
LT,2050,oil_boiler,oil,0.0,0.0,0.0,0.0,COST_OPT_90,trajectory
LT,2050,biomass_boiler,biomass,0.0,0.0,0.0,0.0,COST_OPT_90,trajectory
LT,2050,resistance_heater,electricity,0.0,0.0,0.0,0.0,COST_OPT_90,trajectory
LT,2050,hp_air,electricity,0.3883689,6347542.811879484,2015092.9561522172,16120.743649217737,COST_OPT_90,trajectory
LT,2050,hp_ground,electricity,0.08364568,1367113.9342742725,353259.4145411557,2826.075316329245,COST_OPT_90,trajectory
LT,2050,district_heat,district_heat,0.52798542,8629450.137480551,8896340.347918095,88963.40347918094,COST_OPT_90,trajectory
LT,2050,h2_boiler,hydrogen,0.0,0.0,0.0,0.0,COST_OPT_90,trajectory
LU,2025,gas_boiler,gas,0.565,3728864.0656463043,4053113.114832939,818728.8491962538,COST_OPT_90,trajectory
LU,2025,oil_boiler,oil,0.23,1517944.663891416,1686605.1821015733,446950.37325691694,COST_OPT_90,trajectory
LU,2025,biomass_boiler,biomass,0.065,428984.36153453065,487482.2290165121,0.0,COST_OPT_90,trajectory
LU,2025,resistance_heater,electricity,0.02,131995.18816447095,134688.96751476626,20203.345127214943,COST_OPT_90,trajectory
LU,2025,hp_air,electricity,0.055,362986.7674522951,109995.99013705913,16499.39852055887,COST_OPT_90,trajectory
LU,2025,hp_ground,electricity,0.01,65997.59408223548,17367.787916377758,2605.1681874566634,COST_OPT_90,trajectory
LU,2025,district_heat,district_heat,0.055,362986.7674522951,382091.3341603107,30567.306732824854,COST_OPT_90,trajectory
LU,2025,h2_boiler,hydrogen,0.0,0.0,0.0,0.0,COST_OPT_90,trajectory
LU,2030,gas_boiler,gas,0.29,2113154.976099425,2286964.2598478626,461966.78048926825,COST_OPT_90,trajectory
LU,2030,oil_boiler,oil,0.0,0.0,0.0,0.0,COST_OPT_90,trajectory
LU,2030,biomass_boiler,biomass,0.0,0.0,0.0,0.0,COST_OPT_90,trajectory
LU,2030,resistance_heater,electricity,0.0,0.0,0.0,0.0,COST_OPT_90,trajectory
LU,2030,hp_air,electricity,0.355,2586793.160397572,774488.9701789138,61959.1176143131,COST_OPT_90,trajectory
LU,2030,hp_ground,electricity,0.0,0.0,0.0,0.0,COST_OPT_90,trajectory
LU,2030,district_heat,district_heat,0.355,2586793.160397572,2711523.2289282726,135576.16144641364,COST_OPT_90,trajectory
LU,2030,h2_boiler,hydrogen,0.0,0.0,0.0,0.0,COST_OPT_90,trajectory
LU,2040,gas_boiler,gas,0.0,0.0,0.0,0.0,COST_OPT_90,trajectory
LU,2040,oil_boiler,oil,0.0,0.0,0.0,0.0,COST_OPT_90,trajectory
LU,2040,biomass_boiler,biomass,0.0,0.0,0.0,0.0,COST_OPT_90,trajectory
LU,2040,resistance_heater,electricity,0.0,0.0,0.0,0.0,COST_OPT_90,trajectory
LU,2040,hp_air,electricity,0.31248839,2750222.828319905,804158.7217309664,24124.761651928988,COST_OPT_90,trajectory
LU,2040,hp_ground,electricity,0.0,0.0,0.0,0.0,COST_OPT_90,trajectory
LU,2040,district_heat,district_heat,0.68751161,6050817.19854287,6289830.767716081,125796.61535432162,COST_OPT_90,trajectory
LU,2040,h2_boiler,hydrogen,0.0,0.0,0.0,0.0,COST_OPT_90,trajectory
LU,2050,gas_boiler,gas,0.0,0.0,0.0,0.0,COST_OPT_90,trajectory
LU,2050,oil_boiler,oil,0.0,0.0,0.0,0.0,COST_OPT_90,trajectory
LU,2050,biomass_boiler,biomass,0.0,0.0,0.0,0.0,COST_OPT_90,trajectory
LU,2050,resistance_heater,electricity,0.0,0.0,0.0,0.0,COST_OPT_90,trajectory
LU,2050,hp_air,electricity,0.31248839,3227723.8863074724,922206.8246592778,7377.654597274223,COST_OPT_90,trajectory
LU,2050,hp_ground,electricity,0.0,0.0,0.0,0.0,COST_OPT_90,trajectory
LU,2050,district_heat,district_heat,0.68751161,7101376.296606435,7321006.491346841,58568.05193077472,COST_OPT_90,trajectory
LU,2050,h2_boiler,hydrogen,0.0,0.0,0.0,0.0,COST_OPT_90,trajectory
LV,2025,gas_boiler,gas,0.066993301,1464231.3173201787,1591555.7796958464,321494.267498561,COST_OPT_90,trajectory
LV,2025,oil_boiler,oil,0.0279972,611917.5563132276,679908.3959035863,180175.72491445037,COST_OPT_90,trajectory
LV,2025,biomass_boiler,biomass,0.48625137,10627696.701254377,12076928.069607247,0.0,COST_OPT_90,trajectory
LV,2025,resistance_heater,electricity,0.01449855,316885.8773764929,323352.93609846215,38802.352331815455,COST_OPT_90,trajectory
LV,2025,hp_air,electricity,0.0209979,458938.16723492066,154524.63543263322,18542.956251915988,COST_OPT_90,trajectory
LV,2025,hp_ground,electricity,0.0049995,109270.99219879063,31950.582514266265,3834.069901711952,COST_OPT_90,trajectory
LV,2025,district_heat,district_heat,0.37826217,8267443.2697605,8702571.86290579,870257.186290579,COST_OPT_90,trajectory
LV,2025,h2_boiler,hydrogen,0.0,0.0,0.0,0.0,COST_OPT_90,trajectory
LV,2030,gas_boiler,gas,0.0,0.0,0.0,0.0,COST_OPT_90,trajectory
LV,2030,oil_boiler,oil,0.0,0.0,0.0,0.0,COST_OPT_90,trajectory
LV,2030,biomass_boiler,biomass,0.20525137,4380505.879730957,4955323.39336081,0.0,COST_OPT_90,trajectory
LV,2030,resistance_heater,electricity,0.0,0.0,0.0,0.0,COST_OPT_90,trajectory
LV,2030,hp_air,electricity,0.22222556,4742771.618072535,1577768.3360188075,102554.94184122249,COST_OPT_90,trajectory
LV,2030,hp_ground,electricity,0.0,0.0,0.0,0.0,COST_OPT_90,trajectory
LV,2030,district_heat,district_heat,0.57252307,12218874.224404048,12808044.260381602,768482.6556228962,COST_OPT_90,trajectory
LV,2030,h2_boiler,hydrogen,0.0,0.0,0.0,0.0,COST_OPT_90,trajectory
LV,2040,gas_boiler,gas,0.0,0.0,0.0,0.0,COST_OPT_90,trajectory
LV,2040,oil_boiler,oil,0.0,0.0,0.0,0.0,COST_OPT_90,trajectory
LV,2040,biomass_boiler,biomass,0.0,0.0,0.0,0.0,COST_OPT_90,trajectory
LV,2040,resistance_heater,electricity,0.0,0.0,0.0,0.0,COST_OPT_90,trajectory
LV,2040,hp_air,electricity,0.42747693,8856487.991639046,2877351.524249203,71933.78810623007,COST_OPT_90,trajectory
LV,2040,hp_ground,electricity,0.0,0.0,0.0,0.0,COST_OPT_90,trajectory
LV,2040,district_heat,district_heat,0.57252307,11861561.03065333,12330105.021469157,295922.5205152598,COST_OPT_90,trajectory
LV,2040,h2_boiler,hydrogen,0.0,0.0,0.0,0.0,COST_OPT_90,trajectory
LV,2050,gas_boiler,gas,0.0,0.0,0.0,0.0,COST_OPT_90,trajectory
LV,2050,oil_boiler,oil,0.0,0.0,0.0,0.0,COST_OPT_90,trajectory
LV,2050,biomass_boiler,biomass,0.0,0.0,0.0,0.0,COST_OPT_90,trajectory
LV,2050,resistance_heater,electricity,0.0,0.0,0.0,0.0,COST_OPT_90,trajectory
LV,2050,hp_air,electricity,0.35068596,7262593.582193937,2305585.2641885513,11527.926320942757,COST_OPT_90,trajectory
LV,2050,hp_ground,electricity,0.076790977,1590316.466420846,410934.487447247,2054.6724372362355,COST_OPT_90,trajectory
LV,2050,district_heat,district_heat,0.57252307,11856768.870473087,12223473.062343389,97787.7844987471,COST_OPT_90,trajectory
LV,2050,h2_boiler,hydrogen,0.0,0.0,0.0,0.0,COST_OPT_90,trajectory
MT,2025,gas_boiler,gas,0.0,0.0,0.0,0.0,COST_OPT_90,trajectory
MT,2025,oil_boiler,oil,0.09,89129.50246467542,99032.78051630601,26243.686836821096,COST_OPT_90,trajectory
MT,2025,biomass_boiler,biomass,0.0,0.0,0.0,0.0,COST_OPT_90,trajectory
MT,2025,resistance_heater,electricity,0.225,222823.75616168854,227371.17975682503,102317.03089057127,COST_OPT_90,trajectory
MT,2025,hp_air,electricity,0.685,678374.5465366963,158129.2649269688,71158.16921713598,COST_OPT_90,trajectory
MT,2025,hp_ground,electricity,0.0,0.0,0.0,0.0,COST_OPT_90,trajectory
MT,2025,district_heat,district_heat,0.0,0.0,0.0,0.0,COST_OPT_90,trajectory
MT,2025,h2_boiler,hydrogen,0.0,0.0,0.0,0.0,COST_OPT_90,trajectory
MT,2030,gas_boiler,gas,0.09084439,98437.21120176656,106533.77835689021,21519.823228091824,COST_OPT_90,trajectory
MT,2030,oil_boiler,oil,0.0,0.0,0.0,0.0,COST_OPT_90,trajectory
MT,2030,biomass_boiler,biomass,0.0,0.0,0.0,0.0,COST_OPT_90,trajectory
MT,2030,resistance_heater,electricity,0.22415561,242890.65206592082,247342.82287771977,61835.70571942994,COST_OPT_90,trajectory
MT,2030,hp_air,electricity,0.4075,441559.06121137337,101694.8551845632,25423.713796140797,COST_OPT_90,trajectory
MT,2030,hp_ground,electricity,0.0,0.0,0.0,0.0,COST_OPT_90,trajectory
MT,2030,district_heat,district_heat,0.2775,300693.59383105795,315192.4463637924,15759.622318189622,COST_OPT_90,trajectory
MT,2030,h2_boiler,hydrogen,0.0,0.0,0.0,0.0,COST_OPT_90,trajectory
MT,2040,gas_boiler,gas,0.044017172,55698.97770484672,59762.85161464241,12072.096026157767,COST_OPT_90,trajectory
MT,2040,oil_boiler,oil,0.0,0.0,0.0,0.0,COST_OPT_90,trajectory
MT,2040,biomass_boiler,biomass,0.0,0.0,0.0,0.0,COST_OPT_90,trajectory
MT,2040,resistance_heater,electricity,0.0,0.0,0.0,0.0,COST_OPT_90,trajectory
MT,2040,hp_air,electricity,0.25598283,323918.62750731845,72856.19152211392,6557.057236990252,COST_OPT_90,trajectory
MT,2040,hp_ground,electricity,0.0,0.0,0.0,0.0,COST_OPT_90,trajectory
MT,2040,district_heat,district_heat,0.7,885774.406256556,920763.4160671061,18415.268321342122,COST_OPT_90,trajectory
MT,2040,h2_boiler,hydrogen,0.0,0.0,0.0,0.0,COST_OPT_90,trajectory
MT,2050,gas_boiler,gas,0.0083490337,12212.408684061167,12991.924131979966,2624.3686746599533,COST_OPT_90,trajectory
MT,2050,oil_boiler,oil,0.0,0.0,0.0,0.0,COST_OPT_90,trajectory
MT,2050,biomass_boiler,biomass,0.0,0.0,0.0,0.0,COST_OPT_90,trajectory
MT,2050,resistance_heater,electricity,0.0,0.0,0.0,0.0,COST_OPT_90,trajectory
MT,2050,hp_air,electricity,0.29165097,426607.55324809183,93759.90181276744,1406.3985271915114,COST_OPT_90,trajectory
MT,2050,hp_ground,electricity,0.0,0.0,0.0,0.0,COST_OPT_90,trajectory
MT,2050,district_heat,district_heat,0.7,1023913.2318800937,1055580.651422777,8444.645211382216,COST_OPT_90,trajectory
MT,2050,h2_boiler,hydrogen,0.0,0.0,0.0,0.0,COST_OPT_90,trajectory
NL,2025,gas_boiler,gas,0.805,105213586.69216542,114362594.23061459,23101244.034584146,COST_OPT_90,trajectory
NL,2025,oil_boiler,oil,0.005,653500.5384606548,726111.7094007275,192419.6029911928,COST_OPT_90,trajectory
NL,2025,biomass_boiler,biomass,0.045,5881504.8461458925,6683528.234256696,0.0,COST_OPT_90,trajectory
NL,2025,resistance_heater,electricity,0.02,2614002.153842619,2667349.136574101,746857.7582407484,COST_OPT_90,trajectory
NL,2025,hp_air,electricity,0.07,9149007.538449168,2772426.5268027782,776279.427504778,COST_OPT_90,trajectory
NL,2025,hp_ground,electricity,0.005,653500.5384606548,171973.82591069862,48152.67125499562,COST_OPT_90,trajectory
NL,2025,district_heat,district_heat,0.05,6535005.384606548,6878953.036427945,825474.3643713534,COST_OPT_90,trajectory
NL,2025,h2_boiler,hydrogen,0.0,0.0,0.0,0.0,COST_OPT_90,trajectory
NL,2030,gas_boiler,gas,0.49,66014032.56830037,71443758.19080126,14431639.154541856,COST_OPT_90,trajectory
NL,2030,oil_boiler,oil,0.0,0.0,0.0,0.0,COST_OPT_90,trajectory
NL,2030,biomass_boiler,biomass,0.0,0.0,0.0,0.0,COST_OPT_90,trajectory
NL,2030,resistance_heater,electricity,0.0,0.0,0.0,0.0,COST_OPT_90,trajectory
NL,2030,hp_air,electricity,0.145,19534764.739599086,5848731.957963798,877309.7936945697,COST_OPT_90,trajectory
NL,2030,hp_ground,electricity,0.0,0.0,0.0,0.0,COST_OPT_90,trajectory
NL,2030,district_heat,district_heat,0.365,49173718.13761149,51544777.92202463,3865858.3441518466,COST_OPT_90,trajectory
NL,2030,h2_boiler,hydrogen,0.0,0.0,0.0,0.0,COST_OPT_90,trajectory
NL,2040,gas_boiler,gas,0.0,0.0,0.0,0.0,COST_OPT_90,trajectory
NL,2040,oil_boiler,oil,0.0,0.0,0.0,0.0,COST_OPT_90,trajectory
NL,2040,biomass_boiler,biomass,0.0,0.0,0.0,0.0,COST_OPT_90,trajectory
NL,2040,resistance_heater,electricity,0.0,0.0,0.0,0.0,COST_OPT_90,trajectory
NL,2040,hp_air,electricity,0.50311945,71517192.88731873,20911459.90857273,1254687.5945143637,COST_OPT_90,trajectory
NL,2040,hp_ground,electricity,0.0,0.0,0.0,0.0,COST_OPT_90,trajectory
NL,2040,district_heat,district_heat,0.47888055,68071692.84418498,70760595.47212575,2122817.8641637727,COST_OPT_90,trajectory
NL,2040,h2_boiler,hydrogen,0.018,2558655.746605974,2805543.581804796,0.0,COST_OPT_90,trajectory
NL,2050,gas_boiler,gas,0.0,0.0,0.0,0.0,COST_OPT_90,trajectory
NL,2050,oil_boiler,oil,0.0,0.0,0.0,0.0,COST_OPT_90,trajectory
NL,2050,biomass_boiler,biomass,0.0,0.0,0.0,0.0,COST_OPT_90,trajectory
NL,2050,resistance_heater,electricity,0.0,0.0,0.0,0.0,COST_OPT_90,trajectory
NL,2050,hp_air,electricity,0.67319374,100395511.63726014,28684431.89636004,286844.3189636004,COST_OPT_90,trajectory
NL,2050,hp_ground,electricity,0.0,0.0,0.0,0.0,COST_OPT_90,trajectory
NL,2050,district_heat,district_heat,0.29680626,44263656.29876722,45632635.35955384,456326.3535955383,COST_OPT_90,trajectory
NL,2050,h2_boiler,hydrogen,0.03,4473994.884619403,4863037.918064568,0.0,COST_OPT_90,trajectory
PL,2025,gas_boiler,gas,0.16,44785194.50827616,48679559.24812625,9833270.968121504,COST_OPT_90,trajectory
PL,2025,oil_boiler,oil,0.255,71376403.74756512,79307115.27507235,21016385.547894176,COST_OPT_90,trajectory
PL,2025,biomass_boiler,biomass,0.225,62979179.77726335,71567249.74689017,0.0,COST_OPT_90,trajectory
PL,2025,resistance_heater,electricity,0.01,2799074.65676726,2856198.629354347,1713719.177612608,COST_OPT_90,trajectory
PL,2025,hp_air,electricity,0.03,8397223.970301779,2765884.048188992,1659530.428913395,COST_OPT_90,trajectory
PL,2025,hp_ground,electricity,0.0,0.0,0.0,0.0,COST_OPT_90,trajectory
PL,2025,district_heat,district_heat,0.32,89570389.01655231,94284620.0174235,28285386.005227044,COST_OPT_90,trajectory
PL,2025,h2_boiler,hydrogen,0.0,0.0,0.0,0.0,COST_OPT_90,trajectory
PL,2030,gas_boiler,gas,0.44440709,115713701.01973705,125231278.15988858,25296718.188297495,COST_OPT_90,trajectory
PL,2030,oil_boiler,oil,0.0,0.0,0.0,0.0,COST_OPT_90,trajectory
PL,2030,biomass_boiler,biomass,0.083458702,21730785.822348896,24582336.90310961,0.0,COST_OPT_90,trajectory
PL,2030,resistance_heater,electricity,0.0,0.0,0.0,0.0,COST_OPT_90,trajectory
PL,2030,hp_air,electricity,0.0,0.0,0.0,0.0,COST_OPT_90,trajectory
PL,2030,hp_ground,electricity,0.0,0.0,0.0,0.0,COST_OPT_90,trajectory
PL,2030,district_heat,district_heat,0.4721342,122933222.46499878,128860820.19391906,25772164.038783815,COST_OPT_90,trajectory
PL,2030,h2_boiler,hydrogen,0.0,0.0,0.0,0.0,COST_OPT_90,trajectory
PL,2040,gas_boiler,gas,0.29256472,65474578.11536287,70251693.25682712,14190842.037879078,COST_OPT_90,trajectory
PL,2040,oil_boiler,oil,0.0,0.0,0.0,0.0,COST_OPT_90,trajectory
PL,2040,biomass_boiler,biomass,0.0,0.0,0.0,0.0,COST_OPT_90,trajectory
PL,2040,resistance_heater,electricity,0.0,0.0,0.0,0.0,COST_OPT_90,trajectory
PL,2040,hp_air,electricity,0.23530108,52659250.72267513,16736349.70845256,2510452.4562678835,COST_OPT_90,trajectory
PL,2040,hp_ground,electricity,0.0,0.0,0.0,0.0,COST_OPT_90,trajectory
PL,2040,district_heat,district_heat,0.4721342,105661364.63355649,109835098.37168035,10983509.837168034,COST_OPT_90,trajectory
PL,2040,h2_boiler,hydrogen,0.0,0.0,0.0,0.0,COST_OPT_90,trajectory
PL,2050,gas_boiler,gas,0.07507626,14355780.823539572,15272107.259084651,3084965.6663351,COST_OPT_90,trajectory
PL,2050,oil_boiler,oil,0.0,0.0,0.0,0.0,COST_OPT_90,trajectory
PL,2050,biomass_boiler,biomass,0.0,0.0,0.0,0.0,COST_OPT_90,trajectory
PL,2050,resistance_heater,electricity,0.0,0.0,0.0,0.0,COST_OPT_90,trajectory
PL,2050,hp_air,electricity,0.3552003,67919974.37346376,21093159.743311726,632794.7922993518,COST_OPT_90,trajectory
PL,2050,hp_ground,electricity,0.097589235,18660621.458726056,4717042.835876152,141511.28507628455,COST_OPT_90,trajectory
PL,2050,district_heat,district_heat,0.4721342,90279604.95764169,93071757.6882904,2792152.7306487123,COST_OPT_90,trajectory
PL,2050,h2_boiler,hydrogen,0.0,0.0,0.0,0.0,COST_OPT_90,trajectory
PT,2025,gas_boiler,gas,0.0275,597528.5679037971,649487.5738084752,131196.489909312,COST_OPT_90,trajectory
PT,2025,oil_boiler,oil,0.036,782219.2161649707,869132.4624055229,230320.1025374636,COST_OPT_90,trajectory
PT,2025,biomass_boiler,biomass,0.519,11276993.699711662,12814765.56785416,0.0,COST_OPT_90,trajectory
PT,2025,resistance_heater,electricity,0.184,3998009.327065406,4079601.3541483735,489552.1624978048,COST_OPT_90,trajectory
PT,2025,hp_air,electricity,0.2335,5073560.749292241,1302917.5011022706,156350.10013227246,COST_OPT_90,trajectory
PT,2025,hp_ground,electricity,0.0,0.0,0.0,0.0,COST_OPT_90,trajectory
PT,2025,district_heat,district_heat,0.0,0.0,0.0,0.0,COST_OPT_90,trajectory
PT,2025,h2_boiler,hydrogen,0.0,0.0,0.0,0.0,COST_OPT_90,trajectory
PT,2030,gas_boiler,gas,0.0,0.0,0.0,0.0,COST_OPT_90,trajectory
PT,2030,oil_boiler,oil,0.0,0.0,0.0,0.0,COST_OPT_90,trajectory
PT,2030,biomass_boiler,biomass,0.2415,5006155.063397302,5663071.338684731,0.0,COST_OPT_90,trajectory
PT,2030,resistance_heater,electricity,0.0,0.0,0.0,0.0,COST_OPT_90,trajectory
PT,2030,hp_air,electricity,0.481,9970851.285689864,2529902.386504076,164443.65512276496,COST_OPT_90,trajectory
PT,2030,hp_ground,electricity,0.0,0.0,0.0,0.0,COST_OPT_90,trajectory
PT,2030,district_heat,district_heat,0.2775,5752414.203282614,6029784.280170456,301489.2140085228,COST_OPT_90,trajectory
PT,2030,h2_boiler,hydrogen,0.0,0.0,0.0,0.0,COST_OPT_90,trajectory
PT,2040,gas_boiler,gas,0.0,0.0,0.0,0.0,COST_OPT_90,trajectory
PT,2040,oil_boiler,oil,0.0,0.0,0.0,0.0,COST_OPT_90,trajectory
PT,2040,biomass_boiler,biomass,0.0,0.0,0.0,0.0,COST_OPT_90,trajectory
PT,2040,resistance_heater,electricity,0.0,0.0,0.0,0.0,COST_OPT_90,trajectory
PT,2040,hp_air,electricity,0.3597039,6755828.459042498,1674057.998573322,41851.44996433306,COST_OPT_90,trajectory
PT,2040,hp_ground,electricity,0.0,0.0,0.0,0.0,COST_OPT_90,trajectory
PT,2040,district_heat,district_heat,0.6402961,12025809.60226987,12500841.582401112,250016.83164802226,COST_OPT_90,trajectory
PT,2040,h2_boiler,hydrogen,0.0,0.0,0.0,0.0,COST_OPT_90,trajectory
PT,2050,gas_boiler,gas,0.0,0.0,0.0,0.0,COST_OPT_90,trajectory
PT,2050,oil_boiler,oil,0.0,0.0,0.0,0.0,COST_OPT_90,trajectory
PT,2050,biomass_boiler,biomass,0.0,0.0,0.0,0.0,COST_OPT_90,trajectory
PT,2050,resistance_heater,electricity,0.0,0.0,0.0,0.0,COST_OPT_90,trajectory
PT,2050,hp_air,electricity,0.3597039,6045048.85490165,1463692.2166832082,7318.461083416041,COST_OPT_90,trajectory
PT,2050,hp_ground,electricity,0.0,0.0,0.0,0.0,COST_OPT_90,trajectory
PT,2050,district_heat,district_heat,0.6402961,10760576.146388717,11093377.470503833,88747.01976403066,COST_OPT_90,trajectory
PT,2050,h2_boiler,hydrogen,0.0,0.0,0.0,0.0,COST_OPT_90,trajectory
RO,2025,gas_boiler,gas,0.3415,33859422.52101875,36803720.13154212,7434351.466571509,COST_OPT_90,trajectory
RO,2025,oil_boiler,oil,0.0135,1338513.0425585741,1487236.7139539712,394117.7291978024,COST_OPT_90,trajectory
RO,2025,biomass_boiler,biomass,0.481,47690723.96079068,54194004.500898495,0.0,COST_OPT_90,trajectory
RO,2025,resistance_heater,electricity,0.026,2577876.97085355,2630486.704952602,657621.6762381505,COST_OPT_90,trajectory
RO,2025,hp_air,electricity,0.005,495745.5713179904,156485.34448168892,39121.33612042223,COST_OPT_90,trajectory
RO,2025,hp_ground,electricity,0.0025,247872.7856589952,67947.58378810177,16986.89594702544,COST_OPT_90,trajectory
RO,2025,district_heat,district_heat,0.1305,12938959.41139955,13619957.275157422,2723991.4550314844,COST_OPT_90,trajectory
RO,2025,h2_boiler,hydrogen,0.0,0.0,0.0,0.0,COST_OPT_90,trajectory
RO,2030,gas_boiler,gas,0.30342667,29363735.720737956,31778934.762703415,6419344.82206609,COST_OPT_90,trajectory
RO,2030,oil_boiler,oil,0.0,0.0,0.0,0.0,COST_OPT_90,trajectory
RO,2030,biomass_boiler,biomass,0.2185,21145063.66556784,23919755.277791675,0.0,COST_OPT_90,trajectory
RO,2030,resistance_heater,electricity,0.0,0.0,0.0,0.0,COST_OPT_90,trajectory
RO,2030,hp_air,electricity,0.085073334,8232865.279963923,2567635.129729267,333792.5668648048,COST_OPT_90,trajectory
RO,2030,hp_ground,electricity,0.0,0.0,0.0,0.0,COST_OPT_90,trajectory
RO,2030,district_heat,district_heat,0.393,38032082.47399616,39865914.542972915,5182568.89058648,COST_OPT_90,trajectory
RO,2030,h2_boiler,hydrogen,0.0,0.0,0.0,0.0,COST_OPT_90,trajectory
RO,2040,gas_boiler,gas,0.0,0.0,0.0,0.0,COST_OPT_90,trajectory
RO,2040,oil_boiler,oil,0.0,0.0,0.0,0.0,COST_OPT_90,trajectory
RO,2040,biomass_boiler,biomass,0.0,0.0,0.0,0.0,COST_OPT_90,trajectory
RO,2040,resistance_heater,electricity,0.0,0.0,0.0,0.0,COST_OPT_90,trajectory
RO,2040,hp_air,electricity,0.49728273,46582752.66055774,14188216.575462274,709410.8287731138,COST_OPT_90,trajectory
RO,2040,hp_ground,electricity,0.0,0.0,0.0,0.0,COST_OPT_90,trajectory
RO,2040,district_heat,district_heat,0.50271727,47091830.93207524,48952007.20589942,2937120.432353965,COST_OPT_90,trajectory
RO,2040,h2_boiler,hydrogen,0.0,0.0,0.0,0.0,COST_OPT_90,trajectory
RO,2050,gas_boiler,gas,0.0,0.0,0.0,0.0,COST_OPT_90,trajectory
RO,2050,oil_boiler,oil,0.0,0.0,0.0,0.0,COST_OPT_90,trajectory
RO,2050,biomass_boiler,biomass,0.0,0.0,0.0,0.0,COST_OPT_90,trajectory
RO,2050,resistance_heater,electricity,0.0,0.0,0.0,0.0,COST_OPT_90,trajectory
RO,2050,hp_air,electricity,0.49728273,46101436.998087846,13720665.77324043,137206.6577324043,COST_OPT_90,trajectory
RO,2050,hp_ground,electricity,0.0,0.0,0.0,0.0,COST_OPT_90,trajectory
RO,2050,district_heat,district_heat,0.50271727,46605255.22524323,48046654.87138478,960933.0974276955,COST_OPT_90,trajectory
RO,2050,h2_boiler,hydrogen,0.0,0.0,0.0,0.0,COST_OPT_90,trajectory
SE,2025,gas_boiler,gas,0.0075,613774.0923581872,667145.7525632469,134763.4420177759,COST_OPT_90,trajectory
SE,2025,oil_boiler,oil,0.01,818365.4564775829,909294.9516417588,240963.1621850661,COST_OPT_90,trajectory
SE,2025,biomass_boiler,biomass,0.11,9002020.021253413,10229568.205969786,0.0,COST_OPT_90,trajectory
SE,2025,resistance_heater,electricity,0.09,7365289.108298246,7515601.130916578,338202.050891246,COST_OPT_90,trajectory
SE,2025,hp_air,electricity,0.17,13912212.760118911,4790706.873319184,215581.8092993633,COST_OPT_90,trajectory
SE,2025,hp_ground,electricity,0.13,10638750.934208577,3181444.6573590245,143165.0095811561,COST_OPT_90,trajectory
SE,2025,district_heat,district_heat,0.4825,39486133.275043376,41564350.81583513,1454752.2785542298,COST_OPT_90,trajectory
SE,2025,h2_boiler,hydrogen,0.0,0.0,0.0,0.0,COST_OPT_90,trajectory
SE,2030,gas_boiler,gas,0.0,0.0,0.0,0.0,COST_OPT_90,trajectory
SE,2030,oil_boiler,oil,0.0,0.0,0.0,0.0,COST_OPT_90,trajectory
SE,2030,biomass_boiler,biomass,0.0,0.0,0.0,0.0,COST_OPT_90,trajectory
SE,2030,resistance_heater,electricity,0.0,0.0,0.0,0.0,COST_OPT_90,trajectory
SE,2030,hp_air,electricity,0.4910004,40936117.74325309,13927639.406387143,417829.18219161424,COST_OPT_90,trajectory
SE,2030,hp_ground,electricity,0.0,0.0,0.0,0.0,COST_OPT_90,trajectory
SE,2030,district_heat,district_heat,0.5089996,42436762.896463476,44482979.975328594,889659.5995065719,COST_OPT_90,trajectory
SE,2030,h2_boiler,hydrogen,0.0,0.0,0.0,0.0,COST_OPT_90,trajectory
SE,2040,gas_boiler,gas,0.0,0.0,0.0,0.0,COST_OPT_90,trajectory
SE,2040,oil_boiler,oil,0.0,0.0,0.0,0.0,COST_OPT_90,trajectory
SE,2040,biomass_boiler,biomass,0.0,0.0,0.0,0.0,COST_OPT_90,trajectory
SE,2040,resistance_heater,electricity,0.0,0.0,0.0,0.0,COST_OPT_90,trajectory
SE,2040,hp_air,electricity,0.65556369,56045114.53383871,18622114.079558317,279331.71119337477,COST_OPT_90,trajectory
SE,2040,hp_ground,electricity,0.0,0.0,0.0,0.0,COST_OPT_90,trajectory
SE,2040,district_heat,district_heat,0.34443631,29446372.24121241,30609534.554274853,244876.27643419884,COST_OPT_90,trajectory
SE,2040,h2_boiler,hydrogen,0.0,0.0,0.0,0.0,COST_OPT_90,trajectory
SE,2050,gas_boiler,gas,0.0,0.0,0.0,0.0,COST_OPT_90,trajectory
SE,2050,oil_boiler,oil,0.0,0.0,0.0,0.0,COST_OPT_90,trajectory
SE,2050,biomass_boiler,biomass,0.0,0.0,0.0,0.0,COST_OPT_90,trajectory
SE,2050,resistance_heater,electricity,0.0,0.0,0.0,0.0,COST_OPT_90,trajectory
SE,2050,hp_air,electricity,0.65556369,57180716.271421865,18565167.620591514,92825.83810295757,COST_OPT_90,trajectory
SE,2050,hp_ground,electricity,0.0,0.0,0.0,0.0,COST_OPT_90,trajectory
SE,2050,district_heat,district_heat,0.34443631,30043022.846011356,30972188.501042634,92916.56550312792,COST_OPT_90,trajectory
SE,2050,h2_boiler,hydrogen,0.0,0.0,0.0,0.0,COST_OPT_90,trajectory
SI,2025,gas_boiler,gas,0.1351,2352728.0962149235,2557313.148059699,516577.2559080593,COST_OPT_90,trajectory
SI,2025,oil_boiler,oil,0.1456,2535582.611464788,2817314.0127386535,746588.2133757432,COST_OPT_90,trajectory
SI,2025,biomass_boiler,biomass,0.4537,7901056.530367955,8978473.329963585,0.0,COST_OPT_90,trajectory
SI,2025,resistance_heater,electricity,0.0635,1105834.4493682282,1128402.499355335,225680.49987106698,COST_OPT_90,trajectory
SI,2025,hp_air,electricity,0.088,1532494.9849512454,478755.07183731504,95751.01436746302,COST_OPT_90,trajectory
SI,2025,hp_ground,electricity,0.005,87073.57869041167,23622.78314986752,4724.556629973504,COST_OPT_90,trajectory
SI,2025,district_heat,district_heat,0.1091,1899945.4870247827,1999942.617920824,159995.40943366595,COST_OPT_90,trajectory
SI,2025,h2_boiler,hydrogen,0.0,0.0,0.0,0.0,COST_OPT_90,trajectory
SI,2030,gas_boiler,gas,0.0,0.0,0.0,0.0,COST_OPT_90,trajectory
SI,2030,oil_boiler,oil,0.0,0.0,0.0,0.0,COST_OPT_90,trajectory
SI,2030,biomass_boiler,biomass,0.2479,4291898.1182729965,4855088.3690871,0.0,COST_OPT_90,trajectory
SI,2030,resistance_heater,electricity,0.0,0.0,0.0,0.0,COST_OPT_90,trajectory
SI,2030,hp_air,electricity,0.3655,6327909.488619524,1953179.0507498996,214849.69558248896,COST_OPT_90,trajectory
SI,2030,hp_ground,electricity,0.0,0.0,0.0,0.0,COST_OPT_90,trajectory
SI,2030,district_heat,district_heat,0.3866,6693214.249795645,7015947.850938831,350797.3925469416,COST_OPT_90,trajectory
SI,2030,h2_boiler,hydrogen,0.0,0.0,0.0,0.0,COST_OPT_90,trajectory
SI,2040,gas_boiler,gas,0.0,0.0,0.0,0.0,COST_OPT_90,trajectory
SI,2040,oil_boiler,oil,0.0,0.0,0.0,0.0,COST_OPT_90,trajectory
SI,2040,biomass_boiler,biomass,0.0,0.0,0.0,0.0,COST_OPT_90,trajectory
SI,2040,resistance_heater,electricity,0.0,0.0,0.0,0.0,COST_OPT_90,trajectory
SI,2040,hp_air,electricity,0.45724414,7808148.583358293,2353695.2382463054,105916.28572108375,COST_OPT_90,trajectory
SI,2040,hp_ground,electricity,0.0,0.0,0.0,0.0,COST_OPT_90,trajectory
SI,2040,district_heat,district_heat,0.54275586,9268393.028215544,9634504.187334245,192690.08374668492,COST_OPT_90,trajectory
SI,2040,h2_boiler,hydrogen,0.0,0.0,0.0,0.0,COST_OPT_90,trajectory
SI,2050,gas_boiler,gas,0.0,0.0,0.0,0.0,COST_OPT_90,trajectory
SI,2050,oil_boiler,oil,0.0,0.0,0.0,0.0,COST_OPT_90,trajectory
SI,2050,biomass_boiler,biomass,0.0,0.0,0.0,0.0,COST_OPT_90,trajectory
SI,2050,resistance_heater,electricity,0.0,0.0,0.0,0.0,COST_OPT_90,trajectory
SI,2050,hp_air,electricity,0.45724414,7672239.661805885,2259864.4070120426,22598.644070120426,COST_OPT_90,trajectory
SI,2050,hp_ground,electricity,0.0,0.0,0.0,0.0,COST_OPT_90,trajectory
SI,2050,district_heat,district_heat,0.54275586,9107067.038124451,9388728.90528294,75109.83124226352,COST_OPT_90,trajectory
SI,2050,h2_boiler,hydrogen,0.0,0.0,0.0,0.0,COST_OPT_90,trajectory
SK,2025,gas_boiler,gas,0.45074507,18338959.773108114,19933651.927291427,4026597.6893128688,COST_OPT_90,trajectory
SK,2025,oil_boiler,oil,0.020002,813798.9692970095,904221.0769966772,239618.58540411948,COST_OPT_90,trajectory
SK,2025,biomass_boiler,biomass,0.22412241,9118617.450972993,10362065.285196584,0.0,COST_OPT_90,trajectory
SK,2025,resistance_heater,electricity,0.054505451,2217602.2320202314,2262859.420428808,452571.8840857615,COST_OPT_90,trajectory
SK,2025,hp_air,electricity,0.0390039,1586907.9901291688,517076.5689570443,103415.31379140886,COST_OPT_90,trajectory
SK,2025,hp_ground,electricity,0.0050005001,203449.7463928404,57569.25478009067,11513.850956018134,COST_OPT_90,trajectory
SK,2025,district_heat,district_heat,0.20662066,8406543.35283811,8848993.002987485,707919.4402389989,COST_OPT_90,trajectory
SK,2025,h2_boiler,hydrogen,0.0,0.0,0.0,0.0,COST_OPT_90,trajectory
SK,2030,gas_boiler,gas,0.18074507,6732498.689691976,7286253.993173134,1471823.3066209732,COST_OPT_90,trajectory
SK,2030,oil_boiler,oil,0.0,0.0,0.0,0.0,COST_OPT_90,trajectory
SK,2030,biomass_boiler,biomass,0.2,7449717.648942763,8427282.408306293,0.0,COST_OPT_90,trajectory
SK,2030,resistance_heater,electricity,0.0,0.0,0.0,0.0,COST_OPT_90,trajectory
SK,2030,hp_air,electricity,0.16918346,6301845.03935601,2028795.6472075237,202879.56472075242,COST_OPT_90,trajectory
SK,2030,hp_ground,electricity,0.0,0.0,0.0,0.0,COST_OPT_90,trajectory
SK,2030,district_heat,district_heat,0.45007147,16764526.866723064,17572879.31522334,878643.965761167,COST_OPT_90,trajectory
SK,2030,h2_boiler,hydrogen,0.0,0.0,0.0,0.0,COST_OPT_90,trajectory
SK,2040,gas_boiler,gas,0.0,0.0,0.0,0.0,COST_OPT_90,trajectory
SK,2040,oil_boiler,oil,0.0,0.0,0.0,0.0,COST_OPT_90,trajectory
SK,2040,biomass_boiler,biomass,0.2,6601134.487419691,7400374.985896515,0.0,COST_OPT_90,trajectory
SK,2040,resistance_heater,electricity,0.0,0.0,0.0,0.0,COST_OPT_90,trajectory
SK,2040,hp_air,electricity,0.34992853,11549626.43757538,3631272.853416141,145250.91413664565,COST_OPT_90,trajectory
SK,2040,hp_ground,electricity,0.0,0.0,0.0,0.0,COST_OPT_90,trajectory
SK,2040,district_heat,district_heat,0.45007147,14854911.51210338,15441695.958527423,308833.9191705485,COST_OPT_90,trajectory
SK,2040,h2_boiler,hydrogen,0.0,0.0,0.0,0.0,COST_OPT_90,trajectory
SK,2050,gas_boiler,gas,0.0,0.0,0.0,0.0,COST_OPT_90,trajectory
SK,2050,oil_boiler,oil,0.0,0.0,0.0,0.0,COST_OPT_90,trajectory
SK,2050,biomass_boiler,biomass,0.0,0.0,0.0,0.0,COST_OPT_90,trajectory
SK,2050,resistance_heater,electricity,0.0,0.0,0.0,0.0,COST_OPT_90,trajectory
SK,2050,hp_air,electricity,0.54992853,16760109.927868873,5149035.308101036,41192.28246480829,COST_OPT_90,trajectory
SK,2050,hp_ground,electricity,0.0,0.0,0.0,0.0,COST_OPT_90,trajectory
SK,2050,district_heat,district_heat,0.45007147,13716777.54670691,14141007.780110216,113128.06224088173,COST_OPT_90,trajectory
SK,2050,h2_boiler,hydrogen,0.0,0.0,0.0,0.0,COST_OPT_90,trajectory
UK,2025,gas_boiler,gas,0.8040196,296568045.01054776,322356570.66363883,65116027.274055056,COST_OPT_90,trajectory
UK,2025,oil_boiler,oil,0.050894911,18772930.72986756,20858811.922075067,5527585.159349892,COST_OPT_90,trajectory
UK,2025,biomass_boiler,biomass,0.01529847,5642943.703800896,6412436.027046473,0.0,COST_OPT_90,trajectory
UK,2025,resistance_heater,electricity,0.086491351,31902917.387077484,32553997.333752535,5859719.520075456,COST_OPT_90,trajectory
UK,2025,hp_air,electricity,0.02039796,7523924.938401194,2279977.2540609683,410395.9057309743,COST_OPT_90,trajectory
UK,2025,hp_ground,electricity,0.00249975,922049.6248040679,242644.63810633367,43676.03485914006,COST_OPT_90,trajectory
UK,2025,district_heat,district_heat,0.02039796,7523924.938401194,7919920.987790731,791992.0987790731,COST_OPT_90,trajectory
UK,2025,h2_boiler,hydrogen,0.0,0.0,0.0,0.0,COST_OPT_90,trajectory
UK,2030,gas_boiler,gas,0.67960204,252105960.86920008,272841948.9926408,55114073.69651344,COST_OPT_90,trajectory
UK,2030,oil_boiler,oil,0.0,0.0,0.0,0.0,COST_OPT_90,trajectory
UK,2030,biomass_boiler,biomass,0.0,0.0,0.0,0.0,COST_OPT_90,trajectory
UK,2030,resistance_heater,electricity,0.0,0.0,0.0,0.0,COST_OPT_90,trajectory
UK,2030,hp_air,electricity,0.0,0.0,0.0,0.0,COST_OPT_90,trajectory
UK,2030,hp_ground,electricity,0.0,0.0,0.0,0.0,COST_OPT_90,trajectory
UK,2030,district_heat,district_heat,0.32039796,118855198.79594758,124586162.25990313,7475169.735594188,COST_OPT_90,trajectory
UK,2030,h2_boiler,hydrogen,0.0,0.0,0.0,0.0,COST_OPT_90,trajectory
UK,2040,gas_boiler,gas,0.40637822,149932324.32828367,160871592.62691382,32496061.710636593,COST_OPT_90,trajectory
UK,2040,oil_boiler,oil,0.0,0.0,0.0,0.0,COST_OPT_90,trajectory
UK,2040,biomass_boiler,biomass,0.0,0.0,0.0,0.0,COST_OPT_90,trajectory
UK,2040,resistance_heater,electricity,0.0,0.0,0.0,0.0,COST_OPT_90,trajectory
UK,2040,hp_air,electricity,0.10340482,38150974.255824514,11155255.630358046,334657.66891074134,COST_OPT_90,trajectory
UK,2040,hp_ground,electricity,0.0,0.0,0.0,0.0,COST_OPT_90,trajectory
UK,2040,district_heat,district_heat,0.47821697,176437068.5154561,183406516.12833276,4585162.903208319,COST_OPT_90,trajectory
UK,2040,h2_boiler,hydrogen,0.012,4427372.834940327,4854575.4769082535,0.0,COST_OPT_90,trajectory
UK,2050,gas_boiler,gas,0.090352282,32873759.992822368,34972085.0987472,7064361.1899469355,COST_OPT_90,trajectory
UK,2050,oil_boiler,oil,0.0,0.0,0.0,0.0,COST_OPT_90,trajectory
UK,2050,biomass_boiler,biomass,0.0,0.0,0.0,0.0,COST_OPT_90,trajectory
UK,2050,resistance_heater,electricity,0.0,0.0,0.0,0.0,COST_OPT_90,trajectory
UK,2050,hp_air,electricity,0.41143075,149694899.00838256,42769971.14525216,342159.7691620173,COST_OPT_90,trajectory
UK,2050,hp_ground,electricity,0.0,0.0,0.0,0.0,COST_OPT_90,trajectory
UK,2050,district_heat,district_heat,0.47821697,173994386.73031783,179375656.42300808,1435005.2513840646,COST_OPT_90,trajectory
UK,2050,h2_boiler,hydrogen,0.02,7276796.836813123,7909561.779144699,0.0,COST_OPT_90,trajectory
AT,2025,gas_boiler,gas,0.0,0.0,0.0,0.0,COST_OPT_90_SNAP,snapshot
AT,2025,oil_boiler,oil,0.0,0.0,0.0,0.0,COST_OPT_90_SNAP,snapshot
AT,2025,biomass_boiler,biomass,0.0,0.0,0.0,0.0,COST_OPT_90_SNAP,snapshot
AT,2025,resistance_heater,electricity,0.0,0.0,0.0,0.0,COST_OPT_90_SNAP,snapshot
AT,2025,hp_air,electricity,0.0,0.0,0.0,0.0,COST_OPT_90_SNAP,snapshot
AT,2025,hp_ground,electricity,0.0,0.0,0.0,0.0,COST_OPT_90_SNAP,snapshot
AT,2025,district_heat,district_heat,1.0,72143220.6338322,75940232.24613917,6834620.902152524,COST_OPT_90_SNAP,snapshot
AT,2025,h2_boiler,hydrogen,0.0,0.0,0.0,0.0,COST_OPT_90_SNAP,snapshot
AT,2030,gas_boiler,gas,0.0,0.0,0.0,0.0,COST_OPT_90_SNAP,snapshot
AT,2030,oil_boiler,oil,0.0,0.0,0.0,0.0,COST_OPT_90_SNAP,snapshot
AT,2030,biomass_boiler,biomass,0.3,21184359.005993173,23964207.020354267,0.0,COST_OPT_90_SNAP,snapshot
AT,2030,resistance_heater,electricity,0.0,0.0,0.0,0.0,COST_OPT_90_SNAP,snapshot
AT,2030,hp_air,electricity,0.048781443,3444678.6711413087,1085622.02052988,75993.54143709161,COST_OPT_90_SNAP,snapshot
AT,2030,hp_ground,electricity,0.0,0.0,0.0,0.0,COST_OPT_90_SNAP,snapshot
AT,2030,district_heat,district_heat,0.65121856,45985492.55468635,48202822.38436725,2651155.2311401987,COST_OPT_90_SNAP,snapshot
AT,2030,h2_boiler,hydrogen,0.0,0.0,0.0,0.0,COST_OPT_90_SNAP,snapshot
AT,2040,gas_boiler,gas,0.0,0.0,0.0,0.0,COST_OPT_90_SNAP,snapshot
AT,2040,oil_boiler,oil,0.0,0.0,0.0,0.0,COST_OPT_90_SNAP,snapshot
AT,2040,biomass_boiler,biomass,0.0,0.0,0.0,0.0,COST_OPT_90_SNAP,snapshot
AT,2040,resistance_heater,electricity,0.0,0.0,0.0,0.0,COST_OPT_90_SNAP,snapshot
AT,2040,hp_air,electricity,0.34878144,23341553.119137183,7184226.875696272,179605.6718924068,COST_OPT_90_SNAP,snapshot
AT,2040,hp_ground,electricity,0.0,0.0,0.0,0.0,COST_OPT_90_SNAP,snapshot
AT,2040,district_heat,district_heat,0.65121856,43581598.29378543,45303116.72950669,996668.5680491469,COST_OPT_90_SNAP,snapshot
AT,2040,h2_boiler,hydrogen,0.0,0.0,0.0,0.0,COST_OPT_90_SNAP,snapshot
AT,2050,gas_boiler,gas,0.0,0.0,0.0,0.0,COST_OPT_90_SNAP,snapshot
AT,2050,oil_boiler,oil,0.0,0.0,0.0,0.0,COST_OPT_90_SNAP,snapshot
AT,2050,biomass_boiler,biomass,0.0,0.0,0.0,0.0,COST_OPT_90_SNAP,snapshot
AT,2050,resistance_heater,electricity,0.0,0.0,0.0,0.0,COST_OPT_90_SNAP,snapshot
AT,2050,hp_air,electricity,0.34878144,21905402.25379384,6588090.903396644,32940.45451698322,COST_OPT_90_SNAP,snapshot
AT,2050,hp_ground,electricity,0.0,0.0,0.0,0.0,COST_OPT_90_SNAP,snapshot
AT,2050,district_heat,district_heat,0.65121856,40900125.052343324,42165077.37354982,337320.6189883986,COST_OPT_90_SNAP,snapshot
AT,2050,h2_boiler,hydrogen,0.0,0.0,0.0,0.0,COST_OPT_90_SNAP,snapshot
BE,2025,gas_boiler,gas,0.0,0.0,0.0,0.0,COST_OPT_90_SNAP,snapshot
BE,2025,oil_boiler,oil,0.0,0.0,0.0,0.0,COST_OPT_90_SNAP,snapshot
BE,2025,biomass_boiler,biomass,0.0,0.0,0.0,0.0,COST_OPT_90_SNAP,snapshot
BE,2025,resistance_heater,electricity,0.0,0.0,0.0,0.0,COST_OPT_90_SNAP,snapshot
BE,2025,hp_air,electricity,0.0,0.0,0.0,0.0,COST_OPT_90_SNAP,snapshot
BE,2025,hp_ground,electricity,0.0,0.0,0.0,0.0,COST_OPT_90_SNAP,snapshot
BE,2025,district_heat,district_heat,1.0,132804633.89779748,139794351.47136578,11183548.117709262,COST_OPT_90_SNAP,snapshot
BE,2025,h2_boiler,hydrogen,0.0,0.0,0.0,0.0,COST_OPT_90_SNAP,snapshot
BE,2030,gas_boiler,gas,0.49171416,63635449.67931811,68869534.2849763,13911645.925565215,COST_OPT_90_SNAP,snapshot
BE,2030,oil_boiler,oil,0.0,0.0,0.0,0.0,COST_OPT_90_SNAP,snapshot
BE,2030,biomass_boiler,biomass,0.0,0.0,0.0,0.0,COST_OPT_90_SNAP,snapshot
BE,2030,resistance_heater,electricity,0.0,0.0,0.0,0.0,COST_OPT_90_SNAP,snapshot
BE,2030,hp_air,electricity,0.0,0.0,0.0,0.0,COST_OPT_90_SNAP,snapshot
BE,2030,hp_ground,electricity,0.0,0.0,0.0,0.0,COST_OPT_90_SNAP,snapshot
BE,2030,district_heat,district_heat,0.50828584,65780082.46504419,68951868.411996,3447593.420599801,COST_OPT_90_SNAP,snapshot
BE,2030,h2_boiler,hydrogen,0.0,0.0,0.0,0.0,COST_OPT_90_SNAP,snapshot
BE,2040,gas_boiler,gas,0.0,0.0,0.0,0.0,COST_OPT_90_SNAP,snapshot
BE,2040,oil_boiler,oil,0.0,0.0,0.0,0.0,COST_OPT_90_SNAP,snapshot
BE,2040,biomass_boiler,biomass,0.0,0.0,0.0,0.0,COST_OPT_90_SNAP,snapshot
BE,2040,resistance_heater,electricity,0.0,0.0,0.0,0.0,COST_OPT_90_SNAP,snapshot
BE,2040,hp_air,electricity,0.49171416,60130282.096559696,17581953.82940342,703278.1531761369,COST_OPT_90_SNAP,snapshot
BE,2040,hp_ground,electricity,0.0,0.0,0.0,0.0,COST_OPT_90_SNAP,snapshot
BE,2040,district_heat,district_heat,0.50828584,62156784.227826186,64612041.816867135,1292240.8363373429,COST_OPT_90_SNAP,snapshot
BE,2040,h2_boiler,hydrogen,0.0,0.0,0.0,0.0,COST_OPT_90_SNAP,snapshot
BE,2050,gas_boiler,gas,0.0,0.0,0.0,0.0,COST_OPT_90_SNAP,snapshot
BE,2050,oil_boiler,oil,0.0,0.0,0.0,0.0,COST_OPT_90_SNAP,snapshot
BE,2050,biomass_boiler,biomass,0.0,0.0,0.0,0.0,COST_OPT_90_SNAP,snapshot
BE,2050,resistance_heater,electricity,0.0,0.0,0.0,0.0,COST_OPT_90_SNAP,snapshot
BE,2050,hp_air,electricity,0.49171416,56315895.50767519,16090255.859335769,128722.04687468616,COST_OPT_90_SNAP,snapshot
BE,2050,hp_ground,electricity,0.0,0.0,0.0,0.0,COST_OPT_90_SNAP,snapshot
BE,2050,district_heat,district_heat,0.50828584,58213845.72994789,60014273.94839989,480114.1915871991,COST_OPT_90_SNAP,snapshot
BE,2050,h2_boiler,hydrogen,0.0,0.0,0.0,0.0,COST_OPT_90_SNAP,snapshot
BG,2025,gas_boiler,gas,0.0,0.0,0.0,0.0,COST_OPT_90_SNAP,snapshot
BG,2025,oil_boiler,oil,0.0,0.0,0.0,0.0,COST_OPT_90_SNAP,snapshot
BG,2025,biomass_boiler,biomass,0.0,0.0,0.0,0.0,COST_OPT_90_SNAP,snapshot
BG,2025,resistance_heater,electricity,0.0,0.0,0.0,0.0,COST_OPT_90_SNAP,snapshot
BG,2025,hp_air,electricity,0.0,0.0,0.0,0.0,COST_OPT_90_SNAP,snapshot
BG,2025,hp_ground,electricity,0.0,0.0,0.0,0.0,COST_OPT_90_SNAP,snapshot
BG,2025,district_heat,district_heat,1.0,35588354.33533487,37461425.61614197,8241513.635551232,COST_OPT_90_SNAP,snapshot
BG,2025,h2_boiler,hydrogen,0.0,0.0,0.0,0.0,COST_OPT_90_SNAP,snapshot
BG,2030,gas_boiler,gas,0.0,0.0,0.0,0.0,COST_OPT_90_SNAP,snapshot
BG,2030,oil_boiler,oil,0.0,0.0,0.0,0.0,COST_OPT_90_SNAP,snapshot
BG,2030,biomass_boiler,biomass,0.0,0.0,0.0,0.0,COST_OPT_90_SNAP,snapshot
BG,2030,resistance_heater,electricity,0.0,0.0,0.0,0.0,COST_OPT_90_SNAP,snapshot
BG,2030,hp_air,electricity,0.49855033,17318226.92661506,5345461.734247503,1069092.3468495007,COST_OPT_90_SNAP,snapshot
BG,2030,hp_ground,electricity,0.0,0.0,0.0,0.0,COST_OPT_90_SNAP,snapshot
BG,2030,district_heat,district_heat,0.50144967,17418941.789360035,18258848.835807167,2556238.8370130034,COST_OPT_90_SNAP,snapshot
BG,2030,h2_boiler,hydrogen,0.0,0.0,0.0,0.0,COST_OPT_90_SNAP,snapshot
BG,2040,gas_boiler,gas,0.0,0.0,0.0,0.0,COST_OPT_90_SNAP,snapshot
BG,2040,oil_boiler,oil,0.0,0.0,0.0,0.0,COST_OPT_90_SNAP,snapshot
BG,2040,biomass_boiler,biomass,0.0,0.0,0.0,0.0,COST_OPT_90_SNAP,snapshot
BG,2040,resistance_heater,electricity,0.0,0.0,0.0,0.0,COST_OPT_90_SNAP,snapshot
BG,2040,hp_air,electricity,0.49855033,16711628.167559283,5037568.025429337,403005.44203434704,COST_OPT_90_SNAP,snapshot
BG,2040,hp_ground,electricity,0.0,0.0,0.0,0.0,COST_OPT_90_SNAP,snapshot
BG,2040,district_heat,district_heat,0.50144967,16808815.330210105,17472781.008534413,1135730.7655547368,COST_OPT_90_SNAP,snapshot
BG,2040,h2_boiler,hydrogen,0.0,0.0,0.0,0.0,COST_OPT_90_SNAP,snapshot
BG,2050,gas_boiler,gas,0.0,0.0,0.0,0.0,COST_OPT_90_SNAP,snapshot
BG,2050,oil_boiler,oil,0.0,0.0,0.0,0.0,COST_OPT_90_SNAP,snapshot
BG,2050,biomass_boiler,biomass,0.0,0.0,0.0,0.0,COST_OPT_90_SNAP,snapshot
BG,2050,resistance_heater,electricity,0.0,0.0,0.0,0.0,COST_OPT_90_SNAP,snapshot
BG,2050,hp_air,electricity,0.49855033,16495260.57911686,4858692.364982875,97173.8472996575,COST_OPT_90_SNAP,snapshot
BG,2050,hp_ground,electricity,0.0,0.0,0.0,0.0,COST_OPT_90_SNAP,snapshot
BG,2050,district_heat,district_heat,0.50144967,16591189.447135974,17104319.017665952,376295.01838865096,COST_OPT_90_SNAP,snapshot
BG,2050,h2_boiler,hydrogen,0.0,0.0,0.0,0.0,COST_OPT_90_SNAP,snapshot
CH,2025,gas_boiler,gas,0.0,0.0,0.0,0.0,COST_OPT_90_SNAP,snapshot
CH,2025,oil_boiler,oil,0.0,0.0,0.0,0.0,COST_OPT_90_SNAP,snapshot
CH,2025,biomass_boiler,biomass,0.0,0.0,0.0,0.0,COST_OPT_90_SNAP,snapshot
CH,2025,resistance_heater,electricity,0.0,0.0,0.0,0.0,COST_OPT_90_SNAP,snapshot
CH,2025,hp_air,electricity,0.0,0.0,0.0,0.0,COST_OPT_90_SNAP,snapshot
CH,2025,hp_ground,electricity,0.0,0.0,0.0,0.0,COST_OPT_90_SNAP,snapshot
CH,2025,district_heat,district_heat,1.0,86769825.0255399,91336657.92162095,5480199.475297257,COST_OPT_90_SNAP,snapshot
CH,2025,h2_boiler,hydrogen,0.0,0.0,0.0,0.0,COST_OPT_90_SNAP,snapshot
CH,2030,gas_boiler,gas,0.0,0.0,0.0,0.0,COST_OPT_90_SNAP,snapshot
CH,2030,oil_boiler,oil,0.0,0.0,0.0,0.0,COST_OPT_90_SNAP,snapshot
CH,2030,biomass_boiler,biomass,0.0,0.0,0.0,0.0,COST_OPT_90_SNAP,snapshot
CH,2030,resistance_heater,electricity,0.0,0.0,0.0,0.0,COST_OPT_90_SNAP,snapshot
CH,2030,hp_air,electricity,0.32023728,27473030.84183319,8479853.95451361,254395.61863540823,COST_OPT_90_SNAP,snapshot
CH,2030,hp_ground,electricity,0.0,0.0,0.0,0.0,COST_OPT_90_SNAP,snapshot
CH,2030,district_heat,district_heat,0.67976272,58316577.54427723,61128487.991904855,2139497.0797166703,COST_OPT_90_SNAP,snapshot
CH,2030,h2_boiler,hydrogen,0.0,0.0,0.0,0.0,COST_OPT_90_SNAP,snapshot
CH,2040,gas_boiler,gas,0.0,0.0,0.0,0.0,COST_OPT_90_SNAP,snapshot
CH,2040,oil_boiler,oil,0.0,0.0,0.0,0.0,COST_OPT_90_SNAP,snapshot
CH,2040,biomass_boiler,biomass,0.0,0.0,0.0,0.0,COST_OPT_90_SNAP,snapshot
CH,2040,resistance_heater,electricity,0.0,0.0,0.0,0.0,COST_OPT_90_SNAP,snapshot
CH,2040,hp_air,electricity,0.32023728,26263466.239282597,7916882.570471634,95002.59084565961,COST_OPT_90_SNAP,snapshot
CH,2040,hp_ground,electricity,0.0,0.0,0.0,0.0,COST_OPT_90_SNAP,snapshot
CH,2040,district_heat,district_heat,0.67976272,55749053.4751073,57951199.03857308,869267.985578596,COST_OPT_90_SNAP,snapshot
CH,2040,h2_boiler,hydrogen,0.0,0.0,0.0,0.0,COST_OPT_90_SNAP,snapshot
CH,2050,gas_boiler,gas,0.0,0.0,0.0,0.0,COST_OPT_90_SNAP,snapshot
CH,2050,oil_boiler,oil,0.0,0.0,0.0,0.0,COST_OPT_90_SNAP,snapshot
CH,2050,biomass_boiler,biomass,0.0,0.0,0.0,0.0,COST_OPT_90_SNAP,snapshot
CH,2050,resistance_heater,electricity,0.0,0.0,0.0,0.0,COST_OPT_90_SNAP,snapshot
CH,2050,hp_air,electricity,0.32023728,24612712.275107954,7249694.337292476,36248.47168646238,COST_OPT_90_SNAP,snapshot
CH,2050,hp_ground,electricity,0.0,0.0,0.0,0.0,COST_OPT_90_SNAP,snapshot
CH,2050,district_heat,district_heat,0.67976272,52245023.57347268,53860849.044817194,269304.245224086,COST_OPT_90_SNAP,snapshot
CH,2050,h2_boiler,hydrogen,0.0,0.0,0.0,0.0,COST_OPT_90_SNAP,snapshot
CY,2025,gas_boiler,gas,0.0,0.0,0.0,0.0,COST_OPT_90_SNAP,snapshot
CY,2025,oil_boiler,oil,0.0,0.0,0.0,0.0,COST_OPT_90_SNAP,snapshot
CY,2025,biomass_boiler,biomass,0.0,0.0,0.0,0.0,COST_OPT_90_SNAP,snapshot
CY,2025,resistance_heater,electricity,0.0,0.0,0.0,0.0,COST_OPT_90_SNAP,snapshot
CY,2025,hp_air,electricity,0.0,0.0,0.0,0.0,COST_OPT_90_SNAP,snapshot
CY,2025,hp_ground,electricity,0.0,0.0,0.0,0.0,COST_OPT_90_SNAP,snapshot
CY,2025,district_heat,district_heat,1.0,3254351.6343463436,3425633.2993119406,274050.6639449553,COST_OPT_90_SNAP,snapshot
CY,2025,h2_boiler,hydrogen,0.0,0.0,0.0,0.0,COST_OPT_90_SNAP,snapshot
CY,2030,gas_boiler,gas,0.3,1017458.7245383576,1101145.805777443,222431.45276704355,COST_OPT_90_SNAP,snapshot
CY,2030,oil_boiler,oil,0.0,0.0,0.0,0.0,COST_OPT_90_SNAP,snapshot
CY,2030,biomass_boiler,biomass,0.0,0.0,0.0,0.0,COST_OPT_90_SNAP,snapshot
CY,2030,resistance_heater,electricity,0.0,0.0,0.0,0.0,COST_OPT_90_SNAP,snapshot
CY,2030,hp_air,electricity,0.0,0.0,0.0,0.0,COST_OPT_90_SNAP,snapshot
CY,2030,hp_ground,electricity,0.0,0.0,0.0,0.0,COST_OPT_90_SNAP,snapshot
CY,2030,district_heat,district_heat,0.7,2374070.3572561676,2488543.351421559,124427.16757107798,COST_OPT_90_SNAP,snapshot
CY,2030,h2_boiler,hydrogen,0.0,0.0,0.0,0.0,COST_OPT_90_SNAP,snapshot
CY,2040,gas_boiler,gas,0.3,1088610.7697164475,1168037.306562712,235943.53592566782,COST_OPT_90_SNAP,snapshot
CY,2040,oil_boiler,oil,0.0,0.0,0.0,0.0,COST_OPT_90_SNAP,snapshot
CY,2040,biomass_boiler,biomass,0.0,0.0,0.0,0.0,COST_OPT_90_SNAP,snapshot
CY,2040,resistance_heater,electricity,0.0,0.0,0.0,0.0,COST_OPT_90_SNAP,snapshot
CY,2040,hp_air,electricity,0.0,0.0,0.0,0.0,COST_OPT_90_SNAP,snapshot
CY,2040,hp_ground,electricity,0.0,0.0,0.0,0.0,COST_OPT_90_SNAP,snapshot
CY,2040,district_heat,district_heat,0.7,2540091.796005044,2640428.0623753057,52808.56124750612,COST_OPT_90_SNAP,snapshot
CY,2040,h2_boiler,hydrogen,0.0,0.0,0.0,0.0,COST_OPT_90_SNAP,snapshot
CY,2050,gas_boiler,gas,0.062458098,240968.16105217487,256349.1075023137,51782.51971546737,COST_OPT_90_SNAP,snapshot
CY,2050,oil_boiler,oil,0.0,0.0,0.0,0.0,COST_OPT_90_SNAP,snapshot
CY,2050,biomass_boiler,biomass,0.0,0.0,0.0,0.0,COST_OPT_90_SNAP,snapshot
CY,2050,resistance_heater,electricity,0.0,0.0,0.0,0.0,COST_OPT_90_SNAP,snapshot
CY,2050,hp_air,electricity,0.2375419,916454.9777971084,193958.72545970546,3879.174509194109,COST_OPT_90_SNAP,snapshot
CY,2050,hp_ground,electricity,0.0,0.0,0.0,0.0,COST_OPT_90_SNAP,snapshot
CY,2050,district_heat,district_heat,0.7,2700654.0086526875,2784179.3903635954,22273.435122908762,COST_OPT_90_SNAP,snapshot
CY,2050,h2_boiler,hydrogen,0.0,0.0,0.0,0.0,COST_OPT_90_SNAP,snapshot
CZ,2025,gas_boiler,gas,0.0,0.0,0.0,0.0,COST_OPT_90_SNAP,snapshot
CZ,2025,oil_boiler,oil,0.0,0.0,0.0,0.0,COST_OPT_90_SNAP,snapshot
CZ,2025,biomass_boiler,biomass,1.0,77895026.65250817,88517075.74148655,0.0,COST_OPT_90_SNAP,snapshot
CZ,2025,resistance_heater,electricity,0.0,0.0,0.0,0.0,COST_OPT_90_SNAP,snapshot
CZ,2025,hp_air,electricity,0.0,0.0,0.0,0.0,COST_OPT_90_SNAP,snapshot
CZ,2025,hp_ground,electricity,0.0,0.0,0.0,0.0,COST_OPT_90_SNAP,snapshot
CZ,2025,district_heat,district_heat,0.0,0.0,0.0,0.0,COST_OPT_90_SNAP,snapshot
CZ,2025,h2_boiler,hydrogen,0.0,0.0,0.0,0.0,COST_OPT_90_SNAP,snapshot
CZ,2030,gas_boiler,gas,0.24233229,18869774.359926224,20421833.72286388,4125210.4120185035,COST_OPT_90_SNAP,snapshot
CZ,2030,oil_boiler,oil,0.0,0.0,0.0,0.0,COST_OPT_90_SNAP,snapshot
CZ,2030,biomass_boiler,biomass,0.18,14016123.83057462,15855343.699745046,0.0,COST_OPT_90_SNAP,snapshot
CZ,2030,resistance_heater,electricity,0.0,0.0,0.0,0.0,COST_OPT_90_SNAP,snapshot
CZ,2030,hp_air,electricity,0.0,0.0,0.0,0.0,COST_OPT_90_SNAP,snapshot
CZ,2030,hp_ground,electricity,0.0,0.0,0.0,0.0,COST_OPT_90_SNAP,snapshot
CZ,2030,district_heat,district_heat,0.57766771,44981456.42380261,47150373.60985599,7544059.777576958,COST_OPT_90_SNAP,snapshot
CZ,2030,h2_boiler,hydrogen,0.0,0.0,0.0,0.0,COST_OPT_90_SNAP,snapshot
CZ,2040,gas_boiler,gas,0.0,0.0,0.0,0.0,COST_OPT_90_SNAP,snapshot
CZ,2040,oil_boiler,oil,0.0,0.0,0.0,0.0,COST_OPT_90_SNAP,snapshot
CZ,2040,biomass_boiler,biomass,0.0,0.0,0.0,0.0,COST_OPT_90_SNAP,snapshot
CZ,2040,resistance_heater,electricity,0.0,0.0,0.0,0.0,COST_OPT_90_SNAP,snapshot
CZ,2040,hp_air,electricity,0.34010643,26383103.660726592,8295008.382294722,829500.8382294723,COST_OPT_90_SNAP,snapshot
CZ,2040,hp_ground,electricity,0.082225861,6378513.379930793,1672833.3018439007,167283.3301843901,COST_OPT_90_SNAP,snapshot
CZ,2040,district_heat,district_heat,0.57766771,44811464.08900456,46581563.50208375,3493617.262656281,COST_OPT_90_SNAP,snapshot
CZ,2040,h2_boiler,hydrogen,0.0,0.0,0.0,0.0,COST_OPT_90_SNAP,snapshot
CZ,2050,gas_boiler,gas,0.0,0.0,0.0,0.0,COST_OPT_90_SNAP,snapshot
CZ,2050,oil_boiler,oil,0.0,0.0,0.0,0.0,COST_OPT_90_SNAP,snapshot
CZ,2050,biomass_boiler,biomass,0.0,0.0,0.0,0.0,COST_OPT_90_SNAP,snapshot
CZ,2050,resistance_heater,electricity,0.0,0.0,0.0,0.0,COST_OPT_90_SNAP,snapshot
CZ,2050,hp_air,electricity,0.34010643,26568858.419518925,8162475.7049213275,163249.51409842656,COST_OPT_90_SNAP,snapshot
CZ,2050,hp_ground,electricity,0.082225861,6423422.395548483,1606257.1631779154,32125.143263558304,COST_OPT_90_SNAP,snapshot
CZ,2050,district_heat,district_heat,0.57766771,45126966.87480362,46522646.262684144,1163066.1565671037,COST_OPT_90_SNAP,snapshot
CZ,2050,h2_boiler,hydrogen,0.0,0.0,0.0,0.0,COST_OPT_90_SNAP,snapshot
DE,2025,gas_boiler,gas,0.0,0.0,0.0,0.0,COST_OPT_90_SNAP,snapshot
DE,2025,oil_boiler,oil,0.0,0.0,0.0,0.0,COST_OPT_90_SNAP,snapshot
DE,2025,biomass_boiler,biomass,0.0,0.0,0.0,0.0,COST_OPT_90_SNAP,snapshot
DE,2025,resistance_heater,electricity,0.0,0.0,0.0,0.0,COST_OPT_90_SNAP,snapshot
DE,2025,hp_air,electricity,0.0,0.0,0.0,0.0,COST_OPT_90_SNAP,snapshot
DE,2025,hp_ground,electricity,0.0,0.0,0.0,0.0,COST_OPT_90_SNAP,snapshot
DE,2025,district_heat,district_heat,1.0,765821874.566804,806128289.0176885,112857960.4624764,COST_OPT_90_SNAP,snapshot
DE,2025,h2_boiler,hydrogen,0.0,0.0,0.0,0.0,COST_OPT_90_SNAP,snapshot
DE,2030,gas_boiler,gas,0.35803367,266640867.30647987,288572367.21480507,58291618.17739062,COST_OPT_90_SNAP,snapshot
DE,2030,oil_boiler,oil,0.0,0.0,0.0,0.0,COST_OPT_90_SNAP,snapshot
DE,2030,biomass_boiler,biomass,0.12,89368421.90506156,101095499.89260358,0.0,COST_OPT_90_SNAP,snapshot
DE,2030,resistance_heater,electricity,0.0,0.0,0.0,0.0,COST_OPT_90_SNAP,snapshot
DE,2030,hp_air,electricity,0.0,0.0,0.0,0.0,COST_OPT_90_SNAP,snapshot
DE,2030,hp_ground,electricity,0.0,0.0,0.0,0.0,COST_OPT_90_SNAP,snapshot
DE,2030,district_heat,district_heat,0.52196633,388727559.997305,407471236.89444965,36672411.32050047,COST_OPT_90_SNAP,snapshot
DE,2030,h2_boiler,hydrogen,0.0,0.0,0.0,0.0,COST_OPT_90_SNAP,snapshot
DE,2040,gas_boiler,gas,0.0,0.0,0.0,0.0,COST_OPT_90_SNAP,snapshot
DE,2040,oil_boiler,oil,0.0,0.0,0.0,0.0,COST_OPT_90_SNAP,snapshot
DE,2040,biomass_boiler,biomass,0.12,84294081.13120435,94500090.95426497,0.0,COST_OPT_90_SNAP,snapshot
DE,2040,resistance_heater,electricity,0.0,0.0,0.0,0.0,COST_OPT_90_SNAP,snapshot
DE,2040,hp_air,electricity,0.35803367,251500993.5556904,76602398.1346523,6128191.850772184,COST_OPT_90_SNAP,snapshot
DE,2040,hp_ground,electricity,0.0,0.0,0.0,0.0,COST_OPT_90_SNAP,snapshot
DE,2040,district_heat,district_heat,0.52196633,366655601.4064749,381138878.80090946,15245555.152036378,COST_OPT_90_SNAP,snapshot
DE,2040,h2_boiler,hydrogen,0.0,0.0,0.0,0.0,COST_OPT_90_SNAP,snapshot
DE,2050,gas_boiler,gas,0.0,0.0,0.0,0.0,COST_OPT_90_SNAP,snapshot
DE,2050,oil_boiler,oil,0.0,0.0,0.0,0.0,COST_OPT_90_SNAP,snapshot
DE,2050,biomass_boiler,biomass,0.0,0.0,0.0,0.0,COST_OPT_90_SNAP,snapshot
DE,2050,resistance_heater,electricity,0.0,0.0,0.0,0.0,COST_OPT_90_SNAP,snapshot
DE,2050,hp_air,electricity,0.47803367,315833349.54567796,93998020.69811845,1409970.3104717766,COST_OPT_90_SNAP,snapshot
DE,2050,hp_ground,electricity,0.0,0.0,0.0,0.0,COST_OPT_90_SNAP,snapshot
DE,2050,district_heat,district_heat,0.52196633,344859336.69476604,355525089.3760475,5332876.3406407125,COST_OPT_90_SNAP,snapshot
DE,2050,h2_boiler,hydrogen,0.0,0.0,0.0,0.0,COST_OPT_90_SNAP,snapshot
DK,2025,gas_boiler,gas,0.0,0.0,0.0,0.0,COST_OPT_90_SNAP,snapshot
DK,2025,oil_boiler,oil,0.0,0.0,0.0,0.0,COST_OPT_90_SNAP,snapshot
DK,2025,biomass_boiler,biomass,1.0,51667962.42126611,58713593.660529666,0.0,COST_OPT_90_SNAP,snapshot
DK,2025,resistance_heater,electricity,0.0,0.0,0.0,0.0,COST_OPT_90_SNAP,snapshot
DK,2025,hp_air,electricity,0.0,0.0,0.0,0.0,COST_OPT_90_SNAP,snapshot
DK,2025,hp_ground,electricity,0.0,0.0,0.0,0.0,COST_OPT_90_SNAP,snapshot
DK,2025,district_heat,district_heat,0.0,0.0,0.0,0.0,COST_OPT_90_SNAP,snapshot
DK,2025,h2_boiler,hydrogen,0.0,0.0,0.0,0.0,COST_OPT_90_SNAP,snapshot
DK,2030,gas_boiler,gas,0.0,0.0,0.0,0.0,COST_OPT_90_SNAP,snapshot
DK,2030,oil_boiler,oil,0.0,0.0,0.0,0.0,COST_OPT_90_SNAP,snapshot
DK,2030,biomass_boiler,biomass,0.1,5148013.676264716,5823544.882652394,0.0,COST_OPT_90_SNAP,snapshot
DK,2030,resistance_heater,electricity,0.0,0.0,0.0,0.0,COST_OPT_90_SNAP,snapshot
DK,2030,hp_air,electricity,0.40978976,21096032.888732355,6865410.338691862,480578.7237084305,COST_OPT_90_SNAP,snapshot
DK,2030,hp_ground,electricity,0.0,0.0,0.0,0.0,COST_OPT_90_SNAP,snapshot
DK,2030,district_heat,district_heat,0.49021024,25236090.19765009,26452924.735482275,740681.8925935037,COST_OPT_90_SNAP,snapshot
DK,2030,h2_boiler,hydrogen,0.0,0.0,0.0,0.0,COST_OPT_90_SNAP,snapshot
DK,2040,gas_boiler,gas,0.0,0.0,0.0,0.0,COST_OPT_90_SNAP,snapshot
DK,2040,oil_boiler,oil,0.0,0.0,0.0,0.0,COST_OPT_90_SNAP,snapshot
DK,2040,biomass_boiler,biomass,0.0,0.0,0.0,0.0,COST_OPT_90_SNAP,snapshot
DK,2040,resistance_heater,electricity,0.0,0.0,0.0,0.0,COST_OPT_90_SNAP,snapshot
DK,2040,hp_air,electricity,0.50978976,25756268.73035777,8185948.61758129,204648.71543953227,COST_OPT_90_SNAP,snapshot
DK,2040,hp_ground,electricity,0.0,0.0,0.0,0.0,COST_OPT_90_SNAP,snapshot
DK,2040,district_heat,district_heat,0.49021024,24767046.469927486,25745370.550860174,308944.4466103221,COST_OPT_90_SNAP,snapshot
DK,2040,h2_boiler,hydrogen,0.0,0.0,0.0,0.0,COST_OPT_90_SNAP,snapshot
DK,2050,gas_boiler,gas,0.0,0.0,0.0,0.0,COST_OPT_90_SNAP,snapshot
DK,2050,oil_boiler,oil,0.0,0.0,0.0,0.0,COST_OPT_90_SNAP,snapshot
DK,2050,biomass_boiler,biomass,0.0,0.0,0.0,0.0,COST_OPT_90_SNAP,snapshot
DK,2050,resistance_heater,electricity,0.0,0.0,0.0,0.0,COST_OPT_90_SNAP,snapshot
DK,2050,hp_air,electricity,0.50978976,25069317.108600445,7785502.207639889,38927.511038199445,COST_OPT_90_SNAP,snapshot
DK,2050,hp_ground,electricity,0.0,0.0,0.0,0.0,COST_OPT_90_SNAP,snapshot
DK,2050,district_heat,district_heat,0.49021024,24106478.632374123,24852039.827189818,124260.19913594908,COST_OPT_90_SNAP,snapshot
DK,2050,h2_boiler,hydrogen,0.0,0.0,0.0,0.0,COST_OPT_90_SNAP,snapshot
EE,2025,gas_boiler,gas,0.0,0.0,0.0,0.0,COST_OPT_90_SNAP,snapshot
EE,2025,oil_boiler,oil,0.0,0.0,0.0,0.0,COST_OPT_90_SNAP,snapshot
EE,2025,biomass_boiler,biomass,1.0,10785223.90586981,12255936.256670238,0.0,COST_OPT_90_SNAP,snapshot
EE,2025,resistance_heater,electricity,0.0,0.0,0.0,0.0,COST_OPT_90_SNAP,snapshot
EE,2025,hp_air,electricity,0.0,0.0,0.0,0.0,COST_OPT_90_SNAP,snapshot
EE,2025,hp_ground,electricity,0.0,0.0,0.0,0.0,COST_OPT_90_SNAP,snapshot
EE,2025,district_heat,district_heat,0.0,0.0,0.0,0.0,COST_OPT_90_SNAP,snapshot
EE,2025,h2_boiler,hydrogen,0.0,0.0,0.0,0.0,COST_OPT_90_SNAP,snapshot
EE,2030,gas_boiler,gas,0.0,0.0,0.0,0.0,COST_OPT_90_SNAP,snapshot
EE,2030,oil_boiler,oil,0.0,0.0,0.0,0.0,COST_OPT_90_SNAP,snapshot
EE,2030,biomass_boiler,biomass,0.4,4359303.518234525,4931338.821532268,0.0,COST_OPT_90_SNAP,snapshot
EE,2030,resistance_heater,electricity,0.0,0.0,0.0,0.0,COST_OPT_90_SNAP,snapshot
EE,2030,hp_air,electricity,0.022834601,248857.391191954,84668.41017690324,12700.261526535485,COST_OPT_90_SNAP,snapshot
EE,2030,hp_ground,electricity,0.0,0.0,0.0,0.0,COST_OPT_90_SNAP,snapshot
EE,2030,district_heat,district_heat,0.5771654,6290097.897058093,6593394.022073473,527471.5217658778,COST_OPT_90_SNAP,snapshot
EE,2030,h2_boiler,hydrogen,0.0,0.0,0.0,0.0,COST_OPT_90_SNAP,snapshot
EE,2040,gas_boiler,gas,0.0,0.0,0.0,0.0,COST_OPT_90_SNAP,snapshot
EE,2040,oil_boiler,oil,0.0,0.0,0.0,0.0,COST_OPT_90_SNAP,snapshot
EE,2040,biomass_boiler,biomass,0.0,0.0,0.0,0.0,COST_OPT_90_SNAP,snapshot
EE,2040,resistance_heater,electricity,0.0,0.0,0.0,0.0,COST_OPT_90_SNAP,snapshot
EE,2040,hp_air,electricity,0.3466362,3881017.804668001,1289546.054182616,77372.76325095697,COST_OPT_90_SNAP,snapshot
EE,2040,hp_ground,electricity,0.0761984,853134.6324683175,236456.38372181752,14187.383023309052,COST_OPT_90_SNAP,snapshot
EE,2040,district_heat,district_heat,0.5771654,6462075.206335428,6717333.8943195725,214954.6846182263,COST_OPT_90_SNAP,snapshot
EE,2040,h2_boiler,hydrogen,0.0,0.0,0.0,0.0,COST_OPT_90_SNAP,snapshot
EE,2050,gas_boiler,gas,0.0,0.0,0.0,0.0,COST_OPT_90_SNAP,snapshot
EE,2050,oil_boiler,oil,0.0,0.0,0.0,0.0,COST_OPT_90_SNAP,snapshot
EE,2050,biomass_boiler,biomass,0.0,0.0,0.0,0.0,COST_OPT_90_SNAP,snapshot
EE,2050,resistance_heater,electricity,0.0,0.0,0.0,0.0,COST_OPT_90_SNAP,snapshot
EE,2050,hp_air,electricity,0.3466362,4025013.598954241,1306822.5970630653,19602.338955945976,COST_OPT_90_SNAP,snapshot
EE,2050,hp_ground,electricity,0.0761984,884788.1329721328,233823.50237107105,3507.3525355660654,COST_OPT_90_SNAP,snapshot
EE,2050,district_heat,district_heat,0.5771654,6701834.903122825,6909108.147549304,69091.08147549303,COST_OPT_90_SNAP,snapshot
EE,2050,h2_boiler,hydrogen,0.0,0.0,0.0,0.0,COST_OPT_90_SNAP,snapshot
EL,2025,gas_boiler,gas,0.0,0.0,0.0,0.0,COST_OPT_90_SNAP,snapshot
EL,2025,oil_boiler,oil,0.0,0.0,0.0,0.0,COST_OPT_90_SNAP,snapshot
EL,2025,biomass_boiler,biomass,0.0,0.0,0.0,0.0,COST_OPT_90_SNAP,snapshot
EL,2025,resistance_heater,electricity,0.0,0.0,0.0,0.0,COST_OPT_90_SNAP,snapshot
EL,2025,hp_air,electricity,0.0,0.0,0.0,0.0,COST_OPT_90_SNAP,snapshot
EL,2025,hp_ground,electricity,0.0,0.0,0.0,0.0,COST_OPT_90_SNAP,snapshot
EL,2025,district_heat,district_heat,1.0,63044228.059066445,66362345.3253331,5308987.626026649,COST_OPT_90_SNAP,snapshot
EL,2025,h2_boiler,hydrogen,0.0,0.0,0.0,0.0,COST_OPT_90_SNAP,snapshot
EL,2030,gas_boiler,gas,0.0,0.0,0.0,0.0,COST_OPT_90_SNAP,snapshot
EL,2030,oil_boiler,oil,0.0,0.0,0.0,0.0,COST_OPT_90_SNAP,snapshot
EL,2030,biomass_boiler,biomass,0.0,0.0,0.0,0.0,COST_OPT_90_SNAP,snapshot
EL,2030,resistance_heater,electricity,0.0,0.0,0.0,0.0,COST_OPT_90_SNAP,snapshot
EL,2030,hp_air,electricity,0.41029464,25420559.81595315,6342455.043900487,1014792.8070240779,COST_OPT_90_SNAP,snapshot
EL,2030,hp_ground,electricity,0.0,0.0,0.0,0.0,COST_OPT_90_SNAP,snapshot
EL,2030,district_heat,district_heat,0.58970536,36536281.28719445,38297988.77064408,1914899.4385322041,COST_OPT_90_SNAP,snapshot
EL,2030,h2_boiler,hydrogen,0.0,0.0,0.0,0.0,COST_OPT_90_SNAP,snapshot
EL,2040,gas_boiler,gas,0.0,0.0,0.0,0.0,COST_OPT_90_SNAP,snapshot
EL,2040,oil_boiler,oil,0.0,0.0,0.0,0.0,COST_OPT_90_SNAP,snapshot
EL,2040,biomass_boiler,biomass,0.0,0.0,0.0,0.0,COST_OPT_90_SNAP,snapshot
EL,2040,resistance_heater,electricity,0.0,0.0,0.0,0.0,COST_OPT_90_SNAP,snapshot
EL,2040,hp_air,electricity,0.41029464,24631204.52446356,6001755.488417047,360105.3293050228,COST_OPT_90_SNAP,snapshot
EL,2040,hp_ground,electricity,0.0,0.0,0.0,0.0,COST_OPT_90_SNAP,snapshot
EL,2040,district_heat,district_heat,0.58970536,35401762.33189985,36800168.74417864,736003.3748835728,COST_OPT_90_SNAP,snapshot
EL,2040,h2_boiler,hydrogen,0.0,0.0,0.0,0.0,COST_OPT_90_SNAP,snapshot
EL,2050,gas_boiler,gas,0.0,0.0,0.0,0.0,COST_OPT_90_SNAP,snapshot
EL,2050,oil_boiler,oil,0.0,0.0,0.0,0.0,COST_OPT_90_SNAP,snapshot
EL,2050,biomass_boiler,biomass,0.0,0.0,0.0,0.0,COST_OPT_90_SNAP,snapshot
EL,2050,resistance_heater,electricity,0.0,0.0,0.0,0.0,COST_OPT_90_SNAP,snapshot
EL,2050,hp_air,electricity,0.41029464,23871098.419765305,5683594.8618488815,56835.948618488816,COST_OPT_90_SNAP,snapshot
EL,2050,hp_ground,electricity,0.0,0.0,0.0,0.0,COST_OPT_90_SNAP,snapshot
EL,2050,district_heat,district_heat,0.58970536,34309282.43962224,35370394.2676518,282963.1541412143,COST_OPT_90_SNAP,snapshot
EL,2050,h2_boiler,hydrogen,0.0,0.0,0.0,0.0,COST_OPT_90_SNAP,snapshot
ES,2025,gas_boiler,gas,0.0,0.0,0.0,0.0,COST_OPT_90_SNAP,snapshot
ES,2025,oil_boiler,oil,0.0,0.0,0.0,0.0,COST_OPT_90_SNAP,snapshot
ES,2025,biomass_boiler,biomass,0.0,0.0,0.0,0.0,COST_OPT_90_SNAP,snapshot
ES,2025,resistance_heater,electricity,0.0,0.0,0.0,0.0,COST_OPT_90_SNAP,snapshot
ES,2025,hp_air,electricity,0.0,0.0,0.0,0.0,COST_OPT_90_SNAP,snapshot
ES,2025,hp_ground,electricity,0.0,0.0,0.0,0.0,COST_OPT_90_SNAP,snapshot
ES,2025,district_heat,district_heat,1.0,167305005.34659025,176110531.94377923,14088842.555502338,COST_OPT_90_SNAP,snapshot
ES,2025,h2_boiler,hydrogen,0.0,0.0,0.0,0.0,COST_OPT_90_SNAP,snapshot
ES,2030,gas_boiler,gas,0.3,48945602.645749696,52971431.43479404,10700229.149828397,COST_OPT_90_SNAP,snapshot
ES,2030,oil_boiler,oil,0.0,0.0,0.0,0.0,COST_OPT_90_SNAP,snapshot
ES,2030,biomass_boiler,biomass,0.0,0.0,0.0,0.0,COST_OPT_90_SNAP,snapshot
ES,2030,resistance_heater,electricity,0.0,0.0,0.0,0.0,COST_OPT_90_SNAP,snapshot
ES,2030,hp_air,electricity,0.0,0.0,0.0,0.0,COST_OPT_90_SNAP,snapshot
ES,2030,hp_ground,electricity,0.0,0.0,0.0,0.0,COST_OPT_90_SNAP,snapshot
ES,2030,district_heat,district_heat,0.7,114206406.17341594,119713214.01825571,5985660.700912786,COST_OPT_90_SNAP,snapshot
ES,2030,h2_boiler,hydrogen,0.0,0.0,0.0,0.0,COST_OPT_90_SNAP,snapshot
ES,2040,gas_boiler,gas,0.0,0.0,0.0,0.0,COST_OPT_90_SNAP,snapshot
ES,2040,oil_boiler,oil,0.0,0.0,0.0,0.0,COST_OPT_90_SNAP,snapshot
ES,2040,biomass_boiler,biomass,0.0,0.0,0.0,0.0,COST_OPT_90_SNAP,snapshot
ES,2040,resistance_heater,electricity,0.0,0.0,0.0,0.0,COST_OPT_90_SNAP,snapshot
ES,2040,hp_air,electricity,0.3,46308826.601739936,11774428.324876668,412104.9913706835,COST_OPT_90_SNAP,snapshot
ES,2040,hp_ground,electricity,0.0,0.0,0.0,0.0,COST_OPT_90_SNAP,snapshot
ES,2040,district_heat,district_heat,0.7,108053928.73739317,112322171.24469145,2246443.424893829,COST_OPT_90_SNAP,snapshot
ES,2040,h2_boiler,hydrogen,0.0,0.0,0.0,0.0,COST_OPT_90_SNAP,snapshot
ES,2050,gas_boiler,gas,0.0,0.0,0.0,0.0,COST_OPT_90_SNAP,snapshot
ES,2050,oil_boiler,oil,0.0,0.0,0.0,0.0,COST_OPT_90_SNAP,snapshot
ES,2050,biomass_boiler,biomass,0.0,0.0,0.0,0.0,COST_OPT_90_SNAP,snapshot
ES,2050,resistance_heater,electricity,0.0,0.0,0.0,0.0,COST_OPT_90_SNAP,snapshot
ES,2050,hp_air,electricity,0.3,43229436.97016656,10740232.78761902,85921.86230095218,COST_OPT_90_SNAP,snapshot
ES,2050,hp_ground,electricity,0.0,0.0,0.0,0.0,COST_OPT_90_SNAP,snapshot
ES,2050,district_heat,district_heat,0.7,100868686.26372197,103988336.35435255,831906.6908348204,COST_OPT_90_SNAP,snapshot
ES,2050,h2_boiler,hydrogen,0.0,0.0,0.0,0.0,COST_OPT_90_SNAP,snapshot
FI,2025,gas_boiler,gas,0.0,0.0,0.0,0.0,COST_OPT_90_SNAP,snapshot
FI,2025,oil_boiler,oil,0.0,0.0,0.0,0.0,COST_OPT_90_SNAP,snapshot
FI,2025,biomass_boiler,biomass,0.0,0.0,0.0,0.0,COST_OPT_90_SNAP,snapshot
FI,2025,resistance_heater,electricity,0.0,0.0,0.0,0.0,COST_OPT_90_SNAP,snapshot
FI,2025,hp_air,electricity,1.0,68926339.26987645,24572669.971435457,1965813.5977148365,COST_OPT_90_SNAP,snapshot
FI,2025,hp_ground,electricity,0.0,0.0,0.0,0.0,COST_OPT_90_SNAP,snapshot
FI,2025,district_heat,district_heat,0.0,0.0,0.0,0.0,COST_OPT_90_SNAP,snapshot
FI,2025,h2_boiler,hydrogen,0.0,0.0,0.0,0.0,COST_OPT_90_SNAP,snapshot
FI,2030,gas_boiler,gas,0.0,0.0,0.0,0.0,COST_OPT_90_SNAP,snapshot
FI,2030,oil_boiler,oil,0.0,0.0,0.0,0.0,COST_OPT_90_SNAP,snapshot
FI,2030,biomass_boiler,biomass,0.0,0.0,0.0,0.0,COST_OPT_90_SNAP,snapshot
FI,2030,resistance_heater,electricity,0.0,0.0,0.0,0.0,COST_OPT_90_SNAP,snapshot
FI,2030,hp_air,electricity,0.65745729,46439443.41142713,16357676.43938962,817883.8219694812,COST_OPT_90_SNAP,snapshot
FI,2030,hp_ground,electricity,0.0,0.0,0.0,0.0,COST_OPT_90_SNAP,snapshot
FI,2030,district_heat,district_heat,0.34254271,24195477.088773165,25362135.31317942,634053.3828294855,COST_OPT_90_SNAP,snapshot
FI,2030,h2_boiler,hydrogen,0.0,0.0,0.0,0.0,COST_OPT_90_SNAP,snapshot
FI,2040,gas_boiler,gas,0.0,0.0,0.0,0.0,COST_OPT_90_SNAP,snapshot
FI,2040,oil_boiler,oil,0.0,0.0,0.0,0.0,COST_OPT_90_SNAP,snapshot
FI,2040,biomass_boiler,biomass,0.0,0.0,0.0,0.0,COST_OPT_90_SNAP,snapshot
FI,2040,resistance_heater,electricity,0.0,0.0,0.0,0.0,COST_OPT_90_SNAP,snapshot
FI,2040,hp_air,electricity,0.65745729,48522154.45075103,16691487.59915756,333829.7519831512,COST_OPT_90_SNAP,snapshot
FI,2040,hp_ground,electricity,0.0,0.0,0.0,0.0,COST_OPT_90_SNAP,snapshot
FI,2040,district_heat,district_heat,0.34254271,25280593.178301845,26279202.888047658,262792.02888047654,COST_OPT_90_SNAP,snapshot
FI,2040,h2_boiler,hydrogen,0.0,0.0,0.0,0.0,COST_OPT_90_SNAP,snapshot
FI,2050,gas_boiler,gas,0.0,0.0,0.0,0.0,COST_OPT_90_SNAP,snapshot
FI,2050,oil_boiler,oil,0.0,0.0,0.0,0.0,COST_OPT_90_SNAP,snapshot
FI,2050,biomass_boiler,biomass,0.0,0.0,0.0,0.0,COST_OPT_90_SNAP,snapshot
FI,2050,resistance_heater,electricity,0.0,0.0,0.0,0.0,COST_OPT_90_SNAP,snapshot
FI,2050,hp_air,electricity,0.55877271,43089639.482262686,14483912.431012668,72419.56215506334,COST_OPT_90_SNAP,snapshot
FI,2050,hp_ground,electricity,0.098684578,7610040.383824815,2082090.3922913312,10410.451961456656,COST_OPT_90_SNAP,snapshot
FI,2050,district_heat,district_heat,0.34254271,26415108.714198403,27232070.8393798,136160.354196899,COST_OPT_90_SNAP,snapshot
FI,2050,h2_boiler,hydrogen,0.0,0.0,0.0,0.0,COST_OPT_90_SNAP,snapshot
FR,2025,gas_boiler,gas,0.0,0.0,0.0,0.0,COST_OPT_90_SNAP,snapshot
FR,2025,oil_boiler,oil,0.0,0.0,0.0,0.0,COST_OPT_90_SNAP,snapshot
FR,2025,biomass_boiler,biomass,0.0,0.0,0.0,0.0,COST_OPT_90_SNAP,snapshot
FR,2025,resistance_heater,electricity,0.0,0.0,0.0,0.0,COST_OPT_90_SNAP,snapshot
FR,2025,hp_air,electricity,0.0,0.0,0.0,0.0,COST_OPT_90_SNAP,snapshot
FR,2025,hp_ground,electricity,0.0,0.0,0.0,0.0,COST_OPT_90_SNAP,snapshot
FR,2025,district_heat,district_heat,1.0,573809681.8782833,604010191.4508245,48320815.31606597,COST_OPT_90_SNAP,snapshot
FR,2025,h2_boiler,hydrogen,0.0,0.0,0.0,0.0,COST_OPT_90_SNAP,snapshot
FR,2030,gas_boiler,gas,0.0,0.0,0.0,0.0,COST_OPT_90_SNAP,snapshot
FR,2030,oil_boiler,oil,0.0,0.0,0.0,0.0,COST_OPT_90_SNAP,snapshot
FR,2030,biomass_boiler,biomass,0.0,0.0,0.0,0.0,COST_OPT_90_SNAP,snapshot
FR,2030,resistance_heater,electricity,0.0,0.0,0.0,0.0,COST_OPT_90_SNAP,snapshot
FR,2030,hp_air,electricity,0.50028523,280769476.66143644,84062717.56330432,4623449.465981738,COST_OPT_90_SNAP,snapshot
FR,2030,hp_ground,electricity,0.0,0.0,0.0,0.0,COST_OPT_90_SNAP,snapshot
FR,2030,district_heat,district_heat,0.49971477,280449323.784534,293972037.5099937,14698601.875499686,COST_OPT_90_SNAP,snapshot
FR,2030,h2_boiler,hydrogen,0.0,0.0,0.0,0.0,COST_OPT_90_SNAP,snapshot
FR,2040,gas_boiler,gas,0.0,0.0,0.0,0.0,COST_OPT_90_SNAP,snapshot
FR,2040,oil_boiler,oil,0.0,0.0,0.0,0.0,COST_OPT_90_SNAP,snapshot
FR,2040,biomass_boiler,biomass,0.0,0.0,0.0,0.0,COST_OPT_90_SNAP,snapshot
FR,2040,resistance_heater,electricity,0.0,0.0,0.0,0.0,COST_OPT_90_SNAP,snapshot
FR,2040,hp_air,electricity,0.50028523,267073074.3938823,78091542.22043343,1952288.5555108357,COST_OPT_90_SNAP,snapshot
FR,2040,hp_ground,electricity,0.0,0.0,0.0,0.0,COST_OPT_90_SNAP,snapshot
FR,2040,district_heat,district_heat,0.49971477,266768539.10704455,277306173.70794654,5546123.474158931,COST_OPT_90_SNAP,snapshot
FR,2040,h2_boiler,hydrogen,0.0,0.0,0.0,0.0,COST_OPT_90_SNAP,snapshot
FR,2050,gas_boiler,gas,0.0,0.0,0.0,0.0,COST_OPT_90_SNAP,snapshot
FR,2050,oil_boiler,oil,0.0,0.0,0.0,0.0,COST_OPT_90_SNAP,snapshot
FR,2050,biomass_boiler,biomass,0.0,0.0,0.0,0.0,COST_OPT_90_SNAP,snapshot
FR,2050,resistance_heater,electricity,0.0,0.0,0.0,0.0,COST_OPT_90_SNAP,snapshot
FR,2050,hp_air,electricity,0.50028523,250959758.83629054,71702788.23894015,573622.3059115213,COST_OPT_90_SNAP,snapshot
FR,2050,hp_ground,electricity,0.0,0.0,0.0,0.0,COST_OPT_90_SNAP,snapshot
FR,2050,district_heat,district_heat,0.49971477,250673597.072079,258426388.73410207,2067411.1098728166,COST_OPT_90_SNAP,snapshot
FR,2050,h2_boiler,hydrogen,0.0,0.0,0.0,0.0,COST_OPT_90_SNAP,snapshot
HR,2025,gas_boiler,gas,0.3013703,5354017.354141367,5819584.080588441,1175555.9842788654,COST_OPT_90_SNAP,snapshot
HR,2025,oil_boiler,oil,0.0,0.0,0.0,0.0,COST_OPT_90_SNAP,snapshot
HR,2025,biomass_boiler,biomass,0.0,0.0,0.0,0.0,COST_OPT_90_SNAP,snapshot
HR,2025,resistance_heater,electricity,0.0,0.0,0.0,0.0,COST_OPT_90_SNAP,snapshot
HR,2025,hp_air,electricity,0.0,0.0,0.0,0.0,COST_OPT_90_SNAP,snapshot
HR,2025,hp_ground,electricity,0.0,0.0,0.0,0.0,COST_OPT_90_SNAP,snapshot
HR,2025,district_heat,district_heat,0.6986297,12411559.924513388,13064799.92054041,1045183.9936432329,COST_OPT_90_SNAP,snapshot
HR,2025,h2_boiler,hydrogen,0.0,0.0,0.0,0.0,COST_OPT_90_SNAP,snapshot
HR,2030,gas_boiler,gas,0.25679577,4409382.484649264,4772058.966070632,963955.9111462678,COST_OPT_90_SNAP,snapshot
HR,2030,oil_boiler,oil,0.0,0.0,0.0,0.0,COST_OPT_90_SNAP,snapshot
HR,2030,biomass_boiler,biomass,0.0,0.0,0.0,0.0,COST_OPT_90_SNAP,snapshot
HR,2030,resistance_heater,electricity,0.0,0.0,0.0,0.0,COST_OPT_90_SNAP,snapshot
HR,2030,hp_air,electricity,0.24084287,4135458.8221241334,1263429.922438022,126342.99224380222,COST_OPT_90_SNAP,snapshot
HR,2030,hp_ground,electricity,0.0,0.0,0.0,0.0,COST_OPT_90_SNAP,snapshot
HR,2030,district_heat,district_heat,0.50236136,8625934.071065826,9041859.613276549,452092.9806638274,COST_OPT_90_SNAP,snapshot
HR,2030,h2_boiler,hydrogen,0.0,0.0,0.0,0.0,COST_OPT_90_SNAP,snapshot
HR,2040,gas_boiler,gas,0.15536754,2494971.9897593427,2677008.5727031576,540755.7316860378,COST_OPT_90_SNAP,snapshot
HR,2040,oil_boiler,oil,0.0,0.0,0.0,0.0,COST_OPT_90_SNAP,snapshot
HR,2040,biomass_boiler,biomass,0.0,0.0,0.0,0.0,COST_OPT_90_SNAP,snapshot
HR,2040,resistance_heater,electricity,0.0,0.0,0.0,0.0,COST_OPT_90_SNAP,snapshot
HR,2040,hp_air,electricity,0.34227109,5496365.472829132,1639922.8645510003,65596.91458204002,COST_OPT_90_SNAP,snapshot
HR,2040,hp_ground,electricity,0.0,0.0,0.0,0.0,COST_OPT_90_SNAP,snapshot
HR,2040,district_heat,district_heat,0.50236136,8067177.493686323,8385839.390526324,167716.78781052647,COST_OPT_90_SNAP,snapshot
HR,2040,h2_boiler,hydrogen,0.0,0.0,0.0,0.0,COST_OPT_90_SNAP,snapshot
HR,2050,gas_boiler,gas,0.036424436,547040.8906817627,581958.3943423008,117555.59565714478,COST_OPT_90_SNAP,snapshot
HR,2050,oil_boiler,oil,0.0,0.0,0.0,0.0,COST_OPT_90_SNAP,snapshot
HR,2050,biomass_boiler,biomass,0.0,0.0,0.0,0.0,COST_OPT_90_SNAP,snapshot
HR,2050,resistance_heater,electricity,0.0,0.0,0.0,0.0,COST_OPT_90_SNAP,snapshot
HR,2050,hp_air,electricity,0.4612142,6926751.776282182,2019461.1592659424,16155.68927412754,COST_OPT_90_SNAP,snapshot
HR,2050,hp_ground,electricity,0.0,0.0,0.0,0.0,COST_OPT_90_SNAP,snapshot
HR,2050,district_heat,district_heat,0.50236136,7544720.962007528,7778062.8474304415,62224.50277944353,COST_OPT_90_SNAP,snapshot
HR,2050,h2_boiler,hydrogen,0.0,0.0,0.0,0.0,COST_OPT_90_SNAP,snapshot
HU,2025,gas_boiler,gas,0.0,0.0,0.0,0.0,COST_OPT_90_SNAP,snapshot
HU,2025,oil_boiler,oil,0.0,0.0,0.0,0.0,COST_OPT_90_SNAP,snapshot
HU,2025,biomass_boiler,biomass,0.0,0.0,0.0,0.0,COST_OPT_90_SNAP,snapshot
HU,2025,resistance_heater,electricity,0.0,0.0,0.0,0.0,COST_OPT_90_SNAP,snapshot
HU,2025,hp_air,electricity,0.0,0.0,0.0,0.0,COST_OPT_90_SNAP,snapshot
HU,2025,hp_ground,electricity,0.0,0.0,0.0,0.0,COST_OPT_90_SNAP,snapshot
HU,2025,district_heat,district_heat,1.0,68052180.60955328,71633874.32584555,12894097.3786522,COST_OPT_90_SNAP,snapshot
HU,2025,h2_boiler,hydrogen,0.0,0.0,0.0,0.0,COST_OPT_90_SNAP,snapshot
HU,2030,gas_boiler,gas,0.48738142,32100084.742173295,34740351.4525685,7017550.993418838,COST_OPT_90_SNAP,snapshot
HU,2030,oil_boiler,oil,0.0,0.0,0.0,0.0,COST_OPT_90_SNAP,snapshot
HU,2030,biomass_boiler,biomass,0.0,0.0,0.0,0.0,COST_OPT_90_SNAP,snapshot
HU,2030,resistance_heater,electricity,0.0,0.0,0.0,0.0,COST_OPT_90_SNAP,snapshot
HU,2030,hp_air,electricity,0.042819065,2820164.1644045985,870474.7714070617,113161.72028291805,COST_OPT_90_SNAP,snapshot
HU,2030,hp_ground,electricity,0.0,0.0,0.0,0.0,COST_OPT_90_SNAP,snapshot
HU,2030,district_heat,district_heat,0.46979951,30942098.86546658,32434065.896715492,3567747.2486387044,COST_OPT_90_SNAP,snapshot
HU,2030,h2_boiler,hydrogen,0.0,0.0,0.0,0.0,COST_OPT_90_SNAP,snapshot
HU,2040,gas_boiler,gas,0.0,0.0,0.0,0.0,COST_OPT_90_SNAP,snapshot
HU,2040,oil_boiler,oil,0.0,0.0,0.0,0.0,COST_OPT_90_SNAP,snapshot
HU,2040,biomass_boiler,biomass,0.0,0.0,0.0,0.0,COST_OPT_90_SNAP,snapshot
HU,2040,resistance_heater,electricity,0.0,0.0,0.0,0.0,COST_OPT_90_SNAP,snapshot
HU,2040,hp_air,electricity,0.53020049,32629509.509144075,9835868.303232675,491793.4151616338,COST_OPT_90_SNAP,snapshot
HU,2040,hp_ground,electricity,0.0,0.0,0.0,0.0,COST_OPT_90_SNAP,snapshot
HU,2040,district_heat,district_heat,0.46979951,28912322.542244777,30054389.337052785,1502719.4668526393,COST_OPT_90_SNAP,snapshot
HU,2040,h2_boiler,hydrogen,0.0,0.0,0.0,0.0,COST_OPT_90_SNAP,snapshot
HU,2050,gas_boiler,gas,0.0,0.0,0.0,0.0,COST_OPT_90_SNAP,snapshot
HU,2050,oil_boiler,oil,0.0,0.0,0.0,0.0,COST_OPT_90_SNAP,snapshot
HU,2050,biomass_boiler,biomass,0.0,0.0,0.0,0.0,COST_OPT_90_SNAP,snapshot
HU,2050,resistance_heater,electricity,0.0,0.0,0.0,0.0,COST_OPT_90_SNAP,snapshot
HU,2050,hp_air,electricity,0.53020049,30503083.03324457,8984707.81538868,89847.0781538868,COST_OPT_90_SNAP,snapshot
HU,2050,hp_ground,electricity,0.0,0.0,0.0,0.0,COST_OPT_90_SNAP,snapshot
HU,2050,district_heat,district_heat,0.46979951,27028140.736926917,27864062.615388576,501553.12707699434,COST_OPT_90_SNAP,snapshot
HU,2050,h2_boiler,hydrogen,0.0,0.0,0.0,0.0,COST_OPT_90_SNAP,snapshot
IE,2025,gas_boiler,gas,0.0,0.0,0.0,0.0,COST_OPT_90_SNAP,snapshot
IE,2025,oil_boiler,oil,0.0,0.0,0.0,0.0,COST_OPT_90_SNAP,snapshot
IE,2025,biomass_boiler,biomass,0.0,0.0,0.0,0.0,COST_OPT_90_SNAP,snapshot
IE,2025,resistance_heater,electricity,0.0,0.0,0.0,0.0,COST_OPT_90_SNAP,snapshot
IE,2025,hp_air,electricity,0.0,0.0,0.0,0.0,COST_OPT_90_SNAP,snapshot
IE,2025,hp_ground,electricity,0.0,0.0,0.0,0.0,COST_OPT_90_SNAP,snapshot
IE,2025,district_heat,district_heat,1.0,35055309.9424589,36900326.25521989,2952026.1004175916,COST_OPT_90_SNAP,snapshot
IE,2025,h2_boiler,hydrogen,0.0,0.0,0.0,0.0,COST_OPT_90_SNAP,snapshot
IE,2030,gas_boiler,gas,0.0,0.0,0.0,0.0,COST_OPT_90_SNAP,snapshot
IE,2030,oil_boiler,oil,0.0,0.0,0.0,0.0,COST_OPT_90_SNAP,snapshot
IE,2030,biomass_boiler,biomass,0.0,0.0,0.0,0.0,COST_OPT_90_SNAP,snapshot
IE,2030,resistance_heater,electricity,0.0,0.0,0.0,0.0,COST_OPT_90_SNAP,snapshot
IE,2030,hp_air,electricity,0.59569148,21140872.57725561,6458778.130653676,775053.375678441,COST_OPT_90_SNAP,snapshot
IE,2030,hp_ground,electricity,0.0,0.0,0.0,0.0,COST_OPT_90_SNAP,snapshot
IE,2030,district_heat,district_heat,0.40430852,14348761.381006828,15040630.378413865,752031.5189206933,COST_OPT_90_SNAP,snapshot
IE,2030,h2_boiler,hydrogen,0.0,0.0,0.0,0.0,COST_OPT_90_SNAP,snapshot
IE,2040,gas_boiler,gas,0.0,0.0,0.0,0.0,COST_OPT_90_SNAP,snapshot
IE,2040,oil_boiler,oil,0.0,0.0,0.0,0.0,COST_OPT_90_SNAP,snapshot
IE,2040,biomass_boiler,biomass,0.0,0.0,0.0,0.0,COST_OPT_90_SNAP,snapshot
IE,2040,resistance_heater,electricity,0.0,0.0,0.0,0.0,COST_OPT_90_SNAP,snapshot
IE,2040,hp_air,electricity,0.59569148,21330107.049820583,6364156.537122742,286387.0441705234,COST_OPT_90_SNAP,snapshot
IE,2040,hp_ground,electricity,0.0,0.0,0.0,0.0,COST_OPT_90_SNAP,snapshot
IE,2040,district_heat,district_heat,0.40430852,14477198.85594893,15049063.259822173,300981.2651964435,COST_OPT_90_SNAP,snapshot
IE,2040,h2_boiler,hydrogen,0.0,0.0,0.0,0.0,COST_OPT_90_SNAP,snapshot
IE,2050,gas_boiler,gas,0.0,0.0,0.0,0.0,COST_OPT_90_SNAP,snapshot
IE,2050,oil_boiler,oil,0.0,0.0,0.0,0.0,COST_OPT_90_SNAP,snapshot
IE,2050,biomass_boiler,biomass,0.0,0.0,0.0,0.0,COST_OPT_90_SNAP,snapshot
IE,2050,resistance_heater,electricity,0.0,0.0,0.0,0.0,COST_OPT_90_SNAP,snapshot
IE,2050,hp_air,electricity,0.59569148,21112081.45815681,6155125.78955009,49241.00631640073,COST_OPT_90_SNAP,snapshot
IE,2050,hp_ground,electricity,0.0,0.0,0.0,0.0,COST_OPT_90_SNAP,snapshot
IE,2050,district_heat,district_heat,0.40430852,14329220.23404938,14772391.993865341,118179.13595092272,COST_OPT_90_SNAP,snapshot
IE,2050,h2_boiler,hydrogen,0.0,0.0,0.0,0.0,COST_OPT_90_SNAP,snapshot
IT,2025,gas_boiler,gas,0.0,0.0,0.0,0.0,COST_OPT_90_SNAP,snapshot
IT,2025,oil_boiler,oil,0.0,0.0,0.0,0.0,COST_OPT_90_SNAP,snapshot
IT,2025,biomass_boiler,biomass,0.0,0.0,0.0,0.0,COST_OPT_90_SNAP,snapshot
IT,2025,resistance_heater,electricity,0.0,0.0,0.0,0.0,COST_OPT_90_SNAP,snapshot
IT,2025,hp_air,electricity,0.0,0.0,0.0,0.0,COST_OPT_90_SNAP,snapshot
IT,2025,hp_ground,electricity,0.0,0.0,0.0,0.0,COST_OPT_90_SNAP,snapshot
IT,2025,district_heat,district_heat,1.0,508853450.57258564,535635211.12903756,58919873.224194124,COST_OPT_90_SNAP,snapshot
IT,2025,h2_boiler,hydrogen,0.0,0.0,0.0,0.0,COST_OPT_90_SNAP,snapshot
IT,2030,gas_boiler,gas,0.0,0.0,0.0,0.0,COST_OPT_90_SNAP,snapshot
IT,2030,oil_boiler,oil,0.0,0.0,0.0,0.0,COST_OPT_90_SNAP,snapshot
IT,2030,biomass_boiler,biomass,0.0,0.0,0.0,0.0,COST_OPT_90_SNAP,snapshot
IT,2030,resistance_heater,electricity,0.0,0.0,0.0,0.0,COST_OPT_90_SNAP,snapshot
IT,2030,hp_air,electricity,0.3244564,164748861.66197416,44841824.07783728,6277855.3708972195,COST_OPT_90_SNAP,snapshot
IT,2030,hp_ground,electricity,0.0,0.0,0.0,0.0,COST_OPT_90_SNAP,snapshot
IT,2030,district_heat,district_heat,0.6755436,343020014.7170221,359559763.8543209,25169183.46980247,COST_OPT_90_SNAP,snapshot
IT,2030,h2_boiler,hydrogen,0.0,0.0,0.0,0.0,COST_OPT_90_SNAP,snapshot
IT,2040,gas_boiler,gas,0.0,0.0,0.0,0.0,COST_OPT_90_SNAP,snapshot
IT,2040,oil_boiler,oil,0.0,0.0,0.0,0.0,COST_OPT_90_SNAP,snapshot
IT,2040,biomass_boiler,biomass,0.0,0.0,0.0,0.0,COST_OPT_90_SNAP,snapshot
IT,2040,resistance_heater,electricity,0.0,0.0,0.0,0.0,COST_OPT_90_SNAP,snapshot
IT,2040,hp_air,electricity,0.3244564,164265146.81584558,43664313.348177984,2401537.234149789,COST_OPT_90_SNAP,snapshot
IT,2040,hp_ground,electricity,0.0,0.0,0.0,0.0,COST_OPT_90_SNAP,snapshot
IT,2040,district_heat,district_heat,0.6755436,342012882.57684195,355522746.96137416,9954636.914918477,COST_OPT_90_SNAP,snapshot
IT,2040,h2_boiler,hydrogen,0.0,0.0,0.0,0.0,COST_OPT_90_SNAP,snapshot
IT,2050,gas_boiler,gas,0.0,0.0,0.0,0.0,COST_OPT_90_SNAP,snapshot
IT,2050,oil_boiler,oil,0.0,0.0,0.0,0.0,COST_OPT_90_SNAP,snapshot
IT,2050,biomass_boiler,biomass,0.0,0.0,0.0,0.0,COST_OPT_90_SNAP,snapshot
IT,2050,resistance_heater,electricity,0.0,0.0,0.0,0.0,COST_OPT_90_SNAP,snapshot
IT,2050,hp_air,electricity,0.3244564,163382316.41351706,42436965.302212216,424369.65302212216,COST_OPT_90_SNAP,snapshot
IT,2050,hp_ground,electricity,0.0,0.0,0.0,0.0,COST_OPT_90_SNAP,snapshot
IT,2050,district_heat,district_heat,0.6755436,340174760.63448405,350695629.52008665,3506956.2952008666,COST_OPT_90_SNAP,snapshot
IT,2050,h2_boiler,hydrogen,0.0,0.0,0.0,0.0,COST_OPT_90_SNAP,snapshot
LT,2025,gas_boiler,gas,0.0,0.0,0.0,0.0,COST_OPT_90_SNAP,snapshot
LT,2025,oil_boiler,oil,0.0,0.0,0.0,0.0,COST_OPT_90_SNAP,snapshot
LT,2025,biomass_boiler,biomass,0.0,0.0,0.0,0.0,COST_OPT_90_SNAP,snapshot
LT,2025,resistance_heater,electricity,0.0,0.0,0.0,0.0,COST_OPT_90_SNAP,snapshot
LT,2025,hp_air,electricity,0.0,0.0,0.0,0.0,COST_OPT_90_SNAP,snapshot
LT,2025,hp_ground,electricity,0.0,0.0,0.0,0.0,COST_OPT_90_SNAP,snapshot
LT,2025,district_heat,district_heat,1.0,18114269.067593224,19067651.65009813,2288118.198011776,COST_OPT_90_SNAP,snapshot
LT,2025,h2_boiler,hydrogen,0.0,0.0,0.0,0.0,COST_OPT_90_SNAP,snapshot
LT,2030,gas_boiler,gas,0.0,0.0,0.0,0.0,COST_OPT_90_SNAP,snapshot
LT,2030,oil_boiler,oil,0.0,0.0,0.0,0.0,COST_OPT_90_SNAP,snapshot
LT,2030,biomass_boiler,biomass,0.4,7539843.589551808,8529234.829809738,0.0,COST_OPT_90_SNAP,snapshot
LT,2030,resistance_heater,electricity,0.0,0.0,0.0,0.0,COST_OPT_90_SNAP,snapshot
LT,2030,hp_air,electricity,0.072014583,1357446.7299669913,451579.08515202644,45157.908515202646,COST_OPT_90_SNAP,snapshot
LT,2030,hp_ground,electricity,0.0,0.0,0.0,0.0,COST_OPT_90_SNAP,snapshot
LT,2030,district_heat,district_heat,0.52798542,9952318.710909547,10432199.906613782,730253.9934629649,COST_OPT_90_SNAP,snapshot
LT,2030,h2_boiler,hydrogen,0.0,0.0,0.0,0.0,COST_OPT_90_SNAP,snapshot
LT,2040,gas_boiler,gas,0.0,0.0,0.0,0.0,COST_OPT_90_SNAP,snapshot
LT,2040,oil_boiler,oil,0.0,0.0,0.0,0.0,COST_OPT_90_SNAP,snapshot
LT,2040,biomass_boiler,biomass,0.0,0.0,0.0,0.0,COST_OPT_90_SNAP,snapshot
LT,2040,resistance_heater,electricity,0.0,0.0,0.0,0.0,COST_OPT_90_SNAP,snapshot
LT,2040,hp_air,electricity,0.47201458,8805618.830293579,2860824.8311545094,100128.86909040782,COST_OPT_90_SNAP,snapshot
LT,2040,hp_ground,electricity,0.0,0.0,0.0,0.0,COST_OPT_90_SNAP,snapshot
LT,2040,district_heat,district_heat,0.52798542,9849777.005770594,10238853.43635197,286687.89621785516,COST_OPT_90_SNAP,snapshot
LT,2040,h2_boiler,hydrogen,0.0,0.0,0.0,0.0,COST_OPT_90_SNAP,snapshot
LT,2050,gas_boiler,gas,0.0,0.0,0.0,0.0,COST_OPT_90_SNAP,snapshot
LT,2050,oil_boiler,oil,0.0,0.0,0.0,0.0,COST_OPT_90_SNAP,snapshot
LT,2050,biomass_boiler,biomass,0.0,0.0,0.0,0.0,COST_OPT_90_SNAP,snapshot
LT,2050,resistance_heater,electricity,0.0,0.0,0.0,0.0,COST_OPT_90_SNAP,snapshot
LT,2050,hp_air,electricity,0.3883689,6347542.811879484,2015092.9561522172,16120.743649217737,COST_OPT_90_SNAP,snapshot
LT,2050,hp_ground,electricity,0.08364568,1367113.9342742725,353259.4145411557,2826.075316329245,COST_OPT_90_SNAP,snapshot
LT,2050,district_heat,district_heat,0.52798542,8629450.137480551,8896340.347918095,88963.40347918094,COST_OPT_90_SNAP,snapshot
LT,2050,h2_boiler,hydrogen,0.0,0.0,0.0,0.0,COST_OPT_90_SNAP,snapshot
LU,2025,gas_boiler,gas,0.0,0.0,0.0,0.0,COST_OPT_90_SNAP,snapshot
LU,2025,oil_boiler,oil,0.0,0.0,0.0,0.0,COST_OPT_90_SNAP,snapshot
LU,2025,biomass_boiler,biomass,0.0,0.0,0.0,0.0,COST_OPT_90_SNAP,snapshot
LU,2025,resistance_heater,electricity,0.0,0.0,0.0,0.0,COST_OPT_90_SNAP,snapshot
LU,2025,hp_air,electricity,0.0,0.0,0.0,0.0,COST_OPT_90_SNAP,snapshot
LU,2025,hp_ground,electricity,0.0,0.0,0.0,0.0,COST_OPT_90_SNAP,snapshot
LU,2025,district_heat,district_heat,1.0,6599759.408223548,6947115.166551104,555769.2133240884,COST_OPT_90_SNAP,snapshot
LU,2025,h2_boiler,hydrogen,0.0,0.0,0.0,0.0,COST_OPT_90_SNAP,snapshot
LU,2030,gas_boiler,gas,0.0,0.0,0.0,0.0,COST_OPT_90_SNAP,snapshot
LU,2030,oil_boiler,oil,0.0,0.0,0.0,0.0,COST_OPT_90_SNAP,snapshot
LU,2030,biomass_boiler,biomass,0.0,0.0,0.0,0.0,COST_OPT_90_SNAP,snapshot
LU,2030,resistance_heater,electricity,0.0,0.0,0.0,0.0,COST_OPT_90_SNAP,snapshot
LU,2030,hp_air,electricity,0.31248839,2277022.0562130962,681743.1306027235,54539.450448217875,COST_OPT_90_SNAP,snapshot
LU,2030,hp_ground,electricity,0.0,0.0,0.0,0.0,COST_OPT_90_SNAP,snapshot
LU,2030,district_heat,district_heat,0.68751161,5009719.240681474,5251278.0300644385,262563.90150322195,COST_OPT_90_SNAP,snapshot
LU,2030,h2_boiler,hydrogen,0.0,0.0,0.0,0.0,COST_OPT_90_SNAP,snapshot
LU,2040,gas_boiler,gas,0.0,0.0,0.0,0.0,COST_OPT_90_SNAP,snapshot
LU,2040,oil_boiler,oil,0.0,0.0,0.0,0.0,COST_OPT_90_SNAP,snapshot
LU,2040,biomass_boiler,biomass,0.0,0.0,0.0,0.0,COST_OPT_90_SNAP,snapshot
LU,2040,resistance_heater,electricity,0.0,0.0,0.0,0.0,COST_OPT_90_SNAP,snapshot
LU,2040,hp_air,electricity,0.31248839,2750222.828319905,804158.7217309664,24124.761651928988,COST_OPT_90_SNAP,snapshot
LU,2040,hp_ground,electricity,0.0,0.0,0.0,0.0,COST_OPT_90_SNAP,snapshot
LU,2040,district_heat,district_heat,0.68751161,6050817.19854287,6289830.767716081,125796.61535432162,COST_OPT_90_SNAP,snapshot
LU,2040,h2_boiler,hydrogen,0.0,0.0,0.0,0.0,COST_OPT_90_SNAP,snapshot
LU,2050,gas_boiler,gas,0.0,0.0,0.0,0.0,COST_OPT_90_SNAP,snapshot
LU,2050,oil_boiler,oil,0.0,0.0,0.0,0.0,COST_OPT_90_SNAP,snapshot
LU,2050,biomass_boiler,biomass,0.0,0.0,0.0,0.0,COST_OPT_90_SNAP,snapshot
LU,2050,resistance_heater,electricity,0.0,0.0,0.0,0.0,COST_OPT_90_SNAP,snapshot
LU,2050,hp_air,electricity,0.31248839,3227723.8863074724,922206.8246592778,7377.654597274223,COST_OPT_90_SNAP,snapshot
LU,2050,hp_ground,electricity,0.0,0.0,0.0,0.0,COST_OPT_90_SNAP,snapshot
LU,2050,district_heat,district_heat,0.68751161,7101376.296606435,7321006.491346841,58568.05193077472,COST_OPT_90_SNAP,snapshot
LU,2050,h2_boiler,hydrogen,0.0,0.0,0.0,0.0,COST_OPT_90_SNAP,snapshot
LV,2025,gas_boiler,gas,0.0,0.0,0.0,0.0,COST_OPT_90_SNAP,snapshot
LV,2025,oil_boiler,oil,0.0,0.0,0.0,0.0,COST_OPT_90_SNAP,snapshot
LV,2025,biomass_boiler,biomass,0.0,0.0,0.0,0.0,COST_OPT_90_SNAP,snapshot
LV,2025,resistance_heater,electricity,0.0,0.0,0.0,0.0,COST_OPT_90_SNAP,snapshot
LV,2025,hp_air,electricity,0.0,0.0,0.0,0.0,COST_OPT_90_SNAP,snapshot
LV,2025,hp_ground,electricity,0.0,0.0,0.0,0.0,COST_OPT_90_SNAP,snapshot
LV,2025,district_heat,district_heat,1.0,21856384.078165945,23006720.082279943,2300672.008227994,COST_OPT_90_SNAP,snapshot
LV,2025,h2_boiler,hydrogen,0.0,0.0,0.0,0.0,COST_OPT_90_SNAP,snapshot
LV,2030,gas_boiler,gas,0.0,0.0,0.0,0.0,COST_OPT_90_SNAP,snapshot
LV,2030,oil_boiler,oil,0.0,0.0,0.0,0.0,COST_OPT_90_SNAP,snapshot
LV,2030,biomass_boiler,biomass,0.0,0.0,0.0,0.0,COST_OPT_90_SNAP,snapshot
LV,2030,resistance_heater,electricity,0.0,0.0,0.0,0.0,COST_OPT_90_SNAP,snapshot
LV,2030,hp_air,electricity,0.42747693,9123277.49780349,3035022.4543591123,197276.4595333423,COST_OPT_90_SNAP,snapshot
LV,2030,hp_ground,electricity,0.0,0.0,0.0,0.0,COST_OPT_90_SNAP,snapshot
LV,2030,district_heat,district_heat,0.57252307,12218874.224404048,12808044.260381602,768482.6556228962,COST_OPT_90_SNAP,snapshot
LV,2030,h2_boiler,hydrogen,0.0,0.0,0.0,0.0,COST_OPT_90_SNAP,snapshot
LV,2040,gas_boiler,gas,0.0,0.0,0.0,0.0,COST_OPT_90_SNAP,snapshot
LV,2040,oil_boiler,oil,0.0,0.0,0.0,0.0,COST_OPT_90_SNAP,snapshot
LV,2040,biomass_boiler,biomass,0.0,0.0,0.0,0.0,COST_OPT_90_SNAP,snapshot
LV,2040,resistance_heater,electricity,0.0,0.0,0.0,0.0,COST_OPT_90_SNAP,snapshot
LV,2040,hp_air,electricity,0.42747693,8856487.991639046,2877351.524249203,71933.78810623007,COST_OPT_90_SNAP,snapshot
LV,2040,hp_ground,electricity,0.0,0.0,0.0,0.0,COST_OPT_90_SNAP,snapshot
LV,2040,district_heat,district_heat,0.57252307,11861561.03065333,12330105.021469157,295922.5205152598,COST_OPT_90_SNAP,snapshot
LV,2040,h2_boiler,hydrogen,0.0,0.0,0.0,0.0,COST_OPT_90_SNAP,snapshot
LV,2050,gas_boiler,gas,0.0,0.0,0.0,0.0,COST_OPT_90_SNAP,snapshot
LV,2050,oil_boiler,oil,0.0,0.0,0.0,0.0,COST_OPT_90_SNAP,snapshot
LV,2050,biomass_boiler,biomass,0.0,0.0,0.0,0.0,COST_OPT_90_SNAP,snapshot
LV,2050,resistance_heater,electricity,0.0,0.0,0.0,0.0,COST_OPT_90_SNAP,snapshot
LV,2050,hp_air,electricity,0.35068596,7262593.582193937,2305585.2641885513,11527.926320942757,COST_OPT_90_SNAP,snapshot
LV,2050,hp_ground,electricity,0.076790977,1590316.466420846,410934.487447247,2054.6724372362355,COST_OPT_90_SNAP,snapshot
LV,2050,district_heat,district_heat,0.57252307,11856768.870473087,12223473.062343389,97787.7844987471,COST_OPT_90_SNAP,snapshot
LV,2050,h2_boiler,hydrogen,0.0,0.0,0.0,0.0,COST_OPT_90_SNAP,snapshot
MT,2025,gas_boiler,gas,0.0,0.0,0.0,0.0,COST_OPT_90_SNAP,snapshot
MT,2025,oil_boiler,oil,0.0,0.0,0.0,0.0,COST_OPT_90_SNAP,snapshot
MT,2025,biomass_boiler,biomass,0.0,0.0,0.0,0.0,COST_OPT_90_SNAP,snapshot
MT,2025,resistance_heater,electricity,0.0,0.0,0.0,0.0,COST_OPT_90_SNAP,snapshot
MT,2025,hp_air,electricity,0.0,0.0,0.0,0.0,COST_OPT_90_SNAP,snapshot
MT,2025,hp_ground,electricity,0.0,0.0,0.0,0.0,COST_OPT_90_SNAP,snapshot
MT,2025,district_heat,district_heat,1.0,990327.8051630602,1042450.321224274,83396.02569794192,COST_OPT_90_SNAP,snapshot
MT,2025,h2_boiler,hydrogen,0.0,0.0,0.0,0.0,COST_OPT_90_SNAP,snapshot
MT,2030,gas_boiler,gas,0.09084439,98437.21120176656,106533.77835689021,21519.823228091824,COST_OPT_90_SNAP,snapshot
MT,2030,oil_boiler,oil,0.0,0.0,0.0,0.0,COST_OPT_90_SNAP,snapshot
MT,2030,biomass_boiler,biomass,0.0,0.0,0.0,0.0,COST_OPT_90_SNAP,snapshot
MT,2030,resistance_heater,electricity,0.0,0.0,0.0,0.0,COST_OPT_90_SNAP,snapshot
MT,2030,hp_air,electricity,0.20915561,226636.94429126903,52196.440417150865,13049.110104287716,COST_OPT_90_SNAP,snapshot
MT,2030,hp_ground,electricity,0.0,0.0,0.0,0.0,COST_OPT_90_SNAP,snapshot
MT,2030,district_heat,district_heat,0.7,758506.362817083,795080.0448816384,39754.00224408192,COST_OPT_90_SNAP,snapshot
MT,2030,h2_boiler,hydrogen,0.0,0.0,0.0,0.0,COST_OPT_90_SNAP,snapshot
MT,2040,gas_boiler,gas,0.044017172,55698.97770484672,59762.85161464241,12072.096026157767,COST_OPT_90_SNAP,snapshot
MT,2040,oil_boiler,oil,0.0,0.0,0.0,0.0,COST_OPT_90_SNAP,snapshot
MT,2040,biomass_boiler,biomass,0.0,0.0,0.0,0.0,COST_OPT_90_SNAP,snapshot
MT,2040,resistance_heater,electricity,0.0,0.0,0.0,0.0,COST_OPT_90_SNAP,snapshot
MT,2040,hp_air,electricity,0.25598283,323918.62750731845,72856.19152211392,6557.057236990252,COST_OPT_90_SNAP,snapshot
MT,2040,hp_ground,electricity,0.0,0.0,0.0,0.0,COST_OPT_90_SNAP,snapshot
MT,2040,district_heat,district_heat,0.7,885774.406256556,920763.4160671061,18415.268321342122,COST_OPT_90_SNAP,snapshot
MT,2040,h2_boiler,hydrogen,0.0,0.0,0.0,0.0,COST_OPT_90_SNAP,snapshot
MT,2050,gas_boiler,gas,0.0083490337,12212.408684061167,12991.924131979966,2624.3686746599533,COST_OPT_90_SNAP,snapshot
MT,2050,oil_boiler,oil,0.0,0.0,0.0,0.0,COST_OPT_90_SNAP,snapshot
MT,2050,biomass_boiler,biomass,0.0,0.0,0.0,0.0,COST_OPT_90_SNAP,snapshot
MT,2050,resistance_heater,electricity,0.0,0.0,0.0,0.0,COST_OPT_90_SNAP,snapshot
MT,2050,hp_air,electricity,0.29165097,426607.55324809183,93759.90181276744,1406.3985271915114,COST_OPT_90_SNAP,snapshot
MT,2050,hp_ground,electricity,0.0,0.0,0.0,0.0,COST_OPT_90_SNAP,snapshot
MT,2050,district_heat,district_heat,0.7,1023913.2318800937,1055580.651422777,8444.645211382216,COST_OPT_90_SNAP,snapshot
MT,2050,h2_boiler,hydrogen,0.0,0.0,0.0,0.0,COST_OPT_90_SNAP,snapshot
NL,2025,gas_boiler,gas,0.0,0.0,0.0,0.0,COST_OPT_90_SNAP,snapshot
NL,2025,oil_boiler,oil,0.0,0.0,0.0,0.0,COST_OPT_90_SNAP,snapshot
NL,2025,biomass_boiler,biomass,0.0,0.0,0.0,0.0,COST_OPT_90_SNAP,snapshot
NL,2025,resistance_heater,electricity,0.0,0.0,0.0,0.0,COST_OPT_90_SNAP,snapshot
NL,2025,hp_air,electricity,0.0,0.0,0.0,0.0,COST_OPT_90_SNAP,snapshot
NL,2025,hp_ground,electricity,0.0,0.0,0.0,0.0,COST_OPT_90_SNAP,snapshot
NL,2025,district_heat,district_heat,1.0,130700107.69213095,137579060.7285589,16509487.287427068,COST_OPT_90_SNAP,snapshot
NL,2025,h2_boiler,hydrogen,0.0,0.0,0.0,0.0,COST_OPT_90_SNAP,snapshot
NL,2030,gas_boiler,gas,0.0,0.0,0.0,0.0,COST_OPT_90_SNAP,snapshot
NL,2030,oil_boiler,oil,0.0,0.0,0.0,0.0,COST_OPT_90_SNAP,snapshot
NL,2030,biomass_boiler,biomass,0.0,0.0,0.0,0.0,COST_OPT_90_SNAP,snapshot
NL,2030,resistance_heater,electricity,0.0,0.0,0.0,0.0,COST_OPT_90_SNAP,snapshot
NL,2030,hp_air,electricity,0.52111945,70206523.15158118,21019917.111251853,3152987.5666877776,COST_OPT_90_SNAP,snapshot
NL,2030,hp_ground,electricity,0.0,0.0,0.0,0.0,COST_OPT_90_SNAP,snapshot
NL,2030,district_heat,district_heat,0.47888055,64515992.293929785,67626826.30390963,5072011.9727932215,COST_OPT_90_SNAP,snapshot
NL,2030,h2_boiler,hydrogen,0.0,0.0,0.0,0.0,COST_OPT_90_SNAP,snapshot
NL,2040,gas_boiler,gas,0.0,0.0,0.0,0.0,COST_OPT_90_SNAP,snapshot
NL,2040,oil_boiler,oil,0.0,0.0,0.0,0.0,COST_OPT_90_SNAP,snapshot
NL,2040,biomass_boiler,biomass,0.0,0.0,0.0,0.0,COST_OPT_90_SNAP,snapshot
NL,2040,resistance_heater,electricity,0.0,0.0,0.0,0.0,COST_OPT_90_SNAP,snapshot
NL,2040,hp_air,electricity,0.50311945,71517192.88731873,20911459.90857273,1254687.5945143637,COST_OPT_90_SNAP,snapshot
NL,2040,hp_ground,electricity,0.0,0.0,0.0,0.0,COST_OPT_90_SNAP,snapshot
NL,2040,district_heat,district_heat,0.47888055,68071692.84418498,70760595.47212575,2122817.8641637727,COST_OPT_90_SNAP,snapshot
NL,2040,h2_boiler,hydrogen,0.018,2558655.746605974,2805543.581804796,0.0,COST_OPT_90_SNAP,snapshot
NL,2050,gas_boiler,gas,0.0,0.0,0.0,0.0,COST_OPT_90_SNAP,snapshot
NL,2050,oil_boiler,oil,0.0,0.0,0.0,0.0,COST_OPT_90_SNAP,snapshot
NL,2050,biomass_boiler,biomass,0.0,0.0,0.0,0.0,COST_OPT_90_SNAP,snapshot
NL,2050,resistance_heater,electricity,0.0,0.0,0.0,0.0,COST_OPT_90_SNAP,snapshot
NL,2050,hp_air,electricity,0.67319374,100395511.63726014,28684431.89636004,286844.3189636004,COST_OPT_90_SNAP,snapshot
NL,2050,hp_ground,electricity,0.0,0.0,0.0,0.0,COST_OPT_90_SNAP,snapshot
NL,2050,district_heat,district_heat,0.29680626,44263656.29876722,45632635.35955384,456326.3535955383,COST_OPT_90_SNAP,snapshot
NL,2050,h2_boiler,hydrogen,0.03,4473994.884619403,4863037.918064568,0.0,COST_OPT_90_SNAP,snapshot
PL,2025,gas_boiler,gas,0.5019637,140503387.1287124,152721072.9659917,30849656.73913033,COST_OPT_90_SNAP,snapshot
PL,2025,oil_boiler,oil,0.0,0.0,0.0,0.0,COST_OPT_90_SNAP,snapshot
PL,2025,biomass_boiler,biomass,0.0,0.0,0.0,0.0,COST_OPT_90_SNAP,snapshot
PL,2025,resistance_heater,electricity,0.0,0.0,0.0,0.0,COST_OPT_90_SNAP,snapshot
PL,2025,hp_air,electricity,0.0,0.0,0.0,0.0,COST_OPT_90_SNAP,snapshot
PL,2025,hp_ground,electricity,0.0,0.0,0.0,0.0,COST_OPT_90_SNAP,snapshot
PL,2025,district_heat,district_heat,0.4980363,139404078.5480136,146741135.31369853,44022340.59410956,COST_OPT_90_SNAP,snapshot
PL,2025,h2_boiler,hydrogen,0.0,0.0,0.0,0.0,COST_OPT_90_SNAP,snapshot
PL,2030,gas_boiler,gas,0.44440709,115713701.01973705,125231278.15988858,25296718.188297495,COST_OPT_90_SNAP,snapshot
PL,2030,oil_boiler,oil,0.0,0.0,0.0,0.0,COST_OPT_90_SNAP,snapshot
PL,2030,biomass_boiler,biomass,0.083458702,21730785.822348896,24582336.90310961,0.0,COST_OPT_90_SNAP,snapshot
PL,2030,resistance_heater,electricity,0.0,0.0,0.0,0.0,COST_OPT_90_SNAP,snapshot
PL,2030,hp_air,electricity,0.0,0.0,0.0,0.0,COST_OPT_90_SNAP,snapshot
PL,2030,hp_ground,electricity,0.0,0.0,0.0,0.0,COST_OPT_90_SNAP,snapshot
PL,2030,district_heat,district_heat,0.4721342,122933222.46499878,128860820.19391906,25772164.038783815,COST_OPT_90_SNAP,snapshot
PL,2030,h2_boiler,hydrogen,0.0,0.0,0.0,0.0,COST_OPT_90_SNAP,snapshot
PL,2040,gas_boiler,gas,0.29256472,65474578.11536287,70251693.25682712,14190842.037879078,COST_OPT_90_SNAP,snapshot
PL,2040,oil_boiler,oil,0.0,0.0,0.0,0.0,COST_OPT_90_SNAP,snapshot
PL,2040,biomass_boiler,biomass,0.0,0.0,0.0,0.0,COST_OPT_90_SNAP,snapshot
PL,2040,resistance_heater,electricity,0.0,0.0,0.0,0.0,COST_OPT_90_SNAP,snapshot
PL,2040,hp_air,electricity,0.23530108,52659250.72267513,16736349.70845256,2510452.4562678835,COST_OPT_90_SNAP,snapshot
PL,2040,hp_ground,electricity,0.0,0.0,0.0,0.0,COST_OPT_90_SNAP,snapshot
PL,2040,district_heat,district_heat,0.4721342,105661364.63355649,109835098.37168035,10983509.837168034,COST_OPT_90_SNAP,snapshot
PL,2040,h2_boiler,hydrogen,0.0,0.0,0.0,0.0,COST_OPT_90_SNAP,snapshot
PL,2050,gas_boiler,gas,0.07507626,14355780.823539572,15272107.259084651,3084965.6663351,COST_OPT_90_SNAP,snapshot
PL,2050,oil_boiler,oil,0.0,0.0,0.0,0.0,COST_OPT_90_SNAP,snapshot
PL,2050,biomass_boiler,biomass,0.0,0.0,0.0,0.0,COST_OPT_90_SNAP,snapshot
PL,2050,resistance_heater,electricity,0.0,0.0,0.0,0.0,COST_OPT_90_SNAP,snapshot
PL,2050,hp_air,electricity,0.3552003,67919974.37346376,21093159.743311726,632794.7922993518,COST_OPT_90_SNAP,snapshot
PL,2050,hp_ground,electricity,0.097589235,18660621.458726056,4717042.835876152,141511.28507628455,COST_OPT_90_SNAP,snapshot
PL,2050,district_heat,district_heat,0.4721342,90279604.95764169,93071757.6882904,2792152.7306487123,COST_OPT_90_SNAP,snapshot
PL,2050,h2_boiler,hydrogen,0.0,0.0,0.0,0.0,COST_OPT_90_SNAP,snapshot
PT,2025,gas_boiler,gas,0.0,0.0,0.0,0.0,COST_OPT_90_SNAP,snapshot
PT,2025,oil_boiler,oil,0.0,0.0,0.0,0.0,COST_OPT_90_SNAP,snapshot
PT,2025,biomass_boiler,biomass,0.0,0.0,0.0,0.0,COST_OPT_90_SNAP,snapshot
PT,2025,resistance_heater,electricity,0.0,0.0,0.0,0.0,COST_OPT_90_SNAP,snapshot
PT,2025,hp_air,electricity,0.0,0.0,0.0,0.0,COST_OPT_90_SNAP,snapshot
PT,2025,hp_ground,electricity,0.0,0.0,0.0,0.0,COST_OPT_90_SNAP,snapshot
PT,2025,district_heat,district_heat,1.0,21728311.560138077,22871906.9054085,1829752.5524326805,COST_OPT_90_SNAP,snapshot
PT,2025,h2_boiler,hydrogen,0.0,0.0,0.0,0.0,COST_OPT_90_SNAP,snapshot
PT,2030,gas_boiler,gas,0.0,0.0,0.0,0.0,COST_OPT_90_SNAP,snapshot
PT,2030,oil_boiler,oil,0.0,0.0,0.0,0.0,COST_OPT_90_SNAP,snapshot
PT,2030,biomass_boiler,biomass,0.0,0.0,0.0,0.0,COST_OPT_90_SNAP,snapshot
PT,2030,resistance_heater,electricity,0.0,0.0,0.0,0.0,COST_OPT_90_SNAP,snapshot
PT,2030,hp_air,electricity,0.3597039,7456453.417427565,1891924.646662835,122975.10203308429,COST_OPT_90_SNAP,snapshot
PT,2030,hp_ground,electricity,0.0,0.0,0.0,0.0,COST_OPT_90_SNAP,snapshot
PT,2030,district_heat,district_heat,0.6402961,13272967.134942217,13912963.453817839,695648.1726908919,COST_OPT_90_SNAP,snapshot
PT,2030,h2_boiler,hydrogen,0.0,0.0,0.0,0.0,COST_OPT_90_SNAP,snapshot
PT,2040,gas_boiler,gas,0.0,0.0,0.0,0.0,COST_OPT_90_SNAP,snapshot
PT,2040,oil_boiler,oil,0.0,0.0,0.0,0.0,COST_OPT_90_SNAP,snapshot
PT,2040,biomass_boiler,biomass,0.0,0.0,0.0,0.0,COST_OPT_90_SNAP,snapshot
PT,2040,resistance_heater,electricity,0.0,0.0,0.0,0.0,COST_OPT_90_SNAP,snapshot
PT,2040,hp_air,electricity,0.3597039,6755828.459042498,1674057.998573322,41851.44996433306,COST_OPT_90_SNAP,snapshot
PT,2040,hp_ground,electricity,0.0,0.0,0.0,0.0,COST_OPT_90_SNAP,snapshot
PT,2040,district_heat,district_heat,0.6402961,12025809.60226987,12500841.582401112,250016.83164802226,COST_OPT_90_SNAP,snapshot
PT,2040,h2_boiler,hydrogen,0.0,0.0,0.0,0.0,COST_OPT_90_SNAP,snapshot
PT,2050,gas_boiler,gas,0.0,0.0,0.0,0.0,COST_OPT_90_SNAP,snapshot
PT,2050,oil_boiler,oil,0.0,0.0,0.0,0.0,COST_OPT_90_SNAP,snapshot
PT,2050,biomass_boiler,biomass,0.0,0.0,0.0,0.0,COST_OPT_90_SNAP,snapshot
PT,2050,resistance_heater,electricity,0.0,0.0,0.0,0.0,COST_OPT_90_SNAP,snapshot
PT,2050,hp_air,electricity,0.3597039,6045048.85490165,1463692.2166832082,7318.461083416041,COST_OPT_90_SNAP,snapshot
PT,2050,hp_ground,electricity,0.0,0.0,0.0,0.0,COST_OPT_90_SNAP,snapshot
PT,2050,district_heat,district_heat,0.6402961,10760576.146388717,11093377.470503833,88747.01976403066,COST_OPT_90_SNAP,snapshot
PT,2050,h2_boiler,hydrogen,0.0,0.0,0.0,0.0,COST_OPT_90_SNAP,snapshot
RO,2025,gas_boiler,gas,0.0,0.0,0.0,0.0,COST_OPT_90_SNAP,snapshot
RO,2025,oil_boiler,oil,0.0,0.0,0.0,0.0,COST_OPT_90_SNAP,snapshot
RO,2025,biomass_boiler,biomass,0.0,0.0,0.0,0.0,COST_OPT_90_SNAP,snapshot
RO,2025,resistance_heater,electricity,0.0,0.0,0.0,0.0,COST_OPT_90_SNAP,snapshot
RO,2025,hp_air,electricity,0.0,0.0,0.0,0.0,COST_OPT_90_SNAP,snapshot
RO,2025,hp_ground,electricity,0.0,0.0,0.0,0.0,COST_OPT_90_SNAP,snapshot
RO,2025,district_heat,district_heat,1.0,99149114.26359808,104367488.69852431,20873497.739704862,COST_OPT_90_SNAP,snapshot
RO,2025,h2_boiler,hydrogen,0.0,0.0,0.0,0.0,COST_OPT_90_SNAP,snapshot
RO,2030,gas_boiler,gas,0.30342667,29363735.720737956,31778934.762703415,6419344.82206609,COST_OPT_90_SNAP,snapshot
RO,2030,oil_boiler,oil,0.0,0.0,0.0,0.0,COST_OPT_90_SNAP,snapshot
RO,2030,biomass_boiler,biomass,0.0,0.0,0.0,0.0,COST_OPT_90_SNAP,snapshot
RO,2030,resistance_heater,electricity,0.0,0.0,0.0,0.0,COST_OPT_90_SNAP,snapshot
RO,2030,hp_air,electricity,0.19385607,18760178.224744968,5850853.987258286,760611.0183435773,COST_OPT_90_SNAP,snapshot
RO,2030,hp_ground,electricity,0.0,0.0,0.0,0.0,COST_OPT_90_SNAP,snapshot
RO,2030,district_heat,district_heat,0.50271727,48649833.775425434,50995632.88828662,6629432.275477261,COST_OPT_90_SNAP,snapshot
RO,2030,h2_boiler,hydrogen,0.0,0.0,0.0,0.0,COST_OPT_90_SNAP,snapshot
RO,2040,gas_boiler,gas,0.0,0.0,0.0,0.0,COST_OPT_90_SNAP,snapshot
RO,2040,oil_boiler,oil,0.0,0.0,0.0,0.0,COST_OPT_90_SNAP,snapshot
RO,2040,biomass_boiler,biomass,0.0,0.0,0.0,0.0,COST_OPT_90_SNAP,snapshot
RO,2040,resistance_heater,electricity,0.0,0.0,0.0,0.0,COST_OPT_90_SNAP,snapshot
RO,2040,hp_air,electricity,0.49728273,46582752.66055774,14188216.575462274,709410.8287731138,COST_OPT_90_SNAP,snapshot
RO,2040,hp_ground,electricity,0.0,0.0,0.0,0.0,COST_OPT_90_SNAP,snapshot
RO,2040,district_heat,district_heat,0.50271727,47091830.93207524,48952007.20589942,2937120.432353965,COST_OPT_90_SNAP,snapshot
RO,2040,h2_boiler,hydrogen,0.0,0.0,0.0,0.0,COST_OPT_90_SNAP,snapshot
RO,2050,gas_boiler,gas,0.0,0.0,0.0,0.0,COST_OPT_90_SNAP,snapshot
RO,2050,oil_boiler,oil,0.0,0.0,0.0,0.0,COST_OPT_90_SNAP,snapshot
RO,2050,biomass_boiler,biomass,0.0,0.0,0.0,0.0,COST_OPT_90_SNAP,snapshot
RO,2050,resistance_heater,electricity,0.0,0.0,0.0,0.0,COST_OPT_90_SNAP,snapshot
RO,2050,hp_air,electricity,0.49728273,46101436.998087846,13720665.77324043,137206.6577324043,COST_OPT_90_SNAP,snapshot
RO,2050,hp_ground,electricity,0.0,0.0,0.0,0.0,COST_OPT_90_SNAP,snapshot
RO,2050,district_heat,district_heat,0.50271727,46605255.22524323,48046654.87138478,960933.0974276955,COST_OPT_90_SNAP,snapshot
RO,2050,h2_boiler,hydrogen,0.0,0.0,0.0,0.0,COST_OPT_90_SNAP,snapshot
SE,2025,gas_boiler,gas,0.0,0.0,0.0,0.0,COST_OPT_90_SNAP,snapshot
SE,2025,oil_boiler,oil,0.0,0.0,0.0,0.0,COST_OPT_90_SNAP,snapshot
SE,2025,biomass_boiler,biomass,1.0,81836545.64775829,92996074.59972534,0.0,COST_OPT_90_SNAP,snapshot
SE,2025,resistance_heater,electricity,0.0,0.0,0.0,0.0,COST_OPT_90_SNAP,snapshot
SE,2025,hp_air,electricity,0.0,0.0,0.0,0.0,COST_OPT_90_SNAP,snapshot
SE,2025,hp_ground,electricity,0.0,0.0,0.0,0.0,COST_OPT_90_SNAP,snapshot
SE,2025,district_heat,district_heat,0.0,0.0,0.0,0.0,COST_OPT_90_SNAP,snapshot
SE,2025,h2_boiler,hydrogen,0.0,0.0,0.0,0.0,COST_OPT_90_SNAP,snapshot
SE,2030,gas_boiler,gas,0.0,0.0,0.0,0.0,COST_OPT_90_SNAP,snapshot
SE,2030,oil_boiler,oil,0.0,0.0,0.0,0.0,COST_OPT_90_SNAP,snapshot
SE,2030,biomass_boiler,biomass,0.0,0.0,0.0,0.0,COST_OPT_90_SNAP,snapshot
SE,2030,resistance_heater,electricity,0.0,0.0,0.0,0.0,COST_OPT_90_SNAP,snapshot
SE,2030,hp_air,electricity,0.4910004,40936117.74325309,13927639.406387143,417829.18219161424,COST_OPT_90_SNAP,snapshot
SE,2030,hp_ground,electricity,0.0,0.0,0.0,0.0,COST_OPT_90_SNAP,snapshot
SE,2030,district_heat,district_heat,0.5089996,42436762.896463476,44482979.975328594,889659.5995065719,COST_OPT_90_SNAP,snapshot
SE,2030,h2_boiler,hydrogen,0.0,0.0,0.0,0.0,COST_OPT_90_SNAP,snapshot
SE,2040,gas_boiler,gas,0.0,0.0,0.0,0.0,COST_OPT_90_SNAP,snapshot
SE,2040,oil_boiler,oil,0.0,0.0,0.0,0.0,COST_OPT_90_SNAP,snapshot
SE,2040,biomass_boiler,biomass,0.0,0.0,0.0,0.0,COST_OPT_90_SNAP,snapshot
SE,2040,resistance_heater,electricity,0.0,0.0,0.0,0.0,COST_OPT_90_SNAP,snapshot
SE,2040,hp_air,electricity,0.65556369,56045114.53383871,18622114.079558317,279331.71119337477,COST_OPT_90_SNAP,snapshot
SE,2040,hp_ground,electricity,0.0,0.0,0.0,0.0,COST_OPT_90_SNAP,snapshot
SE,2040,district_heat,district_heat,0.34443631,29446372.24121241,30609534.554274853,244876.27643419884,COST_OPT_90_SNAP,snapshot
SE,2040,h2_boiler,hydrogen,0.0,0.0,0.0,0.0,COST_OPT_90_SNAP,snapshot
SE,2050,gas_boiler,gas,0.0,0.0,0.0,0.0,COST_OPT_90_SNAP,snapshot
SE,2050,oil_boiler,oil,0.0,0.0,0.0,0.0,COST_OPT_90_SNAP,snapshot
SE,2050,biomass_boiler,biomass,0.0,0.0,0.0,0.0,COST_OPT_90_SNAP,snapshot
SE,2050,resistance_heater,electricity,0.0,0.0,0.0,0.0,COST_OPT_90_SNAP,snapshot
SE,2050,hp_air,electricity,0.65556369,57180716.271421865,18565167.620591514,92825.83810295757,COST_OPT_90_SNAP,snapshot
SE,2050,hp_ground,electricity,0.0,0.0,0.0,0.0,COST_OPT_90_SNAP,snapshot
SE,2050,district_heat,district_heat,0.34443631,30043022.846011356,30972188.501042634,92916.56550312792,COST_OPT_90_SNAP,snapshot
SE,2050,h2_boiler,hydrogen,0.0,0.0,0.0,0.0,COST_OPT_90_SNAP,snapshot
SI,2025,gas_boiler,gas,0.0,0.0,0.0,0.0,COST_OPT_90_SNAP,snapshot
SI,2025,oil_boiler,oil,0.0,0.0,0.0,0.0,COST_OPT_90_SNAP,snapshot
SI,2025,biomass_boiler,biomass,0.0,0.0,0.0,0.0,COST_OPT_90_SNAP,snapshot
SI,2025,resistance_heater,electricity,0.0,0.0,0.0,0.0,COST_OPT_90_SNAP,snapshot
SI,2025,hp_air,electricity,0.0,0.0,0.0,0.0,COST_OPT_90_SNAP,snapshot
SI,2025,hp_ground,electricity,0.0,0.0,0.0,0.0,COST_OPT_90_SNAP,snapshot
SI,2025,district_heat,district_heat,1.0,17414715.738082334,18331279.724297196,1466502.3779437758,COST_OPT_90_SNAP,snapshot
SI,2025,h2_boiler,hydrogen,0.0,0.0,0.0,0.0,COST_OPT_90_SNAP,snapshot
SI,2030,gas_boiler,gas,0.0,0.0,0.0,0.0,COST_OPT_90_SNAP,snapshot
SI,2030,oil_boiler,oil,0.0,0.0,0.0,0.0,COST_OPT_90_SNAP,snapshot
SI,2030,biomass_boiler,biomass,0.0,0.0,0.0,0.0,COST_OPT_90_SNAP,snapshot
SI,2030,resistance_heater,electricity,0.0,0.0,0.0,0.0,COST_OPT_90_SNAP,snapshot
SI,2030,hp_air,electricity,0.45724414,7916277.789662583,2443446.444120805,268779.1088532885,COST_OPT_90_SNAP,snapshot
SI,2030,hp_ground,electricity,0.0,0.0,0.0,0.0,COST_OPT_90_SNAP,snapshot
SI,2030,district_heat,district_heat,0.54275586,9396744.067025581,9849836.548244845,492491.82741224224,COST_OPT_90_SNAP,snapshot
SI,2030,h2_boiler,hydrogen,0.0,0.0,0.0,0.0,COST_OPT_90_SNAP,snapshot
SI,2040,gas_boiler,gas,0.0,0.0,0.0,0.0,COST_OPT_90_SNAP,snapshot
SI,2040,oil_boiler,oil,0.0,0.0,0.0,0.0,COST_OPT_90_SNAP,snapshot
SI,2040,biomass_boiler,biomass,0.0,0.0,0.0,0.0,COST_OPT_90_SNAP,snapshot
SI,2040,resistance_heater,electricity,0.0,0.0,0.0,0.0,COST_OPT_90_SNAP,snapshot
SI,2040,hp_air,electricity,0.45724414,7808148.583358293,2353695.2382463054,105916.28572108375,COST_OPT_90_SNAP,snapshot
SI,2040,hp_ground,electricity,0.0,0.0,0.0,0.0,COST_OPT_90_SNAP,snapshot
SI,2040,district_heat,district_heat,0.54275586,9268393.028215544,9634504.187334245,192690.08374668492,COST_OPT_90_SNAP,snapshot
SI,2040,h2_boiler,hydrogen,0.0,0.0,0.0,0.0,COST_OPT_90_SNAP,snapshot
SI,2050,gas_boiler,gas,0.0,0.0,0.0,0.0,COST_OPT_90_SNAP,snapshot
SI,2050,oil_boiler,oil,0.0,0.0,0.0,0.0,COST_OPT_90_SNAP,snapshot
SI,2050,biomass_boiler,biomass,0.0,0.0,0.0,0.0,COST_OPT_90_SNAP,snapshot
SI,2050,resistance_heater,electricity,0.0,0.0,0.0,0.0,COST_OPT_90_SNAP,snapshot
SI,2050,hp_air,electricity,0.45724414,7672239.661805885,2259864.4070120426,22598.644070120426,COST_OPT_90_SNAP,snapshot
SI,2050,hp_ground,electricity,0.0,0.0,0.0,0.0,COST_OPT_90_SNAP,snapshot
SI,2050,district_heat,district_heat,0.54275586,9107067.038124451,9388728.90528294,75109.83124226352,COST_OPT_90_SNAP,snapshot
SI,2050,h2_boiler,hydrogen,0.0,0.0,0.0,0.0,COST_OPT_90_SNAP,snapshot
SK,2025,gas_boiler,gas,0.0,0.0,0.0,0.0,COST_OPT_90_SNAP,snapshot
SK,2025,oil_boiler,oil,0.0,0.0,0.0,0.0,COST_OPT_90_SNAP,snapshot
SK,2025,biomass_boiler,biomass,0.0,0.0,0.0,0.0,COST_OPT_90_SNAP,snapshot
SK,2025,resistance_heater,electricity,0.0,0.0,0.0,0.0,COST_OPT_90_SNAP,snapshot
SK,2025,hp_air,electricity,0.0,0.0,0.0,0.0,COST_OPT_90_SNAP,snapshot
SK,2025,hp_ground,electricity,0.0,0.0,0.0,0.0,COST_OPT_90_SNAP,snapshot
SK,2025,district_heat,district_heat,1.0,40685879.876862794,42827241.97564505,3426179.358051604,COST_OPT_90_SNAP,snapshot
SK,2025,h2_boiler,hydrogen,0.0,0.0,0.0,0.0,COST_OPT_90_SNAP,snapshot
SK,2030,gas_boiler,gas,0.0,0.0,0.0,0.0,COST_OPT_90_SNAP,snapshot
SK,2030,oil_boiler,oil,0.0,0.0,0.0,0.0,COST_OPT_90_SNAP,snapshot
SK,2030,biomass_boiler,biomass,0.2,7449717.648942763,8427282.408306293,0.0,COST_OPT_90_SNAP,snapshot
SK,2030,resistance_heater,electricity,0.0,0.0,0.0,0.0,COST_OPT_90_SNAP,snapshot
SK,2030,hp_air,electricity,0.34992853,13034343.729047986,4196234.540289739,419623.45402897394,COST_OPT_90_SNAP,snapshot
SK,2030,hp_ground,electricity,0.0,0.0,0.0,0.0,COST_OPT_90_SNAP,snapshot
SK,2030,district_heat,district_heat,0.45007147,16764526.866723064,17572879.31522334,878643.965761167,COST_OPT_90_SNAP,snapshot
SK,2030,h2_boiler,hydrogen,0.0,0.0,0.0,0.0,COST_OPT_90_SNAP,snapshot
SK,2040,gas_boiler,gas,0.0,0.0,0.0,0.0,COST_OPT_90_SNAP,snapshot
SK,2040,oil_boiler,oil,0.0,0.0,0.0,0.0,COST_OPT_90_SNAP,snapshot
SK,2040,biomass_boiler,biomass,0.2,6601134.487419691,7400374.985896515,0.0,COST_OPT_90_SNAP,snapshot
SK,2040,resistance_heater,electricity,0.0,0.0,0.0,0.0,COST_OPT_90_SNAP,snapshot
SK,2040,hp_air,electricity,0.34992853,11549626.43757538,3631272.853416141,145250.91413664565,COST_OPT_90_SNAP,snapshot
SK,2040,hp_ground,electricity,0.0,0.0,0.0,0.0,COST_OPT_90_SNAP,snapshot
SK,2040,district_heat,district_heat,0.45007147,14854911.51210338,15441695.958527423,308833.9191705485,COST_OPT_90_SNAP,snapshot
SK,2040,h2_boiler,hydrogen,0.0,0.0,0.0,0.0,COST_OPT_90_SNAP,snapshot
SK,2050,gas_boiler,gas,0.0,0.0,0.0,0.0,COST_OPT_90_SNAP,snapshot
SK,2050,oil_boiler,oil,0.0,0.0,0.0,0.0,COST_OPT_90_SNAP,snapshot
SK,2050,biomass_boiler,biomass,0.0,0.0,0.0,0.0,COST_OPT_90_SNAP,snapshot
SK,2050,resistance_heater,electricity,0.0,0.0,0.0,0.0,COST_OPT_90_SNAP,snapshot
SK,2050,hp_air,electricity,0.54992853,16760109.927868873,5149035.308101036,41192.28246480829,COST_OPT_90_SNAP,snapshot
SK,2050,hp_ground,electricity,0.0,0.0,0.0,0.0,COST_OPT_90_SNAP,snapshot
SK,2050,district_heat,district_heat,0.45007147,13716777.54670691,14141007.780110216,113128.06224088173,COST_OPT_90_SNAP,snapshot
SK,2050,h2_boiler,hydrogen,0.0,0.0,0.0,0.0,COST_OPT_90_SNAP,snapshot
UK,2025,gas_boiler,gas,0.0,0.0,0.0,0.0,COST_OPT_90_SNAP,snapshot
UK,2025,oil_boiler,oil,0.0,0.0,0.0,0.0,COST_OPT_90_SNAP,snapshot
UK,2025,biomass_boiler,biomass,0.0,0.0,0.0,0.0,COST_OPT_90_SNAP,snapshot
UK,2025,resistance_heater,electricity,0.0,0.0,0.0,0.0,COST_OPT_90_SNAP,snapshot
UK,2025,hp_air,electricity,0.0,0.0,0.0,0.0,COST_OPT_90_SNAP,snapshot
UK,2025,hp_ground,electricity,0.0,0.0,0.0,0.0,COST_OPT_90_SNAP,snapshot
UK,2025,district_heat,district_heat,1.0,368856735.5951867,388270247.9949334,38827024.79949334,COST_OPT_90_SNAP,snapshot
UK,2025,h2_boiler,hydrogen,0.0,0.0,0.0,0.0,COST_OPT_90_SNAP,snapshot
UK,2030,gas_boiler,gas,0.52178303,193561237.90239453,209481859.20172566,42315335.55874859,COST_OPT_90_SNAP,snapshot
UK,2030,oil_boiler,oil,0.0,0.0,0.0,0.0,COST_OPT_90_SNAP,snapshot
UK,2030,biomass_boiler,biomass,0.0,0.0,0.0,0.0,COST_OPT_90_SNAP,snapshot
UK,2030,resistance_heater,electricity,0.0,0.0,0.0,0.0,COST_OPT_90_SNAP,snapshot
UK,2030,hp_air,electricity,0.0,0.0,0.0,0.0,COST_OPT_90_SNAP,snapshot
UK,2030,hp_ground,electricity,0.0,0.0,0.0,0.0,COST_OPT_90_SNAP,snapshot
UK,2030,district_heat,district_heat,0.47821697,177399921.76275313,185953796.39701587,11157227.783820951,COST_OPT_90_SNAP,snapshot
UK,2030,h2_boiler,hydrogen,0.0,0.0,0.0,0.0,COST_OPT_90_SNAP,snapshot
UK,2040,gas_boiler,gas,0.40637822,149932324.32828367,160871592.62691382,32496061.710636593,COST_OPT_90_SNAP,snapshot
UK,2040,oil_boiler,oil,0.0,0.0,0.0,0.0,COST_OPT_90_SNAP,snapshot
UK,2040,biomass_boiler,biomass,0.0,0.0,0.0,0.0,COST_OPT_90_SNAP,snapshot
UK,2040,resistance_heater,electricity,0.0,0.0,0.0,0.0,COST_OPT_90_SNAP,snapshot
UK,2040,hp_air,electricity,0.10340482,38150974.255824514,11155255.630358046,334657.66891074134,COST_OPT_90_SNAP,snapshot
UK,2040,hp_ground,electricity,0.0,0.0,0.0,0.0,COST_OPT_90_SNAP,snapshot
UK,2040,district_heat,district_heat,0.47821697,176437068.5154561,183406516.12833276,4585162.903208319,COST_OPT_90_SNAP,snapshot
UK,2040,h2_boiler,hydrogen,0.012,4427372.834940327,4854575.4769082535,0.0,COST_OPT_90_SNAP,snapshot
UK,2050,gas_boiler,gas,0.090352282,32873759.992822368,34972085.0987472,7064361.1899469355,COST_OPT_90_SNAP,snapshot
UK,2050,oil_boiler,oil,0.0,0.0,0.0,0.0,COST_OPT_90_SNAP,snapshot
UK,2050,biomass_boiler,biomass,0.0,0.0,0.0,0.0,COST_OPT_90_SNAP,snapshot
UK,2050,resistance_heater,electricity,0.0,0.0,0.0,0.0,COST_OPT_90_SNAP,snapshot
UK,2050,hp_air,electricity,0.41143075,149694899.00838256,42769971.14525216,342159.7691620173,COST_OPT_90_SNAP,snapshot
UK,2050,hp_ground,electricity,0.0,0.0,0.0,0.0,COST_OPT_90_SNAP,snapshot
UK,2050,district_heat,district_heat,0.47821697,173994386.73031783,179375656.42300808,1435005.2513840646,COST_OPT_90_SNAP,snapshot
UK,2050,h2_boiler,hydrogen,0.02,7276796.836813123,7909561.779144699,0.0,COST_OPT_90_SNAP,snapshot
AT,2025,gas_boiler,gas,0.27,19478669.571134694,21172466.925146405,4276838.318879575,COST_OPT_100,trajectory
AT,2025,oil_boiler,oil,0.125,9017902.579229025,10019891.754698917,2655271.314995213,COST_OPT_100,trajectory
AT,2025,biomass_boiler,biomass,0.265,19117953.467965536,21724947.122688107,0.0,COST_OPT_100,trajectory
AT,2025,resistance_heater,electricity,0.04,2885728.825353288,2944621.250360498,353354.55004325975,COST_OPT_100,trajectory
AT,2025,hp_air,electricity,0.07,5050025.444368254,1610853.41128174,193302.40935380876,COST_OPT_100,trajectory
AT,2025,hp_ground,electricity,0.0225,1623222.4642612245,449646.1119837187,53957.533438046245,COST_OPT_100,trajectory
AT,2025,district_heat,district_heat,0.2075,14969718.28152018,15757598.191073874,1418183.8371966488,COST_OPT_100,trajectory
AT,2025,h2_boiler,hydrogen,0.0,0.0,0.0,0.0,COST_OPT_100,trajectory
AT,2030,gas_boiler,gas,0.0,0.0,0.0,0.0,COST_OPT_100,trajectory
AT,2030,oil_boiler,oil,0.0,0.0,0.0,0.0,COST_OPT_100,trajectory
AT,2030,biomass_boiler,biomass,0.3,21184359.005993173,23964207.020354267,0.0,COST_OPT_100,trajectory
AT,2030,resistance_heater,electricity,0.0,0.0,0.0,0.0,COST_OPT_100,trajectory
AT,2030,hp_air,electricity,0.1675,11827933.778346188,3727681.6193968453,260937.7133577792,COST_OPT_100,trajectory
AT,2030,hp_ground,electricity,0.0,0.0,0.0,0.0,COST_OPT_100,trajectory
AT,2030,district_heat,district_heat,0.5325,37602237.23563788,39415343.01429547,2167843.865786251,COST_OPT_100,trajectory
AT,2030,h2_boiler,hydrogen,0.0,0.0,0.0,0.0,COST_OPT_100,trajectory
AT,2040,gas_boiler,gas,0.0,0.0,0.0,0.0,COST_OPT_100,trajectory
AT,2040,oil_boiler,oil,0.0,0.0,0.0,0.0,COST_OPT_100,trajectory
AT,2040,biomass_boiler,biomass,0.0,0.0,0.0,0.0,COST_OPT_100,trajectory
AT,2040,resistance_heater,electricity,0.0,0.0,0.0,0.0,COST_OPT_100,trajectory
AT,2040,hp_air,electricity,0.34878144,23341553.119137183,7184226.875696272,179605.6718924068,COST_OPT_100,trajectory
AT,2040,hp_ground,electricity,0.0,0.0,0.0,0.0,COST_OPT_100,trajectory
AT,2040,district_heat,district_heat,0.65121856,43581598.29378543,45303116.72950669,996668.5680491469,COST_OPT_100,trajectory
AT,2040,h2_boiler,hydrogen,0.0,0.0,0.0,0.0,COST_OPT_100,trajectory
AT,2050,gas_boiler,gas,0.0,0.0,0.0,0.0,COST_OPT_100,trajectory
AT,2050,oil_boiler,oil,0.0,0.0,0.0,0.0,COST_OPT_100,trajectory
AT,2050,biomass_boiler,biomass,0.0,0.0,0.0,0.0,COST_OPT_100,trajectory
AT,2050,resistance_heater,electricity,0.0,0.0,0.0,0.0,COST_OPT_100,trajectory
AT,2050,hp_air,electricity,0.34878144,21905402.25379384,6588090.903396644,32940.45451698322,COST_OPT_100,trajectory
AT,2050,hp_ground,electricity,0.0,0.0,0.0,0.0,COST_OPT_100,trajectory
AT,2050,district_heat,district_heat,0.65121856,40900125.052343324,42165077.37354982,337320.6189883986,COST_OPT_100,trajectory
AT,2050,h2_boiler,hydrogen,0.0,0.0,0.0,0.0,COST_OPT_100,trajectory
BE,2025,gas_boiler,gas,0.603,80081194.24037188,87044776.3482303,17583044.822342522,COST_OPT_100,trajectory
BE,2025,oil_boiler,oil,0.2312,30704431.357170776,34116034.84130086,9040749.232944729,COST_OPT_100,trajectory
BE,2025,biomass_boiler,biomass,0.0603,8008119.424037188,9100135.709133169,0.0,COST_OPT_100,trajectory
BE,2025,resistance_heater,electricity,0.0503,6680073.0850592125,6816401.107203278,1090624.1771525247,COST_OPT_100,trajectory
BE,2025,hp_air,electricity,0.0251,3333396.310834717,1010120.0941923385,161619.21507077417,COST_OPT_100,trajectory
BE,2025,hp_ground,electricity,0.0025,332011.5847444937,87371.46966960361,13979.435147136579,COST_OPT_100,trajectory
BE,2025,district_heat,district_heat,0.0276,3665407.8955792105,3858324.1006096955,308665.92804877565,COST_OPT_100,trajectory
BE,2025,h2_boiler,hydrogen,0.0,0.0,0.0,0.0,COST_OPT_100,trajectory
BE,2030,gas_boiler,gas,0.6,77649319.28661738,84036059.8340015,16975284.0864683,COST_OPT_100,trajectory
BE,2030,oil_boiler,oil,0.0,0.0,0.0,0.0,COST_OPT_100,trajectory
BE,2030,biomass_boiler,biomass,0.0,0.0,0.0,0.0,COST_OPT_100,trajectory
BE,2030,resistance_heater,electricity,0.0,0.0,0.0,0.0,COST_OPT_100,trajectory
BE,2030,hp_air,electricity,0.0724,9369684.527251832,2805294.7686382732,280529.4768638273,COST_OPT_100,trajectory
BE,2030,hp_ground,electricity,0.0,0.0,0.0,0.0,COST_OPT_100,trajectory
BE,2030,district_heat,district_heat,0.3276,42396528.33049309,44440805.37787536,2222040.268893768,COST_OPT_100,trajectory
BE,2030,h2_boiler,hydrogen,0.0,0.0,0.0,0.0,COST_OPT_100,trajectory
BE,2040,gas_boiler,gas,0.0,0.0,0.0,0.0,COST_OPT_100,trajectory
BE,2040,oil_boiler,oil,0.0,0.0,0.0,0.0,COST_OPT_100,trajectory
BE,2040,biomass_boiler,biomass,0.0,0.0,0.0,0.0,COST_OPT_100,trajectory
BE,2040,resistance_heater,electricity,0.0,0.0,0.0,0.0,COST_OPT_100,trajectory
BE,2040,hp_air,electricity,0.49171416,60130282.096559696,17581953.82940342,703278.1531761369,COST_OPT_100,trajectory
BE,2040,hp_ground,electricity,0.0,0.0,0.0,0.0,COST_OPT_100,trajectory
BE,2040,district_heat,district_heat,0.50828584,62156784.227826186,64612041.816867135,1292240.8363373429,COST_OPT_100,trajectory
BE,2040,h2_boiler,hydrogen,0.0,0.0,0.0,0.0,COST_OPT_100,trajectory
BE,2050,gas_boiler,gas,0.0,0.0,0.0,0.0,COST_OPT_100,trajectory
BE,2050,oil_boiler,oil,0.0,0.0,0.0,0.0,COST_OPT_100,trajectory
BE,2050,biomass_boiler,biomass,0.0,0.0,0.0,0.0,COST_OPT_100,trajectory
BE,2050,resistance_heater,electricity,0.0,0.0,0.0,0.0,COST_OPT_100,trajectory
BE,2050,hp_air,electricity,0.49171416,56315895.50767519,16090255.859335769,128722.04687468616,COST_OPT_100,trajectory
BE,2050,hp_ground,electricity,0.0,0.0,0.0,0.0,COST_OPT_100,trajectory
BE,2050,district_heat,district_heat,0.50828584,58213845.72994789,60014273.94839989,480114.1915871991,COST_OPT_100,trajectory
BE,2050,h2_boiler,hydrogen,0.0,0.0,0.0,0.0,COST_OPT_100,trajectory
BG,2025,gas_boiler,gas,0.054,1921771.1341080829,2088881.6675087856,421954.0968367747,COST_OPT_100,trajectory
BG,2025,oil_boiler,oil,0.0455,1619270.1222577365,1799189.0247308183,476785.09155366686,COST_OPT_100,trajectory
BG,2025,biomass_boiler,biomass,0.5213,18552209.115010064,21082055.812511437,0.0,COST_OPT_100,trajectory
BG,2025,resistance_heater,electricity,0.1776,6320491.729955473,6449481.357097422,2257318.4749840978,COST_OPT_100,trajectory
BG,2025,hp_air,electricity,0.01,355883.5433533487,111178.86390295181,38912.602366033134,COST_OPT_100,trajectory
BG,2025,hp_ground,electricity,0.0,0.0,0.0,0.0,COST_OPT_100,trajectory
BG,2025,district_heat,district_heat,0.1916,6818728.69065016,7177609.1480528,1579074.012571616,COST_OPT_100,trajectory
BG,2025,h2_boiler,hydrogen,0.0,0.0,0.0,0.0,COST_OPT_100,trajectory
BG,2030,gas_boiler,gas,0.0221,767691.4286230498,830834.8794621751,167828.64565135937,COST_OPT_100,trajectory
BG,2030,oil_boiler,oil,0.0,0.0,0.0,0.0,COST_OPT_100,trajectory
BG,2030,biomass_boiler,biomass,0.2663,9250508.029064167,10464375.598488877,0.0,COST_OPT_100,trajectory
BG,2030,resistance_heater,electricity,0.0,0.0,0.0,0.0,COST_OPT_100,trajectory
BG,2030,hp_air,electricity,0.265,9205349.709733402,2841332.708726898,568266.5417453796,COST_OPT_100,trajectory
BG,2030,hp_ground,electricity,0.0,0.0,0.0,0.0,COST_OPT_100,trajectory
BG,2030,district_heat,district_heat,0.4466,15513619.548554478,16261655.711273039,2276631.7995782257,COST_OPT_100,trajectory
BG,2030,h2_boiler,hydrogen,0.0,0.0,0.0,0.0,COST_OPT_100,trajectory
BG,2040,gas_boiler,gas,0.0,0.0,0.0,0.0,COST_OPT_100,trajectory
BG,2040,oil_boiler,oil,0.0,0.0,0.0,0.0,COST_OPT_100,trajectory
BG,2040,biomass_boiler,biomass,0.0,0.0,0.0,0.0,COST_OPT_100,trajectory
BG,2040,resistance_heater,electricity,0.0,0.0,0.0,0.0,COST_OPT_100,trajectory
BG,2040,hp_air,electricity,0.49855033,16711628.167559283,5037568.025429337,403005.44203434704,COST_OPT_100,trajectory
BG,2040,hp_ground,electricity,0.0,0.0,0.0,0.0,COST_OPT_100,trajectory
BG,2040,district_heat,district_heat,0.50144967,16808815.330210105,17472781.008534413,1135730.7655547368,COST_OPT_100,trajectory
BG,2040,h2_boiler,hydrogen,0.0,0.0,0.0,0.0,COST_OPT_100,trajectory
BG,2050,gas_boiler,gas,0.0,0.0,0.0,0.0,COST_OPT_100,trajectory
BG,2050,oil_boiler,oil,0.0,0.0,0.0,0.0,COST_OPT_100,trajectory
BG,2050,biomass_boiler,biomass,0.0,0.0,0.0,0.0,COST_OPT_100,trajectory
BG,2050,resistance_heater,electricity,0.0,0.0,0.0,0.0,COST_OPT_100,trajectory
BG,2050,hp_air,electricity,0.49855033,16495260.57911686,4858692.364982875,97173.8472996575,COST_OPT_100,trajectory
BG,2050,hp_ground,electricity,0.0,0.0,0.0,0.0,COST_OPT_100,trajectory
BG,2050,district_heat,district_heat,0.50144967,16591189.447135974,17104319.017665952,376295.01838865096,COST_OPT_100,trajectory
BG,2050,h2_boiler,hydrogen,0.0,0.0,0.0,0.0,COST_OPT_100,trajectory
CH,2025,gas_boiler,gas,0.17768223,15417456.007247737,16758104.355704062,3385137.0798522206,COST_OPT_100,trajectory
CH,2025,oil_boiler,oil,0.39086091,33914932.7700233,37683258.63335922,9986063.537840195,COST_OPT_100,trajectory
CH,2025,biomass_boiler,biomass,0.11678832,10133702.091426762,11515570.558439502,0.0,COST_OPT_100,trajectory
CH,2025,resistance_heater,electricity,0.060893911,5283754.0025908,5391585.716929387,269579.2858464694,COST_OPT_100,trajectory
CH,2025,hp_air,electricity,0.15738426,13656204.701974079,4266230.772250572,213311.5386125286,COST_OPT_100,trajectory
CH,2025,hp_ground,electricity,0.055794421,4841272.147571309,1313421.6352608,65671.08176304,COST_OPT_100,trajectory
CH,2025,district_heat,district_heat,0.04059594,3522502.6105473163,3707897.484786649,222473.84908719893,COST_OPT_100,trajectory
CH,2025,h2_boiler,hydrogen,0.0,0.0,0.0,0.0,COST_OPT_100,trajectory
CH,2030,gas_boiler,gas,0.0,0.0,0.0,0.0,COST_OPT_100,trajectory
CH,2030,oil_boiler,oil,0.090860914,7794922.229664057,8661024.699626729,2295171.5454010833,COST_OPT_100,trajectory
CH,2030,biomass_boiler,biomass,0.048765491,4183572.375646392,4732547.936251574,0.0,COST_OPT_100,trajectory
CH,2030,resistance_heater,electricity,0.0,0.0,0.0,0.0,COST_OPT_100,trajectory
CH,2030,hp_air,electricity,0.45738426,39238816.5473709,12111493.47100775,363344.8041302324,COST_OPT_100,trajectory
CH,2030,hp_ground,electricity,0.062393393,5352704.751350682,1414936.4925589962,42448.09477676988,COST_OPT_100,trajectory
CH,2030,district_heat,district_heat,0.34059594,29219592.310499158,30628503.470124904,1071997.6214543718,COST_OPT_100,trajectory
CH,2030,h2_boiler,hydrogen,0.0,0.0,0.0,0.0,COST_OPT_100,trajectory
CH,2040,gas_boiler,gas,0.0,0.0,0.0,0.0,COST_OPT_100,trajectory
CH,2040,oil_boiler,oil,0.0,0.0,0.0,0.0,COST_OPT_100,trajectory
CH,2040,biomass_boiler,biomass,0.0,0.0,0.0,0.0,COST_OPT_100,trajectory
CH,2040,resistance_heater,electricity,0.0,0.0,0.0,0.0,COST_OPT_100,trajectory
CH,2040,hp_air,electricity,0.32023728,26263466.239282597,7916882.570471634,95002.59084565961,COST_OPT_100,trajectory
CH,2040,hp_ground,electricity,0.0,0.0,0.0,0.0,COST_OPT_100,trajectory
CH,2040,district_heat,district_heat,0.67976272,55749053.4751073,57951199.03857308,869267.985578596,COST_OPT_100,trajectory
CH,2040,h2_boiler,hydrogen,0.0,0.0,0.0,0.0,COST_OPT_100,trajectory
CH,2050,gas_boiler,gas,0.0,0.0,0.0,0.0,COST_OPT_100,trajectory
CH,2050,oil_boiler,oil,0.0,0.0,0.0,0.0,COST_OPT_100,trajectory
CH,2050,biomass_boiler,biomass,0.0,0.0,0.0,0.0,COST_OPT_100,trajectory
CH,2050,resistance_heater,electricity,0.0,0.0,0.0,0.0,COST_OPT_100,trajectory
CH,2050,hp_air,electricity,0.32023728,24612712.275107954,7249694.337292476,36248.47168646238,COST_OPT_100,trajectory
CH,2050,hp_ground,electricity,0.0,0.0,0.0,0.0,COST_OPT_100,trajectory
CH,2050,district_heat,district_heat,0.67976272,52245023.57347268,53860849.044817194,269304.245224086,COST_OPT_100,trajectory
CH,2050,h2_boiler,hydrogen,0.0,0.0,0.0,0.0,COST_OPT_100,trajectory
CY,2025,gas_boiler,gas,0.0,0.0,0.0,0.0,COST_OPT_100,trajectory
CY,2025,oil_boiler,oil,0.5404,1758651.623200764,1954057.3591119598,517825.2001646694,COST_OPT_100,trajectory
CY,2025,biomass_boiler,biomass,0.0556,180941.9508696567,205615.85326097353,0.0,COST_OPT_100,trajectory
CY,2025,resistance_heater,electricity,0.0909,295820.5635620826,301857.71792049246,150928.85896024623,COST_OPT_100,trajectory
CY,2025,hp_air,electricity,0.3131,1018937.4967138402,228717.73214676545,114358.86607338274,COST_OPT_100,trajectory
CY,2025,hp_ground,electricity,0.0,0.0,0.0,0.0,COST_OPT_100,trajectory
CY,2025,district_heat,district_heat,0.0,0.0,0.0,0.0,COST_OPT_100,trajectory
CY,2025,h2_boiler,hydrogen,0.0,0.0,0.0,0.0,COST_OPT_100,trajectory
CY,2030,gas_boiler,gas,0.23493888,796802.0439642342,862339.8744201668,174192.65463287372,COST_OPT_100,trajectory
CY,2030,oil_boiler,oil,0.2404,815323.5912634039,905915.101403782,240067.50187200226,COST_OPT_100,trajectory
CY,2030,biomass_boiler,biomass,0.0,0.0,0.0,0.0,COST_OPT_100,trajectory
CY,2030,resistance_heater,electricity,0.0,0.0,0.0,0.0,COST_OPT_100,trajectory
CY,2030,hp_air,electricity,0.22466112,761944.7220285297,168983.0831733266,47315.26328853145,COST_OPT_100,trajectory
CY,2030,hp_ground,electricity,0.0,0.0,0.0,0.0,COST_OPT_100,trajectory
CY,2030,district_heat,district_heat,0.3,1017458.7245383576,1066518.5791806683,53325.92895903342,COST_OPT_100,trajectory
CY,2030,h2_boiler,hydrogen,0.0,0.0,0.0,0.0,COST_OPT_100,trajectory
CY,2040,gas_boiler,gas,0.26336396,955669.4773705724,1025396.4349469661,207130.07985928716,COST_OPT_100,trajectory
CY,2040,oil_boiler,oil,0.0,0.0,0.0,0.0,COST_OPT_100,trajectory
CY,2040,biomass_boiler,biomass,0.0,0.0,0.0,0.0,COST_OPT_100,trajectory
CY,2040,resistance_heater,electricity,0.0,0.0,0.0,0.0,COST_OPT_100,trajectory
CY,2040,hp_air,electricity,0.03663604,132941.2923458752,28793.86882085233,2879.386882085233,COST_OPT_100,trajectory
CY,2040,hp_ground,electricity,0.0,0.0,0.0,0.0,COST_OPT_100,trajectory
CY,2040,district_heat,district_heat,0.7,2540091.796005044,2640428.0623753057,52808.56124750612,COST_OPT_100,trajectory
CY,2040,h2_boiler,hydrogen,0.0,0.0,0.0,0.0,COST_OPT_100,trajectory
CY,2050,gas_boiler,gas,0.0,0.0,0.0,0.0,COST_OPT_100,trajectory
CY,2050,oil_boiler,oil,0.0,0.0,0.0,0.0,COST_OPT_100,trajectory
CY,2050,biomass_boiler,biomass,0.0,0.0,0.0,0.0,COST_OPT_100,trajectory
CY,2050,resistance_heater,electricity,0.0,0.0,0.0,0.0,COST_OPT_100,trajectory
CY,2050,hp_air,electricity,0.3,1157423.1465654375,244957.27969638887,4899.145593927778,COST_OPT_100,trajectory
CY,2050,hp_ground,electricity,0.0,0.0,0.0,0.0,COST_OPT_100,trajectory
CY,2050,district_heat,district_heat,0.7,2700654.0086526875,2784179.3903635954,22273.435122908762,COST_OPT_100,trajectory
CY,2050,h2_boiler,hydrogen,0.0,0.0,0.0,0.0,COST_OPT_100,trajectory
CZ,2025,gas_boiler,gas,0.3503,27286627.836373612,29659378.083014794,5991194.372768989,COST_OPT_100,trajectory
CZ,2025,oil_boiler,oil,0.0609,4743807.123137748,5270896.803486386,1396787.6529238925,COST_OPT_100,trajectory
CZ,2025,biomass_boiler,biomass,0.1624,12650152.328367326,14375173.100417417,0.0,COST_OPT_100,trajectory
CZ,2025,resistance_heater,electricity,0.0508,3957067.353947415,4037823.830558587,1695886.0088346063,COST_OPT_100,trajectory
CZ,2025,hp_air,electricity,0.033,2570535.87953277,837580.9317473997,351783.9913339079,COST_OPT_100,trajectory
CZ,2025,hp_ground,electricity,0.0127,989266.8384868538,279928.3640313678,117569.91289317446,COST_OPT_100,trajectory
CZ,2025,district_heat,district_heat,0.3299,25697569.292662445,27050072.93964468,6762518.23491117,COST_OPT_100,trajectory
CZ,2025,h2_boiler,hydrogen,0.0,0.0,0.0,0.0,COST_OPT_100,trajectory
CZ,2030,gas_boiler,gas,0.24233229,18869774.359926224,20421833.72286388,4125210.4120185035,COST_OPT_100,trajectory
CZ,2030,oil_boiler,oil,0.0,0.0,0.0,0.0,COST_OPT_100,trajectory
CZ,2030,biomass_boiler,biomass,0.18,14016123.83057462,15855343.699745046,0.0,COST_OPT_100,trajectory
CZ,2030,resistance_heater,electricity,0.0,0.0,0.0,0.0,COST_OPT_100,trajectory
CZ,2030,hp_air,electricity,0.0,0.0,0.0,0.0,COST_OPT_100,trajectory
CZ,2030,hp_ground,electricity,0.0,0.0,0.0,0.0,COST_OPT_100,trajectory
CZ,2030,district_heat,district_heat,0.57766771,44981456.42380261,47150373.60985599,7544059.777576958,COST_OPT_100,trajectory
CZ,2030,h2_boiler,hydrogen,0.0,0.0,0.0,0.0,COST_OPT_100,trajectory
CZ,2040,gas_boiler,gas,0.0,0.0,0.0,0.0,COST_OPT_100,trajectory
CZ,2040,oil_boiler,oil,0.0,0.0,0.0,0.0,COST_OPT_100,trajectory
CZ,2040,biomass_boiler,biomass,0.0,0.0,0.0,0.0,COST_OPT_100,trajectory
CZ,2040,resistance_heater,electricity,0.0,0.0,0.0,0.0,COST_OPT_100,trajectory
CZ,2040,hp_air,electricity,0.34010643,26383103.660726592,8295008.382294722,829500.8382294723,COST_OPT_100,trajectory
CZ,2040,hp_ground,electricity,0.082225861,6378513.379930793,1672833.3018439007,167283.3301843901,COST_OPT_100,trajectory
CZ,2040,district_heat,district_heat,0.57766771,44811464.08900456,46581563.50208375,3493617.262656281,COST_OPT_100,trajectory
CZ,2040,h2_boiler,hydrogen,0.0,0.0,0.0,0.0,COST_OPT_100,trajectory
CZ,2050,gas_boiler,gas,0.0,0.0,0.0,0.0,COST_OPT_100,trajectory
CZ,2050,oil_boiler,oil,0.0,0.0,0.0,0.0,COST_OPT_100,trajectory
CZ,2050,biomass_boiler,biomass,0.0,0.0,0.0,0.0,COST_OPT_100,trajectory
CZ,2050,resistance_heater,electricity,0.0,0.0,0.0,0.0,COST_OPT_100,trajectory
CZ,2050,hp_air,electricity,0.34010643,26568858.419518925,8162475.7049213275,163249.51409842656,COST_OPT_100,trajectory
CZ,2050,hp_ground,electricity,0.082225861,6423422.395548483,1606257.1631779154,32125.143263558304,COST_OPT_100,trajectory
CZ,2050,district_heat,district_heat,0.57766771,45126966.87480362,46522646.262684144,1163066.1565671037,COST_OPT_100,trajectory
CZ,2050,h2_boiler,hydrogen,0.0,0.0,0.0,0.0,COST_OPT_100,trajectory
DE,2025,gas_boiler,gas,0.5075,388654601.34265304,422450653.6333185,85335032.03393035,COST_OPT_100,trajectory
DE,2025,oil_boiler,oil,0.2111,161664997.72105235,179627775.24561372,47601360.44008764,COST_OPT_100,trajectory
DE,2025,biomass_boiler,biomass,0.1106,84699899.32708853,96249885.59896424,0.0,COST_OPT_100,trajectory
DE,2025,resistance_heater,electricity,0.0251,19222129.051626783,19614417.399619166,6865046.089866708,COST_OPT_100,trajectory
DE,2025,hp_air,electricity,0.0452,34615148.73041954,10926498.967935462,3824274.638777411,COST_OPT_100,trajectory
DE,2025,hp_ground,electricity,0.005,3829109.3728340203,1049646.2096584486,367376.17338045704,COST_OPT_100,trajectory
DE,2025,district_heat,district_heat,0.0955,73135989.02112979,76985251.60118926,10777935.224166496,COST_OPT_100,trajectory
DE,2025,h2_boiler,hydrogen,0.0,0.0,0.0,0.0,COST_OPT_100,trajectory
DE,2030,gas_boiler,gas,0.4845,360825003.44168603,390503250.4780152,78881656.59655908,COST_OPT_100,trajectory
DE,2030,oil_boiler,oil,0.0,0.0,0.0,0.0,COST_OPT_100,trajectory
DE,2030,biomass_boiler,biomass,0.12,89368421.90506156,101095499.89260358,0.0,COST_OPT_100,trajectory
DE,2030,resistance_heater,electricity,0.0,0.0,0.0,0.0,COST_OPT_100,trajectory
DE,2030,hp_air,electricity,0.0,0.0,0.0,0.0,COST_OPT_100,trajectory
DE,2030,hp_ground,electricity,0.0,0.0,0.0,0.0,COST_OPT_100,trajectory
DE,2030,district_heat,district_heat,0.3955,294543423.86209875,308745727.3187618,27787115.458688565,COST_OPT_100,trajectory
DE,2030,h2_boiler,hydrogen,0.0,0.0,0.0,0.0,COST_OPT_100,trajectory
DE,2040,gas_boiler,gas,0.0,0.0,0.0,0.0,COST_OPT_100,trajectory
DE,2040,oil_boiler,oil,0.0,0.0,0.0,0.0,COST_OPT_100,trajectory
DE,2040,biomass_boiler,biomass,0.12,84294081.13120435,94500090.95426497,0.0,COST_OPT_100,trajectory
DE,2040,resistance_heater,electricity,0.0,0.0,0.0,0.0,COST_OPT_100,trajectory
DE,2040,hp_air,electricity,0.35803367,251500993.5556904,76602398.1346523,6128191.850772184,COST_OPT_100,trajectory
DE,2040,hp_ground,electricity,0.0,0.0,0.0,0.0,COST_OPT_100,trajectory
DE,2040,district_heat,district_heat,0.52196633,366655601.4064749,381138878.80090946,15245555.152036378,COST_OPT_100,trajectory
DE,2040,h2_boiler,hydrogen,0.0,0.0,0.0,0.0,COST_OPT_100,trajectory
DE,2050,gas_boiler,gas,0.0,0.0,0.0,0.0,COST_OPT_100,trajectory
DE,2050,oil_boiler,oil,0.0,0.0,0.0,0.0,COST_OPT_100,trajectory
DE,2050,biomass_boiler,biomass,0.0,0.0,0.0,0.0,COST_OPT_100,trajectory
DE,2050,resistance_heater,electricity,0.0,0.0,0.0,0.0,COST_OPT_100,trajectory
DE,2050,hp_air,electricity,0.47803367,315833349.54567796,93998020.69811845,1409970.3104717766,COST_OPT_100,trajectory
DE,2050,hp_ground,electricity,0.0,0.0,0.0,0.0,COST_OPT_100,trajectory
DE,2050,district_heat,district_heat,0.52196633,344859336.69476604,355525089.3760475,5332876.3406407125,COST_OPT_100,trajectory
DE,2050,h2_boiler,hydrogen,0.0,0.0,0.0,0.0,COST_OPT_100,trajectory
DK,2025,gas_boiler,gas,0.13,6716835.1147645945,7300907.733439776,1474783.362154835,COST_OPT_100,trajectory
DK,2025,oil_boiler,oil,0.045,2325058.3089569747,2583398.121063305,684600.5020817759,COST_OPT_100,trajectory
DK,2025,biomass_boiler,biomass,0.065,3358417.5573822972,3816383.587934429,0.0,COST_OPT_100,trajectory
DK,2025,resistance_heater,electricity,0.025,1291699.0605316528,1318060.2658486252,171347.8345603213,COST_OPT_100,trajectory
DK,2025,hp_air,electricity,0.07,3616757.369488628,1191290.3061556746,154867.7398002377,COST_OPT_100,trajectory
DK,2025,hp_ground,electricity,0.01,516679.6242126611,147791.65452307242,19212.915087999412,COST_OPT_100,trajectory
DK,2025,district_heat,district_heat,0.655,33842515.3859293,35623700.40624137,1603066.5182808617,COST_OPT_100,trajectory
DK,2025,h2_boiler,hydrogen,0.0,0.0,0.0,0.0,COST_OPT_100,trajectory
DK,2030,gas_boiler,gas,0.039789759,2048382.2350727706,2216863.8907713965,447806.50593582215,COST_OPT_100,trajectory
DK,2030,oil_boiler,oil,0.0,0.0,0.0,0.0,COST_OPT_100,trajectory
DK,2030,biomass_boiler,biomass,0.1,5148013.676264716,5823544.882652394,0.0,COST_OPT_100,trajectory
DK,2030,resistance_heater,electricity,0.0,0.0,0.0,0.0,COST_OPT_100,trajectory
DK,2030,hp_air,electricity,0.37,19047650.60217945,6198792.828097972,433915.49796685815,COST_OPT_100,trajectory
DK,2030,hp_ground,electricity,0.0,0.0,0.0,0.0,COST_OPT_100,trajectory
DK,2030,district_heat,district_heat,0.49021024,25236090.19765009,26452924.735482275,740681.8925935037,COST_OPT_100,trajectory
DK,2030,h2_boiler,hydrogen,0.0,0.0,0.0,0.0,COST_OPT_100,trajectory
DK,2040,gas_boiler,gas,0.0,0.0,0.0,0.0,COST_OPT_100,trajectory
DK,2040,oil_boiler,oil,0.0,0.0,0.0,0.0,COST_OPT_100,trajectory
DK,2040,biomass_boiler,biomass,0.0,0.0,0.0,0.0,COST_OPT_100,trajectory
DK,2040,resistance_heater,electricity,0.0,0.0,0.0,0.0,COST_OPT_100,trajectory
DK,2040,hp_air,electricity,0.50978976,25756268.73035777,8185948.61758129,204648.71543953227,COST_OPT_100,trajectory
DK,2040,hp_ground,electricity,0.0,0.0,0.0,0.0,COST_OPT_100,trajectory
DK,2040,district_heat,district_heat,0.49021024,24767046.469927486,25745370.550860174,308944.4466103221,COST_OPT_100,trajectory
DK,2040,h2_boiler,hydrogen,0.0,0.0,0.0,0.0,COST_OPT_100,trajectory
DK,2050,gas_boiler,gas,0.0,0.0,0.0,0.0,COST_OPT_100,trajectory
DK,2050,oil_boiler,oil,0.0,0.0,0.0,0.0,COST_OPT_100,trajectory
DK,2050,biomass_boiler,biomass,0.0,0.0,0.0,0.0,COST_OPT_100,trajectory
DK,2050,resistance_heater,electricity,0.0,0.0,0.0,0.0,COST_OPT_100,trajectory
DK,2050,hp_air,electricity,0.50978976,25069317.108600445,7785502.207639889,38927.511038199445,COST_OPT_100,trajectory
DK,2050,hp_ground,electricity,0.0,0.0,0.0,0.0,COST_OPT_100,trajectory
DK,2050,district_heat,district_heat,0.49021024,24106478.632374123,24852039.827189818,124260.19913594908,COST_OPT_100,trajectory
DK,2050,h2_boiler,hydrogen,0.0,0.0,0.0,0.0,COST_OPT_100,trajectory
EE,2025,gas_boiler,gas,0.055494451,598520.0795683208,650565.3038786096,131414.19138347913,COST_OPT_100,trajectory
EE,2025,oil_boiler,oil,0.00099990001,10784.145491331461,11982.383879257179,3175.3317280031524,COST_OPT_100,trajectory
EE,2025,biomass_boiler,biomass,0.41175882,4440911.068916745,5046489.851041755,0.0,COST_OPT_100,trajectory
EE,2025,resistance_heater,electricity,0.064993501,700969.4607113734,715274.9599095647,214582.4879728694,COST_OPT_100,trajectory
EE,2025,hp_air,electricity,0.064993501,700969.4607113734,241380.66828904042,72414.20048671213,COST_OPT_100,trajectory
EE,2025,hp_ground,electricity,0.0099990001,107841.45491331462,32249.23890948404,9674.77167284521,COST_OPT_100,trajectory
EE,2025,district_heat,district_heat,0.39176082,4225228.161247159,4447608.590786484,578189.1168022429,COST_OPT_100,trajectory
EE,2025,h2_boiler,hydrogen,0.0,0.0,0.0,0.0,COST_OPT_100,trajectory
EE,2030,gas_boiler,gas,0.0,0.0,0.0,0.0,COST_OPT_100,trajectory
EE,2030,oil_boiler,oil,0.0,0.0,0.0,0.0,COST_OPT_100,trajectory
EE,2030,biomass_boiler,biomass,0.4,4359303.518234525,4931338.821532268,0.0,COST_OPT_100,trajectory
EE,2030,resistance_heater,electricity,0.0,0.0,0.0,0.0,COST_OPT_100,trajectory
EE,2030,hp_air,electricity,0.022834601,248857.391191954,84668.41017690324,12700.261526535485,COST_OPT_100,trajectory
EE,2030,hp_ground,electricity,0.0,0.0,0.0,0.0,COST_OPT_100,trajectory
EE,2030,district_heat,district_heat,0.5771654,6290097.897058093,6593394.022073473,527471.5217658778,COST_OPT_100,trajectory
EE,2030,h2_boiler,hydrogen,0.0,0.0,0.0,0.0,COST_OPT_100,trajectory
EE,2040,gas_boiler,gas,0.0,0.0,0.0,0.0,COST_OPT_100,trajectory
EE,2040,oil_boiler,oil,0.0,0.0,0.0,0.0,COST_OPT_100,trajectory
EE,2040,biomass_boiler,biomass,0.0,0.0,0.0,0.0,COST_OPT_100,trajectory
EE,2040,resistance_heater,electricity,0.0,0.0,0.0,0.0,COST_OPT_100,trajectory
EE,2040,hp_air,electricity,0.3466362,3881017.804668001,1289546.054182616,77372.76325095697,COST_OPT_100,trajectory
EE,2040,hp_ground,electricity,0.0761984,853134.6324683175,236456.38372181752,14187.383023309052,COST_OPT_100,trajectory
EE,2040,district_heat,district_heat,0.5771654,6462075.206335428,6717333.8943195725,214954.6846182263,COST_OPT_100,trajectory
EE,2040,h2_boiler,hydrogen,0.0,0.0,0.0,0.0,COST_OPT_100,trajectory
EE,2050,gas_boiler,gas,0.0,0.0,0.0,0.0,COST_OPT_100,trajectory
EE,2050,oil_boiler,oil,0.0,0.0,0.0,0.0,COST_OPT_100,trajectory
EE,2050,biomass_boiler,biomass,0.0,0.0,0.0,0.0,COST_OPT_100,trajectory
EE,2050,resistance_heater,electricity,0.0,0.0,0.0,0.0,COST_OPT_100,trajectory
EE,2050,hp_air,electricity,0.3466362,4025013.598954241,1306822.5970630653,19602.338955945976,COST_OPT_100,trajectory
EE,2050,hp_ground,electricity,0.0761984,884788.1329721328,233823.50237107105,3507.3525355660654,COST_OPT_100,trajectory
EE,2050,district_heat,district_heat,0.5771654,6701834.903122825,6909108.147549304,69091.08147549303,COST_OPT_100,trajectory
EE,2050,h2_boiler,hydrogen,0.0,0.0,0.0,0.0,COST_OPT_100,trajectory
EL,2025,gas_boiler,gas,0.183,11537093.734809158,12540319.276966477,2533144.4939472284,COST_OPT_100,trajectory
EL,2025,oil_boiler,oil,0.372,23452452.837972715,26058280.931080796,6905444.446736411,COST_OPT_100,trajectory
EL,2025,biomass_boiler,biomass,0.2735,17242596.374154676,19593859.516084857,0.0,COST_OPT_100,trajectory
EL,2025,resistance_heater,electricity,0.048,3026122.9468351896,3087880.5579950917,926364.1673985275,COST_OPT_100,trajectory
EL,2025,hp_air,electricity,0.1125,7092475.656644975,1791029.2062234788,537308.7618670436,COST_OPT_100,trajectory
EL,2025,hp_ground,electricity,0.0,0.0,0.0,0.0,COST_OPT_100,trajectory
EL,2025,district_heat,district_heat,0.011,693486.5086497308,729985.7985786641,58398.86388629313,COST_OPT_100,trajectory
EL,2025,h2_boiler,hydrogen,0.0,0.0,0.0,0.0,COST_OPT_100,trajectory
EL,2030,gas_boiler,gas,0.227,14064202.930414509,15220998.842439944,3074641.766172869,COST_OPT_100,trajectory
EL,2030,oil_boiler,oil,0.0945,5854921.484247449,6505468.315830499,1723949.1036950822,COST_OPT_100,trajectory
EL,2030,biomass_boiler,biomass,0.0,0.0,0.0,0.0,COST_OPT_100,trajectory
EL,2030,resistance_heater,electricity,0.0,0.0,0.0,0.0,COST_OPT_100,trajectory
EL,2030,hp_air,electricity,0.39,24163168.030227568,6028734.538479933,964597.5261567892,COST_OPT_100,trajectory
EL,2030,hp_ground,electricity,0.0,0.0,0.0,0.0,COST_OPT_100,trajectory
EL,2030,district_heat,district_heat,0.2885,17874548.658258084,18736424.17008185,936821.2085040925,COST_OPT_100,trajectory
EL,2030,h2_boiler,hydrogen,0.0,0.0,0.0,0.0,COST_OPT_100,trajectory
EL,2040,gas_boiler,gas,0.0,0.0,0.0,0.0,COST_OPT_100,trajectory
EL,2040,oil_boiler,oil,0.0,0.0,0.0,0.0,COST_OPT_100,trajectory
EL,2040,biomass_boiler,biomass,0.0,0.0,0.0,0.0,COST_OPT_100,trajectory
EL,2040,resistance_heater,electricity,0.0,0.0,0.0,0.0,COST_OPT_100,trajectory
EL,2040,hp_air,electricity,0.41029464,24631204.52446356,6001755.488417047,360105.3293050228,COST_OPT_100,trajectory
EL,2040,hp_ground,electricity,0.0,0.0,0.0,0.0,COST_OPT_100,trajectory
EL,2040,district_heat,district_heat,0.58970536,35401762.33189985,36800168.74417864,736003.3748835728,COST_OPT_100,trajectory
EL,2040,h2_boiler,hydrogen,0.0,0.0,0.0,0.0,COST_OPT_100,trajectory
EL,2050,gas_boiler,gas,0.0,0.0,0.0,0.0,COST_OPT_100,trajectory
EL,2050,oil_boiler,oil,0.0,0.0,0.0,0.0,COST_OPT_100,trajectory
EL,2050,biomass_boiler,biomass,0.0,0.0,0.0,0.0,COST_OPT_100,trajectory
EL,2050,resistance_heater,electricity,0.0,0.0,0.0,0.0,COST_OPT_100,trajectory
EL,2050,hp_air,electricity,0.41029464,23871098.419765305,5683594.8618488815,56835.948618488816,COST_OPT_100,trajectory
EL,2050,hp_ground,electricity,0.0,0.0,0.0,0.0,COST_OPT_100,trajectory
EL,2050,district_heat,district_heat,0.58970536,34309282.43962224,35370394.2676518,282963.1541412143,COST_OPT_100,trajectory
EL,2050,h2_boiler,hydrogen,0.0,0.0,0.0,0.0,COST_OPT_100,trajectory
ES,2025,gas_boiler,gas,0.31156884,52127026.44203092,56659811.35003361,11445281.89270679,COST_OPT_100,trajectory
ES,2025,oil_boiler,oil,0.21607839,36150996.19423261,40167773.549147345,10644459.990524048,COST_OPT_100,trajectory
ES,2025,biomass_boiler,biomass,0.24117588,40349931.89286861,45852195.33280524,0.0,COST_OPT_100,trajectory
ES,2025,resistance_heater,electricity,0.11558844,19338524.572204027,19733188.338983703,3157310.1342373923,COST_OPT_100,trajectory
ES,2025,hp_air,electricity,0.11058894,18502083.197973747,4875384.241890316,780061.4787024506,COST_OPT_100,trajectory
ES,2025,hp_ground,electricity,0.0,0.0,0.0,0.0,COST_OPT_100,trajectory
ES,2025,district_heat,district_heat,0.0049995,836441.3742302778,880464.6044529241,70437.16835623393,COST_OPT_100,trajectory
ES,2025,h2_boiler,hydrogen,0.0,0.0,0.0,0.0,COST_OPT_100,trajectory
ES,2030,gas_boiler,gas,0.49546024,80835333.44602592,87484127.10608865,17671793.67542991,COST_OPT_100,trajectory
ES,2030,oil_boiler,oil,0.0,0.0,0.0,0.0,COST_OPT_100,trajectory
ES,2030,biomass_boiler,biomass,0.0,0.0,0.0,0.0,COST_OPT_100,trajectory
ES,2030,resistance_heater,electricity,0.0,0.0,0.0,0.0,COST_OPT_100,trajectory
ES,2030,hp_air,electricity,0.21454026,35002674.391586095,9112906.63670557,820161.5973035013,COST_OPT_100,trajectory
ES,2030,hp_ground,electricity,0.0,0.0,0.0,0.0,COST_OPT_100,trajectory
ES,2030,district_heat,district_heat,0.2899995,47314000.98155363,49595388.869553074,2479769.443477654,COST_OPT_100,trajectory
ES,2030,h2_boiler,hydrogen,0.0,0.0,0.0,0.0,COST_OPT_100,trajectory
ES,2040,gas_boiler,gas,0.0,0.0,0.0,0.0,COST_OPT_100,trajectory
ES,2040,oil_boiler,oil,0.0,0.0,0.0,0.0,COST_OPT_100,trajectory
ES,2040,biomass_boiler,biomass,0.0,0.0,0.0,0.0,COST_OPT_100,trajectory
ES,2040,resistance_heater,electricity,0.0,0.0,0.0,0.0,COST_OPT_100,trajectory
ES,2040,hp_air,electricity,0.3,46308826.601739936,11774428.324876668,412104.9913706835,COST_OPT_100,trajectory
ES,2040,hp_ground,electricity,0.0,0.0,0.0,0.0,COST_OPT_100,trajectory
ES,2040,district_heat,district_heat,0.7,108053928.73739317,112322171.24469145,2246443.424893829,COST_OPT_100,trajectory
ES,2040,h2_boiler,hydrogen,0.0,0.0,0.0,0.0,COST_OPT_100,trajectory
ES,2050,gas_boiler,gas,0.0,0.0,0.0,0.0,COST_OPT_100,trajectory
ES,2050,oil_boiler,oil,0.0,0.0,0.0,0.0,COST_OPT_100,trajectory
ES,2050,biomass_boiler,biomass,0.0,0.0,0.0,0.0,COST_OPT_100,trajectory
ES,2050,resistance_heater,electricity,0.0,0.0,0.0,0.0,COST_OPT_100,trajectory
ES,2050,hp_air,electricity,0.3,43229436.97016656,10740232.78761902,85921.86230095218,COST_OPT_100,trajectory
ES,2050,hp_ground,electricity,0.0,0.0,0.0,0.0,COST_OPT_100,trajectory
ES,2050,district_heat,district_heat,0.7,100868686.26372197,103988336.35435255,831906.6908348204,COST_OPT_100,trajectory
ES,2050,h2_boiler,hydrogen,0.0,0.0,0.0,0.0,COST_OPT_100,trajectory
FI,2025,gas_boiler,gas,0.01,689263.3926987646,749199.3398899614,151338.26665777224,COST_OPT_100,trajectory
FI,2025,oil_boiler,oil,0.1,6892633.926987645,7658482.141097384,2029497.7673908067,COST_OPT_100,trajectory
FI,2025,biomass_boiler,biomass,0.175,12062109.372228378,13706942.46844134,0.0,COST_OPT_100,trajectory
FI,2025,resistance_heater,electricity,0.245,16886953.12111973,17231584.817469113,1378526.7853975291,COST_OPT_100,trajectory
FI,2025,hp_air,electricity,0.1,6892633.926987645,2457266.9971435457,196581.35977148367,COST_OPT_100,trajectory
FI,2025,hp_ground,electricity,0.09,6203370.53428888,1920548.1530306132,153643.85224244907,COST_OPT_100,trajectory
FI,2025,district_heat,district_heat,0.28,19299374.995565407,20315131.574279375,812605.2629711751,COST_OPT_100,trajectory
FI,2025,h2_boiler,hydrogen,0.0,0.0,0.0,0.0,COST_OPT_100,trajectory
FI,2030,gas_boiler,gas,0.0,0.0,0.0,0.0,COST_OPT_100,trajectory
FI,2030,oil_boiler,oil,0.0,0.0,0.0,0.0,COST_OPT_100,trajectory
FI,2030,biomass_boiler,biomass,0.0,0.0,0.0,0.0,COST_OPT_100,trajectory
FI,2030,resistance_heater,electricity,0.0,0.0,0.0,0.0,COST_OPT_100,trajectory
FI,2030,hp_air,electricity,0.415,29313492.007583123,10325287.780057458,516264.389002873,COST_OPT_100,trajectory
FI,2030,hp_ground,electricity,0.081317924,5743885.09698133,1732695.3535388627,86634.76767694314,COST_OPT_100,trajectory
FI,2030,district_heat,district_heat,0.50368208,35577543.67817553,37293022.72345444,932325.5680863609,COST_OPT_100,trajectory
FI,2030,h2_boiler,hydrogen,0.0,0.0,0.0,0.0,COST_OPT_100,trajectory
FI,2040,gas_boiler,gas,0.0,0.0,0.0,0.0,COST_OPT_100,trajectory
FI,2040,oil_boiler,oil,0.0,0.0,0.0,0.0,COST_OPT_100,trajectory
FI,2040,biomass_boiler,biomass,0.0,0.0,0.0,0.0,COST_OPT_100,trajectory
FI,2040,resistance_heater,electricity,0.0,0.0,0.0,0.0,COST_OPT_100,trajectory
FI,2040,hp_air,electricity,0.65745729,48522154.45075103,16691487.59915756,333829.7519831512,COST_OPT_100,trajectory
FI,2040,hp_ground,electricity,0.0,0.0,0.0,0.0,COST_OPT_100,trajectory
FI,2040,district_heat,district_heat,0.34254271,25280593.178301845,26279202.888047658,262792.02888047654,COST_OPT_100,trajectory
FI,2040,h2_boiler,hydrogen,0.0,0.0,0.0,0.0,COST_OPT_100,trajectory
FI,2050,gas_boiler,gas,0.0,0.0,0.0,0.0,COST_OPT_100,trajectory
FI,2050,oil_boiler,oil,0.0,0.0,0.0,0.0,COST_OPT_100,trajectory
FI,2050,biomass_boiler,biomass,0.0,0.0,0.0,0.0,COST_OPT_100,trajectory
FI,2050,resistance_heater,electricity,0.0,0.0,0.0,0.0,COST_OPT_100,trajectory
FI,2050,hp_air,electricity,0.55877271,43089639.482262686,14483912.431012668,72419.56215506334,COST_OPT_100,trajectory
FI,2050,hp_ground,electricity,0.098684578,7610040.383824815,2082090.3922913312,10410.451961456656,COST_OPT_100,trajectory
FI,2050,district_heat,district_heat,0.34254271,26415108.714198403,27232070.8393798,136160.354196899,COST_OPT_100,trajectory
FI,2050,h2_boiler,hydrogen,0.0,0.0,0.0,0.0,COST_OPT_100,trajectory
FR,2025,gas_boiler,gas,0.33326667,191231641.8933348,207860480.31884217,41987817.02440612,COST_OPT_100,trajectory
FR,2025,oil_boiler,oil,0.11438856,65637263.22411492,72930292.47123879,19326527.504878283,COST_OPT_100,trajectory
FR,2025,biomass_boiler,biomass,0.18408159,105627798.59754856,120031589.31539609,0.0,COST_OPT_100,trajectory
FR,2025,resistance_heater,electricity,0.14928507,85661218.52587724,87409406.6590584,6992752.532724673,COST_OPT_100,trajectory
FR,2025,hp_air,electricity,0.16418358,94210127.80943766,28548523.578617476,2283881.886289398,COST_OPT_100,trajectory
FR,2025,hp_ground,electricity,0.0099990001,5737523.066481923,1509874.4911794534,120789.95929435629,COST_OPT_100,trajectory
FR,2025,district_heat,district_heat,0.04479552,25704103.080772273,27056950.611339238,2164556.0489071393,COST_OPT_100,trajectory
FR,2025,h2_boiler,hydrogen,0.0,0.0,0.0,0.0,COST_OPT_100,trajectory
FR,2030,gas_boiler,gas,0.018266673,10251600.309198797,11094805.529435927,2241150.7169460575,COST_OPT_100,trajectory
FR,2030,oil_boiler,oil,0.0,0.0,0.0,0.0,COST_OPT_100,trajectory
FR,2030,biomass_boiler,biomass,0.045508029,25539961.446040433,28891359.10185569,0.0,COST_OPT_100,trajectory
FR,2030,resistance_heater,electricity,0.0,0.0,0.0,0.0,COST_OPT_100,trajectory
FR,2030,hp_air,electricity,0.47918358,268926833.9610057,80517016.15598974,4428435.888579436,COST_OPT_100,trajectory
FR,2030,hp_ground,electricity,0.097246195,54576392.90583492,13993946.89893203,769667.0794412617,COST_OPT_100,trajectory
FR,2030,district_heat,district_heat,0.35979552,201924010.14023414,211660387.98766682,10583019.399383342,COST_OPT_100,trajectory
FR,2030,h2_boiler,hydrogen,0.0,0.0,0.0,0.0,COST_OPT_100,trajectory
FR,2040,gas_boiler,gas,0.0,0.0,0.0,0.0,COST_OPT_100,trajectory
FR,2040,oil_boiler,oil,0.0,0.0,0.0,0.0,COST_OPT_100,trajectory
FR,2040,biomass_boiler,biomass,0.0,0.0,0.0,0.0,COST_OPT_100,trajectory
FR,2040,resistance_heater,electricity,0.0,0.0,0.0,0.0,COST_OPT_100,trajectory
FR,2040,hp_air,electricity,0.50028523,267073074.3938823,78091542.22043343,1952288.5555108357,COST_OPT_100,trajectory
FR,2040,hp_ground,electricity,0.0,0.0,0.0,0.0,COST_OPT_100,trajectory
FR,2040,district_heat,district_heat,0.49971477,266768539.10704455,277306173.70794654,5546123.474158931,COST_OPT_100,trajectory
FR,2040,h2_boiler,hydrogen,0.0,0.0,0.0,0.0,COST_OPT_100,trajectory
FR,2050,gas_boiler,gas,0.0,0.0,0.0,0.0,COST_OPT_100,trajectory
FR,2050,oil_boiler,oil,0.0,0.0,0.0,0.0,COST_OPT_100,trajectory
FR,2050,biomass_boiler,biomass,0.0,0.0,0.0,0.0,COST_OPT_100,trajectory
FR,2050,resistance_heater,electricity,0.0,0.0,0.0,0.0,COST_OPT_100,trajectory
FR,2050,hp_air,electricity,0.50028523,250959758.83629054,71702788.23894015,573622.3059115213,COST_OPT_100,trajectory
FR,2050,hp_ground,electricity,0.0,0.0,0.0,0.0,COST_OPT_100,trajectory
FR,2050,district_heat,district_heat,0.49971477,250673597.072079,258426388.73410207,2067411.1098728166,COST_OPT_100,trajectory
FR,2050,h2_boiler,hydrogen,0.0,0.0,0.0,0.0,COST_OPT_100,trajectory
HR,2025,gas_boiler,gas,0.2543,4517786.301961904,4910637.2847412005,991948.7315177225,COST_OPT_100,trajectory
HR,2025,oil_boiler,oil,0.0351,623571.7624807819,692857.5138675354,183607.2411748969,COST_OPT_100,trajectory
HR,2025,biomass_boiler,biomass,0.5858,10407075.169835955,11826221.783904495,0.0,COST_OPT_100,trajectory
HR,2025,resistance_heater,electricity,0.0246,437033.20105490694,445952.24597439484,80271.40427539108,COST_OPT_100,trajectory
HR,2025,hp_air,electricity,0.0145,257600.87054049395,79653.94883750586,14337.710790751054,COST_OPT_100,trajectory
HR,2025,hp_ground,electricity,0.0025,44413.94319663689,11926.407947539445,2146.7534305571,COST_OPT_100,trajectory
HR,2025,district_heat,district_heat,0.0832,1478096.0295840756,1555890.5574569218,124471.24459655375,COST_OPT_100,trajectory
HR,2025,h2_boiler,hydrogen,0.0,0.0,0.0,0.0,COST_OPT_100,trajectory
HR,2030,gas_boiler,gas,0.25053246,4301836.595517491,4655667.311166116,940444.7968555554,COST_OPT_100,trajectory
HR,2030,oil_boiler,oil,0.0,0.0,0.0,0.0,COST_OPT_100,trajectory
HR,2030,biomass_boiler,biomass,0.3083,5293750.048987834,5988405.032791667,0.0,COST_OPT_100,trajectory
HR,2030,resistance_heater,electricity,0.0,0.0,0.0,0.0,COST_OPT_100,trajectory
HR,2030,hp_air,electricity,0.080467545,1381690.14040117,422122.12526004214,42212.21252600422,COST_OPT_100,trajectory
HR,2030,hp_ground,electricity,0.0,0.0,0.0,0.0,COST_OPT_100,trajectory
HR,2030,district_heat,district_heat,0.3607,6193498.678786609,6492136.979860178,324606.8489930089,COST_OPT_100,trajectory
HR,2030,h2_boiler,hydrogen,0.0,0.0,0.0,0.0,COST_OPT_100,trajectory
HR,2040,gas_boiler,gas,0.13510221,2169540.8816061877,2327833.563955137,470222.37991893775,COST_OPT_100,trajectory
HR,2040,oil_boiler,oil,0.0,0.0,0.0,0.0,COST_OPT_100,trajectory
HR,2040,biomass_boiler,biomass,0.0,0.0,0.0,0.0,COST_OPT_100,trajectory
HR,2040,resistance_heater,electricity,0.0,0.0,0.0,0.0,COST_OPT_100,trajectory
HR,2040,hp_air,electricity,0.36253642,5821796.580982288,1737020.1041240864,69480.80416496347,COST_OPT_100,trajectory
HR,2040,hp_ground,electricity,0.0,0.0,0.0,0.0,COST_OPT_100,trajectory
HR,2040,district_heat,district_heat,0.50236136,8067177.493686323,8385839.390526324,167716.78781052647,COST_OPT_100,trajectory
HR,2040,h2_boiler,hydrogen,0.0,0.0,0.0,0.0,COST_OPT_100,trajectory
HR,2050,gas_boiler,gas,0.0,0.0,0.0,0.0,COST_OPT_100,trajectory
HR,2050,oil_boiler,oil,0.0,0.0,0.0,0.0,COST_OPT_100,trajectory
HR,2050,biomass_boiler,biomass,0.0,0.0,0.0,0.0,COST_OPT_100,trajectory
HR,2050,resistance_heater,electricity,0.0,0.0,0.0,0.0,COST_OPT_100,trajectory
HR,2050,hp_air,electricity,0.49763864,7473792.727038,2178948.3169207,17431.5865353656,COST_OPT_100,trajectory
HR,2050,hp_ground,electricity,0.0,0.0,0.0,0.0,COST_OPT_100,trajectory
HR,2050,district_heat,district_heat,0.50236136,7544720.962007528,7778062.8474304415,62224.50277944353,COST_OPT_100,trajectory
HR,2050,h2_boiler,hydrogen,0.0,0.0,0.0,0.0,COST_OPT_100,trajectory
HU,2025,gas_boiler,gas,0.558,37973116.78013073,41275126.93492471,8337575.640854791,COST_OPT_100,trajectory
HU,2025,oil_boiler,oil,0.011,748573.986705086,831748.8741167622,220413.451640942,COST_OPT_100,trajectory
HU,2025,biomass_boiler,biomass,0.297,20211497.641037323,22967610.955724232,0.0,COST_OPT_100,trajectory
HU,2025,resistance_heater,electricity,0.029,1973513.2376770452,2013789.0180378011,503447.2545094503,COST_OPT_100,trajectory
HU,2025,hp_air,electricity,0.011,748573.986705086,233856.29075447863,58464.07268861966,COST_OPT_100,trajectory
HU,2025,hp_ground,electricity,0.0025,170130.4515238832,46155.84685943658,11538.961714859142,COST_OPT_100,trajectory
HU,2025,district_heat,district_heat,0.0915,6226774.525774125,6554499.500814869,1179809.9101466765,COST_OPT_100,trajectory
HU,2025,h2_boiler,hydrogen,0.0,0.0,0.0,0.0,COST_OPT_100,trajectory
HU,2030,gas_boiler,gas,0.47549407,31317155.95847064,33893025.92908078,6846391.237674317,COST_OPT_100,trajectory
HU,2030,oil_boiler,oil,0.0,0.0,0.0,0.0,COST_OPT_100,trajectory
HU,2030,biomass_boiler,biomass,0.0345,2272251.0094967894,2570419.694000893,0.0,COST_OPT_100,trajectory
HU,2030,resistance_heater,electricity,0.0,0.0,0.0,0.0,COST_OPT_100,trajectory
HU,2030,hp_air,electricity,0.13600593,8957669.905508686,2764883.6056264853,359434.8687314431,COST_OPT_100,trajectory
HU,2030,hp_ground,electricity,0.0,0.0,0.0,0.0,COST_OPT_100,trajectory
HU,2030,district_heat,district_heat,0.354,23315271.227880098,24439487.660251677,2688343.6426276844,COST_OPT_100,trajectory
HU,2030,h2_boiler,hydrogen,0.0,0.0,0.0,0.0,COST_OPT_100,trajectory
HU,2040,gas_boiler,gas,0.0,0.0,0.0,0.0,COST_OPT_100,trajectory
HU,2040,oil_boiler,oil,0.0,0.0,0.0,0.0,COST_OPT_100,trajectory
HU,2040,biomass_boiler,biomass,0.0,0.0,0.0,0.0,COST_OPT_100,trajectory
HU,2040,resistance_heater,electricity,0.0,0.0,0.0,0.0,COST_OPT_100,trajectory
HU,2040,hp_air,electricity,0.53020049,32629509.509144075,9835868.303232675,491793.4151616338,COST_OPT_100,trajectory
HU,2040,hp_ground,electricity,0.0,0.0,0.0,0.0,COST_OPT_100,trajectory
HU,2040,district_heat,district_heat,0.46979951,28912322.542244777,30054389.337052785,1502719.4668526393,COST_OPT_100,trajectory
HU,2040,h2_boiler,hydrogen,0.0,0.0,0.0,0.0,COST_OPT_100,trajectory
HU,2050,gas_boiler,gas,0.0,0.0,0.0,0.0,COST_OPT_100,trajectory
HU,2050,oil_boiler,oil,0.0,0.0,0.0,0.0,COST_OPT_100,trajectory
HU,2050,biomass_boiler,biomass,0.0,0.0,0.0,0.0,COST_OPT_100,trajectory
HU,2050,resistance_heater,electricity,0.0,0.0,0.0,0.0,COST_OPT_100,trajectory
HU,2050,hp_air,electricity,0.53020049,30503083.03324457,8984707.81538868,89847.0781538868,COST_OPT_100,trajectory
HU,2050,hp_ground,electricity,0.0,0.0,0.0,0.0,COST_OPT_100,trajectory
HU,2050,district_heat,district_heat,0.46979951,27028140.736926917,27864062.615388576,501553.12707699434,COST_OPT_100,trajectory
HU,2050,h2_boiler,hydrogen,0.0,0.0,0.0,0.0,COST_OPT_100,trajectory
IE,2025,gas_boiler,gas,0.27912791,9784915.398640772,10635777.60721823,2148427.0766580827,COST_OPT_100,trajectory
IE,2025,oil_boiler,oil,0.56085609,19660984.068065625,21845537.85340625,5789067.531152656,COST_OPT_100,trajectory
IE,2025,biomass_boiler,biomass,0.0270027,946588.017783235,1075668.2020264033,0.0,COST_OPT_100,trajectory
IE,2025,resistance_heater,electricity,0.056005601,1963293.7015686862,2003360.9199680472,440739.40239297034,COST_OPT_100,trajectory
IE,2025,hp_air,electricity,0.072007201,2524234.7491439367,780530.225461947,171716.64960162836,COST_OPT_100,trajectory
IE,2025,hp_ground,electricity,0.0050005001,175294.0808727967,47071.450288076456,10355.71906337682,COST_OPT_100,trajectory
IE,2025,district_heat,district_heat,0.0,0.0,0.0,0.0,COST_OPT_100,trajectory
IE,2025,h2_boiler,hydrogen,0.0,0.0,0.0,0.0,COST_OPT_100,trajectory
IE,2030,gas_boiler,gas,0.016627913,590118.5458598335,638656.4349132397,129008.59985247442,COST_OPT_100,trajectory
IE,2030,oil_boiler,oil,0.29835609,10588548.423318405,11765053.803687116,3117739.257977086,COST_OPT_100,trajectory
IE,2030,biomass_boiler,biomass,0.0,0.0,0.0,0.0,COST_OPT_100,trajectory
IE,2030,resistance_heater,electricity,0.0,0.0,0.0,0.0,COST_OPT_100,trajectory
IE,2030,hp_air,electricity,0.3345072,11871538.084403284,3626890.530491044,435226.8636589252,COST_OPT_100,trajectory
IE,2030,hp_ground,electricity,0.088008801,3123400.132595561,817216.1519088333,98065.93822905999,COST_OPT_100,trajectory
IE,2030,district_heat,district_heat,0.2625,9316028.91404389,9765229.469647685,488261.47348238423,COST_OPT_100,trajectory
IE,2030,h2_boiler,hydrogen,0.0,0.0,0.0,0.0,COST_OPT_100,trajectory
IE,2040,gas_boiler,gas,0.0,0.0,0.0,0.0,COST_OPT_100,trajectory
IE,2040,oil_boiler,oil,0.0,0.0,0.0,0.0,COST_OPT_100,trajectory
IE,2040,biomass_boiler,biomass,0.0,0.0,0.0,0.0,COST_OPT_100,trajectory
IE,2040,resistance_heater,electricity,0.0,0.0,0.0,0.0,COST_OPT_100,trajectory
IE,2040,hp_air,electricity,0.59569148,21330107.049820583,6364156.537122742,286387.0441705234,COST_OPT_100,trajectory
IE,2040,hp_ground,electricity,0.0,0.0,0.0,0.0,COST_OPT_100,trajectory
IE,2040,district_heat,district_heat,0.40430852,14477198.85594893,15049063.259822173,300981.2651964435,COST_OPT_100,trajectory
IE,2040,h2_boiler,hydrogen,0.0,0.0,0.0,0.0,COST_OPT_100,trajectory
IE,2050,gas_boiler,gas,0.0,0.0,0.0,0.0,COST_OPT_100,trajectory
IE,2050,oil_boiler,oil,0.0,0.0,0.0,0.0,COST_OPT_100,trajectory
IE,2050,biomass_boiler,biomass,0.0,0.0,0.0,0.0,COST_OPT_100,trajectory
IE,2050,resistance_heater,electricity,0.0,0.0,0.0,0.0,COST_OPT_100,trajectory
IE,2050,hp_air,electricity,0.59569148,21112081.45815681,6155125.78955009,49241.00631640073,COST_OPT_100,trajectory
IE,2050,hp_ground,electricity,0.0,0.0,0.0,0.0,COST_OPT_100,trajectory
IE,2050,district_heat,district_heat,0.40430852,14329220.23404938,14772391.993865341,118179.13595092272,COST_OPT_100,trajectory
IE,2050,h2_boiler,hydrogen,0.0,0.0,0.0,0.0,COST_OPT_100,trajectory
IT,2025,gas_boiler,gas,0.625,318033406.60786605,345688485.4433327,69829074.0595532,COST_OPT_100,trajectory
IT,2025,oil_boiler,oil,0.05,25442672.528629284,28269636.142921425,7491453.577874178,COST_OPT_100,trajectory
IT,2025,biomass_boiler,biomass,0.22,111947759.12596884,127213362.64314641,0.0,COST_OPT_100,trajectory
IT,2025,resistance_heater,electricity,0.025,12721336.264314642,12980955.371749636,3245238.842937409,COST_OPT_100,trajectory
IT,2025,hp_air,electricity,0.055,27986939.78149221,7709900.766251298,1927475.1915628244,COST_OPT_100,trajectory
IT,2025,hp_ground,electricity,0.0,0.0,0.0,0.0,COST_OPT_100,trajectory
IT,2025,district_heat,district_heat,0.025,12721336.264314642,13390880.27822594,1472996.8306048533,COST_OPT_100,trajectory
IT,2025,h2_boiler,hydrogen,0.0,0.0,0.0,0.0,COST_OPT_100,trajectory
IT,2030,gas_boiler,gas,0.325,165024884.82317382,178598360.19824007,36076868.76004449,COST_OPT_100,trajectory
IT,2030,oil_boiler,oil,0.0,0.0,0.0,0.0,COST_OPT_100,trajectory
IT,2030,biomass_boiler,biomass,0.0,0.0,0.0,0.0,COST_OPT_100,trajectory
IT,2030,resistance_heater,electricity,0.0,0.0,0.0,0.0,COST_OPT_100,trajectory
IT,2030,hp_air,electricity,0.35,177719106.7326487,48372103.084553264,6772094.431837458,COST_OPT_100,trajectory
IT,2030,hp_ground,electricity,0.0,0.0,0.0,0.0,COST_OPT_100,trajectory
IT,2030,district_heat,district_heat,0.325,165024884.82317382,172982059.5630753,12108744.169415273,COST_OPT_100,trajectory
IT,2030,h2_boiler,hydrogen,0.0,0.0,0.0,0.0,COST_OPT_100,trajectory
IT,2040,gas_boiler,gas,0.0,0.0,0.0,0.0,COST_OPT_100,trajectory
IT,2040,oil_boiler,oil,0.0,0.0,0.0,0.0,COST_OPT_100,trajectory
IT,2040,biomass_boiler,biomass,0.0,0.0,0.0,0.0,COST_OPT_100,trajectory
IT,2040,resistance_heater,electricity,0.0,0.0,0.0,0.0,COST_OPT_100,trajectory
IT,2040,hp_air,electricity,0.3244564,164265146.81584558,43664313.348177984,2401537.234149789,COST_OPT_100,trajectory
IT,2040,hp_ground,electricity,0.0,0.0,0.0,0.0,COST_OPT_100,trajectory
IT,2040,district_heat,district_heat,0.6755436,342012882.57684195,355522746.96137416,9954636.914918477,COST_OPT_100,trajectory
IT,2040,h2_boiler,hydrogen,0.0,0.0,0.0,0.0,COST_OPT_100,trajectory
IT,2050,gas_boiler,gas,0.0,0.0,0.0,0.0,COST_OPT_100,trajectory
IT,2050,oil_boiler,oil,0.0,0.0,0.0,0.0,COST_OPT_100,trajectory
IT,2050,biomass_boiler,biomass,0.0,0.0,0.0,0.0,COST_OPT_100,trajectory
IT,2050,resistance_heater,electricity,0.0,0.0,0.0,0.0,COST_OPT_100,trajectory
IT,2050,hp_air,electricity,0.3244564,163382316.41351706,42436965.302212216,424369.65302212216,COST_OPT_100,trajectory
IT,2050,hp_ground,electricity,0.0,0.0,0.0,0.0,COST_OPT_100,trajectory
IT,2050,district_heat,district_heat,0.6755436,340174760.63448405,350695629.52008665,3506956.2952008666,COST_OPT_100,trajectory
IT,2050,h2_boiler,hydrogen,0.0,0.0,0.0,0.0,COST_OPT_100,trajectory
LT,2025,gas_boiler,gas,0.11641164,2108711.769559798,2292078.0103910845,462999.7580989991,COST_OPT_100,trajectory
LT,2025,oil_boiler,oil,0.0370037,670294.9782964994,744772.1981072215,197364.6324984137,COST_OPT_100,trajectory
LT,2025,biomass_boiler,biomass,0.34983498,6337004.956976094,7201141.996563744,0.0,COST_OPT_100,trajectory
LT,2025,resistance_heater,electricity,0.02750275,498192.21359874954,508359.4016313771,101671.88032627542,COST_OPT_100,trajectory
LT,2025,hp_air,electricity,0.10291029,1864144.6828840484,627658.1423852015,125531.62847704033,COST_OPT_100,trajectory
LT,2025,hp_ground,electricity,0.0050005001,90580.40428392682,26485.498328633574,5297.099665726715,COST_OPT_100,trajectory
LT,2025,district_heat,district_heat,0.36133613,6545339.882662844,6889831.455434573,826779.7746521487,COST_OPT_100,trajectory
LT,2025,h2_boiler,hydrogen,0.0,0.0,0.0,0.0,COST_OPT_100,trajectory
LT,2030,gas_boiler,gas,0.0,0.0,0.0,0.0,COST_OPT_100,trajectory
LT,2030,oil_boiler,oil,0.0,0.0,0.0,0.0,COST_OPT_100,trajectory
LT,2030,biomass_boiler,biomass,0.4,7539843.589551808,8529234.829809738,0.0,COST_OPT_100,trajectory
LT,2030,resistance_heater,electricity,0.0,0.0,0.0,0.0,COST_OPT_100,trajectory
LT,2030,hp_air,electricity,0.072014583,1357446.7299669913,451579.08515202644,45157.908515202646,COST_OPT_100,trajectory
LT,2030,hp_ground,electricity,0.0,0.0,0.0,0.0,COST_OPT_100,trajectory
LT,2030,district_heat,district_heat,0.52798542,9952318.710909547,10432199.906613782,730253.9934629649,COST_OPT_100,trajectory
LT,2030,h2_boiler,hydrogen,0.0,0.0,0.0,0.0,COST_OPT_100,trajectory
LT,2040,gas_boiler,gas,0.0,0.0,0.0,0.0,COST_OPT_100,trajectory
LT,2040,oil_boiler,oil,0.0,0.0,0.0,0.0,COST_OPT_100,trajectory
LT,2040,biomass_boiler,biomass,0.0,0.0,0.0,0.0,COST_OPT_100,trajectory
LT,2040,resistance_heater,electricity,0.0,0.0,0.0,0.0,COST_OPT_100,trajectory
LT,2040,hp_air,electricity,0.47201458,8805618.830293579,2860824.8311545094,100128.86909040782,COST_OPT_100,trajectory
LT,2040,hp_ground,electricity,0.0,0.0,0.0,0.0,COST_OPT_100,trajectory
LT,2040,district_heat,district_heat,0.52798542,9849777.005770594,10238853.43635197,286687.89621785516,COST_OPT_100,trajectory
LT,2040,h2_boiler,hydrogen,0.0,0.0,0.0,0.0,COST_OPT_100,trajectory
LT,2050,gas_boiler,gas,0.0,0.0,0.0,0.0,COST_OPT_100,trajectory
LT,2050,oil_boiler,oil,0.0,0.0,0.0,0.0,COST_OPT_100,trajectory
LT,2050,biomass_boiler,biomass,0.0,0.0,0.0,0.0,COST_OPT_100,trajectory
LT,2050,resistance_heater,electricity,0.0,0.0,0.0,0.0,COST_OPT_100,trajectory
LT,2050,hp_air,electricity,0.3883689,6347542.811879484,2015092.9561522172,16120.743649217737,COST_OPT_100,trajectory
LT,2050,hp_ground,electricity,0.08364568,1367113.9342742725,353259.4145411557,2826.075316329245,COST_OPT_100,trajectory
LT,2050,district_heat,district_heat,0.52798542,8629450.137480551,8896340.347918095,88963.40347918094,COST_OPT_100,trajectory
LT,2050,h2_boiler,hydrogen,0.0,0.0,0.0,0.0,COST_OPT_100,trajectory
LU,2025,gas_boiler,gas,0.565,3728864.0656463043,4053113.114832939,818728.8491962538,COST_OPT_100,trajectory
LU,2025,oil_boiler,oil,0.23,1517944.663891416,1686605.1821015733,446950.37325691694,COST_OPT_100,trajectory
LU,2025,biomass_boiler,biomass,0.065,428984.36153453065,487482.2290165121,0.0,COST_OPT_100,trajectory
LU,2025,resistance_heater,electricity,0.02,131995.18816447095,134688.96751476626,20203.345127214943,COST_OPT_100,trajectory
LU,2025,hp_air,electricity,0.055,362986.7674522951,109995.99013705913,16499.39852055887,COST_OPT_100,trajectory
LU,2025,hp_ground,electricity,0.01,65997.59408223548,17367.787916377758,2605.1681874566634,COST_OPT_100,trajectory
LU,2025,district_heat,district_heat,0.055,362986.7674522951,382091.3341603107,30567.306732824854,COST_OPT_100,trajectory
LU,2025,h2_boiler,hydrogen,0.0,0.0,0.0,0.0,COST_OPT_100,trajectory
LU,2030,gas_boiler,gas,0.29,2113154.976099425,2286964.2598478626,461966.78048926825,COST_OPT_100,trajectory
LU,2030,oil_boiler,oil,0.0,0.0,0.0,0.0,COST_OPT_100,trajectory
LU,2030,biomass_boiler,biomass,0.0,0.0,0.0,0.0,COST_OPT_100,trajectory
LU,2030,resistance_heater,electricity,0.0,0.0,0.0,0.0,COST_OPT_100,trajectory
LU,2030,hp_air,electricity,0.355,2586793.160397572,774488.9701789138,61959.1176143131,COST_OPT_100,trajectory
LU,2030,hp_ground,electricity,0.0,0.0,0.0,0.0,COST_OPT_100,trajectory
LU,2030,district_heat,district_heat,0.355,2586793.160397572,2711523.2289282726,135576.16144641364,COST_OPT_100,trajectory
LU,2030,h2_boiler,hydrogen,0.0,0.0,0.0,0.0,COST_OPT_100,trajectory
LU,2040,gas_boiler,gas,0.0,0.0,0.0,0.0,COST_OPT_100,trajectory
LU,2040,oil_boiler,oil,0.0,0.0,0.0,0.0,COST_OPT_100,trajectory
LU,2040,biomass_boiler,biomass,0.0,0.0,0.0,0.0,COST_OPT_100,trajectory
LU,2040,resistance_heater,electricity,0.0,0.0,0.0,0.0,COST_OPT_100,trajectory
LU,2040,hp_air,electricity,0.31248839,2750222.828319905,804158.7217309664,24124.761651928988,COST_OPT_100,trajectory
LU,2040,hp_ground,electricity,0.0,0.0,0.0,0.0,COST_OPT_100,trajectory
LU,2040,district_heat,district_heat,0.68751161,6050817.19854287,6289830.767716081,125796.61535432162,COST_OPT_100,trajectory
LU,2040,h2_boiler,hydrogen,0.0,0.0,0.0,0.0,COST_OPT_100,trajectory
LU,2050,gas_boiler,gas,0.0,0.0,0.0,0.0,COST_OPT_100,trajectory
LU,2050,oil_boiler,oil,0.0,0.0,0.0,0.0,COST_OPT_100,trajectory
LU,2050,biomass_boiler,biomass,0.0,0.0,0.0,0.0,COST_OPT_100,trajectory
LU,2050,resistance_heater,electricity,0.0,0.0,0.0,0.0,COST_OPT_100,trajectory
LU,2050,hp_air,electricity,0.31248839,3227723.8863074724,922206.8246592778,7377.654597274223,COST_OPT_100,trajectory
LU,2050,hp_ground,electricity,0.0,0.0,0.0,0.0,COST_OPT_100,trajectory
LU,2050,district_heat,district_heat,0.68751161,7101376.296606435,7321006.491346841,58568.05193077472,COST_OPT_100,trajectory
LU,2050,h2_boiler,hydrogen,0.0,0.0,0.0,0.0,COST_OPT_100,trajectory
LV,2025,gas_boiler,gas,0.066993301,1464231.3173201787,1591555.7796958464,321494.267498561,COST_OPT_100,trajectory
LV,2025,oil_boiler,oil,0.0279972,611917.5563132276,679908.3959035863,180175.72491445037,COST_OPT_100,trajectory
LV,2025,biomass_boiler,biomass,0.48625137,10627696.701254377,12076928.069607247,0.0,COST_OPT_100,trajectory
LV,2025,resistance_heater,electricity,0.01449855,316885.8773764929,323352.93609846215,38802.352331815455,COST_OPT_100,trajectory
LV,2025,hp_air,electricity,0.0209979,458938.16723492066,154524.63543263322,18542.956251915988,COST_OPT_100,trajectory
LV,2025,hp_ground,electricity,0.0049995,109270.99219879063,31950.582514266265,3834.069901711952,COST_OPT_100,trajectory
LV,2025,district_heat,district_heat,0.37826217,8267443.2697605,8702571.86290579,870257.186290579,COST_OPT_100,trajectory
LV,2025,h2_boiler,hydrogen,0.0,0.0,0.0,0.0,COST_OPT_100,trajectory
LV,2030,gas_boiler,gas,0.0,0.0,0.0,0.0,COST_OPT_100,trajectory
LV,2030,oil_boiler,oil,0.0,0.0,0.0,0.0,COST_OPT_100,trajectory
LV,2030,biomass_boiler,biomass,0.20525137,4380505.879730957,4955323.39336081,0.0,COST_OPT_100,trajectory
LV,2030,resistance_heater,electricity,0.0,0.0,0.0,0.0,COST_OPT_100,trajectory
LV,2030,hp_air,electricity,0.22222556,4742771.618072535,1577768.3360188075,102554.94184122249,COST_OPT_100,trajectory
LV,2030,hp_ground,electricity,0.0,0.0,0.0,0.0,COST_OPT_100,trajectory
LV,2030,district_heat,district_heat,0.57252307,12218874.224404048,12808044.260381602,768482.6556228962,COST_OPT_100,trajectory
LV,2030,h2_boiler,hydrogen,0.0,0.0,0.0,0.0,COST_OPT_100,trajectory
LV,2040,gas_boiler,gas,0.0,0.0,0.0,0.0,COST_OPT_100,trajectory
LV,2040,oil_boiler,oil,0.0,0.0,0.0,0.0,COST_OPT_100,trajectory
LV,2040,biomass_boiler,biomass,0.0,0.0,0.0,0.0,COST_OPT_100,trajectory
LV,2040,resistance_heater,electricity,0.0,0.0,0.0,0.0,COST_OPT_100,trajectory
LV,2040,hp_air,electricity,0.42747693,8856487.991639046,2877351.524249203,71933.78810623007,COST_OPT_100,trajectory
LV,2040,hp_ground,electricity,0.0,0.0,0.0,0.0,COST_OPT_100,trajectory
LV,2040,district_heat,district_heat,0.57252307,11861561.03065333,12330105.021469157,295922.5205152598,COST_OPT_100,trajectory
LV,2040,h2_boiler,hydrogen,0.0,0.0,0.0,0.0,COST_OPT_100,trajectory
LV,2050,gas_boiler,gas,0.0,0.0,0.0,0.0,COST_OPT_100,trajectory
LV,2050,oil_boiler,oil,0.0,0.0,0.0,0.0,COST_OPT_100,trajectory
LV,2050,biomass_boiler,biomass,0.0,0.0,0.0,0.0,COST_OPT_100,trajectory
LV,2050,resistance_heater,electricity,0.0,0.0,0.0,0.0,COST_OPT_100,trajectory
LV,2050,hp_air,electricity,0.35068596,7262593.582193937,2305585.2641885513,11527.926320942757,COST_OPT_100,trajectory
LV,2050,hp_ground,electricity,0.076790977,1590316.466420846,410934.487447247,2054.6724372362355,COST_OPT_100,trajectory
LV,2050,district_heat,district_heat,0.57252307,11856768.870473087,12223473.062343389,97787.7844987471,COST_OPT_100,trajectory
LV,2050,h2_boiler,hydrogen,0.0,0.0,0.0,0.0,COST_OPT_100,trajectory
MT,2025,gas_boiler,gas,0.0,0.0,0.0,0.0,COST_OPT_100,trajectory
MT,2025,oil_boiler,oil,0.09,89129.50246467542,99032.78051630601,26243.686836821096,COST_OPT_100,trajectory
MT,2025,biomass_boiler,biomass,0.0,0.0,0.0,0.0,COST_OPT_100,trajectory
MT,2025,resistance_heater,electricity,0.225,222823.75616168854,227371.17975682503,102317.03089057127,COST_OPT_100,trajectory
MT,2025,hp_air,electricity,0.685,678374.5465366963,158129.2649269688,71158.16921713598,COST_OPT_100,trajectory
MT,2025,hp_ground,electricity,0.0,0.0,0.0,0.0,COST_OPT_100,trajectory
MT,2025,district_heat,district_heat,0.0,0.0,0.0,0.0,COST_OPT_100,trajectory
MT,2025,h2_boiler,hydrogen,0.0,0.0,0.0,0.0,COST_OPT_100,trajectory
MT,2030,gas_boiler,gas,0.088628673,96036.30342647803,103935.39331869916,20994.949450377233,COST_OPT_100,trajectory
MT,2030,oil_boiler,oil,0.0,0.0,0.0,0.0,COST_OPT_100,trajectory
MT,2030,biomass_boiler,biomass,0.0,0.0,0.0,0.0,COST_OPT_100,trajectory
MT,2030,resistance_heater,electricity,0.22637133,245291.56309195093,249787.74245616185,62446.935614040456,COST_OPT_100,trajectory
MT,2030,hp_air,electricity,0.4075,441559.06121137337,101694.8551845632,25423.713796140797,COST_OPT_100,trajectory
MT,2030,hp_ground,electricity,0.0,0.0,0.0,0.0,COST_OPT_100,trajectory
MT,2030,district_heat,district_heat,0.2775,300693.59383105795,315192.4463637924,15759.622318189622,COST_OPT_100,trajectory
MT,2030,h2_boiler,hydrogen,0.0,0.0,0.0,0.0,COST_OPT_100,trajectory
MT,2040,gas_boiler,gas,0.038275801,48433.8927210987,51967.696052681014,10497.474602641565,COST_OPT_100,trajectory
MT,2040,oil_boiler,oil,0.0,0.0,0.0,0.0,COST_OPT_100,trajectory
MT,2040,biomass_boiler,biomass,0.0,0.0,0.0,0.0,COST_OPT_100,trajectory
MT,2040,resistance_heater,electricity,0.0,0.0,0.0,0.0,COST_OPT_100,trajectory
MT,2040,hp_air,electricity,0.2617242,331183.7112256745,74490.26343357502,6704.123709021751,COST_OPT_100,trajectory
MT,2040,hp_ground,electricity,0.0,0.0,0.0,0.0,COST_OPT_100,trajectory
MT,2040,district_heat,district_heat,0.7,885774.406256556,920763.4160671061,18415.268321342122,COST_OPT_100,trajectory
MT,2040,h2_boiler,hydrogen,0.0,0.0,0.0,0.0,COST_OPT_100,trajectory
MT,2050,gas_boiler,gas,0.0,0.0,0.0,0.0,COST_OPT_100,trajectory
MT,2050,oil_boiler,oil,0.0,0.0,0.0,0.0,COST_OPT_100,trajectory
MT,2050,biomass_boiler,biomass,0.0,0.0,0.0,0.0,COST_OPT_100,trajectory
MT,2050,resistance_heater,electricity,0.0,0.0,0.0,0.0,COST_OPT_100,trajectory
MT,2050,hp_air,electricity,0.3,438819.95652004017,96443.94648792093,1446.6591973188138,COST_OPT_100,trajectory
MT,2050,hp_ground,electricity,0.0,0.0,0.0,0.0,COST_OPT_100,trajectory
MT,2050,district_heat,district_heat,0.7,1023913.2318800937,1055580.651422777,8444.645211382216,COST_OPT_100,trajectory
MT,2050,h2_boiler,hydrogen,0.0,0.0,0.0,0.0,COST_OPT_100,trajectory
NL,2025,gas_boiler,gas,0.805,105213586.69216542,114362594.23061459,23101244.034584146,COST_OPT_100,trajectory
NL,2025,oil_boiler,oil,0.005,653500.5384606548,726111.7094007275,192419.6029911928,COST_OPT_100,trajectory
NL,2025,biomass_boiler,biomass,0.045,5881504.8461458925,6683528.234256696,0.0,COST_OPT_100,trajectory
NL,2025,resistance_heater,electricity,0.02,2614002.153842619,2667349.136574101,746857.7582407484,COST_OPT_100,trajectory
NL,2025,hp_air,electricity,0.07,9149007.538449168,2772426.5268027782,776279.427504778,COST_OPT_100,trajectory
NL,2025,hp_ground,electricity,0.005,653500.5384606548,171973.82591069862,48152.67125499562,COST_OPT_100,trajectory
NL,2025,district_heat,district_heat,0.05,6535005.384606548,6878953.036427945,825474.3643713534,COST_OPT_100,trajectory
NL,2025,h2_boiler,hydrogen,0.0,0.0,0.0,0.0,COST_OPT_100,trajectory
NL,2030,gas_boiler,gas,0.49,66014032.56830037,71443758.19080126,14431639.154541856,COST_OPT_100,trajectory
NL,2030,oil_boiler,oil,0.0,0.0,0.0,0.0,COST_OPT_100,trajectory
NL,2030,biomass_boiler,biomass,0.0,0.0,0.0,0.0,COST_OPT_100,trajectory
NL,2030,resistance_heater,electricity,0.0,0.0,0.0,0.0,COST_OPT_100,trajectory
NL,2030,hp_air,electricity,0.145,19534764.739599086,5848731.957963798,877309.7936945697,COST_OPT_100,trajectory
NL,2030,hp_ground,electricity,0.0,0.0,0.0,0.0,COST_OPT_100,trajectory
NL,2030,district_heat,district_heat,0.365,49173718.13761149,51544777.92202463,3865858.3441518466,COST_OPT_100,trajectory
NL,2030,h2_boiler,hydrogen,0.0,0.0,0.0,0.0,COST_OPT_100,trajectory
NL,2040,gas_boiler,gas,0.0,0.0,0.0,0.0,COST_OPT_100,trajectory
NL,2040,oil_boiler,oil,0.0,0.0,0.0,0.0,COST_OPT_100,trajectory
NL,2040,biomass_boiler,biomass,0.0,0.0,0.0,0.0,COST_OPT_100,trajectory
NL,2040,resistance_heater,electricity,0.0,0.0,0.0,0.0,COST_OPT_100,trajectory
NL,2040,hp_air,electricity,0.50311945,71517192.88731873,20911459.90857273,1254687.5945143637,COST_OPT_100,trajectory
NL,2040,hp_ground,electricity,0.0,0.0,0.0,0.0,COST_OPT_100,trajectory
NL,2040,district_heat,district_heat,0.47888055,68071692.84418498,70760595.47212575,2122817.8641637727,COST_OPT_100,trajectory
NL,2040,h2_boiler,hydrogen,0.018,2558655.746605974,2805543.581804796,0.0,COST_OPT_100,trajectory
NL,2050,gas_boiler,gas,0.0,0.0,0.0,0.0,COST_OPT_100,trajectory
NL,2050,oil_boiler,oil,0.0,0.0,0.0,0.0,COST_OPT_100,trajectory
NL,2050,biomass_boiler,biomass,0.0,0.0,0.0,0.0,COST_OPT_100,trajectory
NL,2050,resistance_heater,electricity,0.0,0.0,0.0,0.0,COST_OPT_100,trajectory
NL,2050,hp_air,electricity,0.67319374,100395511.63726014,28684431.89636004,286844.3189636004,COST_OPT_100,trajectory
NL,2050,hp_ground,electricity,0.0,0.0,0.0,0.0,COST_OPT_100,trajectory
NL,2050,district_heat,district_heat,0.29680626,44263656.29876722,45632635.35955384,456326.3535955383,COST_OPT_100,trajectory
NL,2050,h2_boiler,hydrogen,0.03,4473994.884619403,4863037.918064568,0.0,COST_OPT_100,trajectory
PL,2025,gas_boiler,gas,0.16,44785194.50827616,48679559.24812625,9833270.968121504,COST_OPT_100,trajectory
PL,2025,oil_boiler,oil,0.255,71376403.74756512,79307115.27507235,21016385.547894176,COST_OPT_100,trajectory
PL,2025,biomass_boiler,biomass,0.225,62979179.77726335,71567249.74689017,0.0,COST_OPT_100,trajectory
PL,2025,resistance_heater,electricity,0.01,2799074.65676726,2856198.629354347,1713719.177612608,COST_OPT_100,trajectory
PL,2025,hp_air,electricity,0.03,8397223.970301779,2765884.048188992,1659530.428913395,COST_OPT_100,trajectory
PL,2025,hp_ground,electricity,0.0,0.0,0.0,0.0,COST_OPT_100,trajectory
PL,2025,district_heat,district_heat,0.32,89570389.01655231,94284620.0174235,28285386.005227044,COST_OPT_100,trajectory
PL,2025,h2_boiler,hydrogen,0.0,0.0,0.0,0.0,COST_OPT_100,trajectory
PL,2030,gas_boiler,gas,0.4335679,112891417.53421451,122176858.80326246,24679725.478259016,COST_OPT_100,trajectory
PL,2030,oil_boiler,oil,0.0,0.0,0.0,0.0,COST_OPT_100,trajectory
PL,2030,biomass_boiler,biomass,0.0942979,24553071.390893117,27774967.63675692,0.0,COST_OPT_100,trajectory
PL,2030,resistance_heater,electricity,0.0,0.0,0.0,0.0,COST_OPT_100,trajectory
PL,2030,hp_air,electricity,0.0,0.0,0.0,0.0,COST_OPT_100,trajectory
PL,2030,hp_ground,electricity,0.0,0.0,0.0,0.0,COST_OPT_100,trajectory
PL,2030,district_heat,district_heat,0.4721342,122933222.46499878,128860820.19391906,25772164.038783815,COST_OPT_100,trajectory
PL,2030,h2_boiler,hydrogen,0.0,0.0,0.0,0.0,COST_OPT_100,trajectory
PL,2040,gas_boiler,gas,0.2544041,56934414.779466875,61088427.87496446,12339862.430742823,COST_OPT_100,trajectory
PL,2040,oil_boiler,oil,0.0,0.0,0.0,0.0,COST_OPT_100,trajectory
PL,2040,biomass_boiler,biomass,0.0,0.0,0.0,0.0,COST_OPT_100,trajectory
PL,2040,resistance_heater,electricity,0.0,0.0,0.0,0.0,COST_OPT_100,trajectory
PL,2040,hp_air,electricity,0.27346169,61199411.82061919,19450613.978076275,2917592.096711441,COST_OPT_100,trajectory
PL,2040,hp_ground,electricity,0.0,0.0,0.0,0.0,COST_OPT_100,trajectory
PL,2040,district_heat,district_heat,0.4721342,105661364.63355649,109835098.37168035,10983509.837168034,COST_OPT_100,trajectory
PL,2040,h2_boiler,hydrogen,0.0,0.0,0.0,0.0,COST_OPT_100,trajectory
PL,2050,gas_boiler,gas,0.0,0.0,0.0,0.0,COST_OPT_100,trajectory
PL,2050,oil_boiler,oil,0.0,0.0,0.0,0.0,COST_OPT_100,trajectory
PL,2050,biomass_boiler,biomass,0.0,0.0,0.0,0.0,COST_OPT_100,trajectory
PL,2050,resistance_heater,electricity,0.0,0.0,0.0,0.0,COST_OPT_100,trajectory
PL,2050,hp_air,electricity,0.43027656,82275755.19700333,25551476.769255694,766544.3030776707,COST_OPT_100,trajectory
PL,2050,hp_ground,electricity,0.097589235,18660621.458726056,4717042.835876152,141511.28507628455,COST_OPT_100,trajectory
PL,2050,district_heat,district_heat,0.4721342,90279604.95764169,93071757.6882904,2792152.7306487123,COST_OPT_100,trajectory
PL,2050,h2_boiler,hydrogen,0.0,0.0,0.0,0.0,COST_OPT_100,trajectory
PT,2025,gas_boiler,gas,0.0275,597528.5679037971,649487.5738084752,131196.489909312,COST_OPT_100,trajectory
PT,2025,oil_boiler,oil,0.036,782219.2161649707,869132.4624055229,230320.1025374636,COST_OPT_100,trajectory
PT,2025,biomass_boiler,biomass,0.519,11276993.699711662,12814765.56785416,0.0,COST_OPT_100,trajectory
PT,2025,resistance_heater,electricity,0.184,3998009.327065406,4079601.3541483735,489552.1624978048,COST_OPT_100,trajectory
PT,2025,hp_air,electricity,0.2335,5073560.749292241,1302917.5011022706,156350.10013227246,COST_OPT_100,trajectory
PT,2025,hp_ground,electricity,0.0,0.0,0.0,0.0,COST_OPT_100,trajectory
PT,2025,district_heat,district_heat,0.0,0.0,0.0,0.0,COST_OPT_100,trajectory
PT,2025,h2_boiler,hydrogen,0.0,0.0,0.0,0.0,COST_OPT_100,trajectory
PT,2030,gas_boiler,gas,0.0,0.0,0.0,0.0,COST_OPT_100,trajectory
PT,2030,oil_boiler,oil,0.0,0.0,0.0,0.0,COST_OPT_100,trajectory
PT,2030,biomass_boiler,biomass,0.2415,5006155.063397302,5663071.338684731,0.0,COST_OPT_100,trajectory
PT,2030,resistance_heater,electricity,0.0,0.0,0.0,0.0,COST_OPT_100,trajectory
PT,2030,hp_air,electricity,0.481,9970851.285689864,2529902.386504076,164443.65512276496,COST_OPT_100,trajectory
PT,2030,hp_ground,electricity,0.0,0.0,0.0,0.0,COST_OPT_100,trajectory
PT,2030,district_heat,district_heat,0.2775,5752414.203282614,6029784.280170456,301489.2140085228,COST_OPT_100,trajectory
PT,2030,h2_boiler,hydrogen,0.0,0.0,0.0,0.0,COST_OPT_100,trajectory
PT,2040,gas_boiler,gas,0.0,0.0,0.0,0.0,COST_OPT_100,trajectory
PT,2040,oil_boiler,oil,0.0,0.0,0.0,0.0,COST_OPT_100,trajectory
PT,2040,biomass_boiler,biomass,0.0,0.0,0.0,0.0,COST_OPT_100,trajectory
PT,2040,resistance_heater,electricity,0.0,0.0,0.0,0.0,COST_OPT_100,trajectory
PT,2040,hp_air,electricity,0.3597039,6755828.459042498,1674057.998573322,41851.44996433306,COST_OPT_100,trajectory
PT,2040,hp_ground,electricity,0.0,0.0,0.0,0.0,COST_OPT_100,trajectory
PT,2040,district_heat,district_heat,0.6402961,12025809.60226987,12500841.582401112,250016.83164802226,COST_OPT_100,trajectory
PT,2040,h2_boiler,hydrogen,0.0,0.0,0.0,0.0,COST_OPT_100,trajectory
PT,2050,gas_boiler,gas,0.0,0.0,0.0,0.0,COST_OPT_100,trajectory
PT,2050,oil_boiler,oil,0.0,0.0,0.0,0.0,COST_OPT_100,trajectory
PT,2050,biomass_boiler,biomass,0.0,0.0,0.0,0.0,COST_OPT_100,trajectory
PT,2050,resistance_heater,electricity,0.0,0.0,0.0,0.0,COST_OPT_100,trajectory
PT,2050,hp_air,electricity,0.3597039,6045048.85490165,1463692.2166832082,7318.461083416041,COST_OPT_100,trajectory
PT,2050,hp_ground,electricity,0.0,0.0,0.0,0.0,COST_OPT_100,trajectory
PT,2050,district_heat,district_heat,0.6402961,10760576.146388717,11093377.470503833,88747.01976403066,COST_OPT_100,trajectory
PT,2050,h2_boiler,hydrogen,0.0,0.0,0.0,0.0,COST_OPT_100,trajectory
RO,2025,gas_boiler,gas,0.3415,33859422.52101875,36803720.13154212,7434351.466571509,COST_OPT_100,trajectory
RO,2025,oil_boiler,oil,0.0135,1338513.0425585741,1487236.7139539712,394117.7291978024,COST_OPT_100,trajectory
RO,2025,biomass_boiler,biomass,0.481,47690723.96079068,54194004.500898495,0.0,COST_OPT_100,trajectory
RO,2025,resistance_heater,electricity,0.026,2577876.97085355,2630486.704952602,657621.6762381505,COST_OPT_100,trajectory
RO,2025,hp_air,electricity,0.005,495745.5713179904,156485.34448168892,39121.33612042223,COST_OPT_100,trajectory
RO,2025,hp_ground,electricity,0.0025,247872.7856589952,67947.58378810177,16986.89594702544,COST_OPT_100,trajectory
RO,2025,district_heat,district_heat,0.1305,12938959.41139955,13619957.275157422,2723991.4550314844,COST_OPT_100,trajectory
RO,2025,h2_boiler,hydrogen,0.0,0.0,0.0,0.0,COST_OPT_100,trajectory
RO,2030,gas_boiler,gas,0.29602602,28647547.091829102,31003838.843970887,6262775.44648212,COST_OPT_100,trajectory
RO,2030,oil_boiler,oil,0.0,0.0,0.0,0.0,COST_OPT_100,trajectory
RO,2030,biomass_boiler,biomass,0.2185,21145063.66556784,23919755.277791675,0.0,COST_OPT_100,trajectory
RO,2030,resistance_heater,electricity,0.0,0.0,0.0,0.0,COST_OPT_100,trajectory
RO,2030,hp_air,electricity,0.092473984,8949053.908872776,2790997.351819104,362829.6557364836,COST_OPT_100,trajectory
RO,2030,hp_ground,electricity,0.0,0.0,0.0,0.0,COST_OPT_100,trajectory
RO,2030,district_heat,district_heat,0.393,38032082.47399616,39865914.542972915,5182568.89058648,COST_OPT_100,trajectory
RO,2030,h2_boiler,hydrogen,0.0,0.0,0.0,0.0,COST_OPT_100,trajectory
RO,2040,gas_boiler,gas,0.0,0.0,0.0,0.0,COST_OPT_100,trajectory
RO,2040,oil_boiler,oil,0.0,0.0,0.0,0.0,COST_OPT_100,trajectory
RO,2040,biomass_boiler,biomass,0.0,0.0,0.0,0.0,COST_OPT_100,trajectory
RO,2040,resistance_heater,electricity,0.0,0.0,0.0,0.0,COST_OPT_100,trajectory
RO,2040,hp_air,electricity,0.49728273,46582752.66055774,14188216.575462274,709410.8287731138,COST_OPT_100,trajectory
RO,2040,hp_ground,electricity,0.0,0.0,0.0,0.0,COST_OPT_100,trajectory
RO,2040,district_heat,district_heat,0.50271727,47091830.93207524,48952007.20589942,2937120.432353965,COST_OPT_100,trajectory
RO,2040,h2_boiler,hydrogen,0.0,0.0,0.0,0.0,COST_OPT_100,trajectory
RO,2050,gas_boiler,gas,0.0,0.0,0.0,0.0,COST_OPT_100,trajectory
RO,2050,oil_boiler,oil,0.0,0.0,0.0,0.0,COST_OPT_100,trajectory
RO,2050,biomass_boiler,biomass,0.0,0.0,0.0,0.0,COST_OPT_100,trajectory
RO,2050,resistance_heater,electricity,0.0,0.0,0.0,0.0,COST_OPT_100,trajectory
RO,2050,hp_air,electricity,0.49728273,46101436.998087846,13720665.77324043,137206.6577324043,COST_OPT_100,trajectory
RO,2050,hp_ground,electricity,0.0,0.0,0.0,0.0,COST_OPT_100,trajectory
RO,2050,district_heat,district_heat,0.50271727,46605255.22524323,48046654.87138478,960933.0974276955,COST_OPT_100,trajectory
RO,2050,h2_boiler,hydrogen,0.0,0.0,0.0,0.0,COST_OPT_100,trajectory
SE,2025,gas_boiler,gas,0.0075,613774.0923581872,667145.7525632469,134763.4420177759,COST_OPT_100,trajectory
SE,2025,oil_boiler,oil,0.01,818365.4564775829,909294.9516417588,240963.1621850661,COST_OPT_100,trajectory
SE,2025,biomass_boiler,biomass,0.11,9002020.021253413,10229568.205969786,0.0,COST_OPT_100,trajectory
SE,2025,resistance_heater,electricity,0.09,7365289.108298246,7515601.130916578,338202.050891246,COST_OPT_100,trajectory
SE,2025,hp_air,electricity,0.17,13912212.760118911,4790706.873319184,215581.8092993633,COST_OPT_100,trajectory
SE,2025,hp_ground,electricity,0.13,10638750.934208577,3181444.6573590245,143165.0095811561,COST_OPT_100,trajectory
SE,2025,district_heat,district_heat,0.4825,39486133.275043376,41564350.81583513,1454752.2785542298,COST_OPT_100,trajectory
SE,2025,h2_boiler,hydrogen,0.0,0.0,0.0,0.0,COST_OPT_100,trajectory
SE,2030,gas_boiler,gas,0.0,0.0,0.0,0.0,COST_OPT_100,trajectory
SE,2030,oil_boiler,oil,0.0,0.0,0.0,0.0,COST_OPT_100,trajectory
SE,2030,biomass_boiler,biomass,0.0,0.0,0.0,0.0,COST_OPT_100,trajectory
SE,2030,resistance_heater,electricity,0.0,0.0,0.0,0.0,COST_OPT_100,trajectory
SE,2030,hp_air,electricity,0.4910004,40936117.74325309,13927639.406387143,417829.18219161424,COST_OPT_100,trajectory
SE,2030,hp_ground,electricity,0.0,0.0,0.0,0.0,COST_OPT_100,trajectory
SE,2030,district_heat,district_heat,0.5089996,42436762.896463476,44482979.975328594,889659.5995065719,COST_OPT_100,trajectory
SE,2030,h2_boiler,hydrogen,0.0,0.0,0.0,0.0,COST_OPT_100,trajectory
SE,2040,gas_boiler,gas,0.0,0.0,0.0,0.0,COST_OPT_100,trajectory
SE,2040,oil_boiler,oil,0.0,0.0,0.0,0.0,COST_OPT_100,trajectory
SE,2040,biomass_boiler,biomass,0.0,0.0,0.0,0.0,COST_OPT_100,trajectory
SE,2040,resistance_heater,electricity,0.0,0.0,0.0,0.0,COST_OPT_100,trajectory
SE,2040,hp_air,electricity,0.65556369,56045114.53383871,18622114.079558317,279331.71119337477,COST_OPT_100,trajectory
SE,2040,hp_ground,electricity,0.0,0.0,0.0,0.0,COST_OPT_100,trajectory
SE,2040,district_heat,district_heat,0.34443631,29446372.24121241,30609534.554274853,244876.27643419884,COST_OPT_100,trajectory
SE,2040,h2_boiler,hydrogen,0.0,0.0,0.0,0.0,COST_OPT_100,trajectory
SE,2050,gas_boiler,gas,0.0,0.0,0.0,0.0,COST_OPT_100,trajectory
SE,2050,oil_boiler,oil,0.0,0.0,0.0,0.0,COST_OPT_100,trajectory
SE,2050,biomass_boiler,biomass,0.0,0.0,0.0,0.0,COST_OPT_100,trajectory
SE,2050,resistance_heater,electricity,0.0,0.0,0.0,0.0,COST_OPT_100,trajectory
SE,2050,hp_air,electricity,0.65556369,57180716.271421865,18565167.620591514,92825.83810295757,COST_OPT_100,trajectory
SE,2050,hp_ground,electricity,0.0,0.0,0.0,0.0,COST_OPT_100,trajectory
SE,2050,district_heat,district_heat,0.34443631,30043022.846011356,30972188.501042634,92916.56550312792,COST_OPT_100,trajectory
SE,2050,h2_boiler,hydrogen,0.0,0.0,0.0,0.0,COST_OPT_100,trajectory
SI,2025,gas_boiler,gas,0.1351,2352728.0962149235,2557313.148059699,516577.2559080593,COST_OPT_100,trajectory
SI,2025,oil_boiler,oil,0.1456,2535582.611464788,2817314.0127386535,746588.2133757432,COST_OPT_100,trajectory
SI,2025,biomass_boiler,biomass,0.4537,7901056.530367955,8978473.329963585,0.0,COST_OPT_100,trajectory
SI,2025,resistance_heater,electricity,0.0635,1105834.4493682282,1128402.499355335,225680.49987106698,COST_OPT_100,trajectory
SI,2025,hp_air,electricity,0.088,1532494.9849512454,478755.07183731504,95751.01436746302,COST_OPT_100,trajectory
SI,2025,hp_ground,electricity,0.005,87073.57869041167,23622.78314986752,4724.556629973504,COST_OPT_100,trajectory
SI,2025,district_heat,district_heat,0.1091,1899945.4870247827,1999942.617920824,159995.40943366595,COST_OPT_100,trajectory
SI,2025,h2_boiler,hydrogen,0.0,0.0,0.0,0.0,COST_OPT_100,trajectory
SI,2030,gas_boiler,gas,0.0,0.0,0.0,0.0,COST_OPT_100,trajectory
SI,2030,oil_boiler,oil,0.0,0.0,0.0,0.0,COST_OPT_100,trajectory
SI,2030,biomass_boiler,biomass,0.2479,4291898.1182729965,4855088.3690871,0.0,COST_OPT_100,trajectory
SI,2030,resistance_heater,electricity,0.0,0.0,0.0,0.0,COST_OPT_100,trajectory
SI,2030,hp_air,electricity,0.3655,6327909.488619524,1953179.0507498996,214849.69558248896,COST_OPT_100,trajectory
SI,2030,hp_ground,electricity,0.0,0.0,0.0,0.0,COST_OPT_100,trajectory
SI,2030,district_heat,district_heat,0.3866,6693214.249795645,7015947.850938831,350797.3925469416,COST_OPT_100,trajectory
SI,2030,h2_boiler,hydrogen,0.0,0.0,0.0,0.0,COST_OPT_100,trajectory
SI,2040,gas_boiler,gas,0.0,0.0,0.0,0.0,COST_OPT_100,trajectory
SI,2040,oil_boiler,oil,0.0,0.0,0.0,0.0,COST_OPT_100,trajectory
SI,2040,biomass_boiler,biomass,0.0,0.0,0.0,0.0,COST_OPT_100,trajectory
SI,2040,resistance_heater,electricity,0.0,0.0,0.0,0.0,COST_OPT_100,trajectory
SI,2040,hp_air,electricity,0.45724414,7808148.583358293,2353695.2382463054,105916.28572108375,COST_OPT_100,trajectory
SI,2040,hp_ground,electricity,0.0,0.0,0.0,0.0,COST_OPT_100,trajectory
SI,2040,district_heat,district_heat,0.54275586,9268393.028215544,9634504.187334245,192690.08374668492,COST_OPT_100,trajectory
SI,2040,h2_boiler,hydrogen,0.0,0.0,0.0,0.0,COST_OPT_100,trajectory
SI,2050,gas_boiler,gas,0.0,0.0,0.0,0.0,COST_OPT_100,trajectory
SI,2050,oil_boiler,oil,0.0,0.0,0.0,0.0,COST_OPT_100,trajectory
SI,2050,biomass_boiler,biomass,0.0,0.0,0.0,0.0,COST_OPT_100,trajectory
SI,2050,resistance_heater,electricity,0.0,0.0,0.0,0.0,COST_OPT_100,trajectory
SI,2050,hp_air,electricity,0.45724414,7672239.661805885,2259864.4070120426,22598.644070120426,COST_OPT_100,trajectory
SI,2050,hp_ground,electricity,0.0,0.0,0.0,0.0,COST_OPT_100,trajectory
SI,2050,district_heat,district_heat,0.54275586,9107067.038124451,9388728.90528294,75109.83124226352,COST_OPT_100,trajectory
SI,2050,h2_boiler,hydrogen,0.0,0.0,0.0,0.0,COST_OPT_100,trajectory
SK,2025,gas_boiler,gas,0.45074507,18338959.773108114,19933651.927291427,4026597.6893128688,COST_OPT_100,trajectory
SK,2025,oil_boiler,oil,0.020002,813798.9692970095,904221.0769966772,239618.58540411948,COST_OPT_100,trajectory
SK,2025,biomass_boiler,biomass,0.22412241,9118617.450972993,10362065.285196584,0.0,COST_OPT_100,trajectory
SK,2025,resistance_heater,electricity,0.054505451,2217602.2320202314,2262859.420428808,452571.8840857615,COST_OPT_100,trajectory
SK,2025,hp_air,electricity,0.0390039,1586907.9901291688,517076.5689570443,103415.31379140886,COST_OPT_100,trajectory
SK,2025,hp_ground,electricity,0.0050005001,203449.7463928404,57569.25478009067,11513.850956018134,COST_OPT_100,trajectory
SK,2025,district_heat,district_heat,0.20662066,8406543.35283811,8848993.002987485,707919.4402389989,COST_OPT_100,trajectory
SK,2025,h2_boiler,hydrogen,0.0,0.0,0.0,0.0,COST_OPT_100,trajectory
SK,2030,gas_boiler,gas,0.18074507,6732498.689691976,7286253.993173134,1471823.3066209732,COST_OPT_100,trajectory
SK,2030,oil_boiler,oil,0.0,0.0,0.0,0.0,COST_OPT_100,trajectory
SK,2030,biomass_boiler,biomass,0.2,7449717.648942763,8427282.408306293,0.0,COST_OPT_100,trajectory
SK,2030,resistance_heater,electricity,0.0,0.0,0.0,0.0,COST_OPT_100,trajectory
SK,2030,hp_air,electricity,0.16918346,6301845.03935601,2028795.6472075237,202879.56472075242,COST_OPT_100,trajectory
SK,2030,hp_ground,electricity,0.0,0.0,0.0,0.0,COST_OPT_100,trajectory
SK,2030,district_heat,district_heat,0.45007147,16764526.866723064,17572879.31522334,878643.965761167,COST_OPT_100,trajectory
SK,2030,h2_boiler,hydrogen,0.0,0.0,0.0,0.0,COST_OPT_100,trajectory
SK,2040,gas_boiler,gas,0.0,0.0,0.0,0.0,COST_OPT_100,trajectory
SK,2040,oil_boiler,oil,0.0,0.0,0.0,0.0,COST_OPT_100,trajectory
SK,2040,biomass_boiler,biomass,0.2,6601134.487419691,7400374.985896515,0.0,COST_OPT_100,trajectory
SK,2040,resistance_heater,electricity,0.0,0.0,0.0,0.0,COST_OPT_100,trajectory
SK,2040,hp_air,electricity,0.34992853,11549626.43757538,3631272.853416141,145250.91413664565,COST_OPT_100,trajectory
SK,2040,hp_ground,electricity,0.0,0.0,0.0,0.0,COST_OPT_100,trajectory
SK,2040,district_heat,district_heat,0.45007147,14854911.51210338,15441695.958527423,308833.9191705485,COST_OPT_100,trajectory
SK,2040,h2_boiler,hydrogen,0.0,0.0,0.0,0.0,COST_OPT_100,trajectory
SK,2050,gas_boiler,gas,0.0,0.0,0.0,0.0,COST_OPT_100,trajectory
SK,2050,oil_boiler,oil,0.0,0.0,0.0,0.0,COST_OPT_100,trajectory
SK,2050,biomass_boiler,biomass,0.0,0.0,0.0,0.0,COST_OPT_100,trajectory
SK,2050,resistance_heater,electricity,0.0,0.0,0.0,0.0,COST_OPT_100,trajectory
SK,2050,hp_air,electricity,0.54992853,16760109.927868873,5149035.308101036,41192.28246480829,COST_OPT_100,trajectory
SK,2050,hp_ground,electricity,0.0,0.0,0.0,0.0,COST_OPT_100,trajectory
SK,2050,district_heat,district_heat,0.45007147,13716777.54670691,14141007.780110216,113128.06224088173,COST_OPT_100,trajectory
SK,2050,h2_boiler,hydrogen,0.0,0.0,0.0,0.0,COST_OPT_100,trajectory
UK,2025,gas_boiler,gas,0.8040196,296568045.01054776,322356570.66363883,65116027.274055056,COST_OPT_100,trajectory
UK,2025,oil_boiler,oil,0.050894911,18772930.72986756,20858811.922075067,5527585.159349892,COST_OPT_100,trajectory
UK,2025,biomass_boiler,biomass,0.01529847,5642943.703800896,6412436.027046473,0.0,COST_OPT_100,trajectory
UK,2025,resistance_heater,electricity,0.086491351,31902917.387077484,32553997.333752535,5859719.520075456,COST_OPT_100,trajectory
UK,2025,hp_air,electricity,0.02039796,7523924.938401194,2279977.2540609683,410395.9057309743,COST_OPT_100,trajectory
UK,2025,hp_ground,electricity,0.00249975,922049.6248040679,242644.63810633367,43676.03485914006,COST_OPT_100,trajectory
UK,2025,district_heat,district_heat,0.02039796,7523924.938401194,7919920.987790731,791992.0987790731,COST_OPT_100,trajectory
UK,2025,h2_boiler,hydrogen,0.0,0.0,0.0,0.0,COST_OPT_100,trajectory
UK,2030,gas_boiler,gas,0.67960204,252105960.86920008,272841948.9926408,55114073.69651344,COST_OPT_100,trajectory
UK,2030,oil_boiler,oil,0.0,0.0,0.0,0.0,COST_OPT_100,trajectory
UK,2030,biomass_boiler,biomass,0.0,0.0,0.0,0.0,COST_OPT_100,trajectory
UK,2030,resistance_heater,electricity,0.0,0.0,0.0,0.0,COST_OPT_100,trajectory
UK,2030,hp_air,electricity,0.0,0.0,0.0,0.0,COST_OPT_100,trajectory
UK,2030,hp_ground,electricity,0.0,0.0,0.0,0.0,COST_OPT_100,trajectory
UK,2030,district_heat,district_heat,0.32039796,118855198.79594758,124586162.25990313,7475169.735594188,COST_OPT_100,trajectory
UK,2030,h2_boiler,hydrogen,0.0,0.0,0.0,0.0,COST_OPT_100,trajectory
UK,2040,gas_boiler,gas,0.35337236,130375932.27356282,139888339.34931633,28257444.5485619,COST_OPT_100,trajectory
UK,2040,oil_boiler,oil,0.0,0.0,0.0,0.0,COST_OPT_100,trajectory
UK,2040,biomass_boiler,biomass,0.0,0.0,0.0,0.0,COST_OPT_100,trajectory
UK,2040,resistance_heater,electricity,0.0,0.0,0.0,0.0,COST_OPT_100,trajectory
UK,2040,hp_air,electricity,0.15641067,57707362.62106799,16873497.842417542,506204.9352725262,COST_OPT_100,trajectory
UK,2040,hp_ground,electricity,0.0,0.0,0.0,0.0,COST_OPT_100,trajectory
UK,2040,district_heat,district_heat,0.47821697,176437068.5154561,183406516.12833276,4585162.903208319,COST_OPT_100,trajectory
UK,2040,h2_boiler,hydrogen,0.012,4427372.834940327,4854575.4769082535,0.0,COST_OPT_100,trajectory
UK,2050,gas_boiler,gas,0.0,0.0,0.0,0.0,COST_OPT_100,trajectory
UK,2050,oil_boiler,oil,0.0,0.0,0.0,0.0,COST_OPT_100,trajectory
UK,2050,biomass_boiler,biomass,0.0,0.0,0.0,0.0,COST_OPT_100,trajectory
UK,2050,resistance_heater,electricity,0.0,0.0,0.0,0.0,COST_OPT_100,trajectory
UK,2050,hp_air,electricity,0.50178303,182568658.27352524,52162473.79243578,417299.79033948627,COST_OPT_100,trajectory
UK,2050,hp_ground,electricity,0.0,0.0,0.0,0.0,COST_OPT_100,trajectory
UK,2050,district_heat,district_heat,0.47821697,173994386.73031783,179375656.42300808,1435005.2513840646,COST_OPT_100,trajectory
UK,2050,h2_boiler,hydrogen,0.02,7276796.836813123,7909561.779144699,0.0,COST_OPT_100,trajectory
