country,daytype,hour,nuclear,biomass,solar,wind,hydro_ror,flex,gas,unserved,peaker,demand
AT,average,0,0.0,1.44,0.0,5.055,2.56,1.021,0.994,0.0,0.0,8.989
AT,average,1,0.0,1.44,0.0,4.979,2.56,0.823,0.97,0.0,0.0,8.468
AT,average,2,0.0,1.44,0.0,5.07,2.56,0.715,0.898,0.0,0.0,8.213
AT,average,3,0.0,1.44,0.0,5.02,2.56,0.681,0.865,0.0,0.0,8.213
AT,average,4,0.0,1.44,0.0,4.929,2.56,0.868,0.992,0.0,0.0,8.723
AT,average,5,0.0,1.44,0.0,5.074,2.56,1.546,1.109,0.0,0.0,10.085
AT,average,6,0.0,1.44,0.0,4.976,2.56,2.578,1.332,0.0,0.0,11.789
AT,average,7,0.0,1.44,3.067,5.03,2.56,1.708,1.086,0.0,0.001,12.984
AT,average,8,0.0,1.44,5.924,4.976,2.56,1.203,0.731,0.0,0.001,13.641
AT,average,9,0.0,1.44,8.378,4.827,2.56,0.851,0.552,0.0,0.0,13.746
AT,average,10,0.0,1.44,10.261,4.916,2.56,0.569,0.448,0.0,0.0,13.726
AT,average,11,0.0,1.44,11.445,4.92,2.56,0.446,0.378,0.0,0.0,13.667
AT,average,12,0.0,1.44,11.849,5.108,2.56,0.352,0.319,0.0,0.0,13.278
AT,average,13,0.0,1.44,11.445,5.273,2.56,0.323,0.348,0.0,0.0,13.019
AT,average,14,0.0,1.44,10.261,5.193,2.56,0.397,0.39,0.0,0.0,12.901
AT,average,15,0.0,1.44,8.378,5.119,2.56,0.682,0.503,0.0,0.0,13.077
AT,average,16,0.0,1.44,5.924,5.16,2.56,1.233,0.694,0.0,0.0,13.668
AT,average,17,0.0,1.44,3.067,5.302,2.56,2.346,1.177,0.0,0.0,14.448
AT,average,18,0.0,1.44,0.0,5.396,2.56,4.378,1.578,0.001,0.013,14.91
AT,average,19,0.0,1.44,0.0,5.354,2.56,4.223,1.556,0.005,0.016,14.593
AT,average,20,0.0,1.44,0.0,5.082,2.56,3.748,1.477,0.0,0.005,13.668
AT,average,21,0.0,1.44,0.0,5.046,2.56,2.844,1.383,0.0,0.0,12.372
AT,average,22,0.0,1.44,0.0,4.932,2.56,2.117,1.251,0.0,0.0,11.03
AT,average,23,0.0,1.44,0.0,5.078,2.56,1.39,1.079,0.0,0.0,9.747
AT,winter,0,0.0,1.44,0.0,5.04,2.647,1.477,1.104,0.0,0.0,10.288
AT,winter,1,0.0,1.44,0.0,5.083,2.647,1.274,1.048,0.0,0.0,9.674
AT,winter,2,0.0,1.44,0.0,5.0,2.647,1.105,1.021,0.0,0.0,9.378
AT,winter,3,0.0,1.44,0.0,4.827,2.647,1.116,0.983,0.0,0.0,9.378
AT,winter,4,0.0,1.44,0.0,4.877,2.647,1.257,1.089,0.0,0.0,9.972
AT,winter,5,0.0,1.44,0.0,5.199,2.647,2.203,1.22,0.0,0.0,11.62
AT,winter,6,0.0,1.44,0.0,4.926,2.647,3.767,1.538,0.0,0.0,13.772
AT,winter,7,0.0,1.44,1.598,5.246,2.647,3.58,1.455,0.0,0.002,15.333
AT,winter,8,0.0,1.44,3.086,5.287,2.647,3.072,1.391,0.0,0.005,16.127
AT,winter,9,0.0,1.44,4.365,4.907,2.647,2.511,1.304,0.0,0.0,16.112
AT,winter,10,0.0,1.44,5.346,5.008,2.647,1.82,1.189,0.0,0.0,15.931
AT,winter,11,0.0,1.44,5.962,4.75,2.647,1.555,1.137,0.0,0.0,15.814
AT,winter,12,0.0,1.44,6.173,4.786,2.647,1.258,1.015,0.0,0.0,15.354
AT,winter,13,0.0,1.44,5.962,4.983,2.647,1.129,1.073,0.0,0.0,15.047
AT,winter,14,0.0,1.44,5.346,4.925,2.647,1.335,1.119,0.0,0.0,14.917
AT,winter,15,0.0,1.44,4.365,4.555,2.647,2.25,1.318,0.0,0.0,15.161
AT,winter,16,0.0,1.44,3.086,4.889,2.647,3.369,1.421,0.0,0.0,15.921
AT,winter,17,0.0,1.44,1.598,5.176,2.647,4.879,1.58,0.0,0.0,16.961
AT,winter,18,0.0,1.44,0.0,5.503,2.647,6.216,1.781,0.005,0.052,17.574
AT,winter,19,0.0,1.44,0.0,5.546,2.647,5.808,1.738,0.019,0.065,17.146
AT,winter,20,0.0,1.44,0.0,5.133,2.647,5.258,1.644,0.0,0.022,15.921
AT,winter,21,0.0,1.44,0.0,5.113,2.647,3.941,1.551,0.0,0.0,14.284
AT,winter,22,0.0,1.44,0.0,4.978,2.647,2.987,1.42,0.0,0.0,12.665
AT,winter,23,0.0,1.44,0.0,4.941,2.647,2.069,1.26,0.0,0.0,11.165
AT,coldsnap,0,0.0,1.44,0.0,1.175,2.595,3.941,2.0,0.0,0.0,11.15
AT,coldsnap,1,0.0,1.44,0.0,1.729,2.595,2.699,2.0,0.0,0.0,10.462
AT,coldsnap,2,0.0,1.44,0.0,2.166,2.595,1.933,2.0,0.0,0.0,10.134
AT,coldsnap,3,0.0,1.44,0.0,1.841,2.595,2.258,2.0,0.0,0.0,10.134
AT,coldsnap,4,0.0,1.44,0.0,1.268,2.595,3.488,2.0,0.0,0.0,10.791
AT,coldsnap,5,0.0,1.44,0.0,1.034,2.595,5.633,2.0,0.0,0.0,12.703
AT,coldsnap,6,0.0,1.44,0.0,1.337,2.595,8.607,2.0,0.0,0.0,15.979
AT,coldsnap,7,0.0,1.44,1.41,1.076,2.595,9.6,2.0,0.0,0.212,18.332
AT,coldsnap,8,0.0,1.44,2.724,0.54,2.595,9.6,2.0,0.0,0.485,19.384
AT,coldsnap,9,0.0,1.44,3.853,0.642,2.595,8.414,2.0,0.0,0.0,18.944
AT,coldsnap,10,0.0,1.44,4.718,0.28,2.595,6.608,2.0,0.0,0.0,17.641
AT,coldsnap,11,0.0,1.44,5.263,0.41,2.595,5.727,2.0,0.0,0.0,17.435
AT,coldsnap,12,0.0,1.44,5.448,1.329,2.595,4.093,2.0,0.0,0.0,16.906
AT,coldsnap,13,0.0,1.44,5.263,2.658,2.595,2.599,2.0,0.0,0.0,16.554
AT,coldsnap,14,0.0,1.44,4.718,2.8,2.595,2.865,2.0,0.0,0.0,16.418
AT,coldsnap,15,0.0,1.44,3.853,2.8,2.595,4.064,2.0,0.0,0.0,16.751
AT,coldsnap,16,0.0,1.44,2.724,2.8,2.595,6.162,2.0,0.0,0.0,17.721
AT,coldsnap,17,0.0,1.44,1.41,2.8,2.595,8.875,2.0,0.0,0.0,19.12
AT,coldsnap,18,0.0,1.44,0.0,2.633,2.595,9.6,2.0,0.0,1.691,19.958
AT,coldsnap,19,0.0,1.44,0.0,2.021,2.595,9.6,2.0,0.014,1.691,19.36
AT,coldsnap,20,0.0,1.44,0.0,1.451,2.595,9.6,2.0,0.0,0.635,17.721
AT,coldsnap,21,0.0,1.44,0.0,0.994,2.595,8.654,2.0,0.0,0.0,15.682
AT,coldsnap,22,0.0,1.44,0.0,0.909,2.595,6.853,2.0,0.0,0.0,13.796
AT,coldsnap,23,0.0,1.44,0.0,1.479,2.595,4.604,2.0,0.0,0.0,12.117
BE,average,0,1.8,0.48,0.0,5.674,0.016,0.219,3.292,0.0,0.633,10.82
BE,average,1,1.8,0.48,0.0,5.651,0.016,0.14,3.158,0.0,0.457,10.181
BE,average,2,1.8,0.48,0.0,5.941,0.016,0.121,2.917,0.0,0.357,9.871
BE,average,3,1.8,0.48,0.0,5.966,0.016,0.14,2.921,0.0,0.335,9.871
BE,average,4,1.8,0.48,0.0,5.964,0.016,0.28,3.062,0.0,0.432,10.492
BE,average,5,1.8,0.48,0.0,5.958,0.016,0.598,3.513,0.0,0.803,12.195
BE,average,6,1.8,0.48,0.0,5.874,0.016,1.182,4.076,0.0,1.406,14.364
BE,average,7,1.8,0.48,2.556,5.81,0.016,0.763,3.92,0.0,1.37,15.914
BE,average,8,1.8,0.48,4.937,5.738,0.016,0.599,3.304,0.0,1.214,16.724
BE,average,9,1.8,0.48,6.982,5.786,0.016,0.375,2.503,0.0,0.929,16.767
BE,average,10,1.8,0.48,8.551,5.787,0.016,0.204,2.015,0.0,0.739,16.661
BE,average,11,1.8,0.48,9.537,5.768,0.016,0.148,1.761,0.0,0.632,16.556
BE,average,12,1.8,0.48,9.874,5.795,0.016,0.111,1.633,0.0,0.497,16.08
BE,average,13,1.8,0.48,9.537,5.804,0.016,0.154,1.612,0.0,0.497,15.763
BE,average,14,1.8,0.48,8.551,5.834,0.016,0.149,1.776,0.0,0.489,15.624
BE,average,15,1.8,0.48,6.982,5.582,0.016,0.265,2.308,0.0,0.703,15.865
BE,average,16,1.8,0.48,4.937,5.682,0.016,0.642,3.194,0.0,1.083,16.629
BE,average,17,1.8,0.48,2.556,5.527,0.016,1.726,4.331,0.0,1.649,17.657
BE,average,18,1.8,0.48,0.0,5.752,0.016,2.759,5.119,0.006,2.399,18.262
BE,average,19,1.8,0.48,0.0,5.725,0.016,2.47,5.009,0.001,2.422,17.842
BE,average,20,1.8,0.48,0.0,5.658,0.016,1.888,4.85,0.0,2.076,16.629
BE,average,21,1.8,0.48,0.0,5.628,0.016,1.227,4.446,0.0,1.652,14.971
BE,average,22,1.8,0.48,0.0,5.72,0.016,0.673,3.946,0.0,1.228,13.302
BE,average,23,1.8,0.48,0.0,5.626,0.016,0.405,3.508,0.0,0.87,11.738
BE,winter,0,1.8,0.48,0.0,6.775,0.017,0.166,3.24,0.0,1.181,12.581
BE,winter,1,1.8,0.48,0.0,6.2,0.017,0.117,3.472,0.0,0.928,11.808
BE,winter,2,1.8,0.48,0.0,6.674,0.017,0.131,2.956,0.0,0.785,11.439
BE,winter,3,1.8,0.48,0.0,6.234,0.017,0.145,3.202,0.0,0.781,11.439
BE,winter,4,1.8,0.48,0.0,6.545,0.017,0.286,3.071,0.0,0.886,12.178
BE,winter,5,1.8,0.48,0.0,6.657,0.017,0.566,3.85,0.0,1.377,14.315
BE,winter,6,1.8,0.48,0.0,6.341,0.017,1.397,4.702,0.0,2.489,17.187
BE,winter,7,1.8,0.48,1.331,6.455,0.017,1.404,5.017,0.0,2.847,19.325
BE,winter,8,1.8,0.48,2.572,6.165,0.017,1.526,4.901,0.0,2.925,20.339
BE,winter,9,1.8,0.48,3.637,6.361,0.017,1.147,4.316,0.0,2.536,20.155
BE,winter,10,1.8,0.48,4.455,6.422,0.017,0.663,3.97,0.0,2.168,19.757
BE,winter,11,1.8,0.48,4.969,6.421,0.017,0.501,3.762,0.0,1.967,19.55
BE,winter,12,1.8,0.48,5.144,6.322,0.017,0.376,3.688,0.0,1.612,18.969
BE,winter,13,1.8,0.48,4.969,6.039,0.017,0.562,3.661,0.0,1.609,18.583
BE,winter,14,1.8,0.48,4.455,6.513,0.017,0.491,3.653,0.0,1.568,18.43
BE,winter,15,1.8,0.48,3.637,6.059,0.017,0.69,4.26,0.0,2.158,18.784
BE,winter,16,1.8,0.48,2.572,6.006,0.017,1.201,4.748,0.0,3.078,19.818
BE,winter,17,1.8,0.48,1.331,5.743,0.017,1.79,5.496,0.0,4.611,21.267
BE,winter,18,1.8,0.48,0.0,5.812,0.017,1.772,5.815,0.022,6.401,22.12
BE,winter,19,1.8,0.48,0.0,6.208,0.017,1.216,5.774,0.002,6.02,21.517
BE,winter,20,1.8,0.48,0.0,6.546,0.017,0.632,5.429,0.0,4.915,19.818
BE,winter,21,1.8,0.48,0.0,6.635,0.017,0.5,4.927,0.0,3.268,17.623
BE,winter,22,1.8,0.48,0.0,6.589,0.017,0.309,4.237,0.0,2.305,15.539
BE,winter,23,1.8,0.48,0.0,6.344,0.017,0.394,3.631,0.0,1.601,13.664
BE,coldsnap,0,1.8,0.48,0.0,0.407,0.016,0.06,6.0,0.0,3.692,12.455
BE,coldsnap,1,1.8,0.48,0.0,0.516,0.016,0.06,6.0,0.0,2.769,11.641
BE,coldsnap,2,1.8,0.48,0.0,0.407,0.016,0.06,6.0,0.0,2.499,11.262
BE,coldsnap,3,1.8,0.48,0.0,1.136,0.016,0.06,6.0,0.0,1.77,11.262
BE,coldsnap,4,1.8,0.48,0.0,0.507,0.016,0.06,6.0,0.0,3.158,12.022
BE,coldsnap,5,1.8,0.48,0.0,0.407,0.016,0.06,6.0,0.0,5.631,14.394
BE,coldsnap,6,1.8,0.48,0.0,0.407,0.016,0.06,6.0,0.0,10.22,18.983
BE,coldsnap,7,1.8,0.48,1.185,0.407,0.016,0.06,6.0,0.0,12.393,22.341
BE,coldsnap,8,1.8,0.48,2.289,0.407,0.016,0.06,6.0,0.0,12.645,23.698
BE,coldsnap,9,1.8,0.48,3.238,0.407,0.016,0.06,6.0,0.0,10.715,22.715
BE,coldsnap,10,1.8,0.48,3.965,0.728,0.016,0.06,6.0,0.0,7.256,20.305
BE,coldsnap,11,1.8,0.48,4.423,0.407,0.016,0.06,6.0,0.0,6.754,19.94
BE,coldsnap,12,1.8,0.48,4.579,0.407,0.016,0.06,6.0,0.0,5.964,19.306
BE,coldsnap,13,1.8,0.48,4.423,0.407,0.016,0.06,6.0,0.0,5.701,18.887
BE,coldsnap,14,1.8,0.48,3.965,0.407,0.016,0.06,6.0,0.0,6.017,18.746
BE,coldsnap,15,1.8,0.48,3.238,0.407,0.016,0.06,6.0,0.0,7.235,19.236
BE,coldsnap,16,1.8,0.48,2.289,0.407,0.016,0.06,6.0,0.0,9.495,20.547
BE,coldsnap,17,1.8,0.48,1.185,0.407,0.016,0.06,6.0,0.0,12.571,22.519
BE,coldsnap,18,1.8,0.48,0.0,0.407,0.016,0.06,6.0,0.381,14.557,23.701
BE,coldsnap,19,1.8,0.48,0.0,0.407,0.016,0.06,6.0,0.0,14.081,22.844
BE,coldsnap,20,1.8,0.48,0.0,0.407,0.016,0.06,6.0,0.0,11.784,20.547
BE,coldsnap,21,1.8,0.48,0.0,0.407,0.016,0.06,6.0,0.0,9.085,17.849
BE,coldsnap,22,1.8,0.48,0.0,0.407,0.016,0.06,6.0,0.0,6.758,15.521
BE,coldsnap,23,1.8,0.48,0.0,0.407,0.016,0.06,6.0,0.0,4.797,13.56
BG,average,0,3.6,0.096,0.0,1.882,0.48,0.0,0.056,0.0,0.0,4.253
BG,average,1,3.6,0.096,0.0,1.851,0.48,0.0,0.018,0.0,0.0,4.006
BG,average,2,3.6,0.096,0.0,1.834,0.48,0.0,0.007,0.0,0.0,3.885
BG,average,3,3.6,0.096,0.0,1.842,0.48,0.0,0.009,0.0,0.0,3.885
BG,average,4,3.6,0.096,0.0,1.828,0.48,0.0,0.038,0.0,0.0,4.127
BG,average,5,3.6,0.096,0.0,1.802,0.48,0.014,0.194,0.0,0.0,4.774
BG,average,6,3.6,0.096,0.0,1.803,0.48,0.164,0.418,0.0,0.0,5.587
BG,average,7,3.6,0.096,1.533,1.844,0.48,0.081,0.198,0.0,0.0,6.158
BG,average,8,3.6,0.096,2.962,1.843,0.48,0.021,0.1,0.0,0.0,6.47
BG,average,9,3.6,0.096,4.189,1.892,0.48,0.0,0.028,0.0,0.0,6.515
BG,average,10,3.6,0.096,5.131,1.903,0.48,0.0,0.0,0.0,0.0,6.501
BG,average,11,3.6,0.096,5.722,1.882,0.48,0.0,0.0,0.0,0.0,6.471
BG,average,12,3.6,0.096,5.924,1.879,0.48,0.0,0.0,0.0,0.0,6.287
BG,average,13,3.6,0.096,5.722,1.854,0.48,0.0,0.0,0.0,0.0,6.164
BG,average,14,3.6,0.096,5.131,1.906,0.48,0.0,0.0,0.0,0.0,6.108
BG,average,15,3.6,0.096,4.189,1.891,0.48,0.0,0.003,0.0,0.0,6.193
BG,average,16,3.6,0.096,2.962,1.905,0.48,0.009,0.073,0.0,0.0,6.476
BG,average,17,3.6,0.096,1.533,1.922,0.48,0.177,0.274,0.0,0.0,6.849
BG,average,18,3.6,0.096,0.0,1.867,0.48,0.78,0.608,0.0,0.0,7.07
BG,average,19,3.6,0.096,0.0,1.948,0.48,0.665,0.563,0.0,0.0,6.918
BG,average,20,3.6,0.096,0.0,1.926,0.48,0.469,0.508,0.0,0.0,6.476
BG,average,21,3.6,0.096,0.0,1.877,0.48,0.221,0.441,0.0,0.0,5.858
BG,average,22,3.6,0.096,0.0,1.921,0.48,0.056,0.313,0.0,0.0,5.22
BG,average,23,3.6,0.096,0.0,1.934,0.48,0.001,0.132,0.0,0.0,4.612
BG,winter,0,3.6,0.096,0.0,1.773,0.496,0.0,0.137,0.0,0.0,4.668
BG,winter,1,3.6,0.096,0.0,1.748,0.496,0.0,0.048,0.0,0.0,4.387
BG,winter,2,3.6,0.096,0.0,1.747,0.496,0.0,0.021,0.0,0.0,4.252
BG,winter,3,3.6,0.096,0.0,1.764,0.496,0.0,0.024,0.0,0.0,4.252
BG,winter,4,3.6,0.096,0.0,1.712,0.496,0.0,0.098,0.0,0.0,4.523
BG,winter,5,3.6,0.096,0.0,1.637,0.496,0.046,0.416,0.0,0.0,5.282
BG,winter,6,3.6,0.096,0.0,1.666,0.496,0.434,0.602,0.0,0.0,6.279
BG,winter,7,3.6,0.096,1.066,1.718,0.496,0.294,0.516,0.0,0.0,7.008
BG,winter,8,3.6,0.096,2.059,1.843,0.496,0.086,0.34,0.0,0.0,7.372
BG,winter,9,3.6,0.096,2.912,1.89,0.496,0.0,0.111,0.0,0.0,7.35
BG,winter,10,3.6,0.096,3.567,1.85,0.496,0.0,0.0,0.0,0.0,7.253
BG,winter,11,3.6,0.096,3.978,1.759,0.496,0.0,0.0,0.0,0.0,7.194
BG,winter,12,3.6,0.096,4.118,1.796,0.496,0.0,0.0,0.0,0.0,6.983
BG,winter,13,3.6,0.096,3.978,1.878,0.496,0.0,0.0,0.0,0.0,6.843
BG,winter,14,3.6,0.096,3.567,1.961,0.496,0.0,0.0,0.0,0.0,6.785
BG,winter,15,3.6,0.096,2.912,2.1,0.496,0.0,0.013,0.0,0.0,6.901
BG,winter,16,3.6,0.096,2.059,1.982,0.496,0.036,0.259,0.0,0.0,7.255
BG,winter,17,3.6,0.096,1.066,1.985,0.496,0.525,0.541,0.0,0.0,7.742
BG,winter,18,3.6,0.096,0.0,1.943,0.496,1.29,0.733,0.0,0.0,8.03
BG,winter,19,3.6,0.096,0.0,2.026,0.496,1.094,0.696,0.0,0.0,7.828
BG,winter,20,3.6,0.096,0.0,1.917,0.496,0.783,0.648,0.0,0.0,7.255
BG,winter,21,3.6,0.096,0.0,1.897,0.496,0.426,0.546,0.0,0.0,6.495
BG,winter,22,3.6,0.096,0.0,1.832,0.496,0.147,0.467,0.0,0.0,5.751
BG,winter,23,3.6,0.096,0.0,1.909,0.496,0.006,0.253,0.0,0.0,5.067
BG,coldsnap,0,3.6,0.096,0.0,1.133,0.478,0.0,0.0,0.0,0.0,5.055
BG,coldsnap,1,3.6,0.096,0.0,1.133,0.478,0.0,0.0,0.0,0.0,4.739
BG,coldsnap,2,3.6,0.096,0.0,1.133,0.478,0.0,0.0,0.0,0.0,4.59
BG,coldsnap,3,3.6,0.096,0.0,1.133,0.478,0.0,0.0,0.0,0.0,4.59
BG,coldsnap,4,3.6,0.096,0.0,1.133,0.478,0.0,0.0,0.0,0.0,4.89
BG,coldsnap,5,3.6,0.096,0.0,1.133,0.478,0.0,0.467,0.0,0.0,5.774
BG,coldsnap,6,3.6,0.096,0.0,1.133,0.478,1.022,1.0,0.0,0.0,7.329
BG,coldsnap,7,3.6,0.096,1.002,1.133,0.478,1.142,1.0,0.0,0.0,8.451
BG,coldsnap,8,3.6,0.096,1.935,1.133,0.478,0.699,1.0,0.0,0.0,8.942
BG,coldsnap,9,3.6,0.096,2.737,1.133,0.478,0.0,0.661,0.0,0.0,8.705
BG,coldsnap,10,3.6,0.096,3.352,1.133,0.478,0.0,0.0,0.0,0.0,8.043
BG,coldsnap,11,3.6,0.096,3.739,1.133,0.478,0.0,0.0,0.0,0.0,7.939
BG,coldsnap,12,3.6,0.096,3.87,1.133,0.478,0.0,0.0,0.0,0.0,7.696
BG,coldsnap,13,3.6,0.096,3.739,1.133,0.478,0.0,0.0,0.0,0.0,7.534
BG,coldsnap,14,3.6,0.096,3.352,1.133,0.478,0.0,0.0,0.0,0.0,7.473
BG,coldsnap,15,3.6,0.096,2.737,1.133,0.478,0.0,0.0,0.0,0.0,7.633
BG,coldsnap,16,3.6,0.096,1.935,1.133,0.478,0.0,0.848,0.0,0.0,8.09
BG,coldsnap,17,3.6,0.096,1.002,1.133,0.478,1.446,1.0,0.0,0.0,8.755
BG,coldsnap,18,3.6,0.096,0.0,1.133,0.478,2.847,1.0,0.0,0.0,9.154
BG,coldsnap,19,3.6,0.096,0.0,1.133,0.478,2.561,1.0,0.0,0.0,8.868
BG,coldsnap,20,3.6,0.096,0.0,1.133,0.478,1.783,1.0,0.0,0.0,8.09
BG,coldsnap,21,3.6,0.096,0.0,1.133,0.478,0.827,1.0,0.0,0.0,7.134
BG,coldsnap,22,3.6,0.096,0.0,1.133,0.478,0.0,0.956,0.0,0.0,6.263
BG,coldsnap,23,3.6,0.096,0.0,1.133,0.478,0.0,0.188,0.0,0.0,5.495
CH,average,0,0.0,0.48,0.0,0.661,2.72,2.817,0.996,0.0,0.0,7.674
CH,average,1,0.0,0.48,0.0,0.657,2.72,2.375,0.989,0.0,0.0,7.22
CH,average,2,0.0,0.48,0.0,0.68,2.72,2.138,0.982,0.0,0.0,7.0
CH,average,3,0.0,0.48,0.0,0.681,2.72,2.137,0.982,0.0,0.0,7.0
CH,average,4,0.0,0.48,0.0,0.673,2.72,2.572,0.996,0.0,0.0,7.441
CH,average,5,0.0,0.48,0.0,0.672,2.72,3.782,1.0,0.0,0.0,8.653
CH,average,6,0.0,0.48,0.0,0.667,2.72,5.331,1.0,0.0,0.001,10.2
CH,average,7,0.0,0.48,3.067,0.673,2.72,3.521,0.874,0.0,0.011,11.307
CH,average,8,0.0,0.48,5.924,0.675,2.72,2.488,0.576,0.0,0.009,11.883
CH,average,9,0.0,0.48,8.378,0.692,2.72,1.664,0.464,0.0,0.0,11.908
CH,average,10,0.0,0.48,10.261,0.678,2.72,1.149,0.377,0.0,0.0,11.826
CH,average,11,0.0,0.48,11.445,0.647,2.72,0.892,0.343,0.0,0.0,11.75
CH,average,12,0.0,0.48,11.849,0.64,2.72,0.719,0.31,0.0,0.0,11.412
CH,average,13,0.0,0.48,11.445,0.645,2.72,0.698,0.311,0.0,0.0,11.186
CH,average,14,0.0,0.48,10.261,0.628,2.72,0.865,0.349,0.0,0.0,11.088
CH,average,15,0.0,0.48,8.378,0.61,2.72,1.338,0.435,0.0,0.0,11.261
CH,average,16,0.0,0.48,5.924,0.615,2.72,2.413,0.584,0.0,0.0,11.807
CH,average,17,0.0,0.48,3.067,0.61,2.72,4.678,0.973,0.0,0.015,12.542
CH,average,18,0.0,0.48,0.0,0.624,2.72,7.98,1.0,0.004,0.166,12.974
CH,average,19,0.0,0.48,0.0,0.648,2.72,7.701,1.0,0.0,0.125,12.674
CH,average,20,0.0,0.48,0.0,0.65,2.72,6.929,1.0,0.0,0.028,11.807
CH,average,21,0.0,0.48,0.0,0.657,2.72,5.767,1.0,0.0,0.0,10.624
CH,average,22,0.0,0.48,0.0,0.652,2.72,4.585,1.0,0.0,0.0,9.436
CH,average,23,0.0,0.48,0.0,0.659,2.72,3.467,1.0,0.0,0.0,8.326
CH,winter,0,0.0,0.48,0.0,0.696,2.812,3.949,1.0,0.0,0.0,8.937
CH,winter,1,0.0,0.48,0.0,0.704,2.812,3.39,1.0,0.0,0.0,8.387
CH,winter,2,0.0,0.48,0.0,0.73,2.812,3.101,1.0,0.0,0.0,8.124
CH,winter,3,0.0,0.48,0.0,0.709,2.812,3.123,1.0,0.0,0.0,8.124
CH,winter,4,0.0,0.48,0.0,0.721,2.812,3.637,1.0,0.0,0.0,8.65
CH,winter,5,0.0,0.48,0.0,0.716,2.812,5.167,1.0,0.0,0.0,10.176
CH,winter,6,0.0,0.48,0.0,0.719,2.812,7.216,1.0,0.0,0.005,12.233
CH,winter,7,0.0,0.48,1.598,0.751,2.812,7.081,1.0,0.0,0.045,13.767
CH,winter,8,0.0,0.48,3.086,0.76,2.812,6.317,1.0,0.0,0.035,14.491
CH,winter,9,0.0,0.48,4.365,0.816,2.812,4.876,1.0,0.0,0.0,14.349
CH,winter,10,0.0,0.48,5.346,0.797,2.812,3.632,0.987,0.0,0.0,14.054
CH,winter,11,0.0,0.48,5.962,0.765,2.812,2.94,0.948,0.0,0.0,13.902
CH,winter,12,0.0,0.48,6.173,0.698,2.812,2.465,0.89,0.0,0.0,13.488
CH,winter,13,0.0,0.48,5.962,0.712,2.812,2.393,0.89,0.0,0.0,13.213
CH,winter,14,0.0,0.48,5.346,0.706,2.812,2.831,0.944,0.0,0.0,13.105
CH,winter,15,0.0,0.48,4.365,0.671,2.812,4.041,0.992,0.0,0.0,13.361
CH,winter,16,0.0,0.48,3.086,0.663,2.812,6.06,1.0,0.0,0.0,14.102
CH,winter,17,0.0,0.48,1.598,0.671,2.812,8.524,1.0,0.0,0.059,15.144
CH,winter,18,0.0,0.48,0.0,0.666,2.812,10.116,1.0,0.017,0.666,15.756
CH,winter,19,0.0,0.48,0.0,0.697,2.812,9.833,1.0,0.0,0.5,15.323
CH,winter,20,0.0,0.48,0.0,0.68,2.812,9.016,1.0,0.0,0.114,14.102
CH,winter,21,0.0,0.48,0.0,0.689,2.812,7.548,1.0,0.0,0.0,12.529
CH,winter,22,0.0,0.48,0.0,0.734,2.812,6.016,1.0,0.0,0.0,11.042
CH,winter,23,0.0,0.48,0.0,0.711,2.812,4.704,1.0,0.0,0.0,9.707
CH,coldsnap,0,0.0,0.48,0.0,0.284,2.74,5.348,1.0,0.0,0.0,9.853
CH,coldsnap,1,0.0,0.48,0.0,0.4,2.74,4.596,1.0,0.0,0.0,9.217
CH,coldsnap,2,0.0,0.48,0.0,0.198,2.74,4.5,1.0,0.0,0.0,8.919
CH,coldsnap,3,0.0,0.48,0.0,0.237,2.74,4.461,1.0,0.0,0.0,8.919
CH,coldsnap,4,0.0,0.48,0.0,0.227,2.74,5.068,1.0,0.0,0.0,9.516
CH,coldsnap,5,0.0,0.48,0.0,0.148,2.74,6.986,1.0,0.0,0.0,11.354
CH,coldsnap,6,0.0,0.48,0.0,0.218,2.74,10.2,1.0,0.0,0.198,14.836
CH,coldsnap,7,0.0,0.48,1.405,0.134,2.74,10.2,1.0,0.0,1.416,17.375
CH,coldsnap,8,0.0,0.48,2.714,0.156,2.74,10.2,1.0,0.0,1.128,18.419
CH,coldsnap,9,0.0,0.48,3.838,0.184,2.74,9.478,1.0,0.0,0.0,17.721
CH,coldsnap,10,0.0,0.48,4.701,0.161,2.74,6.885,1.0,0.0,0.0,15.967
CH,coldsnap,11,0.0,0.48,5.243,0.048,2.74,6.188,1.0,0.0,0.0,15.7
CH,coldsnap,12,0.0,0.48,5.428,0.134,2.74,5.423,1.0,0.0,0.0,15.205
CH,coldsnap,13,0.0,0.48,5.243,0.115,2.74,5.299,1.0,0.0,0.0,14.878
CH,coldsnap,14,0.0,0.48,4.701,0.11,2.74,5.733,1.0,0.0,0.0,14.765
CH,coldsnap,15,0.0,0.48,3.838,0.04,2.74,7.034,1.0,0.0,0.0,15.133
CH,coldsnap,16,0.0,0.48,2.714,0.07,2.74,9.13,1.0,0.0,0.0,16.134
CH,coldsnap,17,0.0,0.48,1.405,0.04,2.74,10.2,1.0,0.0,1.763,17.628
CH,coldsnap,18,0.0,0.48,0.0,0.04,2.74,10.2,1.0,0.628,3.436,18.524
CH,coldsnap,19,0.0,0.48,0.0,0.04,2.74,10.2,1.0,0.0,3.416,17.876
CH,coldsnap,20,0.0,0.48,0.0,0.04,2.74,10.2,1.0,0.0,1.674,16.134
CH,coldsnap,21,0.0,0.48,0.0,0.04,2.74,9.806,1.0,0.0,0.0,14.067
CH,coldsnap,22,0.0,0.48,0.0,0.04,2.74,8.0,1.0,0.0,0.0,12.261
CH,coldsnap,23,0.0,0.48,0.0,0.04,2.74,6.463,1.0,0.0,0.0,10.723
CY,average,0,0.0,0.024,0.0,0.277,0.0,0.0,0.349,0.0,0.0,0.629
CY,average,1,0.0,0.024,0.0,0.271,0.0,0.0,0.324,0.0,0.0,0.593
CY,average,2,0.0,0.024,0.0,0.276,0.0,0.0,0.305,0.0,0.0,0.575
CY,average,3,0.0,0.024,0.0,0.284,0.0,0.0,0.298,0.0,0.0,0.575
CY,average,4,0.0,0.024,0.0,0.294,0.0,0.0,0.317,0.0,0.0,0.611
CY,average,5,0.0,0.024,0.0,0.3,0.0,0.0,0.387,0.0,0.0,0.703
CY,average,6,0.0,0.024,0.0,0.293,0.0,0.0,0.501,0.0,0.0,0.817
CY,average,7,0.0,0.024,0.383,0.283,0.0,0.0,0.258,0.0,0.0,0.896
CY,average,8,0.0,0.024,0.741,0.288,0.0,0.0,0.094,0.0,0.0,0.941
CY,average,9,0.0,0.024,1.047,0.295,0.0,0.0,0.038,0.0,0.0,0.952
CY,average,10,0.0,0.024,1.283,0.292,0.0,0.0,0.012,0.0,0.0,0.954
CY,average,11,0.0,0.024,1.431,0.296,0.0,0.0,0.004,0.0,0.0,0.952
CY,average,12,0.0,0.024,1.481,0.29,0.0,0.0,0.001,0.0,0.0,0.925
CY,average,13,0.0,0.024,1.431,0.292,0.0,0.0,0.002,0.0,0.0,0.907
CY,average,14,0.0,0.024,1.283,0.282,0.0,0.0,0.009,0.0,0.0,0.898
CY,average,15,0.0,0.024,1.047,0.29,0.0,0.0,0.03,0.0,0.0,0.909
CY,average,16,0.0,0.024,0.741,0.282,0.0,0.0,0.105,0.0,0.0,0.948
CY,average,17,0.0,0.024,0.383,0.286,0.0,0.0,0.338,0.0,0.0,0.999
CY,average,18,0.0,0.024,0.0,0.286,0.0,0.0,0.719,0.0,0.0,1.029
CY,average,19,0.0,0.024,0.0,0.282,0.0,0.0,0.702,0.0,0.0,1.008
CY,average,20,0.0,0.024,0.0,0.278,0.0,0.0,0.647,0.0,0.0,0.948
CY,average,21,0.0,0.024,0.0,0.273,0.0,0.0,0.566,0.0,0.0,0.862
CY,average,22,0.0,0.024,0.0,0.271,0.0,0.0,0.479,0.0,0.0,0.771
CY,average,23,0.0,0.024,0.0,0.274,0.0,0.0,0.396,0.0,0.0,0.682
CY,winter,0,0.0,0.024,0.0,0.322,0.0,0.0,0.355,0.0,0.0,0.684
CY,winter,1,0.0,0.024,0.0,0.322,0.0,0.0,0.324,0.0,0.0,0.644
CY,winter,2,0.0,0.024,0.0,0.326,0.0,0.0,0.31,0.0,0.0,0.624
CY,winter,3,0.0,0.024,0.0,0.338,0.0,0.0,0.299,0.0,0.0,0.624
CY,winter,4,0.0,0.024,0.0,0.356,0.0,0.0,0.307,0.0,0.0,0.663
CY,winter,5,0.0,0.024,0.0,0.375,0.0,0.0,0.378,0.0,0.0,0.769
CY,winter,6,0.0,0.024,0.0,0.367,0.0,0.0,0.513,0.0,0.0,0.904
CY,winter,7,0.0,0.024,0.266,0.347,0.0,0.0,0.38,0.0,0.0,1.001
CY,winter,8,0.0,0.024,0.515,0.341,0.0,0.0,0.236,0.0,0.0,1.052
CY,winter,9,0.0,0.024,0.728,0.34,0.0,0.0,0.123,0.0,0.0,1.056
CY,winter,10,0.0,0.024,0.892,0.355,0.0,0.0,0.044,0.0,0.0,1.05
CY,winter,11,0.0,0.024,0.995,0.353,0.0,0.0,0.018,0.0,0.0,1.044
CY,winter,12,0.0,0.024,1.03,0.332,0.0,0.0,0.005,0.0,0.0,1.014
CY,winter,13,0.0,0.024,0.995,0.317,0.0,0.0,0.008,0.0,0.0,0.994
CY,winter,14,0.0,0.024,0.892,0.294,0.0,0.0,0.034,0.0,0.0,0.985
CY,winter,15,0.0,0.024,0.728,0.302,0.0,0.0,0.103,0.0,0.0,1.0
CY,winter,16,0.0,0.024,0.515,0.297,0.0,0.0,0.261,0.0,0.0,1.047
CY,winter,17,0.0,0.024,0.266,0.318,0.0,0.0,0.501,0.0,0.0,1.11
CY,winter,18,0.0,0.024,0.0,0.321,0.0,0.001,0.8,0.0,0.0,1.147
CY,winter,19,0.0,0.024,0.0,0.318,0.0,0.0,0.779,0.0,0.0,1.121
CY,winter,20,0.0,0.024,0.0,0.309,0.0,0.0,0.713,0.0,0.0,1.047
CY,winter,21,0.0,0.024,0.0,0.309,0.0,0.0,0.611,0.0,0.0,0.944
CY,winter,22,0.0,0.024,0.0,0.307,0.0,0.0,0.51,0.0,0.0,0.84
CY,winter,23,0.0,0.024,0.0,0.309,0.0,0.0,0.415,0.0,0.0,0.742
CY,coldsnap,0,0.0,0.024,0.0,0.165,0.0,0.0,0.549,0.0,0.0,0.738
CY,coldsnap,1,0.0,0.024,0.0,0.152,0.0,0.0,0.518,0.0,0.0,0.694
CY,coldsnap,2,0.0,0.024,0.0,0.121,0.0,0.0,0.527,0.0,0.0,0.672
CY,coldsnap,3,0.0,0.024,0.0,0.13,0.0,0.0,0.518,0.0,0.0,0.672
CY,coldsnap,4,0.0,0.024,0.0,0.114,0.0,0.0,0.577,0.0,0.0,0.715
CY,coldsnap,5,0.0,0.024,0.0,0.2,0.0,0.0,0.614,0.0,0.0,0.838
CY,coldsnap,6,0.0,0.024,0.0,0.2,0.0,0.0,0.815,0.0,0.0,1.039
CY,coldsnap,7,0.0,0.024,0.25,0.122,0.0,0.0,0.786,0.0,0.0,1.183
CY,coldsnap,8,0.0,0.024,0.484,0.151,0.0,0.0,0.59,0.0,0.0,1.249
CY,coldsnap,9,0.0,0.024,0.684,0.166,0.0,0.0,0.354,0.0,0.0,1.228
CY,coldsnap,10,0.0,0.024,0.838,0.105,0.0,0.0,0.192,0.0,0.0,1.158
CY,coldsnap,11,0.0,0.024,0.935,0.078,0.0,0.0,0.11,0.0,0.0,1.147
CY,coldsnap,12,0.0,0.024,0.968,0.131,0.0,0.0,0.0,0.0,0.0,1.112
CY,coldsnap,13,0.0,0.024,0.935,0.115,0.0,0.0,0.016,0.0,0.0,1.09
CY,coldsnap,14,0.0,0.024,0.838,0.043,0.0,0.0,0.175,0.0,0.0,1.08
CY,coldsnap,15,0.0,0.024,0.684,0.02,0.0,0.0,0.372,0.0,0.0,1.101
CY,coldsnap,16,0.0,0.024,0.484,0.02,0.0,0.0,0.633,0.0,0.0,1.161
CY,coldsnap,17,0.0,0.024,0.25,0.02,0.0,0.0,0.952,0.0,0.0,1.247
CY,coldsnap,18,0.0,0.024,0.0,0.02,0.0,0.054,1.2,0.0,0.0,1.298
CY,coldsnap,19,0.0,0.024,0.0,0.02,0.0,0.018,1.2,0.0,0.0,1.262
CY,coldsnap,20,0.0,0.024,0.0,0.069,0.0,0.0,1.067,0.0,0.0,1.161
CY,coldsnap,21,0.0,0.024,0.0,0.056,0.0,0.0,0.953,0.0,0.0,1.033
CY,coldsnap,22,0.0,0.024,0.0,0.077,0.0,0.0,0.81,0.0,0.0,0.912
CY,coldsnap,23,0.0,0.024,0.0,0.021,0.0,0.0,0.758,0.0,0.0,0.802
CZ,average,0,5.4,0.48,0.0,1.024,0.32,0.001,1.177,0.0,0.0,8.162
CZ,average,1,5.4,0.48,0.0,0.999,0.32,0.0,0.838,0.0,0.0,7.681
CZ,average,2,5.4,0.48,0.0,1.03,0.32,0.0,0.638,0.0,0.0,7.447
CZ,average,3,5.4,0.48,0.0,0.996,0.32,0.0,0.664,0.0,0.0,7.447
CZ,average,4,5.4,0.48,0.0,1.028,0.32,0.0,0.972,0.0,0.0,7.915
CZ,average,5,5.4,0.48,0.0,1.046,0.32,0.068,1.966,0.0,0.0,9.195
CZ,average,6,5.4,0.48,0.0,1.047,0.32,0.574,2.993,0.0,0.021,10.824
CZ,average,7,5.4,0.48,2.044,1.051,0.32,0.599,2.261,0.0,0.064,11.986
CZ,average,8,5.4,0.48,3.95,1.059,0.32,0.454,1.773,0.0,0.101,12.596
CZ,average,9,5.4,0.48,5.586,1.015,0.32,0.233,1.413,0.0,0.085,12.634
CZ,average,10,5.4,0.48,6.841,1.032,0.32,0.117,1.137,0.0,0.036,12.559
CZ,average,11,5.4,0.48,7.63,1.017,0.32,0.081,0.965,0.0,0.02,12.482
CZ,average,12,5.4,0.48,7.899,1.062,0.32,0.043,0.788,0.0,0.009,12.123
CZ,average,13,5.4,0.48,7.63,1.038,0.32,0.037,0.756,0.0,0.006,11.884
CZ,average,14,5.4,0.48,6.841,1.026,0.32,0.048,0.86,0.0,0.009,11.78
CZ,average,15,5.4,0.48,5.586,1.034,0.32,0.119,1.183,0.0,0.03,11.959
CZ,average,16,5.4,0.48,3.95,1.02,0.32,0.398,1.765,0.0,0.09,12.532
CZ,average,17,5.4,0.48,2.044,1.023,0.32,1.105,2.809,0.0,0.201,13.302
CZ,average,18,5.4,0.48,0.0,1.06,0.32,2.35,3.836,0.002,0.307,13.755
CZ,average,19,5.4,0.48,0.0,1.041,0.32,2.032,3.818,0.0,0.35,13.441
CZ,average,20,5.4,0.48,0.0,0.99,0.32,1.323,3.696,0.0,0.324,12.532
CZ,average,21,5.4,0.48,0.0,1.009,0.32,0.617,3.299,0.0,0.168,11.288
CZ,average,22,5.4,0.48,0.0,1.026,0.32,0.192,2.6,0.0,0.039,10.032
CZ,average,23,5.4,0.48,0.0,1.035,0.32,0.027,1.711,0.0,0.0,8.854
CZ,winter,0,5.4,0.48,0.0,1.071,0.331,0.005,2.199,0.0,0.0,9.478
CZ,winter,1,5.4,0.48,0.0,1.03,0.331,0.0,1.685,0.0,0.0,8.897
CZ,winter,2,5.4,0.48,0.0,1.183,0.331,0.0,1.294,0.0,0.0,8.619
CZ,winter,3,5.4,0.48,0.0,1.058,0.331,0.0,1.403,0.0,0.0,8.619
CZ,winter,4,5.4,0.48,0.0,1.079,0.331,0.0,1.905,0.0,0.0,9.175
CZ,winter,5,5.4,0.48,0.0,1.11,0.331,0.243,3.213,0.0,0.0,10.777
CZ,winter,6,5.4,0.48,0.0,1.084,0.331,1.614,3.935,0.0,0.082,12.925
CZ,winter,7,5.4,0.48,1.065,1.049,0.331,1.97,3.97,0.0,0.257,14.521
CZ,winter,8,5.4,0.48,2.058,1.052,0.331,1.619,3.94,0.0,0.404,15.283
CZ,winter,9,5.4,0.48,2.91,1.07,0.331,0.869,3.754,0.0,0.341,15.155
CZ,winter,10,5.4,0.48,3.564,1.055,0.331,0.452,3.439,0.0,0.145,14.866
CZ,winter,11,5.4,0.48,3.975,1.017,0.331,0.319,3.113,0.0,0.082,14.714
CZ,winter,12,5.4,0.48,4.115,1.073,0.331,0.171,2.687,0.0,0.036,14.277
CZ,winter,13,5.4,0.48,3.975,1.086,0.331,0.147,2.551,0.0,0.025,13.987
CZ,winter,14,5.4,0.48,3.564,1.043,0.331,0.193,2.827,0.0,0.037,13.872
CZ,winter,15,5.4,0.48,2.91,1.043,0.331,0.455,3.396,0.0,0.12,14.135
CZ,winter,16,5.4,0.48,2.058,0.986,0.331,1.379,3.912,0.0,0.361,14.907
CZ,winter,17,5.4,0.48,1.065,1.054,0.331,2.852,3.999,0.0,0.807,15.988
CZ,winter,18,5.4,0.48,0.0,1.17,0.331,4.001,4.0,0.009,1.232,16.623
CZ,winter,19,5.4,0.48,0.0,1.174,0.331,3.421,4.0,0.0,1.369,16.174
CZ,winter,20,5.4,0.48,0.0,1.111,0.331,2.306,4.0,0.0,1.279,14.907
CZ,winter,21,5.4,0.48,0.0,1.096,0.331,1.326,3.976,0.0,0.656,13.266
CZ,winter,22,5.4,0.48,0.0,1.129,0.331,0.543,3.663,0.0,0.157,11.702
CZ,winter,23,5.4,0.48,0.0,1.115,0.331,0.105,2.862,0.0,0.0,10.293
CZ,coldsnap,0,5.4,0.48,0.0,0.06,0.322,0.158,4.0,0.0,0.0,10.42
CZ,coldsnap,1,5.4,0.48,0.0,0.06,0.322,0.0,3.49,0.0,0.0,9.752
CZ,coldsnap,2,5.4,0.48,0.0,0.06,0.322,0.0,3.176,0.0,0.0,9.438
CZ,coldsnap,3,5.4,0.48,0.0,0.06,0.322,0.0,3.176,0.0,0.0,9.438
CZ,coldsnap,4,5.4,0.48,0.0,0.06,0.322,0.0,3.804,0.0,0.0,10.067
CZ,coldsnap,5,5.4,0.48,0.0,0.06,0.322,1.723,4.0,0.0,0.0,11.986
CZ,coldsnap,6,5.4,0.48,0.0,0.06,0.322,2.843,4.0,0.0,2.461,15.566
CZ,coldsnap,7,5.4,0.48,0.937,0.06,0.322,1.2,4.0,0.0,5.773,18.172
CZ,coldsnap,8,5.4,0.48,1.809,0.14,0.322,1.2,4.0,0.0,5.905,19.257
CZ,coldsnap,9,5.4,0.48,2.559,0.075,0.322,1.2,4.0,0.0,4.535,18.572
CZ,coldsnap,10,5.4,0.48,3.134,0.06,0.322,1.2,4.0,0.0,2.225,16.821
CZ,coldsnap,11,5.4,0.48,3.496,0.084,0.322,1.2,4.0,0.0,1.57,16.553
CZ,coldsnap,12,5.4,0.48,3.619,0.06,0.322,1.2,4.0,0.0,0.953,16.034
CZ,coldsnap,13,5.4,0.48,3.496,0.095,0.322,1.2,4.0,0.0,0.698,15.691
CZ,coldsnap,14,5.4,0.48,3.134,0.079,0.322,1.2,4.0,0.0,0.954,15.57
CZ,coldsnap,15,5.4,0.48,2.559,0.195,0.322,1.2,4.0,0.0,1.791,15.947
CZ,coldsnap,16,5.4,0.48,1.809,0.06,0.322,1.2,4.0,0.0,3.709,16.981
CZ,coldsnap,17,5.4,0.48,0.937,0.183,0.322,1.2,4.0,0.0,5.995,18.516
CZ,coldsnap,18,5.4,0.48,0.0,0.06,0.322,1.2,4.0,0.505,7.47,19.437
CZ,coldsnap,19,5.4,0.48,0.0,0.06,0.322,1.2,4.0,0.0,7.31,18.773
CZ,coldsnap,20,5.4,0.48,0.0,0.193,0.322,1.2,4.0,0.0,5.385,16.981
CZ,coldsnap,21,5.4,0.48,0.0,0.06,0.322,1.2,4.0,0.0,3.378,14.84
CZ,coldsnap,22,5.4,0.48,0.0,0.06,0.322,1.2,4.0,0.0,1.492,12.955
CZ,coldsnap,23,5.4,0.48,0.0,0.091,0.322,1.044,4.0,0.0,0.0,11.338
DE,average,0,0.0,4.32,0.0,90.872,0.96,2.34,16.981,0.0,0.477,63.415
DE,average,1,0.0,4.32,0.0,91.615,0.96,1.508,16.27,0.0,0.269,59.666
DE,average,2,0.0,4.32,0.0,89.247,0.96,1.171,15.502,0.0,0.201,57.845
DE,average,3,0.0,4.32,0.0,88.297,0.96,1.187,15.205,0.0,0.175,57.845
DE,average,4,0.0,4.32,0.0,91.73,0.96,2.044,15.963,0.0,0.255,61.488
DE,average,5,0.0,4.32,0.0,91.6,0.96,4.541,17.654,0.0,0.526,71.486
DE,average,6,0.0,4.32,0.0,91.661,0.96,8.455,19.247,0.0,0.976,84.226
DE,average,7,0.0,4.32,40.889,92.834,0.96,2.407,11.53,0.0,0.79,93.338
DE,average,8,0.0,4.32,78.991,91.708,0.96,1.127,6.343,0.0,0.545,98.091
DE,average,9,0.0,4.32,111.711,90.207,0.96,0.418,3.924,0.0,0.22,98.324
DE,average,10,0.0,4.32,136.817,89.612,0.96,0.133,2.734,0.0,0.027,97.679
DE,average,11,0.0,4.32,152.6,87.594,0.96,0.01,2.003,0.0,0.001,97.059
DE,average,12,0.0,4.32,157.983,88.494,0.96,0.0,1.222,0.0,0.0,94.265
DE,average,13,0.0,4.32,152.6,87.566,0.96,0.0,1.114,0.0,0.0,92.405
DE,average,14,0.0,4.32,136.817,85.221,0.96,0.018,1.734,0.0,0.0,91.595
DE,average,15,0.0,4.32,111.711,83.447,0.96,0.344,3.296,0.0,0.0,93.01
DE,average,16,0.0,4.32,78.991,84.694,0.96,1.475,6.143,0.0,0.027,97.502
DE,average,17,0.0,4.32,40.889,85.126,0.96,5.377,13.983,0.0,0.4,103.549
DE,average,18,0.0,4.32,0.0,88.79,0.96,17.305,22.891,0.029,0.974,107.107
DE,average,19,0.0,4.32,0.0,91.697,0.96,15.622,21.437,0.0,1.232,104.637
DE,average,20,0.0,4.32,0.0,90.928,0.96,13.614,21.594,0.0,1.201,97.502
DE,average,21,0.0,4.32,0.0,90.034,0.96,9.763,19.711,0.0,1.377,87.763
DE,average,22,0.0,4.32,0.0,90.709,0.96,6.551,18.536,0.0,1.178,77.966
DE,average,23,0.0,4.32,0.0,92.954,0.96,3.604,17.08,0.0,0.665,68.794
DE,winter,0,0.0,4.32,0.0,103.664,0.993,3.824,16.359,0.0,1.491,73.785
DE,winter,1,0.0,4.32,0.0,101.781,0.993,3.004,16.553,0.0,0.793,69.247
DE,winter,2,0.0,4.32,0.0,103.372,0.993,2.381,13.857,0.0,0.587,67.08
DE,winter,3,0.0,4.32,0.0,100.987,0.993,2.25,13.602,0.0,0.561,67.08
DE,winter,4,0.0,4.32,0.0,109.507,0.993,3.268,13.568,0.0,0.823,71.417
DE,winter,5,0.0,4.32,0.0,113.087,0.993,4.582,14.829,0.0,1.669,83.977
DE,winter,6,0.0,4.32,0.0,114.089,0.993,8.757,16.283,0.0,3.489,100.882
DE,winter,7,0.0,4.32,21.301,114.264,0.993,5.444,14.1,0.0,2.927,113.478
DE,winter,8,0.0,4.32,41.151,109.715,0.993,3.833,14.079,0.0,2.161,119.438
DE,winter,9,0.0,4.32,58.196,109.635,0.993,1.676,11.643,0.0,0.884,118.32
DE,winter,10,0.0,4.32,71.276,110.729,0.993,0.532,9.288,0.0,0.107,115.94
DE,winter,11,0.0,4.32,79.498,102.384,0.993,0.04,7.717,0.0,0.004,114.706
DE,winter,12,0.0,4.32,82.302,103.107,0.993,0.0,4.728,0.0,0.0,111.297
DE,winter,13,0.0,4.32,79.498,103.887,0.993,0.0,4.303,0.0,0.0,109.031
DE,winter,14,0.0,4.32,71.276,106.278,0.993,0.072,6.44,0.0,0.0,108.135
DE,winter,15,0.0,4.32,58.196,108.108,0.993,1.38,10.683,0.0,0.0,110.227
DE,winter,16,0.0,4.32,41.151,105.523,0.993,5.471,16.29,0.0,0.107,116.316
DE,winter,17,0.0,4.32,21.301,100.74,0.993,14.426,20.344,0.0,1.604,124.86
DE,winter,18,0.0,4.32,0.0,99.621,0.993,24.395,23.359,0.117,3.906,129.885
DE,winter,19,0.0,4.32,0.0,103.071,0.993,20.772,22.092,0.001,4.94,126.328
DE,winter,20,0.0,4.32,0.0,104.931,0.993,15.424,21.741,0.0,4.815,116.316
DE,winter,21,0.0,4.32,0.0,100.95,0.993,10.912,19.988,0.0,5.26,103.39
DE,winter,22,0.0,4.32,0.0,97.734,0.993,8.537,19.256,0.0,4.12,91.143
DE,winter,23,0.0,4.32,0.0,106.081,0.993,5.503,16.349,0.0,2.187,80.141
DE,coldsnap,0,0.0,4.32,0.0,5.533,0.961,3.6,45.0,0.0,21.886,81.301
DE,coldsnap,1,0.0,4.32,0.0,5.533,0.961,3.6,45.0,0.0,16.646,76.06
DE,coldsnap,2,0.0,4.32,0.0,5.533,0.961,3.6,45.0,0.0,14.19,73.605
DE,coldsnap,3,0.0,4.32,0.0,5.533,0.961,3.6,45.0,0.0,14.19,73.605
DE,coldsnap,4,0.0,4.32,0.0,5.533,0.961,3.6,45.0,0.0,19.11,78.525
DE,coldsnap,5,0.0,4.32,0.0,5.533,0.961,3.6,45.0,0.0,34.221,93.635
DE,coldsnap,6,0.0,4.32,0.0,5.533,0.961,3.6,45.0,0.0,62.706,122.121
DE,coldsnap,7,0.0,4.32,18.669,5.533,0.961,3.6,45.0,0.0,64.799,142.883
DE,coldsnap,8,0.0,4.32,36.067,5.533,0.961,3.6,45.0,0.0,55.972,151.453
DE,coldsnap,9,0.0,4.32,51.006,5.533,0.961,3.6,45.0,0.0,35.397,145.818
DE,coldsnap,10,0.0,4.32,62.469,5.533,0.961,3.6,45.0,0.0,9.712,131.596
DE,coldsnap,11,0.0,4.32,69.675,5.533,0.961,3.6,45.0,0.0,0.334,129.424
DE,coldsnap,12,0.0,4.32,72.133,9.771,0.961,0.0,38.169,0.0,0.0,125.354
DE,coldsnap,13,0.0,4.32,69.675,25.113,0.961,0.0,22.59,0.0,0.0,122.659
DE,coldsnap,14,0.0,4.32,62.469,33.02,0.961,0.0,20.95,0.0,0.0,121.721
DE,coldsnap,15,0.0,4.32,51.006,5.533,0.961,17.913,45.0,0.0,0.0,124.734
DE,coldsnap,16,0.0,4.32,36.067,15.933,0.961,30.652,45.0,0.0,0.0,132.933
DE,coldsnap,17,0.0,4.32,18.669,6.166,0.961,11.263,45.0,0.0,58.776,145.156
DE,coldsnap,18,0.0,4.32,0.0,5.533,0.961,3.6,45.0,5.376,87.694,152.485
DE,coldsnap,19,0.0,4.32,0.0,5.533,0.961,3.6,45.0,0.079,87.694,147.188
DE,coldsnap,20,0.0,4.32,0.0,5.533,0.961,3.6,45.0,0.0,73.519,132.933
DE,coldsnap,21,0.0,4.32,0.0,5.533,0.961,3.6,45.0,0.0,56.57,115.984
DE,coldsnap,22,0.0,4.32,0.0,5.533,0.961,3.6,45.0,0.0,41.725,101.14
DE,coldsnap,23,0.0,4.32,0.0,12.215,0.961,3.6,45.0,0.0,22.379,88.476
DK,average,0,0.0,1.44,0.0,10.823,0.0,0.33,0.361,0.0,0.304,4.667
DK,average,1,0.0,1.44,0.0,10.887,0.0,0.239,0.332,0.0,0.258,4.39
DK,average,2,0.0,1.44,0.0,11.226,0.0,0.208,0.334,0.0,0.238,4.255
DK,average,3,0.0,1.44,0.0,11.03,0.0,0.222,0.353,0.0,0.24,4.255
DK,average,4,0.0,1.44,0.0,10.788,0.0,0.274,0.345,0.0,0.261,4.524
DK,average,5,0.0,1.44,0.0,10.691,0.0,0.444,0.364,0.0,0.338,5.27
DK,average,6,0.0,1.44,0.0,10.8,0.0,0.642,0.41,0.0,0.519,6.224
DK,average,7,0.0,1.44,1.84,10.756,0.0,0.34,0.326,0.0,0.407,6.911
DK,average,8,0.0,1.44,3.555,10.629,0.0,0.268,0.233,0.0,0.299,7.264
DK,average,9,0.0,1.44,5.027,10.922,0.0,0.197,0.202,0.0,0.208,7.269
DK,average,10,0.0,1.44,6.157,11.158,0.0,0.107,0.133,0.0,0.134,7.209
DK,average,11,0.0,1.44,6.867,11.458,0.0,0.083,0.111,0.0,0.102,7.159
DK,average,12,0.0,1.44,7.109,11.486,0.0,0.083,0.114,0.0,0.077,6.952
DK,average,13,0.0,1.44,6.867,11.722,0.0,0.072,0.124,0.0,0.082,6.814
DK,average,14,0.0,1.44,6.157,11.312,0.0,0.092,0.133,0.0,0.103,6.755
DK,average,15,0.0,1.44,5.027,10.765,0.0,0.173,0.192,0.0,0.157,6.864
DK,average,16,0.0,1.44,3.555,10.741,0.0,0.37,0.25,0.0,0.236,7.202
DK,average,17,0.0,1.44,1.84,10.73,0.0,0.798,0.385,0.0,0.4,7.66
DK,average,18,0.0,1.44,0.0,10.552,0.0,1.362,0.452,0.002,0.605,7.929
DK,average,19,0.0,1.44,0.0,10.973,0.0,1.153,0.411,0.0,0.568,7.742
DK,average,20,0.0,1.44,0.0,11.16,0.0,0.929,0.386,0.0,0.546,7.202
DK,average,21,0.0,1.44,0.0,11.548,0.0,0.666,0.344,0.0,0.513,6.471
DK,average,22,0.0,1.44,0.0,11.381,0.0,0.455,0.339,0.0,0.443,5.742
DK,average,23,0.0,1.44,0.0,11.146,0.0,0.381,0.363,0.0,0.365,5.064
DK,winter,0,0.0,1.44,0.0,10.432,0.0,0.225,0.403,0.0,0.728,5.459
DK,winter,1,0.0,1.44,0.0,10.694,0.0,0.211,0.361,0.0,0.577,5.12
DK,winter,2,0.0,1.44,0.0,10.746,0.0,0.218,0.384,0.0,0.488,4.959
DK,winter,3,0.0,1.44,0.0,11.527,0.0,0.192,0.371,0.0,0.468,4.959
DK,winter,4,0.0,1.44,0.0,11.472,0.0,0.264,0.357,0.0,0.445,5.282
DK,winter,5,0.0,1.44,0.0,11.932,0.0,0.412,0.346,0.0,0.6,6.228
DK,winter,6,0.0,1.44,0.0,12.542,0.0,0.438,0.393,0.0,0.889,7.514
DK,winter,7,0.0,1.44,0.959,11.797,0.0,0.593,0.402,0.0,0.825,8.478
DK,winter,8,0.0,1.44,1.852,12.132,0.0,0.682,0.394,0.0,0.71,8.926
DK,winter,9,0.0,1.44,2.619,11.662,0.0,0.589,0.396,0.0,0.543,8.819
DK,winter,10,0.0,1.44,3.207,11.167,0.0,0.389,0.323,0.0,0.397,8.618
DK,winter,11,0.0,1.44,3.577,10.905,0.0,0.303,0.311,0.0,0.332,8.517
DK,winter,12,0.0,1.44,3.704,10.64,0.0,0.312,0.341,0.0,0.251,8.262
DK,winter,13,0.0,1.44,3.577,10.982,0.0,0.27,0.362,0.0,0.276,8.093
DK,winter,14,0.0,1.44,3.207,11.894,0.0,0.326,0.346,0.0,0.324,8.028
DK,winter,15,0.0,1.44,2.619,11.418,0.0,0.513,0.388,0.0,0.477,8.191
DK,winter,16,0.0,1.44,1.852,10.705,0.0,0.949,0.444,0.0,0.661,8.656
DK,winter,17,0.0,1.44,0.959,10.235,0.0,1.427,0.495,0.0,1.077,9.314
DK,winter,18,0.0,1.44,0.0,10.0,0.0,1.248,0.525,0.009,1.66,9.7
DK,winter,19,0.0,1.44,0.0,10.354,0.0,1.019,0.509,0.0,1.556,9.426
DK,winter,20,0.0,1.44,0.0,10.858,0.0,0.778,0.466,0.0,1.421,8.656
DK,winter,21,0.0,1.44,0.0,11.057,0.0,0.449,0.397,0.0,1.273,7.672
DK,winter,22,0.0,1.44,0.0,10.481,0.0,0.381,0.426,0.0,1.022,6.751
DK,winter,23,0.0,1.44,0.0,9.903,0.0,0.357,0.44,0.0,0.886,5.931
DK,coldsnap,0,0.0,1.44,0.0,0.76,0.0,0.0,1.0,0.0,2.847,6.047
DK,coldsnap,1,0.0,1.44,0.0,0.76,0.0,0.0,1.0,0.0,2.452,5.652
DK,coldsnap,2,0.0,1.44,0.0,0.76,0.0,0.0,1.0,0.0,2.268,5.468
DK,coldsnap,3,0.0,1.44,0.0,0.76,0.0,0.0,1.0,0.0,2.268,5.468
DK,coldsnap,4,0.0,1.44,0.0,0.76,0.0,0.0,1.0,0.0,2.637,5.837
DK,coldsnap,5,0.0,1.44,0.0,0.76,0.0,0.0,1.0,0.0,3.788,6.988
DK,coldsnap,6,0.0,1.44,0.0,0.76,0.0,0.0,1.0,0.0,6.012,9.212
DK,coldsnap,7,0.0,1.44,0.838,0.959,0.0,0.0,1.0,0.0,6.602,10.839
DK,coldsnap,8,0.0,1.44,1.618,1.265,0.0,0.0,1.0,0.0,6.174,11.497
DK,coldsnap,9,0.0,1.44,2.288,1.292,0.0,0.0,1.0,0.0,5.002,11.022
DK,coldsnap,10,0.0,1.44,2.803,1.244,0.0,0.0,1.0,0.0,3.37,9.856
DK,coldsnap,11,0.0,1.44,3.126,0.76,0.0,0.0,1.0,0.0,3.353,9.679
DK,coldsnap,12,0.0,1.44,3.236,1.064,0.0,0.0,1.0,0.0,2.632,9.371
DK,coldsnap,13,0.0,1.44,3.126,1.816,0.0,0.0,1.0,0.0,1.786,9.168
DK,coldsnap,14,0.0,1.44,2.803,0.76,0.0,0.0,1.0,0.0,3.097,9.099
DK,coldsnap,15,0.0,1.44,2.288,0.76,0.0,0.0,1.0,0.0,3.848,9.337
DK,coldsnap,16,0.0,1.44,1.618,0.76,0.0,0.0,1.0,0.0,5.155,9.973
DK,coldsnap,17,0.0,1.44,0.838,0.76,0.0,0.0,1.0,0.0,6.891,10.928
DK,coldsnap,18,0.0,1.44,0.0,0.76,0.0,0.0,1.0,0.418,7.884,11.501
DK,coldsnap,19,0.0,1.44,0.0,0.76,0.0,0.0,1.0,0.002,7.884,11.086
DK,coldsnap,20,0.0,1.44,0.0,0.76,0.0,0.0,1.0,0.0,6.773,9.973
DK,coldsnap,21,0.0,1.44,0.0,0.76,0.0,0.0,1.0,0.0,5.464,8.664
DK,coldsnap,22,0.0,1.44,0.0,0.76,0.0,0.0,1.0,0.0,4.335,7.535
DK,coldsnap,23,0.0,1.44,0.0,0.76,0.0,0.0,1.0,0.0,3.383,6.583
EE,average,0,0.27,0.192,0.0,1.653,0.002,0.049,0.074,0.0,0.06,1.063
EE,average,1,0.27,0.192,0.0,1.629,0.002,0.045,0.079,0.0,0.049,1.0
EE,average,2,0.27,0.192,0.0,1.559,0.002,0.048,0.078,0.0,0.038,0.969
EE,average,3,0.27,0.192,0.0,1.617,0.002,0.044,0.077,0.0,0.038,0.969
EE,average,4,0.27,0.192,0.0,1.714,0.002,0.05,0.072,0.0,0.046,1.03
EE,average,5,0.27,0.192,0.0,1.714,0.002,0.097,0.081,0.0,0.07,1.199
EE,average,6,0.27,0.192,0.0,1.71,0.002,0.154,0.09,0.0,0.112,1.415
EE,average,7,0.27,0.192,0.409,1.719,0.002,0.084,0.075,0.0,0.091,1.57
EE,average,8,0.27,0.192,0.79,1.696,0.002,0.055,0.05,0.0,0.072,1.65
EE,average,9,0.27,0.192,1.117,1.738,0.002,0.03,0.036,0.0,0.04,1.652
EE,average,10,0.27,0.192,1.368,1.713,0.002,0.017,0.026,0.0,0.029,1.64
EE,average,11,0.27,0.192,1.526,1.657,0.002,0.014,0.026,0.0,0.024,1.629
EE,average,12,0.27,0.192,1.58,1.653,0.002,0.011,0.023,0.0,0.018,1.582
EE,average,13,0.27,0.192,1.526,1.659,0.002,0.013,0.025,0.0,0.016,1.551
EE,average,14,0.27,0.192,1.368,1.642,0.002,0.018,0.028,0.0,0.02,1.537
EE,average,15,0.27,0.192,1.117,1.645,0.002,0.03,0.038,0.0,0.03,1.561
EE,average,16,0.27,0.192,0.79,1.633,0.002,0.062,0.051,0.0,0.051,1.638
EE,average,17,0.27,0.192,0.409,1.651,0.002,0.166,0.088,0.0,0.085,1.741
EE,average,18,0.27,0.192,0.0,1.666,0.002,0.299,0.101,0.0,0.144,1.802
EE,average,19,0.27,0.192,0.0,1.627,0.002,0.29,0.101,0.0,0.149,1.759
EE,average,20,0.27,0.192,0.0,1.699,0.002,0.216,0.096,0.0,0.15,1.638
EE,average,21,0.27,0.192,0.0,1.746,0.002,0.145,0.088,0.0,0.13,1.473
EE,average,22,0.27,0.192,0.0,1.717,0.002,0.085,0.08,0.0,0.112,1.307
EE,average,23,0.27,0.192,0.0,1.687,0.002,0.062,0.077,0.0,0.084,1.153
EE,winter,0,0.27,0.192,0.0,1.556,0.002,0.064,0.074,0.0,0.087,1.228
EE,winter,1,0.27,0.192,0.0,1.545,0.002,0.057,0.075,0.0,0.06,1.153
EE,winter,2,0.27,0.192,0.0,1.417,0.002,0.088,0.088,0.0,0.048,1.117
EE,winter,3,0.27,0.192,0.0,1.572,0.002,0.068,0.074,0.0,0.059,1.117
EE,winter,4,0.27,0.192,0.0,1.72,0.002,0.044,0.061,0.0,0.063,1.189
EE,winter,5,0.27,0.192,0.0,1.722,0.002,0.131,0.083,0.0,0.088,1.398
EE,winter,6,0.27,0.192,0.0,1.861,0.002,0.199,0.092,0.0,0.145,1.678
EE,winter,7,0.27,0.192,0.213,1.843,0.002,0.199,0.099,0.0,0.182,1.888
EE,winter,8,0.27,0.192,0.412,1.898,0.002,0.141,0.087,0.0,0.183,1.987
EE,winter,9,0.27,0.192,0.582,1.948,0.002,0.095,0.082,0.0,0.118,1.968
EE,winter,10,0.27,0.192,0.713,1.925,0.002,0.053,0.068,0.0,0.095,1.929
EE,winter,11,0.27,0.192,0.795,1.796,0.002,0.048,0.07,0.0,0.084,1.909
EE,winter,12,0.27,0.192,0.823,1.769,0.002,0.038,0.066,0.0,0.063,1.852
EE,winter,13,0.27,0.192,0.795,1.733,0.002,0.05,0.074,0.0,0.058,1.815
EE,winter,14,0.27,0.192,0.713,1.648,0.002,0.065,0.08,0.0,0.071,1.8
EE,winter,15,0.27,0.192,0.582,1.573,0.002,0.09,0.095,0.0,0.1,1.834
EE,winter,16,0.27,0.192,0.412,1.545,0.002,0.139,0.1,0.0,0.157,1.935
EE,winter,17,0.27,0.192,0.213,1.581,0.002,0.249,0.113,0.0,0.254,2.077
EE,winter,18,0.27,0.192,0.0,1.554,0.002,0.246,0.119,0.001,0.377,2.161
EE,winter,19,0.27,0.192,0.0,1.488,0.002,0.252,0.118,0.001,0.368,2.102
EE,winter,20,0.27,0.192,0.0,1.489,0.002,0.136,0.11,0.0,0.366,1.935
EE,winter,21,0.27,0.192,0.0,1.643,0.002,0.071,0.092,0.0,0.281,1.721
EE,winter,22,0.27,0.192,0.0,1.593,0.002,0.054,0.088,0.0,0.205,1.517
EE,winter,23,0.27,0.192,0.0,1.696,0.002,0.048,0.077,0.0,0.132,1.334
EE,coldsnap,0,0.27,0.192,0.0,0.06,0.001,0.006,0.2,0.0,0.532,1.261
EE,coldsnap,1,0.27,0.192,0.0,0.06,0.001,0.006,0.2,0.0,0.455,1.184
EE,coldsnap,2,0.27,0.192,0.0,0.06,0.001,0.006,0.2,0.0,0.418,1.147
EE,coldsnap,3,0.27,0.192,0.0,0.06,0.001,0.006,0.2,0.0,0.418,1.147
EE,coldsnap,4,0.27,0.192,0.0,0.06,0.001,0.006,0.2,0.0,0.492,1.221
EE,coldsnap,5,0.27,0.192,0.0,0.06,0.001,0.006,0.2,0.0,0.703,1.432
EE,coldsnap,6,0.27,0.192,0.0,0.06,0.001,0.006,0.2,0.0,0.977,1.706
EE,coldsnap,7,0.27,0.192,0.21,0.06,0.001,0.006,0.2,0.0,0.971,1.909
EE,coldsnap,8,0.27,0.192,0.405,0.06,0.001,0.006,0.2,0.0,0.874,2.008
EE,coldsnap,9,0.27,0.192,0.573,0.06,0.001,0.006,0.2,0.0,0.695,1.997
EE,coldsnap,10,0.27,0.192,0.701,0.06,0.001,0.006,0.2,0.0,0.542,1.972
EE,coldsnap,11,0.27,0.192,0.782,0.06,0.001,0.006,0.2,0.0,0.442,1.953
EE,coldsnap,12,0.27,0.192,0.81,0.06,0.001,0.006,0.2,0.0,0.356,1.896
EE,coldsnap,13,0.27,0.192,0.782,0.06,0.001,0.006,0.2,0.0,0.346,1.857
EE,coldsnap,14,0.27,0.192,0.701,0.06,0.001,0.006,0.2,0.0,0.411,1.842
EE,coldsnap,15,0.27,0.192,0.573,0.06,0.001,0.006,0.2,0.0,0.574,1.876
EE,coldsnap,16,0.27,0.192,0.405,0.06,0.001,0.006,0.2,0.0,0.842,1.977
EE,coldsnap,17,0.27,0.192,0.21,0.06,0.001,0.006,0.2,0.0,1.178,2.117
EE,coldsnap,18,0.27,0.192,0.0,0.06,0.001,0.006,0.2,0.0,1.469,2.199
EE,coldsnap,19,0.27,0.192,0.0,0.06,0.001,0.006,0.2,0.0,1.411,2.141
EE,coldsnap,20,0.27,0.192,0.0,0.06,0.001,0.006,0.2,0.0,1.247,1.977
EE,coldsnap,21,0.27,0.192,0.0,0.06,0.001,0.006,0.2,0.0,1.033,1.762
EE,coldsnap,22,0.27,0.192,0.0,0.06,0.001,0.006,0.2,0.0,0.827,1.556
EE,coldsnap,23,0.27,0.192,0.0,0.06,0.001,0.006,0.2,0.0,0.64,1.369
EL,average,0,0.0,0.144,0.0,6.326,0.64,0.231,1.973,0.0,0.0,6.709
EL,average,1,0.0,0.144,0.0,6.441,0.64,0.11,1.848,0.0,0.0,6.319
EL,average,2,0.0,0.144,0.0,6.428,0.64,0.079,1.834,0.0,0.0,6.128
EL,average,3,0.0,0.144,0.0,6.405,0.64,0.086,1.859,0.0,0.0,6.128
EL,average,4,0.0,0.144,0.0,6.521,0.64,0.153,1.949,0.0,0.0,6.51
EL,average,5,0.0,0.144,0.0,6.342,0.64,0.517,2.302,0.0,0.0,7.532
EL,average,6,0.0,0.144,0.0,6.188,0.64,0.988,2.57,0.0,0.0,8.815
EL,average,7,0.0,0.144,3.833,6.121,0.64,0.326,1.82,0.0,0.0,9.716
EL,average,8,0.0,0.144,7.405,6.216,0.64,0.063,0.882,0.0,0.0,10.207
EL,average,9,0.0,0.144,10.473,6.236,0.64,0.001,0.426,0.0,0.0,10.279
EL,average,10,0.0,0.144,12.827,6.178,0.64,0.0,0.143,0.0,0.0,10.254
EL,average,11,0.0,0.144,14.306,6.222,0.64,0.0,0.042,0.0,0.0,10.207
EL,average,12,0.0,0.144,14.811,6.095,0.64,0.0,0.019,0.0,0.0,9.917
EL,average,13,0.0,0.144,14.306,6.075,0.64,0.0,0.035,0.0,0.0,9.723
EL,average,14,0.0,0.144,12.827,6.055,0.64,0.0,0.083,0.0,0.0,9.635
EL,average,15,0.0,0.144,10.473,6.296,0.64,0.0,0.298,0.0,0.0,9.769
EL,average,16,0.0,0.144,7.405,6.324,0.64,0.038,0.783,0.0,0.0,10.214
EL,average,17,0.0,0.144,3.833,6.318,0.64,0.488,2.04,0.0,0.0,10.802
EL,average,18,0.0,0.144,0.0,6.404,0.64,1.994,3.045,0.0,0.0,11.149
EL,average,19,0.0,0.144,0.0,6.155,0.64,1.924,3.056,0.0,0.0,10.91
EL,average,20,0.0,0.144,0.0,6.235,0.64,1.531,2.907,0.0,0.0,10.214
EL,average,21,0.0,0.144,0.0,6.189,0.64,1.122,2.701,0.0,0.0,9.24
EL,average,22,0.0,0.144,0.0,6.199,0.64,0.702,2.433,0.0,0.0,8.234
EL,average,23,0.0,0.144,0.0,6.473,0.64,0.381,2.117,0.0,0.0,7.275
EL,winter,0,0.0,0.144,0.0,5.425,0.662,0.452,2.377,0.0,0.0,7.449
EL,winter,1,0.0,0.144,0.0,5.692,0.662,0.286,2.219,0.0,0.0,6.999
EL,winter,2,0.0,0.144,0.0,5.65,0.662,0.218,2.311,0.0,0.0,6.782
EL,winter,3,0.0,0.144,0.0,5.884,0.662,0.234,2.281,0.0,0.0,6.782
EL,winter,4,0.0,0.144,0.0,6.44,0.662,0.338,2.189,0.0,0.0,7.216
EL,winter,5,0.0,0.144,0.0,6.002,0.662,0.88,2.735,0.0,0.0,8.444
EL,winter,6,0.0,0.144,0.0,6.084,0.662,1.535,3.035,0.0,0.0,10.074
EL,winter,7,0.0,0.144,2.665,6.029,0.662,1.029,2.735,0.0,0.0,11.266
EL,winter,8,0.0,0.144,5.148,6.221,0.662,0.248,2.196,0.0,0.0,11.851
EL,winter,9,0.0,0.144,7.28,6.028,0.662,0.003,1.434,0.0,0.0,11.794
EL,winter,10,0.0,0.144,8.916,5.829,0.662,0.0,0.523,0.0,0.0,11.607
EL,winter,11,0.0,0.144,9.945,5.894,0.662,0.0,0.159,0.0,0.0,11.505
EL,winter,12,0.0,0.144,10.296,5.849,0.662,0.0,0.075,0.0,0.0,11.167
EL,winter,13,0.0,0.144,9.945,5.334,0.662,0.0,0.139,0.0,0.0,10.943
EL,winter,14,0.0,0.144,8.916,5.321,0.662,0.0,0.309,0.0,0.0,10.85
EL,winter,15,0.0,0.144,7.28,5.913,0.662,0.0,0.994,0.0,0.0,11.042
EL,winter,16,0.0,0.144,5.148,6.288,0.662,0.147,2.031,0.0,0.0,11.62
EL,winter,17,0.0,0.144,2.665,6.332,0.662,1.232,2.75,0.0,0.0,12.418
EL,winter,18,0.0,0.144,0.0,6.539,0.662,2.624,3.445,0.0,0.0,12.887
EL,winter,19,0.0,0.144,0.0,6.421,0.662,2.419,3.381,0.0,0.0,12.557
EL,winter,20,0.0,0.144,0.0,6.115,0.662,1.981,3.29,0.0,0.0,11.62
EL,winter,21,0.0,0.144,0.0,5.425,0.662,1.593,3.171,0.0,0.0,10.384
EL,winter,22,0.0,0.144,0.0,5.501,0.662,0.882,2.812,0.0,0.0,9.184
EL,winter,23,0.0,0.144,0.0,5.87,0.662,0.6,2.305,0.0,0.0,8.087
EL,coldsnap,0,0.0,0.144,0.0,0.38,0.637,2.073,5.0,0.0,0.0,8.234
EL,coldsnap,1,0.0,0.144,0.0,0.555,0.637,1.373,5.0,0.0,0.0,7.708
EL,coldsnap,2,0.0,0.144,0.0,0.576,0.637,1.104,5.0,0.0,0.0,7.461
EL,coldsnap,3,0.0,0.144,0.0,0.909,0.637,0.771,5.0,0.0,0.0,7.461
EL,coldsnap,4,0.0,0.144,0.0,1.015,0.637,1.16,5.0,0.0,0.0,7.957
EL,coldsnap,5,0.0,0.144,0.0,1.858,0.637,1.823,5.0,0.0,0.0,9.462
EL,coldsnap,6,0.0,0.144,0.0,2.165,0.637,4.304,5.0,0.0,0.0,12.25
EL,coldsnap,7,0.0,0.144,2.504,1.989,0.637,4.003,5.0,0.0,0.0,14.277
EL,coldsnap,8,0.0,0.144,4.838,2.627,0.637,1.88,5.0,0.0,0.0,15.126
EL,coldsnap,9,0.0,0.144,6.842,3.305,0.637,0.0,3.678,0.0,0.0,14.606
EL,coldsnap,10,0.0,0.144,8.38,2.104,0.637,0.0,2.001,0.0,0.0,13.266
EL,coldsnap,11,0.0,0.144,9.346,2.958,0.637,0.0,0.0,0.0,0.0,13.06
EL,coldsnap,12,0.0,0.144,9.676,1.922,0.637,0.0,0.273,0.0,0.0,12.652
EL,coldsnap,13,0.0,0.144,9.346,0.462,0.637,0.0,1.793,0.0,0.0,12.382
EL,coldsnap,14,0.0,0.144,8.38,1.32,0.637,0.0,1.805,0.0,0.0,12.286
EL,coldsnap,15,0.0,0.144,6.842,0.445,0.637,0.0,4.51,0.0,0.0,12.579
EL,coldsnap,16,0.0,0.144,4.838,0.822,0.637,1.944,5.0,0.0,0.0,13.385
EL,coldsnap,17,0.0,0.144,2.504,1.995,0.637,4.3,5.0,0.0,0.0,14.58
EL,coldsnap,18,0.0,0.144,0.0,3.179,0.637,6.337,5.0,0.0,0.0,15.297
EL,coldsnap,19,0.0,0.144,0.0,2.351,0.637,6.648,5.0,0.0,0.0,14.78
EL,coldsnap,20,0.0,0.144,0.0,0.906,0.637,6.698,5.0,0.0,0.0,13.385
EL,coldsnap,21,0.0,0.144,0.0,1.468,0.637,4.464,5.0,0.0,0.0,11.713
EL,coldsnap,22,0.0,0.144,0.0,3.201,0.637,1.25,5.0,0.0,0.0,10.232
EL,coldsnap,23,0.0,0.144,0.0,3.646,0.637,0.0,4.531,0.0,0.0,8.958
ES,average,0,0.0,0.96,0.0,38.246,2.72,2.144,6.961,0.0,0.0,30.774
ES,average,1,0.0,0.96,0.0,36.885,2.72,1.696,6.8,0.0,0.0,29.02
ES,average,2,0.0,0.96,0.0,35.862,2.72,1.531,7.175,0.0,0.0,28.154
ES,average,3,0.0,0.96,0.0,36.046,2.72,1.495,6.66,0.0,0.0,28.154
ES,average,4,0.0,0.96,0.0,34.876,2.72,1.982,7.061,0.0,0.0,29.887
ES,average,5,0.0,0.96,0.0,34.849,2.72,3.717,7.857,0.0,0.0,34.393
ES,average,6,0.0,0.96,0.0,36.133,2.72,5.661,8.502,0.0,0.0,39.947
ES,average,7,0.0,0.96,20.445,35.871,2.72,1.109,5.094,0.0,0.0,43.766
ES,average,8,0.0,0.96,39.496,35.493,2.72,0.152,1.676,0.0,0.0,45.969
ES,average,9,0.0,0.96,55.855,35.608,2.72,0.0,0.444,0.0,0.0,46.527
ES,average,10,0.0,0.96,68.409,35.15,2.72,0.0,0.086,0.0,0.0,46.651
ES,average,11,0.0,0.96,76.3,35.795,2.72,0.0,0.0,0.0,0.0,46.531
ES,average,12,0.0,0.96,78.991,36.205,2.72,0.0,0.0,0.0,0.0,45.22
ES,average,13,0.0,0.96,76.3,36.398,2.72,0.0,0.0,0.0,0.0,44.347
ES,average,14,0.0,0.96,68.409,35.942,2.72,0.0,0.011,0.0,0.0,43.933
ES,average,15,0.0,0.96,55.855,36.215,2.72,0.0,0.408,0.0,0.0,44.464
ES,average,16,0.0,0.96,39.496,35.185,2.72,0.142,2.128,0.0,0.0,46.36
ES,average,17,0.0,0.96,20.445,34.949,2.72,2.059,6.78,0.0,0.0,48.812
ES,average,18,0.0,0.96,0.0,34.796,2.72,11.08,10.689,0.0,0.0,50.268
ES,average,19,0.0,0.96,0.0,35.743,2.72,10.018,10.031,0.0,0.0,49.278
ES,average,20,0.0,0.96,0.0,36.328,2.72,8.522,9.783,0.0,0.0,46.36
ES,average,21,0.0,0.96,0.0,36.806,2.72,6.538,9.177,0.0,0.0,42.165
ES,average,22,0.0,0.96,0.0,37.607,2.72,4.451,8.131,0.0,0.0,37.7
ES,average,23,0.0,0.96,0.0,37.214,2.72,3.277,7.633,0.0,0.0,33.356
ES,winter,0,0.0,0.96,0.0,44.705,2.812,2.022,5.677,0.0,0.0,33.404
ES,winter,1,0.0,0.96,0.0,43.802,2.812,1.852,5.525,0.0,0.0,31.453
ES,winter,2,0.0,0.96,0.0,42.299,2.812,1.8,6.135,0.0,0.0,30.5
ES,winter,3,0.0,0.96,0.0,41.116,2.812,1.752,5.869,0.0,0.0,30.5
ES,winter,4,0.0,0.96,0.0,40.674,2.812,1.966,6.135,0.0,0.0,32.407
ES,winter,5,0.0,0.96,0.0,39.102,2.812,3.943,7.159,0.0,0.0,37.545
ES,winter,6,0.0,0.96,0.0,39.932,2.812,6.415,7.606,0.0,0.0,44.111
ES,winter,7,0.0,0.96,14.212,42.426,2.812,2.916,6.53,0.0,0.0,48.761
ES,winter,8,0.0,0.96,27.456,42.31,2.812,0.607,4.477,0.0,0.0,51.256
ES,winter,9,0.0,0.96,38.828,42.97,2.812,0.0,1.591,0.0,0.0,51.504
ES,winter,10,0.0,0.96,47.554,42.46,2.812,0.0,0.346,0.0,0.0,51.22
ES,winter,11,0.0,0.96,53.04,43.593,2.812,0.0,0.0,0.0,0.0,50.956
ES,winter,12,0.0,0.96,54.911,43.18,2.812,0.0,0.0,0.0,0.0,49.495
ES,winter,13,0.0,0.96,53.04,42.446,2.812,0.0,0.0,0.0,0.0,48.522
ES,winter,14,0.0,0.96,47.554,41.066,2.812,0.0,0.045,0.0,0.0,48.086
ES,winter,15,0.0,0.96,38.828,40.205,2.812,0.0,1.458,0.0,0.0,48.778
ES,winter,16,0.0,0.96,27.456,37.106,2.812,0.557,5.945,0.0,0.0,51.056
ES,winter,17,0.0,0.96,14.212,38.018,2.812,5.108,8.108,0.0,0.0,54.098
ES,winter,18,0.0,0.96,0.0,39.343,2.812,12.687,10.167,0.0,0.0,55.898
ES,winter,19,0.0,0.96,0.0,41.651,2.812,10.28,9.385,0.0,0.0,54.654
ES,winter,20,0.0,0.96,0.0,42.467,2.812,8.895,8.869,0.0,0.0,51.056
ES,winter,21,0.0,0.96,0.0,43.391,2.812,6.385,8.35,0.0,0.0,46.095
ES,winter,22,0.0,0.96,0.0,43.738,2.812,4.438,7.405,0.0,0.0,41.029
ES,winter,23,0.0,0.96,0.0,42.29,2.812,3.299,6.394,0.0,0.0,36.23
ES,coldsnap,0,0.0,0.96,0.0,22.0,2.708,0.0,10.342,0.0,0.0,36.01
ES,coldsnap,1,0.0,0.96,0.0,22.0,2.708,0.0,8.165,0.0,0.0,33.833
ES,coldsnap,2,0.0,0.96,0.0,22.0,2.708,0.0,7.117,0.0,0.0,32.784
ES,coldsnap,3,0.0,0.96,0.0,22.0,2.708,0.0,7.117,0.0,0.0,32.784
ES,coldsnap,4,0.0,0.96,0.0,22.0,2.708,0.0,9.216,0.0,0.0,34.883
ES,coldsnap,5,0.0,0.96,0.0,22.0,2.708,0.0,15.149,0.0,0.0,40.817
ES,coldsnap,6,0.0,0.96,0.0,22.0,2.708,6.795,18.0,0.0,0.0,50.463
ES,coldsnap,7,0.0,0.96,13.357,22.0,2.708,0.302,18.0,0.0,0.0,57.326
ES,coldsnap,8,0.0,0.96,25.803,22.0,2.708,0.0,9.07,0.0,0.0,60.541
ES,coldsnap,9,0.0,0.96,36.491,22.0,2.708,0.0,0.0,0.0,0.0,59.615
ES,coldsnap,10,0.0,0.96,44.692,22.0,2.708,0.0,0.0,0.0,0.0,56.368
ES,coldsnap,11,0.0,0.96,49.848,22.0,2.708,0.0,0.0,0.0,0.0,55.839
ES,coldsnap,12,0.0,0.96,51.606,22.0,2.708,0.0,0.0,0.0,0.0,54.171
ES,coldsnap,13,0.0,0.96,49.848,22.0,2.708,0.0,0.0,0.0,0.0,53.065
ES,coldsnap,14,0.0,0.96,44.692,22.0,2.708,0.0,0.0,0.0,0.0,52.611
ES,coldsnap,15,0.0,0.96,36.491,22.0,2.708,0.0,0.0,0.0,0.0,53.571
ES,coldsnap,16,0.0,0.96,25.803,22.0,2.708,0.0,5.0,0.0,0.0,56.47
ES,coldsnap,17,0.0,0.96,13.357,22.0,2.708,3.552,18.0,0.0,0.0,60.576
ES,coldsnap,18,0.0,0.96,0.0,22.0,2.708,19.371,18.0,0.0,0.0,63.038
ES,coldsnap,19,0.0,0.96,0.0,22.0,2.708,17.629,18.0,0.0,0.0,61.296
ES,coldsnap,20,0.0,0.96,0.0,17.266,2.708,17.537,18.0,0.0,0.0,56.47
ES,coldsnap,21,0.0,0.96,0.0,13.351,2.708,15.295,18.0,0.0,0.0,50.313
ES,coldsnap,22,0.0,0.96,0.0,3.56,2.708,19.217,18.0,0.0,0.0,44.445
ES,coldsnap,23,0.0,0.96,0.0,2.2,2.708,15.241,18.0,0.0,0.0,39.108
FI,average,0,3.6,1.92,0.0,8.606,0.48,0.764,0.429,0.0,0.375,10.611
FI,average,1,3.6,1.92,0.0,8.631,0.48,0.648,0.403,0.0,0.244,9.993
FI,average,2,3.6,1.92,0.0,8.692,0.48,0.59,0.382,0.0,0.166,9.691
FI,average,3,3.6,1.92,0.0,8.619,0.48,0.636,0.382,0.0,0.164,9.691
FI,average,4,3.6,1.92,0.0,8.829,0.48,0.661,0.371,0.0,0.205,10.296
FI,average,5,3.6,1.92,0.0,8.733,0.48,1.031,0.442,0.0,0.516,11.921
FI,average,6,3.6,1.92,0.0,8.819,0.48,1.526,0.49,0.0,1.021,13.965
FI,average,7,3.6,1.92,0.613,8.888,0.48,1.592,0.531,0.0,1.258,15.406
FI,average,8,3.6,1.92,1.185,8.82,0.48,1.684,0.544,0.0,1.365,16.187
FI,average,9,3.6,1.92,1.676,8.932,0.48,1.534,0.526,0.0,1.381,16.288
FI,average,10,3.6,1.92,2.052,8.978,0.48,1.304,0.51,0.0,1.401,16.243
FI,average,11,3.6,1.92,2.289,9.118,0.48,1.275,0.491,0.0,1.189,16.164
FI,average,12,3.6,1.92,2.37,8.976,0.48,1.134,0.487,0.0,1.153,15.702
FI,average,13,3.6,1.92,2.289,9.094,0.48,1.026,0.483,0.0,1.12,15.395
FI,average,14,3.6,1.92,2.052,9.043,0.48,1.213,0.472,0.0,1.157,15.257
FI,average,15,3.6,1.92,1.676,9.147,0.48,1.286,0.496,0.0,1.282,15.472
FI,average,16,3.6,1.92,1.185,8.9,0.48,1.533,0.553,0.0,1.682,16.185
FI,average,17,3.6,1.92,0.613,8.625,0.48,1.947,0.61,0.0,2.246,17.131
FI,average,18,3.6,1.92,0.0,8.939,0.48,2.069,0.64,0.004,2.711,17.69
FI,average,19,3.6,1.92,0.0,8.701,0.48,1.894,0.632,0.0,2.787,17.305
FI,average,20,3.6,1.92,0.0,8.661,0.48,1.61,0.595,0.0,2.297,16.185
FI,average,21,3.6,1.92,0.0,8.603,0.48,1.357,0.55,0.0,1.757,14.628
FI,average,22,3.6,1.92,0.0,8.78,0.48,1.0,0.482,0.0,1.163,13.028
FI,average,23,3.6,1.92,0.0,8.675,0.48,0.797,0.425,0.0,0.662,11.508
FI,winter,0,3.6,1.92,0.0,9.07,0.496,0.838,0.447,0.0,0.723,12.111
FI,winter,1,3.6,1.92,0.0,8.612,0.496,0.879,0.472,0.0,0.485,11.387
FI,winter,2,3.6,1.92,0.0,8.914,0.496,0.815,0.393,0.0,0.362,11.037
FI,winter,3,3.6,1.92,0.0,9.068,0.496,0.902,0.401,0.0,0.367,11.037
FI,winter,4,3.6,1.92,0.0,9.25,0.496,0.839,0.404,0.0,0.453,11.738
FI,winter,5,3.6,1.92,0.0,8.982,0.496,1.101,0.479,0.0,0.972,13.692
FI,winter,6,3.6,1.92,0.0,8.931,0.496,1.913,0.574,0.0,1.849,16.253
FI,winter,7,3.6,1.92,0.32,8.929,0.496,1.949,0.635,0.0,2.623,18.117
FI,winter,8,3.6,1.92,0.617,8.951,0.496,2.081,0.649,0.0,2.695,19.057
FI,winter,9,3.6,1.92,0.873,8.886,0.496,2.07,0.585,0.0,2.712,19.02
FI,winter,10,3.6,1.92,1.069,7.817,0.496,1.968,0.652,0.0,2.957,18.787
FI,winter,11,3.6,1.92,1.192,8.475,0.496,1.829,0.628,0.0,2.393,18.642
FI,winter,12,3.6,1.92,1.235,8.658,0.496,1.474,0.578,0.0,2.555,18.098
FI,winter,13,3.6,1.92,1.192,9.038,0.496,1.336,0.587,0.0,2.451,17.736
FI,winter,14,3.6,1.92,1.069,9.42,0.496,1.362,0.512,0.0,2.375,17.583
FI,winter,15,3.6,1.92,0.873,9.367,0.496,1.436,0.59,0.0,2.428,17.877
FI,winter,16,3.6,1.92,0.617,8.647,0.496,1.761,0.651,0.0,3.233,18.784
FI,winter,17,3.6,1.92,0.32,8.342,0.496,2.039,0.68,0.0,4.023,20.028
FI,winter,18,3.6,1.92,0.0,8.783,0.496,2.228,0.708,0.017,4.727,20.763
FI,winter,19,3.6,1.92,0.0,8.16,0.496,2.17,0.753,0.0,4.661,20.249
FI,winter,20,3.6,1.92,0.0,8.104,0.496,1.957,0.701,0.0,3.722,18.784
FI,winter,21,3.6,1.92,0.0,8.792,0.496,1.429,0.583,0.0,2.825,16.834
FI,winter,22,3.6,1.92,0.0,9.215,0.496,1.001,0.515,0.0,1.877,14.916
FI,winter,23,3.6,1.92,0.0,9.27,0.496,0.894,0.475,0.0,1.132,13.145
FI,coldsnap,0,3.6,1.92,0.0,3.144,0.481,1.8,1.0,0.0,1.208,13.153
FI,coldsnap,1,3.6,1.92,0.0,0.791,0.481,1.8,1.0,0.0,2.746,12.338
FI,coldsnap,2,3.6,1.92,0.0,0.897,0.481,1.8,1.0,0.0,2.252,11.949
FI,coldsnap,3,3.6,1.92,0.0,1.417,0.481,1.8,1.0,0.0,1.731,11.949
FI,coldsnap,4,3.6,1.92,0.0,0.573,0.481,1.8,1.0,0.0,3.353,12.727
FI,coldsnap,5,3.6,1.92,0.0,0.573,0.481,1.8,1.0,0.0,5.628,15.002
FI,coldsnap,6,3.6,1.92,0.0,0.573,0.481,1.8,1.0,0.0,9.573,18.947
FI,coldsnap,7,3.6,1.92,0.28,0.573,0.481,1.8,1.0,0.0,12.131,21.786
FI,coldsnap,8,3.6,1.92,0.541,0.965,0.481,1.8,1.0,0.0,12.735,23.042
FI,coldsnap,9,3.6,1.92,0.765,2.075,0.481,1.8,1.0,0.0,10.841,22.481
FI,coldsnap,10,3.6,1.92,0.937,1.283,0.481,1.8,1.0,0.0,9.841,20.862
FI,coldsnap,11,3.6,1.92,1.045,1.965,0.481,1.8,1.0,0.0,8.796,20.607
FI,coldsnap,12,3.6,1.92,1.082,0.573,0.481,1.8,1.0,0.0,9.523,19.979
FI,coldsnap,13,3.6,1.92,1.045,0.573,0.481,1.8,1.0,0.0,9.143,19.562
FI,coldsnap,14,3.6,1.92,0.937,0.573,0.481,1.8,1.0,0.0,9.091,19.402
FI,coldsnap,15,3.6,1.92,0.765,0.573,0.481,1.8,1.0,0.0,9.667,19.806
FI,coldsnap,16,3.6,1.92,0.541,1.014,0.481,1.8,1.0,0.0,10.613,20.969
FI,coldsnap,17,3.6,1.92,0.28,1.946,0.481,1.8,1.0,0.0,11.627,22.654
FI,coldsnap,18,3.6,1.92,0.0,0.92,0.481,1.8,1.0,0.376,13.569,23.665
FI,coldsnap,19,3.6,1.92,0.0,0.573,0.481,1.8,1.0,0.0,13.569,22.943
FI,coldsnap,20,3.6,1.92,0.0,0.573,0.481,1.8,1.0,0.0,11.595,20.969
FI,coldsnap,21,3.6,1.92,0.0,0.573,0.481,1.8,1.0,0.0,9.154,18.528
FI,coldsnap,22,3.6,1.92,0.0,0.573,0.481,1.8,1.0,0.0,6.91,16.284
FI,coldsnap,23,3.6,1.92,0.0,0.573,0.481,1.8,1.0,0.0,4.922,14.296
FR,average,0,54.0,1.44,0.0,31.079,4.32,0.096,0.455,0.0,0.0,57.874
FR,average,1,54.0,1.44,0.0,32.132,4.32,0.0,0.213,0.0,0.0,54.49
FR,average,2,54.0,1.44,0.0,33.073,4.32,0.0,0.107,0.0,0.0,52.838
FR,average,3,54.0,1.44,0.0,33.421,4.32,0.0,0.053,0.0,0.0,52.838
FR,average,4,54.0,1.44,0.0,33.128,4.32,0.03,0.293,0.0,0.0,56.143
FR,average,5,54.0,1.44,0.0,33.968,4.32,0.78,0.927,0.0,0.0,65.071
FR,average,6,54.0,1.44,0.0,33.682,4.32,3.206,1.874,0.0,0.041,76.339
FR,average,7,54.0,1.44,9.2,34.683,4.32,3.165,1.526,0.0,0.284,84.313
FR,average,8,54.0,1.44,17.773,34.183,4.32,2.958,1.351,0.0,0.328,88.593
FR,average,9,54.0,1.44,25.135,33.665,4.32,2.206,1.034,0.0,0.278,89.059
FR,average,10,54.0,1.44,30.784,33.035,4.32,1.713,0.958,0.0,0.153,88.722
FR,average,11,54.0,1.44,34.335,32.793,4.32,1.3,0.851,0.0,0.112,88.259
FR,average,12,54.0,1.44,35.546,33.158,4.32,0.906,0.767,0.0,0.084,85.734
FR,average,13,54.0,1.44,34.335,32.688,4.32,0.896,0.658,0.0,0.032,84.053
FR,average,14,54.0,1.44,30.784,32.918,4.32,0.966,0.797,0.0,0.037,83.302
FR,average,15,54.0,1.44,25.135,32.681,4.32,1.55,1.011,0.0,0.139,84.505
FR,average,16,54.0,1.44,17.773,34.116,4.32,2.584,1.357,0.0,0.295,88.445
FR,average,17,54.0,1.44,9.2,33.921,4.32,5.921,2.355,0.0,0.78,93.691
FR,average,18,54.0,1.44,0.0,34.302,4.32,10.325,3.147,0.011,1.66,96.787
FR,average,19,54.0,1.44,0.0,33.106,4.32,9.447,3.231,0.002,1.466,94.65
FR,average,20,54.0,1.44,0.0,32.689,4.32,7.075,2.93,0.0,1.098,88.445
FR,average,21,54.0,1.44,0.0,31.795,4.32,4.089,2.454,0.0,0.43,79.856
FR,average,22,54.0,1.44,0.0,31.13,4.32,1.953,1.574,0.0,0.056,71.079
FR,average,23,54.0,1.44,0.0,31.314,4.32,0.513,0.863,0.0,0.0,62.768
FR,winter,0,54.0,1.44,0.0,33.134,4.466,0.368,1.238,0.0,0.0,66.734
FR,winter,1,54.0,1.44,0.0,33.469,4.466,0.0,0.715,0.0,0.0,62.698
FR,winter,2,54.0,1.44,0.0,35.895,4.466,0.0,0.414,0.0,0.0,60.757
FR,winter,3,54.0,1.44,0.0,37.028,4.466,0.0,0.185,0.0,0.0,60.757
FR,winter,4,54.0,1.44,0.0,36.507,4.466,0.121,0.906,0.0,0.0,64.643
FR,winter,5,54.0,1.44,0.0,37.059,4.466,2.274,2.041,0.0,0.0,75.639
FR,winter,6,54.0,1.44,0.0,36.901,4.466,7.17,2.474,0.0,0.163,90.204
FR,winter,7,54.0,1.44,4.793,38.513,4.466,7.782,2.901,0.0,1.139,100.905
FR,winter,8,54.0,1.44,9.259,38.102,4.466,8.19,2.805,0.0,1.317,106.164
FR,winter,9,54.0,1.44,13.094,36.309,4.466,6.706,2.668,0.0,1.114,105.651
FR,winter,10,54.0,1.44,16.037,34.251,4.466,5.684,2.598,0.0,0.614,104.033
FR,winter,11,54.0,1.44,17.887,34.974,4.466,4.551,2.501,0.0,0.449,103.111
FR,winter,12,54.0,1.44,18.518,35.272,4.466,3.351,2.417,0.0,0.339,100.08
FR,winter,13,54.0,1.44,17.887,36.198,4.466,3.186,2.055,0.0,0.129,98.065
FR,winter,14,54.0,1.44,16.037,37.295,4.466,3.434,2.23,0.0,0.147,97.235
FR,winter,15,54.0,1.44,13.094,35.141,4.466,5.099,2.465,0.0,0.557,98.959
FR,winter,16,54.0,1.44,9.259,38.53,4.466,6.767,2.766,0.0,1.182,104.153
FR,winter,17,54.0,1.44,4.793,38.592,4.466,11.597,3.235,0.0,3.127,111.343
FR,winter,18,54.0,1.44,0.0,37.529,4.466,14.323,3.541,0.044,5.941,115.581
FR,winter,19,54.0,1.44,0.0,36.937,4.466,12.854,3.685,0.009,5.273,112.602
FR,winter,20,54.0,1.44,0.0,35.493,4.466,10.459,3.497,0.0,3.962,104.153
FR,winter,21,54.0,1.44,0.0,34.068,4.466,7.318,2.851,0.0,1.623,93.045
FR,winter,22,54.0,1.44,0.0,32.067,4.466,4.782,2.589,0.0,0.225,82.282
FR,winter,23,54.0,1.44,0.0,34.589,4.466,1.558,1.859,0.0,0.0,72.45
FR,coldsnap,0,54.0,1.44,0.0,15.125,4.3,0.0,0.0,0.0,0.0,72.915
FR,coldsnap,1,54.0,1.44,0.0,18.149,4.3,0.0,0.0,0.0,0.0,68.324
FR,coldsnap,2,54.0,1.44,0.0,14.44,4.3,0.0,0.0,0.0,0.0,66.151
FR,coldsnap,3,54.0,1.44,0.0,10.787,4.3,0.0,0.0,0.0,0.0,66.151
FR,coldsnap,4,54.0,1.44,0.0,1.993,4.3,2.769,6.0,0.0,0.0,70.503
FR,coldsnap,5,54.0,1.44,0.0,1.993,4.3,15.75,6.0,0.0,0.0,83.484
FR,coldsnap,6,54.0,1.44,0.0,1.993,4.3,36.2,6.0,0.0,2.863,106.797
FR,coldsnap,7,54.0,1.44,4.188,1.993,4.3,36.2,6.0,0.0,15.542,123.663
FR,coldsnap,8,54.0,1.44,8.09,1.993,4.3,36.2,6.0,0.0,18.888,130.912
FR,coldsnap,9,54.0,1.44,11.442,1.993,4.3,36.2,6.0,0.0,11.663,127.039
FR,coldsnap,10,54.0,1.44,14.013,1.993,4.3,16.2,6.0,0.0,18.633,116.58
FR,coldsnap,11,54.0,1.44,15.63,2.208,4.3,16.2,6.0,0.0,15.18,114.957
FR,coldsnap,12,54.0,1.44,16.181,2.84,4.3,16.2,6.0,0.0,10.448,111.409
FR,coldsnap,13,54.0,1.44,15.63,15.447,4.3,12.24,6.0,0.0,0.0,109.057
FR,coldsnap,14,54.0,1.44,14.013,12.519,4.3,15.915,6.0,0.0,0.0,108.187
FR,coldsnap,15,54.0,1.44,11.442,8.337,4.3,16.2,6.0,0.0,8.888,110.608
FR,coldsnap,16,54.0,1.44,8.09,5.833,4.3,16.2,6.0,0.0,21.547,117.411
FR,coldsnap,17,54.0,1.44,4.188,13.428,4.3,16.2,6.0,0.0,27.833,127.389
FR,coldsnap,18,54.0,1.44,0.0,11.153,4.3,16.2,6.0,3.12,37.159,133.372
FR,coldsnap,19,54.0,1.44,0.0,9.134,4.3,16.2,6.0,0.842,37.159,129.076
FR,coldsnap,20,54.0,1.44,0.0,13.243,4.3,16.2,6.0,0.0,22.228,117.411
FR,coldsnap,21,54.0,1.44,0.0,16.791,4.3,16.2,6.0,0.0,4.494,103.225
FR,coldsnap,22,54.0,1.44,0.0,14.919,4.3,9.784,6.0,0.0,0.0,90.443
FR,coldsnap,23,54.0,1.44,0.0,8.913,4.3,4.636,6.0,0.0,0.0,79.29
HR,average,0,0.0,0.096,0.0,1.785,0.4,0.249,0.474,0.0,0.0,2.299
HR,average,1,0.0,0.096,0.0,1.803,0.4,0.196,0.453,0.0,0.0,2.166
HR,average,2,0.0,0.096,0.0,1.82,0.4,0.173,0.439,0.0,0.0,2.101
HR,average,3,0.0,0.096,0.0,1.886,0.4,0.168,0.424,0.0,0.0,2.101
HR,average,4,0.0,0.096,0.0,1.888,0.4,0.223,0.456,0.0,0.0,2.232
HR,average,5,0.0,0.096,0.0,1.825,0.4,0.376,0.511,0.0,0.0,2.577
HR,average,6,0.0,0.096,0.0,1.84,0.4,0.576,0.567,0.0,0.0,3.008
HR,average,7,0.0,0.096,1.022,1.904,0.4,0.243,0.44,0.0,0.0,3.309
HR,average,8,0.0,0.096,1.975,1.906,0.4,0.107,0.244,0.0,0.0,3.477
HR,average,9,0.0,0.096,2.793,1.931,0.4,0.033,0.137,0.0,0.0,3.507
HR,average,10,0.0,0.096,3.42,1.844,0.4,0.006,0.09,0.0,0.0,3.505
HR,average,11,0.0,0.096,3.815,1.793,0.4,0.0,0.051,0.0,0.0,3.491
HR,average,12,0.0,0.096,3.95,1.774,0.4,0.0,0.038,0.0,0.0,3.392
HR,average,13,0.0,0.096,3.815,1.741,0.4,0.0,0.038,0.0,0.0,3.326
HR,average,14,0.0,0.096,3.42,1.75,0.4,0.0,0.07,0.0,0.0,3.296
HR,average,15,0.0,0.096,2.793,1.718,0.4,0.018,0.129,0.0,0.0,3.34
HR,average,16,0.0,0.096,1.975,1.795,0.4,0.09,0.232,0.0,0.0,3.489
HR,average,17,0.0,0.096,1.022,1.776,0.4,0.402,0.527,0.0,0.0,3.685
HR,average,18,0.0,0.096,0.0,1.809,0.4,1.026,0.678,0.0,0.002,3.8
HR,average,19,0.0,0.096,0.0,1.752,0.4,0.97,0.708,0.002,0.006,3.721
HR,average,20,0.0,0.096,0.0,1.804,0.4,0.808,0.642,0.0,0.006,3.489
HR,average,21,0.0,0.096,0.0,1.801,0.4,0.646,0.596,0.0,0.004,3.161
HR,average,22,0.0,0.096,0.0,1.824,0.4,0.471,0.545,0.0,0.001,2.82
HR,average,23,0.0,0.096,0.0,1.792,0.4,0.345,0.497,0.0,0.0,2.493
HR,winter,0,0.0,0.096,0.0,1.976,0.414,0.257,0.465,0.0,0.0,2.509
HR,winter,1,0.0,0.096,0.0,1.961,0.414,0.22,0.434,0.0,0.0,2.36
HR,winter,2,0.0,0.096,0.0,1.993,0.414,0.203,0.419,0.0,0.0,2.287
HR,winter,3,0.0,0.096,0.0,2.028,0.414,0.191,0.403,0.0,0.0,2.287
HR,winter,4,0.0,0.096,0.0,2.112,0.414,0.23,0.407,0.0,0.0,2.432
HR,winter,5,0.0,0.096,0.0,1.993,0.414,0.386,0.546,0.0,0.0,2.831
HR,winter,6,0.0,0.096,0.0,2.033,0.414,0.658,0.565,0.0,0.0,3.351
HR,winter,7,0.0,0.096,0.711,2.172,0.414,0.468,0.487,0.0,0.0,3.727
HR,winter,8,0.0,0.096,1.373,2.179,0.414,0.309,0.443,0.0,0.0,3.919
HR,winter,9,0.0,0.096,1.941,2.18,0.414,0.109,0.334,0.0,0.0,3.919
HR,winter,10,0.0,0.096,2.378,2.179,0.414,0.023,0.243,0.0,0.0,3.879
HR,winter,11,0.0,0.096,2.652,2.058,0.414,0.0,0.159,0.0,0.0,3.852
HR,winter,12,0.0,0.096,2.746,2.158,0.414,0.0,0.121,0.0,0.0,3.74
HR,winter,13,0.0,0.096,2.652,2.112,0.414,0.0,0.123,0.0,0.0,3.665
HR,winter,14,0.0,0.096,2.378,1.96,0.414,0.001,0.23,0.0,0.0,3.633
HR,winter,15,0.0,0.096,1.941,1.97,0.414,0.06,0.351,0.0,0.0,3.692
HR,winter,16,0.0,0.096,1.373,2.261,0.414,0.233,0.389,0.0,0.0,3.875
HR,winter,17,0.0,0.096,0.711,2.278,0.414,0.632,0.504,0.0,0.0,4.125
HR,winter,18,0.0,0.096,0.0,2.199,0.414,1.133,0.626,0.0,0.009,4.272
HR,winter,19,0.0,0.096,0.0,2.103,0.414,1.046,0.681,0.003,0.009,4.169
HR,winter,20,0.0,0.096,0.0,2.15,0.414,0.847,0.614,0.0,0.007,3.875
HR,winter,21,0.0,0.096,0.0,2.091,0.414,0.71,0.534,0.0,0.004,3.48
HR,winter,22,0.0,0.096,0.0,2.109,0.414,0.491,0.499,0.0,0.0,3.087
HR,winter,23,0.0,0.096,0.0,1.996,0.414,0.354,0.462,0.0,0.0,2.722
HR,coldsnap,0,0.0,0.096,0.0,0.113,0.401,1.092,1.0,0.0,0.0,2.702
HR,coldsnap,1,0.0,0.096,0.0,0.113,0.401,0.926,1.0,0.0,0.0,2.536
HR,coldsnap,2,0.0,0.096,0.0,0.113,0.401,0.846,1.0,0.0,0.0,2.456
HR,coldsnap,3,0.0,0.096,0.0,0.113,0.401,0.846,1.0,0.0,0.0,2.456
HR,coldsnap,4,0.0,0.096,0.0,0.113,0.401,1.005,1.0,0.0,0.0,2.615
HR,coldsnap,5,0.0,0.096,0.0,0.113,0.401,1.465,1.0,0.0,0.0,3.075
HR,coldsnap,6,0.0,0.096,0.0,0.113,0.401,2.244,1.0,0.0,0.0,3.854
HR,coldsnap,7,0.0,0.096,0.669,0.113,0.401,2.134,1.0,0.0,0.0,4.412
HR,coldsnap,8,0.0,0.096,1.292,0.113,0.401,1.762,1.0,0.0,0.0,4.664
HR,coldsnap,9,0.0,0.096,1.827,0.113,0.401,1.128,1.0,0.0,0.0,4.565
HR,coldsnap,10,0.0,0.096,2.238,0.179,0.401,0.351,1.0,0.0,0.0,4.265
HR,coldsnap,11,0.0,0.096,2.496,0.446,0.401,0.0,0.779,0.0,0.0,4.217
HR,coldsnap,12,0.0,0.096,2.584,0.113,0.401,0.0,0.896,0.0,0.0,4.089
HR,coldsnap,13,0.0,0.096,2.496,0.113,0.401,0.0,0.899,0.0,0.0,4.005
HR,coldsnap,14,0.0,0.096,2.238,0.187,0.401,0.05,1.0,0.0,0.0,3.971
HR,coldsnap,15,0.0,0.096,1.827,0.113,0.401,0.613,1.0,0.0,0.0,4.05
HR,coldsnap,16,0.0,0.096,1.292,0.113,0.401,1.38,1.0,0.0,0.0,4.282
HR,coldsnap,17,0.0,0.096,0.669,0.488,0.401,1.961,1.0,0.0,0.0,4.614
HR,coldsnap,18,0.0,0.096,0.0,0.544,0.401,1.984,1.0,0.0,0.789,4.813
HR,coldsnap,19,0.0,0.096,0.0,0.599,0.401,1.5,1.0,0.287,0.789,4.672
HR,coldsnap,20,0.0,0.096,0.0,0.623,0.401,1.5,1.0,0.0,0.662,4.282
HR,coldsnap,21,0.0,0.096,0.0,0.763,0.401,1.5,1.0,0.0,0.035,3.794
HR,coldsnap,22,0.0,0.096,0.0,0.824,0.401,1.02,1.0,0.0,0.0,3.341
HR,coldsnap,23,0.0,0.096,0.0,0.929,0.401,0.51,1.0,0.0,0.0,2.936
HU,average,0,3.6,0.48,0.0,0.659,0.016,0.0,1.087,0.0,0.0,5.77
HU,average,1,3.6,0.48,0.0,0.655,0.016,0.0,0.814,0.0,0.0,5.43
HU,average,2,3.6,0.48,0.0,0.656,0.016,0.0,0.681,0.0,0.0,5.265
HU,average,3,3.6,0.48,0.0,0.651,0.016,0.0,0.666,0.0,0.0,5.265
HU,average,4,3.6,0.48,0.0,0.644,0.016,0.0,0.941,0.0,0.0,5.596
HU,average,5,3.6,0.48,0.0,0.631,0.016,0.001,1.787,0.0,0.0,6.496
HU,average,6,3.6,0.48,0.0,0.638,0.016,0.159,2.746,0.0,0.0,7.639
HU,average,7,3.6,0.48,1.84,0.642,0.016,0.177,1.861,0.0,0.001,8.451
HU,average,8,3.6,0.48,3.555,0.661,0.016,0.105,1.366,0.0,0.023,8.881
HU,average,9,3.6,0.48,5.027,0.658,0.016,0.032,0.983,0.0,0.019,8.914
HU,average,10,3.6,0.48,6.157,0.666,0.016,0.002,0.712,0.0,0.005,8.867
HU,average,11,3.6,0.48,6.867,0.676,0.016,0.001,0.559,0.0,0.001,8.816
HU,average,12,3.6,0.48,7.109,0.67,0.016,0.0,0.426,0.0,0.0,8.563
HU,average,13,3.6,0.48,6.867,0.662,0.016,0.0,0.402,0.0,0.0,8.394
HU,average,14,3.6,0.48,6.157,0.67,0.016,0.0,0.484,0.0,0.0,8.32
HU,average,15,3.6,0.48,5.027,0.656,0.016,0.006,0.756,0.0,0.0,8.445
HU,average,16,3.6,0.48,3.555,0.674,0.016,0.074,1.314,0.0,0.011,8.846
HU,average,17,3.6,0.48,1.84,0.688,0.016,0.392,2.382,0.0,0.031,9.383
HU,average,18,3.6,0.48,0.0,0.681,0.016,1.133,3.743,0.002,0.045,9.7
HU,average,19,3.6,0.48,0.0,0.682,0.016,0.961,3.675,0.0,0.067,9.481
HU,average,20,3.6,0.48,0.0,0.671,0.016,0.573,3.452,0.0,0.053,8.846
HU,average,21,3.6,0.48,0.0,0.672,0.016,0.195,2.981,0.0,0.03,7.974
HU,average,22,3.6,0.48,0.0,0.68,0.016,0.022,2.289,0.0,0.009,7.09
HU,average,23,3.6,0.48,0.0,0.66,0.016,0.0,1.534,0.0,0.0,6.259
HU,winter,0,3.6,0.48,0.0,0.706,0.017,0.0,1.882,0.0,0.0,6.685
HU,winter,1,3.6,0.48,0.0,0.7,0.017,0.0,1.487,0.0,0.0,6.277
HU,winter,2,3.6,0.48,0.0,0.732,0.017,0.0,1.267,0.0,0.0,6.082
HU,winter,3,3.6,0.48,0.0,0.738,0.017,0.0,1.262,0.0,0.0,6.082
HU,winter,4,3.6,0.48,0.0,0.707,0.017,0.0,1.671,0.0,0.0,6.473
HU,winter,5,3.6,0.48,0.0,0.674,0.017,0.005,2.818,0.0,0.0,7.594
HU,winter,6,3.6,0.48,0.0,0.693,0.017,0.549,3.753,0.0,0.0,9.091
HU,winter,7,3.6,0.48,0.959,0.719,0.017,0.68,3.742,0.0,0.004,10.2
HU,winter,8,3.6,0.48,1.852,0.742,0.017,0.42,3.531,0.0,0.091,10.733
HU,winter,9,3.6,0.48,2.619,0.701,0.017,0.13,3.034,0.0,0.075,10.656
HU,winter,10,3.6,0.48,3.207,0.72,0.017,0.009,2.413,0.0,0.02,10.465
HU,winter,11,3.6,0.48,3.577,0.724,0.017,0.004,1.98,0.0,0.003,10.363
HU,winter,12,3.6,0.48,3.704,0.751,0.017,0.0,1.554,0.0,0.0,10.056
HU,winter,13,3.6,0.48,3.577,0.799,0.017,0.0,1.436,0.0,0.0,9.852
HU,winter,14,3.6,0.48,3.207,0.819,0.017,0.0,1.678,0.0,0.0,9.77
HU,winter,15,3.6,0.48,2.619,0.812,0.017,0.024,2.408,0.0,0.0,9.952
HU,winter,16,3.6,0.48,1.852,0.816,0.017,0.293,3.39,0.0,0.042,10.489
HU,winter,17,3.6,0.48,0.959,0.861,0.017,1.264,3.935,0.0,0.123,11.238
HU,winter,18,3.6,0.48,0.0,0.829,0.017,2.562,4.0,0.01,0.181,11.678
HU,winter,19,3.6,0.48,0.0,0.803,0.017,2.199,4.0,0.0,0.269,11.367
HU,winter,20,3.6,0.48,0.0,0.779,0.017,1.422,3.978,0.0,0.213,10.489
HU,winter,21,3.6,0.48,0.0,0.745,0.017,0.59,3.794,0.0,0.119,9.345
HU,winter,22,3.6,0.48,0.0,0.77,0.017,0.085,3.263,0.0,0.035,8.25
HU,winter,23,3.6,0.48,0.0,0.715,0.017,0.0,2.448,0.0,0.0,7.259
HU,coldsnap,0,3.6,0.48,0.0,0.159,0.016,0.0,3.077,0.0,0.0,7.332
HU,coldsnap,1,3.6,0.48,0.0,0.132,0.016,0.0,2.636,0.0,0.0,6.865
HU,coldsnap,2,3.6,0.48,0.0,0.04,0.016,0.0,2.508,0.0,0.0,6.644
HU,coldsnap,3,3.6,0.48,0.0,0.112,0.016,0.0,2.436,0.0,0.0,6.644
HU,coldsnap,4,3.6,0.48,0.0,0.04,0.016,0.0,2.949,0.0,0.0,7.085
HU,coldsnap,5,3.6,0.48,0.0,0.04,0.016,0.285,4.0,0.0,0.0,8.421
HU,coldsnap,6,3.6,0.48,0.0,0.04,0.016,2.75,4.0,0.0,0.0,10.886
HU,coldsnap,7,3.6,0.48,0.846,0.04,0.016,3.292,4.0,0.0,0.402,12.677
HU,coldsnap,8,3.6,0.48,1.635,0.04,0.016,0.06,4.0,0.0,3.598,13.429
HU,coldsnap,9,3.6,0.48,2.312,0.04,0.016,0.06,4.0,0.0,2.468,12.976
HU,coldsnap,10,3.6,0.48,2.831,0.145,0.016,0.06,4.0,0.0,0.668,11.801
HU,coldsnap,11,3.6,0.48,3.158,0.076,0.016,0.06,4.0,0.0,0.23,11.62
HU,coldsnap,12,3.6,0.48,3.269,0.146,0.016,0.0,3.747,0.0,0.0,11.258
HU,coldsnap,13,3.6,0.48,3.158,0.156,0.016,0.0,3.608,0.0,0.0,11.018
HU,coldsnap,14,3.6,0.48,2.831,0.079,0.016,0.0,3.925,0.0,0.0,10.932
HU,coldsnap,15,3.6,0.48,2.312,0.04,0.016,0.723,4.0,0.0,0.02,11.19
HU,coldsnap,16,3.6,0.48,1.635,0.04,0.016,0.06,4.0,0.0,2.073,11.904
HU,coldsnap,17,3.6,0.48,0.846,0.04,0.016,0.06,4.0,0.0,3.918,12.96
HU,coldsnap,18,3.6,0.48,0.0,0.04,0.016,0.06,4.0,0.457,4.941,13.594
HU,coldsnap,19,3.6,0.48,0.0,0.04,0.016,0.06,4.0,0.0,4.941,13.137
HU,coldsnap,20,3.6,0.48,0.0,0.04,0.016,0.06,4.0,0.0,3.708,11.904
HU,coldsnap,21,3.6,0.48,0.0,0.04,0.016,0.06,4.0,0.0,2.227,10.423
HU,coldsnap,22,3.6,0.48,0.0,0.04,0.016,0.06,4.0,0.0,0.913,9.109
HU,coldsnap,23,3.6,0.48,0.0,0.04,0.016,0.0,3.84,0.0,0.0,7.976
IE,average,0,0.0,0.24,0.0,8.701,0.032,0.019,1.044,0.0,0.002,4.174
IE,average,1,0.0,0.24,0.0,8.788,0.032,0.004,0.964,0.0,0.0,3.929
IE,average,2,0.0,0.24,0.0,8.925,0.032,0.0,0.944,0.0,0.0,3.81
IE,average,3,0.0,0.24,0.0,8.781,0.032,0.0,0.979,0.0,0.0,3.81
IE,average,4,0.0,0.24,0.0,8.567,0.032,0.008,1.059,0.0,0.0,4.049
IE,average,5,0.0,0.24,0.0,8.662,0.032,0.066,1.155,0.0,0.003,4.695
IE,average,6,0.0,0.24,0.0,8.572,0.032,0.236,1.348,0.0,0.007,5.513
IE,average,7,0.0,0.24,1.022,8.845,0.032,0.18,1.151,0.0,0.014,6.093
IE,average,8,0.0,0.24,1.975,8.905,0.032,0.11,0.975,0.0,0.014,6.402
IE,average,9,0.0,0.24,2.793,8.887,0.032,0.091,0.752,0.0,0.012,6.432
IE,average,10,0.0,0.24,3.42,8.661,0.032,0.064,0.712,0.0,0.008,6.405
IE,average,11,0.0,0.24,3.815,8.534,0.032,0.04,0.59,0.0,0.006,6.37
IE,average,12,0.0,0.24,3.95,8.403,0.032,0.029,0.588,0.0,0.005,6.187
IE,average,13,0.0,0.24,3.815,8.41,0.032,0.025,0.546,0.0,0.004,6.066
IE,average,14,0.0,0.24,3.42,8.321,0.032,0.038,0.625,0.0,0.005,6.012
IE,average,15,0.0,0.24,2.793,8.231,0.032,0.059,0.717,0.0,0.007,6.1
IE,average,16,0.0,0.24,1.975,7.874,0.032,0.153,1.126,0.0,0.014,6.386
IE,average,17,0.0,0.24,1.022,8.187,0.032,0.313,1.465,0.0,0.017,6.768
IE,average,18,0.0,0.24,0.0,8.185,0.032,0.657,1.688,0.002,0.009,6.994
IE,average,19,0.0,0.24,0.0,8.315,0.032,0.634,1.652,0.002,0.012,6.838
IE,average,20,0.0,0.24,0.0,8.518,0.032,0.492,1.536,0.0,0.024,6.386
IE,average,21,0.0,0.24,0.0,8.769,0.032,0.281,1.399,0.0,0.019,5.763
IE,average,22,0.0,0.24,0.0,8.567,0.032,0.15,1.302,0.0,0.008,5.127
IE,average,23,0.0,0.24,0.0,8.677,0.032,0.063,1.194,0.0,0.004,4.527
IE,winter,0,0.0,0.24,0.0,8.63,0.033,0.066,1.226,0.0,0.006,4.821
IE,winter,1,0.0,0.24,0.0,8.967,0.033,0.017,1.135,0.0,0.0,4.529
IE,winter,2,0.0,0.24,0.0,8.873,0.033,0.0,1.167,0.0,0.0,4.388
IE,winter,3,0.0,0.24,0.0,8.406,0.033,0.001,1.185,0.0,0.0,4.388
IE,winter,4,0.0,0.24,0.0,8.267,0.033,0.031,1.207,0.0,0.002,4.67
IE,winter,5,0.0,0.24,0.0,8.634,0.033,0.175,1.242,0.0,0.011,5.469
IE,winter,6,0.0,0.24,0.0,8.59,0.033,0.448,1.503,0.0,0.027,6.531
IE,winter,7,0.0,0.24,0.533,8.598,0.033,0.48,1.418,0.0,0.057,7.314
IE,winter,8,0.0,0.24,1.029,9.299,0.033,0.317,1.367,0.0,0.051,7.696
IE,winter,9,0.0,0.24,1.455,8.928,0.033,0.303,1.334,0.0,0.048,7.652
IE,winter,10,0.0,0.24,1.782,8.348,0.033,0.238,1.46,0.0,0.033,7.527
IE,winter,11,0.0,0.24,1.987,8.547,0.033,0.149,1.353,0.0,0.025,7.458
IE,winter,12,0.0,0.24,2.058,8.601,0.033,0.114,1.384,0.0,0.018,7.238
IE,winter,13,0.0,0.24,1.987,8.417,0.033,0.102,1.357,0.0,0.016,7.092
IE,winter,14,0.0,0.24,1.782,8.089,0.033,0.137,1.386,0.0,0.019,7.033
IE,winter,15,0.0,0.24,1.455,8.136,0.033,0.203,1.274,0.0,0.029,7.16
IE,winter,16,0.0,0.24,1.029,7.994,0.033,0.427,1.489,0.0,0.057,7.539
IE,winter,17,0.0,0.24,0.533,8.492,0.033,0.721,1.536,0.001,0.069,8.066
IE,winter,18,0.0,0.24,0.0,8.613,0.033,0.904,1.651,0.01,0.035,8.376
IE,winter,19,0.0,0.24,0.0,8.567,0.033,1.122,1.773,0.007,0.049,8.158
IE,winter,20,0.0,0.24,0.0,8.547,0.033,0.769,1.727,0.0,0.095,7.539
IE,winter,21,0.0,0.24,0.0,8.995,0.033,0.431,1.486,0.0,0.074,6.729
IE,winter,22,0.0,0.24,0.0,8.427,0.033,0.317,1.453,0.0,0.032,5.947
IE,winter,23,0.0,0.24,0.0,8.664,0.033,0.175,1.439,0.0,0.015,5.235
IE,coldsnap,0,0.0,0.24,0.0,0.29,0.035,0.12,4.0,0.0,0.328,5.012
IE,coldsnap,1,0.0,0.24,0.0,0.29,0.035,0.12,4.0,0.0,0.024,4.708
IE,coldsnap,2,0.0,0.24,0.0,0.29,0.035,0.0,3.998,0.0,0.0,4.562
IE,coldsnap,3,0.0,0.24,0.0,0.29,0.035,0.0,3.998,0.0,0.0,4.562
IE,coldsnap,4,0.0,0.24,0.0,0.29,0.035,0.124,4.0,0.0,0.166,4.854
IE,coldsnap,5,0.0,0.24,0.0,0.29,0.035,0.12,4.0,0.0,1.0,5.685
IE,coldsnap,6,0.0,0.24,0.0,0.29,0.035,0.12,4.0,0.0,2.074,6.758
IE,coldsnap,7,0.0,0.24,0.5,0.29,0.035,0.12,4.0,0.0,2.371,7.555
IE,coldsnap,8,0.0,0.24,0.966,0.29,0.035,0.12,4.0,0.0,2.297,7.947
IE,coldsnap,9,0.0,0.24,1.366,0.29,0.035,0.12,4.0,0.0,1.862,7.912
IE,coldsnap,10,0.0,0.24,1.672,0.29,0.035,0.12,4.0,0.0,1.467,7.824
IE,coldsnap,11,0.0,0.24,1.865,0.29,0.035,0.12,4.0,0.0,1.203,7.752
IE,coldsnap,12,0.0,0.24,1.931,0.29,0.035,0.12,4.0,0.0,0.908,7.524
IE,coldsnap,13,0.0,0.24,1.865,0.29,0.035,0.12,4.0,0.0,0.822,7.372
IE,coldsnap,14,0.0,0.24,1.672,0.29,0.035,0.12,4.0,0.0,0.953,7.31
IE,coldsnap,15,0.0,0.24,1.366,0.29,0.035,0.12,4.0,0.0,1.392,7.442
IE,coldsnap,16,0.0,0.24,0.966,0.29,0.035,0.12,4.0,0.0,2.186,7.836
IE,coldsnap,17,0.0,0.24,0.5,0.29,0.035,0.12,4.0,0.047,3.151,8.382
IE,coldsnap,18,0.0,0.24,0.0,0.29,0.035,0.12,4.0,0.868,3.151,8.704
IE,coldsnap,19,0.0,0.24,0.0,0.29,0.035,0.12,4.0,0.642,3.151,8.477
IE,coldsnap,20,0.0,0.24,0.0,0.29,0.035,0.12,4.0,0.0,3.151,7.836
IE,coldsnap,21,0.0,0.24,0.0,0.29,0.035,0.12,4.0,0.0,2.31,6.994
IE,coldsnap,22,0.0,0.24,0.0,4.827,0.035,0.0,1.08,0.0,0.0,6.182
IE,coldsnap,23,0.0,0.24,0.0,4.972,0.035,0.0,0.196,0.0,0.0,5.442
IT,average,0,3.6,1.92,0.0,23.539,3.2,0.118,13.996,0.0,0.0,40.212
IT,average,1,3.6,1.92,0.0,23.789,3.2,0.004,12.652,0.0,0.0,37.811
IT,average,2,3.6,1.92,0.0,23.891,3.2,0.0,11.82,0.0,0.0,36.65
IT,average,3,3.6,1.92,0.0,23.944,3.2,0.0,11.884,0.0,0.0,36.65
IT,average,4,3.6,1.92,0.0,24.081,3.2,0.034,13.12,0.0,0.0,38.973
IT,average,5,3.6,1.92,0.0,25.024,3.2,0.808,16.388,0.0,0.0,45.437
IT,average,6,3.6,1.92,0.0,25.105,3.2,3.092,19.785,0.0,0.0,53.742
IT,average,7,3.6,1.92,19.167,24.699,3.2,1.489,12.916,0.001,0.026,59.736
IT,average,8,3.6,1.92,37.027,24.539,3.2,0.492,7.248,0.0,0.021,62.786
IT,average,9,3.6,1.92,52.364,24.843,3.2,0.057,3.849,0.0,0.0,62.774
IT,average,10,3.6,1.92,64.133,24.738,3.2,0.0,1.772,0.0,0.0,62.206
IT,average,11,3.6,1.92,71.531,24.929,3.2,0.0,1.013,0.0,0.0,61.749
IT,average,12,3.6,1.92,74.055,25.261,3.2,0.0,0.704,0.0,0.0,59.961
IT,average,13,3.6,1.92,71.531,24.96,3.2,0.0,0.618,0.0,0.0,58.771
IT,average,14,3.6,1.92,64.133,24.379,3.2,0.0,1.089,0.0,0.0,58.265
IT,average,15,3.6,1.92,52.364,25.019,3.2,0.0,2.54,0.0,0.0,59.217
IT,average,16,3.6,1.92,37.027,25.558,3.2,0.236,6.49,0.0,0.0,62.168
IT,average,17,3.6,1.92,19.167,25.153,3.2,2.486,15.868,0.0,0.0,66.173
IT,average,18,3.6,1.92,0.0,24.913,3.2,9.924,25.67,0.0,0.0,68.525
IT,average,19,3.6,1.92,0.0,24.95,3.2,8.942,24.921,0.006,0.026,66.885
IT,average,20,3.6,1.92,0.0,25.072,3.2,6.395,23.158,0.033,0.026,62.168
IT,average,21,3.6,1.92,0.0,25.021,3.2,3.749,20.582,0.0,0.026,55.803
IT,average,22,3.6,1.92,0.0,24.831,3.2,1.663,17.99,0.0,0.002,49.487
IT,average,23,3.6,1.92,0.0,24.148,3.2,0.447,15.598,0.0,0.0,43.633
IT,winter,0,3.6,1.92,0.0,27.437,3.308,0.447,15.192,0.0,0.0,45.263
IT,winter,1,3.6,1.92,0.0,27.011,3.308,0.018,14.326,0.0,0.0,42.424
IT,winter,2,3.6,1.92,0.0,27.513,3.308,0.001,12.869,0.0,0.0,41.08
IT,winter,3,3.6,1.92,0.0,25.522,3.308,0.001,13.952,0.0,0.0,41.08
IT,winter,4,3.6,1.92,0.0,24.747,3.308,0.134,16.477,0.0,0.0,43.771
IT,winter,5,3.6,1.92,0.0,25.897,3.308,2.205,19.38,0.0,0.0,51.764
IT,winter,6,3.6,1.92,0.0,26.858,3.308,6.236,22.446,0.0,0.0,62.711
IT,winter,7,3.6,1.92,13.324,25.925,3.308,5.244,19.761,0.003,0.105,70.987
IT,winter,8,3.6,1.92,25.74,26.544,3.308,1.969,16.409,0.0,0.084,74.747
IT,winter,9,3.6,1.92,36.401,26.41,3.308,0.23,11.417,0.0,0.0,73.666
IT,winter,10,3.6,1.92,44.582,26.632,3.308,0.0,6.186,0.0,0.0,71.78
IT,winter,11,3.6,1.92,49.725,26.519,3.308,0.0,3.718,0.0,0.0,70.869
IT,winter,12,3.6,1.92,51.479,27.141,3.308,0.0,2.645,0.0,0.0,68.736
IT,winter,13,3.6,1.92,49.725,28.072,3.308,0.0,2.345,0.0,0.0,67.319
IT,winter,14,3.6,1.92,44.582,28.293,3.308,0.0,3.895,0.0,0.0,66.785
IT,winter,15,3.6,1.92,36.401,28.271,3.308,0.0,8.244,0.0,0.0,68.202
IT,winter,16,3.6,1.92,25.74,29.357,3.308,0.948,14.494,0.0,0.0,72.186
IT,winter,17,3.6,1.92,13.324,28.813,3.308,7.338,21.255,0.0,0.0,77.855
IT,winter,18,3.6,1.92,0.0,28.162,3.308,16.023,28.168,0.0,0.0,81.181
IT,winter,19,3.6,1.92,0.0,28.48,3.308,14.286,27.088,0.025,0.105,78.811
IT,winter,20,3.6,1.92,0.0,28.656,3.308,9.847,24.906,0.131,0.105,72.186
IT,winter,21,3.6,1.92,0.0,27.42,3.308,6.294,22.362,0.0,0.105,63.794
IT,winter,22,3.6,1.92,0.0,27.694,3.308,3.43,19.137,0.0,0.008,56.031
IT,winter,23,3.6,1.92,0.0,26.225,3.308,1.37,17.883,0.0,0.0,49.188
IT,coldsnap,0,3.6,1.92,0.0,1.5,3.205,4.911,35.0,0.0,0.0,50.136
IT,coldsnap,1,3.6,1.92,0.0,3.683,3.205,0.0,34.409,0.0,0.0,46.817
IT,coldsnap,2,3.6,1.92,0.0,2.604,3.205,0.0,33.95,0.0,0.0,45.278
IT,coldsnap,3,3.6,1.92,0.0,7.368,3.205,0.0,29.185,0.0,0.0,45.278
IT,coldsnap,4,3.6,1.92,0.0,10.209,3.205,0.0,29.427,0.0,0.0,48.361
IT,coldsnap,5,3.6,1.92,0.0,9.63,3.205,4.789,35.0,0.0,0.0,58.144
IT,coldsnap,6,3.6,1.92,0.0,12.101,3.205,21.702,35.0,0.0,0.0,77.529
IT,coldsnap,7,3.6,1.92,12.539,11.444,3.205,14.284,35.0,0.247,9.522,91.76
IT,coldsnap,8,3.6,1.92,24.223,9.821,3.205,12.0,35.0,0.0,7.632,97.401
IT,coldsnap,9,3.6,1.92,34.256,9.711,3.205,5.273,35.0,0.0,0.0,92.965
IT,coldsnap,10,3.6,1.92,41.955,6.535,3.205,0.0,25.111,0.0,0.0,82.326
IT,coldsnap,11,3.6,1.92,46.795,1.5,3.205,0.0,23.702,0.0,0.0,80.722
IT,coldsnap,12,3.6,1.92,48.446,1.5,3.205,0.0,19.458,0.0,0.0,78.129
IT,coldsnap,13,3.6,1.92,46.795,1.5,3.205,0.0,19.394,0.0,0.0,76.414
IT,coldsnap,14,3.6,1.92,41.955,3.468,3.205,0.0,21.711,0.0,0.0,75.859
IT,coldsnap,15,3.6,1.92,34.256,5.802,3.205,0.0,29.163,0.0,0.0,77.946
IT,coldsnap,16,3.6,1.92,24.223,7.156,3.205,8.347,35.0,0.0,0.0,83.451
IT,coldsnap,17,3.6,1.92,12.539,9.534,3.205,25.992,35.0,0.0,0.0,91.789
IT,coldsnap,18,3.6,1.92,0.0,6.184,3.205,46.879,35.0,0.0,0.0,96.789
IT,coldsnap,19,3.6,1.92,0.0,8.716,3.205,28.873,35.0,2.316,9.522,93.152
IT,coldsnap,20,3.6,1.92,0.0,6.269,3.205,12.0,35.0,11.935,9.522,83.451
IT,coldsnap,21,3.6,1.92,0.0,6.926,3.205,12.0,35.0,0.0,9.522,72.173
IT,coldsnap,22,3.6,1.92,0.0,8.682,3.205,10.18,35.0,0.0,0.0,62.586
IT,coldsnap,23,3.6,1.92,0.0,12.567,3.205,0.0,33.318,0.0,0.0,54.609
LT,average,0,0.0,0.24,0.0,2.427,0.176,0.035,0.321,0.0,0.0,1.586
LT,average,1,0.0,0.24,0.0,2.403,0.176,0.019,0.306,0.0,0.0,1.492
LT,average,2,0.0,0.24,0.0,2.36,0.176,0.011,0.276,0.0,0.0,1.446
LT,average,3,0.0,0.24,0.0,2.349,0.176,0.015,0.294,0.0,0.0,1.446
LT,average,4,0.0,0.24,0.0,2.352,0.176,0.027,0.322,0.0,0.0,1.538
LT,average,5,0.0,0.24,0.0,2.348,0.176,0.086,0.374,0.0,0.0,1.788
LT,average,6,0.0,0.24,0.0,2.41,0.176,0.19,0.416,0.0,0.003,2.106
LT,average,7,0.0,0.24,0.716,2.328,0.176,0.112,0.29,0.0,0.002,2.334
LT,average,8,0.0,0.24,1.382,2.314,0.176,0.065,0.194,0.0,0.001,2.453
LT,average,9,0.0,0.24,1.955,2.344,0.176,0.032,0.138,0.0,0.0,2.459
LT,average,10,0.0,0.24,2.394,2.268,0.176,0.014,0.109,0.0,0.0,2.443
LT,average,11,0.0,0.24,2.67,2.283,0.176,0.005,0.078,0.0,0.0,2.427
LT,average,12,0.0,0.24,2.765,2.369,0.176,0.002,0.07,0.0,0.0,2.357
LT,average,13,0.0,0.24,2.67,2.344,0.176,0.001,0.071,0.0,0.0,2.311
LT,average,14,0.0,0.24,2.394,2.318,0.176,0.005,0.089,0.0,0.0,2.291
LT,average,15,0.0,0.24,1.955,2.412,0.176,0.016,0.112,0.0,0.0,2.326
LT,average,16,0.0,0.24,1.382,2.432,0.176,0.054,0.173,0.0,0.0,2.438
LT,average,17,0.0,0.24,0.716,2.553,0.176,0.144,0.317,0.0,0.0,2.59
LT,average,18,0.0,0.24,0.0,2.438,0.176,0.391,0.486,0.001,0.004,2.679
LT,average,19,0.0,0.24,0.0,2.417,0.176,0.367,0.465,0.001,0.006,2.617
LT,average,20,0.0,0.24,0.0,2.359,0.176,0.286,0.436,0.0,0.006,2.438
LT,average,21,0.0,0.24,0.0,2.466,0.176,0.187,0.379,0.0,0.004,2.195
LT,average,22,0.0,0.24,0.0,2.417,0.176,0.125,0.383,0.0,0.001,1.95
LT,average,23,0.0,0.24,0.0,2.451,0.176,0.064,0.335,0.0,0.0,1.72
LT,winter,0,0.0,0.24,0.0,2.79,0.182,0.087,0.317,0.0,0.0,1.828
LT,winter,1,0.0,0.24,0.0,2.871,0.182,0.052,0.295,0.0,0.0,1.716
LT,winter,2,0.0,0.24,0.0,2.94,0.182,0.026,0.251,0.0,0.0,1.663
LT,winter,3,0.0,0.24,0.0,2.878,0.182,0.037,0.3,0.0,0.0,1.663
LT,winter,4,0.0,0.24,0.0,2.83,0.182,0.058,0.293,0.0,0.0,1.77
LT,winter,5,0.0,0.24,0.0,2.804,0.182,0.158,0.348,0.0,0.0,2.077
LT,winter,6,0.0,0.24,0.0,2.803,0.182,0.301,0.405,0.0,0.01,2.489
LT,winter,7,0.0,0.24,0.373,2.659,0.182,0.302,0.423,0.0,0.007,2.794
LT,winter,8,0.0,0.24,0.72,2.645,0.182,0.211,0.379,0.0,0.006,2.94
LT,winter,9,0.0,0.24,1.018,2.667,0.182,0.115,0.328,0.0,0.001,2.918
LT,winter,10,0.0,0.24,1.247,2.568,0.182,0.054,0.288,0.0,0.0,2.864
LT,winter,11,0.0,0.24,1.391,2.639,0.182,0.019,0.239,0.0,0.0,2.835
LT,winter,12,0.0,0.24,1.44,2.675,0.182,0.008,0.243,0.0,0.0,2.751
LT,winter,13,0.0,0.24,1.391,2.669,0.182,0.006,0.239,0.0,0.0,2.696
LT,winter,14,0.0,0.24,1.247,2.759,0.182,0.022,0.257,0.0,0.0,2.673
LT,winter,15,0.0,0.24,1.018,2.764,0.182,0.063,0.295,0.0,0.0,2.723
LT,winter,16,0.0,0.24,0.72,2.744,0.182,0.171,0.376,0.0,0.0,2.871
LT,winter,17,0.0,0.24,0.373,2.957,0.182,0.324,0.374,0.0,0.002,3.078
LT,winter,18,0.0,0.24,0.0,2.894,0.182,0.5,0.449,0.005,0.017,3.199
LT,winter,19,0.0,0.24,0.0,2.949,0.182,0.459,0.404,0.004,0.023,3.113
LT,winter,20,0.0,0.24,0.0,2.931,0.182,0.355,0.4,0.0,0.024,2.871
LT,winter,21,0.0,0.24,0.0,2.966,0.182,0.253,0.379,0.0,0.016,2.557
LT,winter,22,0.0,0.24,0.0,2.96,0.182,0.182,0.345,0.0,0.005,2.256
LT,winter,23,0.0,0.24,0.0,2.922,0.182,0.132,0.312,0.0,0.0,1.985
LT,coldsnap,0,0.0,0.24,0.0,0.147,0.178,0.441,1.0,0.0,0.0,2.006
LT,coldsnap,1,0.0,0.24,0.0,0.147,0.178,0.313,1.0,0.0,0.0,1.878
LT,coldsnap,2,0.0,0.24,0.0,0.147,0.178,0.252,1.0,0.0,0.0,1.817
LT,coldsnap,3,0.0,0.24,0.0,0.147,0.178,0.252,1.0,0.0,0.0,1.817
LT,coldsnap,4,0.0,0.24,0.0,0.147,0.178,0.373,1.0,0.0,0.0,1.938
LT,coldsnap,5,0.0,0.24,0.0,0.147,0.178,0.74,1.0,0.0,0.0,2.305
LT,coldsnap,6,0.0,0.24,0.0,0.147,0.178,1.42,1.0,0.0,0.0,2.985
LT,coldsnap,7,0.0,0.24,0.329,0.147,0.178,1.585,1.0,0.0,0.0,3.479
LT,coldsnap,8,0.0,0.24,0.636,0.147,0.178,1.485,1.0,0.0,0.0,3.686
LT,coldsnap,9,0.0,0.24,0.899,0.147,0.178,1.095,1.0,0.0,0.0,3.559
LT,coldsnap,10,0.0,0.24,1.101,0.147,0.178,0.566,1.0,0.0,0.0,3.232
LT,coldsnap,11,0.0,0.24,1.228,0.147,0.178,0.388,1.0,0.0,0.0,3.181
LT,coldsnap,12,0.0,0.24,1.271,0.147,0.178,0.246,1.0,0.0,0.0,3.082
LT,coldsnap,13,0.0,0.24,1.228,0.147,0.178,0.223,1.0,0.0,0.0,3.016
LT,coldsnap,14,0.0,0.24,1.101,0.147,0.178,0.327,1.0,0.0,0.0,2.993
LT,coldsnap,15,0.0,0.24,0.899,0.147,0.178,0.6,1.0,0.0,0.0,3.064
LT,coldsnap,16,0.0,0.24,0.636,0.147,0.178,1.06,1.0,0.0,0.0,3.261
LT,coldsnap,17,0.0,0.24,0.329,0.147,0.178,1.514,1.0,0.0,0.144,3.552
LT,coldsnap,18,0.0,0.24,0.0,0.147,0.178,0.66,1.0,0.466,1.036,3.727
LT,coldsnap,19,0.0,0.24,0.0,0.147,0.178,0.66,1.0,0.34,1.036,3.601
LT,coldsnap,20,0.0,0.24,0.0,0.147,0.178,0.66,1.0,0.0,1.036,3.261
LT,coldsnap,21,0.0,0.24,0.0,0.147,0.178,0.66,1.0,0.0,0.628,2.853
LT,coldsnap,22,0.0,0.24,0.0,0.147,0.178,0.66,1.0,0.0,0.267,2.492
LT,coldsnap,23,0.0,0.24,0.0,0.147,0.178,0.617,1.0,0.0,0.0,2.182
LU,average,0,0.0,0.048,0.0,0.213,0.208,0.119,0.227,0.0,0.0,0.805
LU,average,1,0.0,0.048,0.0,0.203,0.208,0.092,0.219,0.0,0.0,0.756
LU,average,2,0.0,0.048,0.0,0.206,0.208,0.077,0.21,0.0,0.0,0.733
LU,average,3,0.0,0.048,0.0,0.207,0.208,0.076,0.21,0.0,0.0,0.733
LU,average,4,0.0,0.048,0.0,0.197,0.208,0.103,0.233,0.0,0.0,0.78
LU,average,5,0.0,0.048,0.0,0.201,0.208,0.191,0.263,0.0,0.0,0.909
LU,average,6,0.0,0.048,0.0,0.206,0.208,0.324,0.287,0.0,0.002,1.075
LU,average,7,0.0,0.048,0.204,0.199,0.208,0.276,0.257,0.0,0.007,1.195
LU,average,8,0.0,0.048,0.395,0.193,0.208,0.226,0.207,0.0,0.007,1.256
LU,average,9,0.0,0.048,0.559,0.199,0.208,0.167,0.163,0.0,0.003,1.256
LU,average,10,0.0,0.048,0.684,0.196,0.208,0.129,0.138,0.0,0.0,1.245
LU,average,11,0.0,0.048,0.763,0.197,0.208,0.109,0.127,0.0,0.0,1.235
LU,average,12,0.0,0.048,0.79,0.208,0.208,0.088,0.116,0.0,0.0,1.2
LU,average,13,0.0,0.048,0.763,0.205,0.208,0.086,0.116,0.0,0.0,1.176
LU,average,14,0.0,0.048,0.684,0.206,0.208,0.098,0.123,0.0,0.0,1.166
LU,average,15,0.0,0.048,0.559,0.213,0.208,0.132,0.144,0.0,0.0,1.185
LU,average,16,0.0,0.048,0.395,0.216,0.208,0.212,0.202,0.0,0.003,1.244
LU,average,17,0.0,0.048,0.204,0.212,0.208,0.369,0.271,0.0,0.015,1.324
LU,average,18,0.0,0.048,0.0,0.208,0.208,0.577,0.298,0.0,0.032,1.371
LU,average,19,0.0,0.048,0.0,0.207,0.208,0.548,0.298,0.0,0.03,1.338
LU,average,20,0.0,0.048,0.0,0.202,0.208,0.474,0.295,0.0,0.018,1.244
LU,average,21,0.0,0.048,0.0,0.201,0.208,0.369,0.289,0.0,0.003,1.116
LU,average,22,0.0,0.048,0.0,0.205,0.208,0.258,0.273,0.0,0.0,0.99
LU,average,23,0.0,0.048,0.0,0.203,0.208,0.171,0.248,0.0,0.0,0.873
LU,winter,0,0.0,0.048,0.0,0.211,0.215,0.212,0.259,0.0,0.0,0.944
LU,winter,1,0.0,0.048,0.0,0.209,0.215,0.169,0.247,0.0,0.0,0.885
LU,winter,2,0.0,0.048,0.0,0.205,0.215,0.155,0.238,0.0,0.0,0.857
LU,winter,3,0.0,0.048,0.0,0.201,0.215,0.151,0.246,0.0,0.0,0.857
LU,winter,4,0.0,0.048,0.0,0.199,0.215,0.187,0.265,0.0,0.0,0.913
LU,winter,5,0.0,0.048,0.0,0.204,0.215,0.325,0.286,0.0,0.0,1.078
LU,winter,6,0.0,0.048,0.0,0.213,0.215,0.519,0.3,0.0,0.008,1.304
LU,winter,7,0.0,0.048,0.107,0.214,0.215,0.563,0.3,0.0,0.027,1.474
LU,winter,8,0.0,0.048,0.206,0.21,0.215,0.544,0.3,0.0,0.029,1.552
LU,winter,9,0.0,0.048,0.291,0.218,0.215,0.449,0.296,0.0,0.014,1.531
LU,winter,10,0.0,0.048,0.356,0.213,0.215,0.372,0.29,0.0,0.0,1.494
LU,winter,11,0.0,0.048,0.397,0.21,0.215,0.323,0.283,0.0,0.0,1.476
LU,winter,12,0.0,0.048,0.412,0.211,0.215,0.274,0.273,0.0,0.0,1.431
LU,winter,13,0.0,0.048,0.397,0.199,0.215,0.269,0.273,0.0,0.0,1.402
LU,winter,14,0.0,0.048,0.356,0.191,0.215,0.301,0.279,0.0,0.0,1.391
LU,winter,15,0.0,0.048,0.291,0.189,0.215,0.382,0.295,0.0,0.0,1.42
LU,winter,16,0.0,0.048,0.206,0.193,0.215,0.53,0.3,0.0,0.01,1.501
LU,winter,17,0.0,0.048,0.107,0.194,0.215,0.693,0.3,0.0,0.061,1.618
LU,winter,18,0.0,0.048,0.0,0.198,0.215,0.8,0.3,0.001,0.124,1.686
LU,winter,19,0.0,0.048,0.0,0.205,0.215,0.758,0.3,0.0,0.112,1.637
LU,winter,20,0.0,0.048,0.0,0.198,0.215,0.672,0.3,0.0,0.068,1.501
LU,winter,21,0.0,0.048,0.0,0.212,0.215,0.543,0.3,0.0,0.01,1.329
LU,winter,22,0.0,0.048,0.0,0.209,0.215,0.398,0.297,0.0,0.0,1.168
LU,winter,23,0.0,0.048,0.0,0.192,0.215,0.286,0.284,0.0,0.0,1.026
LU,coldsnap,0,0.0,0.048,0.0,0.057,0.21,0.433,0.3,0.0,0.0,1.048
LU,coldsnap,1,0.0,0.048,0.0,0.044,0.21,0.377,0.3,0.0,0.0,0.979
LU,coldsnap,2,0.0,0.048,0.0,0.074,0.21,0.315,0.3,0.0,0.0,0.947
LU,coldsnap,3,0.0,0.048,0.0,0.079,0.21,0.31,0.3,0.0,0.0,0.947
LU,coldsnap,4,0.0,0.048,0.0,0.069,0.21,0.384,0.3,0.0,0.0,1.011
LU,coldsnap,5,0.0,0.048,0.0,0.12,0.21,0.536,0.3,0.0,0.0,1.213
LU,coldsnap,6,0.0,0.048,0.0,0.12,0.21,0.78,0.3,0.0,0.152,1.609
LU,coldsnap,7,0.0,0.048,0.094,0.12,0.21,0.78,0.3,0.0,0.348,1.9
LU,coldsnap,8,0.0,0.048,0.181,0.12,0.21,0.78,0.3,0.0,0.377,2.016
LU,coldsnap,9,0.0,0.048,0.256,0.079,0.21,0.78,0.3,0.0,0.256,1.928
LU,coldsnap,10,0.0,0.048,0.313,0.113,0.21,0.731,0.3,0.0,0.0,1.715
LU,coldsnap,11,0.0,0.048,0.35,0.049,0.21,0.727,0.3,0.0,0.0,1.683
LU,coldsnap,12,0.0,0.048,0.362,0.045,0.21,0.665,0.3,0.0,0.0,1.629
LU,coldsnap,13,0.0,0.048,0.35,0.067,0.21,0.619,0.3,0.0,0.0,1.593
LU,coldsnap,14,0.0,0.048,0.313,0.046,0.21,0.665,0.3,0.0,0.0,1.582
LU,coldsnap,15,0.0,0.048,0.256,0.012,0.21,0.78,0.3,0.0,0.019,1.624
LU,coldsnap,16,0.0,0.048,0.181,0.018,0.21,0.78,0.3,0.0,0.2,1.737
LU,coldsnap,17,0.0,0.048,0.094,0.038,0.21,0.78,0.3,0.0,0.438,1.907
LU,coldsnap,18,0.0,0.048,0.0,0.059,0.21,0.78,0.3,0.062,0.55,2.009
LU,coldsnap,19,0.0,0.048,0.0,0.087,0.21,0.78,0.3,0.0,0.51,1.935
LU,coldsnap,20,0.0,0.048,0.0,0.063,0.21,0.78,0.3,0.0,0.336,1.737
LU,coldsnap,21,0.0,0.048,0.0,0.088,0.21,0.78,0.3,0.0,0.08,1.505
LU,coldsnap,22,0.0,0.048,0.0,0.108,0.21,0.642,0.3,0.0,0.0,1.307
LU,coldsnap,23,0.0,0.048,0.0,0.12,0.21,0.464,0.3,0.0,0.0,1.141
LV,average,0,0.0,0.192,0.0,1.291,0.256,0.0,0.168,0.0,0.0,1.013
LV,average,1,0.0,0.192,0.0,1.275,0.256,0.0,0.137,0.0,0.0,0.949
LV,average,2,0.0,0.192,0.0,1.264,0.256,0.0,0.123,0.0,0.0,0.919
LV,average,3,0.0,0.192,0.0,1.297,0.256,0.0,0.132,0.0,0.0,0.919
LV,average,4,0.0,0.192,0.0,1.245,0.256,0.0,0.163,0.0,0.0,0.979
LV,average,5,0.0,0.192,0.0,1.218,0.256,0.001,0.24,0.0,0.0,1.158
LV,average,6,0.0,0.192,0.0,1.227,0.256,0.025,0.329,0.0,0.0,1.396
LV,average,7,0.0,0.192,0.409,1.197,0.256,0.03,0.24,0.0,0.0,1.574
LV,average,8,0.0,0.192,0.79,1.165,0.256,0.025,0.172,0.0,0.0,1.655
LV,average,9,0.0,0.192,1.117,1.124,0.256,0.01,0.122,0.0,0.0,1.635
LV,average,10,0.0,0.192,1.368,1.165,0.256,0.002,0.083,0.0,0.0,1.601
LV,average,11,0.0,0.192,1.526,1.159,0.256,0.001,0.066,0.0,0.0,1.581
LV,average,12,0.0,0.192,1.58,1.141,0.256,0.0,0.053,0.0,0.0,1.534
LV,average,13,0.0,0.192,1.526,1.157,0.256,0.0,0.051,0.0,0.0,1.503
LV,average,14,0.0,0.192,1.368,1.187,0.256,0.0,0.061,0.0,0.0,1.491
LV,average,15,0.0,0.192,1.117,1.188,0.256,0.002,0.094,0.0,0.0,1.522
LV,average,16,0.0,0.192,0.79,1.231,0.256,0.011,0.143,0.0,0.0,1.609
LV,average,17,0.0,0.192,0.409,1.218,0.256,0.045,0.267,0.0,0.0,1.732
LV,average,18,0.0,0.192,0.0,1.223,0.256,0.109,0.463,0.0,0.0,1.803
LV,average,19,0.0,0.192,0.0,1.211,0.256,0.1,0.447,0.0,0.0,1.752
LV,average,20,0.0,0.192,0.0,1.215,0.256,0.058,0.404,0.0,0.0,1.609
LV,average,21,0.0,0.192,0.0,1.204,0.256,0.021,0.345,0.0,0.0,1.425
LV,average,22,0.0,0.192,0.0,1.233,0.256,0.004,0.271,0.0,0.0,1.252
LV,average,23,0.0,0.192,0.0,1.26,0.256,0.0,0.211,0.0,0.0,1.1
LV,winter,0,0.0,0.192,0.0,1.542,0.265,0.0,0.179,0.0,0.0,1.214
LV,winter,1,0.0,0.192,0.0,1.529,0.265,0.0,0.151,0.0,0.0,1.134
LV,winter,2,0.0,0.192,0.0,1.542,0.265,0.0,0.135,0.0,0.0,1.097
LV,winter,3,0.0,0.192,0.0,1.577,0.265,0.0,0.154,0.0,0.0,1.097
LV,winter,4,0.0,0.192,0.0,1.552,0.265,0.0,0.208,0.0,0.0,1.171
LV,winter,5,0.0,0.192,0.0,1.439,0.265,0.003,0.316,0.0,0.0,1.408
LV,winter,6,0.0,0.192,0.0,1.344,0.265,0.09,0.417,0.0,0.0,1.746
LV,winter,7,0.0,0.192,0.213,1.323,0.265,0.119,0.451,0.0,0.0,2.011
LV,winter,8,0.0,0.192,0.412,1.254,0.265,0.101,0.428,0.0,0.0,2.12
LV,winter,9,0.0,0.192,0.582,1.278,0.265,0.039,0.347,0.0,0.0,2.06
LV,winter,10,0.0,0.192,0.713,1.315,0.265,0.006,0.279,0.0,0.0,1.976
LV,winter,11,0.0,0.192,0.795,1.321,0.265,0.003,0.231,0.0,0.0,1.94
LV,winter,12,0.0,0.192,0.823,1.306,0.265,0.0,0.197,0.0,0.0,1.88
LV,winter,13,0.0,0.192,0.795,1.325,0.265,0.0,0.185,0.0,0.0,1.84
LV,winter,14,0.0,0.192,0.713,1.423,0.265,0.0,0.21,0.0,0.0,1.826
LV,winter,15,0.0,0.192,0.582,1.392,0.265,0.006,0.283,0.0,0.0,1.875
LV,winter,16,0.0,0.192,0.412,1.527,0.265,0.044,0.319,0.0,0.0,2.001
LV,winter,17,0.0,0.192,0.213,1.496,0.265,0.147,0.413,0.0,0.0,2.186
LV,winter,18,0.0,0.192,0.0,1.511,0.265,0.251,0.483,0.0,0.0,2.294
LV,winter,19,0.0,0.192,0.0,1.447,0.265,0.234,0.458,0.0,0.0,2.216
LV,winter,20,0.0,0.192,0.0,1.433,0.265,0.133,0.421,0.0,0.0,2.001
LV,winter,21,0.0,0.192,0.0,1.496,0.265,0.061,0.353,0.0,0.0,1.74
LV,winter,22,0.0,0.192,0.0,1.543,0.265,0.017,0.289,0.0,0.0,1.512
LV,winter,23,0.0,0.192,0.0,1.529,0.265,0.0,0.229,0.0,0.0,1.322
LV,coldsnap,0,0.0,0.192,0.0,0.501,0.255,0.0,0.441,0.0,0.0,1.389
LV,coldsnap,1,0.0,0.192,0.0,0.41,0.255,0.0,0.434,0.0,0.0,1.291
LV,coldsnap,2,0.0,0.192,0.0,0.599,0.255,0.0,0.2,0.0,0.0,1.246
LV,coldsnap,3,0.0,0.192,0.0,0.434,0.255,0.0,0.365,0.0,0.0,1.246
LV,coldsnap,4,0.0,0.192,0.0,0.27,0.255,0.0,0.618,0.0,0.0,1.336
LV,coldsnap,5,0.0,0.192,0.0,0.383,0.255,0.0,0.811,0.0,0.0,1.641
LV,coldsnap,6,0.0,0.192,0.0,0.183,0.255,0.681,1.0,0.0,0.0,2.311
LV,coldsnap,7,0.0,0.192,0.186,0.346,0.255,0.83,1.0,0.0,0.0,2.81
LV,coldsnap,8,0.0,0.192,0.36,0.318,0.255,0.868,1.0,0.0,0.0,2.992
LV,coldsnap,9,0.0,0.192,0.509,0.378,0.255,0.466,1.0,0.0,0.0,2.799
LV,coldsnap,10,0.0,0.192,0.623,0.404,0.255,0.0,0.893,0.0,0.0,2.367
LV,coldsnap,11,0.0,0.192,0.695,0.419,0.255,0.0,0.743,0.0,0.0,2.303
LV,coldsnap,12,0.0,0.192,0.719,0.372,0.255,0.0,0.687,0.0,0.0,2.225
LV,coldsnap,13,0.0,0.192,0.695,0.406,0.255,0.0,0.626,0.0,0.0,2.174
LV,coldsnap,14,0.0,0.192,0.623,0.36,0.255,0.0,0.731,0.0,0.0,2.16
LV,coldsnap,15,0.0,0.192,0.509,0.307,0.255,0.0,0.973,0.0,0.0,2.235
LV,coldsnap,16,0.0,0.192,0.36,0.355,0.255,0.259,1.0,0.0,0.0,2.42
LV,coldsnap,17,0.0,0.192,0.186,0.295,0.255,0.782,1.0,0.0,0.0,2.71
LV,coldsnap,18,0.0,0.192,0.0,0.471,0.255,0.966,1.0,0.0,0.0,2.884
LV,coldsnap,19,0.0,0.192,0.0,0.43,0.255,0.879,1.0,0.0,0.0,2.756
LV,coldsnap,20,0.0,0.192,0.0,0.304,0.255,0.67,1.0,0.0,0.0,2.42
LV,coldsnap,21,0.0,0.192,0.0,0.431,0.255,0.17,1.0,0.0,0.0,2.047
LV,coldsnap,22,0.0,0.192,0.0,0.08,0.255,0.224,1.0,0.0,0.0,1.75
LV,coldsnap,23,0.0,0.192,0.0,0.218,0.255,0.0,0.852,0.0,0.0,1.517
MT,average,0,0.0,0.01,0.0,0.141,0.0,0.0,0.222,0.0,0.0,0.372
MT,average,1,0.0,0.01,0.0,0.135,0.0,0.0,0.207,0.0,0.0,0.351
MT,average,2,0.0,0.01,0.0,0.132,0.0,0.0,0.2,0.0,0.0,0.341
MT,average,3,0.0,0.01,0.0,0.134,0.0,0.0,0.197,0.0,0.0,0.341
MT,average,4,0.0,0.01,0.0,0.135,0.0,0.0,0.217,0.0,0.0,0.362
MT,average,5,0.0,0.01,0.0,0.137,0.0,0.0,0.269,0.0,0.0,0.415
MT,average,6,0.0,0.01,0.0,0.131,0.0,0.0,0.34,0.0,0.0,0.481
MT,average,7,0.0,0.01,0.128,0.129,0.0,0.0,0.259,0.0,0.0,0.525
MT,average,8,0.0,0.01,0.247,0.133,0.0,0.0,0.171,0.0,0.0,0.552
MT,average,9,0.0,0.01,0.349,0.128,0.0,0.0,0.108,0.0,0.0,0.56
MT,average,10,0.0,0.01,0.428,0.132,0.0,0.0,0.067,0.0,0.0,0.562
MT,average,11,0.0,0.01,0.477,0.13,0.0,0.0,0.05,0.0,0.0,0.561
MT,average,12,0.0,0.01,0.494,0.132,0.0,0.0,0.042,0.0,0.0,0.546
MT,average,13,0.0,0.01,0.477,0.132,0.0,0.0,0.041,0.0,0.0,0.535
MT,average,14,0.0,0.01,0.428,0.136,0.0,0.0,0.052,0.0,0.0,0.53
MT,average,15,0.0,0.01,0.349,0.141,0.0,0.0,0.084,0.0,0.0,0.536
MT,average,16,0.0,0.01,0.247,0.138,0.0,0.0,0.174,0.0,0.0,0.558
MT,average,17,0.0,0.01,0.128,0.139,0.0,0.0,0.31,0.0,0.0,0.587
MT,average,18,0.0,0.01,0.0,0.138,0.0,0.0,0.456,0.0,0.0,0.603
MT,average,19,0.0,0.01,0.0,0.14,0.0,0.0,0.443,0.0,0.0,0.592
MT,average,20,0.0,0.01,0.0,0.137,0.0,0.0,0.411,0.0,0.0,0.558
MT,average,21,0.0,0.01,0.0,0.139,0.0,0.0,0.361,0.0,0.0,0.509
MT,average,22,0.0,0.01,0.0,0.138,0.0,0.0,0.308,0.0,0.0,0.456
MT,average,23,0.0,0.01,0.0,0.141,0.0,0.0,0.253,0.0,0.0,0.404
MT,winter,0,0.0,0.01,0.0,0.141,0.0,0.0,0.249,0.0,0.0,0.4
MT,winter,1,0.0,0.01,0.0,0.137,0.0,0.0,0.23,0.0,0.0,0.377
MT,winter,2,0.0,0.01,0.0,0.139,0.0,0.0,0.218,0.0,0.0,0.366
MT,winter,3,0.0,0.01,0.0,0.146,0.0,0.0,0.21,0.0,0.0,0.366
MT,winter,4,0.0,0.01,0.0,0.151,0.0,0.0,0.228,0.0,0.0,0.388
MT,winter,5,0.0,0.01,0.0,0.155,0.0,0.0,0.283,0.0,0.0,0.448
MT,winter,6,0.0,0.01,0.0,0.151,0.0,0.0,0.362,0.0,0.0,0.522
MT,winter,7,0.0,0.01,0.089,0.144,0.0,0.0,0.332,0.0,0.0,0.574
MT,winter,8,0.0,0.01,0.172,0.153,0.0,0.0,0.269,0.0,0.0,0.603
MT,winter,9,0.0,0.01,0.243,0.145,0.0,0.0,0.212,0.0,0.0,0.609
MT,winter,10,0.0,0.01,0.297,0.144,0.0,0.0,0.164,0.0,0.0,0.609
MT,winter,11,0.0,0.01,0.332,0.141,0.0,0.0,0.136,0.0,0.0,0.607
MT,winter,12,0.0,0.01,0.343,0.133,0.0,0.0,0.119,0.0,0.0,0.589
MT,winter,13,0.0,0.01,0.332,0.137,0.0,0.0,0.117,0.0,0.0,0.578
MT,winter,14,0.0,0.01,0.297,0.141,0.0,0.0,0.135,0.0,0.0,0.573
MT,winter,15,0.0,0.01,0.243,0.156,0.0,0.0,0.172,0.0,0.0,0.58
MT,winter,16,0.0,0.01,0.172,0.155,0.0,0.0,0.27,0.0,0.0,0.605
MT,winter,17,0.0,0.01,0.089,0.154,0.0,0.0,0.387,0.0,0.0,0.639
MT,winter,18,0.0,0.01,0.0,0.149,0.0,0.0,0.5,0.0,0.0,0.659
MT,winter,19,0.0,0.01,0.0,0.15,0.0,0.0,0.485,0.0,0.0,0.645
MT,winter,20,0.0,0.01,0.0,0.152,0.0,0.0,0.443,0.0,0.0,0.605
MT,winter,21,0.0,0.01,0.0,0.15,0.0,0.0,0.39,0.0,0.0,0.549
MT,winter,22,0.0,0.01,0.0,0.146,0.0,0.0,0.335,0.0,0.0,0.49
MT,winter,23,0.0,0.01,0.0,0.146,0.0,0.0,0.278,0.0,0.0,0.434
MT,coldsnap,0,0.0,0.01,0.0,0.02,0.0,0.0,0.396,0.0,0.0,0.426
MT,coldsnap,1,0.0,0.01,0.0,0.035,0.0,0.0,0.357,0.0,0.0,0.401
MT,coldsnap,2,0.0,0.01,0.0,0.023,0.0,0.0,0.356,0.0,0.0,0.389
MT,coldsnap,3,0.0,0.01,0.0,0.04,0.0,0.0,0.339,0.0,0.0,0.389
MT,coldsnap,4,0.0,0.01,0.0,0.05,0.0,0.0,0.354,0.0,0.0,0.413
MT,coldsnap,5,0.0,0.01,0.0,0.064,0.0,0.0,0.406,0.0,0.0,0.48
MT,coldsnap,6,0.0,0.01,0.0,0.072,0.0,0.0,0.498,0.0,0.0,0.579
MT,coldsnap,7,0.0,0.01,0.083,0.1,0.0,0.0,0.456,0.0,0.0,0.649
MT,coldsnap,8,0.0,0.01,0.161,0.1,0.0,0.0,0.413,0.0,0.0,0.684
MT,coldsnap,9,0.0,0.01,0.228,0.085,0.0,0.0,0.358,0.0,0.0,0.681
MT,coldsnap,10,0.0,0.01,0.279,0.096,0.0,0.0,0.272,0.0,0.0,0.657
MT,coldsnap,11,0.0,0.01,0.312,0.091,0.0,0.0,0.241,0.0,0.0,0.653
MT,coldsnap,12,0.0,0.01,0.323,0.095,0.0,0.0,0.207,0.0,0.0,0.634
MT,coldsnap,13,0.0,0.01,0.312,0.1,0.0,0.0,0.2,0.0,0.0,0.622
MT,coldsnap,14,0.0,0.01,0.279,0.1,0.0,0.0,0.227,0.0,0.0,0.616
MT,coldsnap,15,0.0,0.01,0.228,0.1,0.0,0.0,0.288,0.0,0.0,0.626
MT,coldsnap,16,0.0,0.01,0.161,0.1,0.0,0.0,0.385,0.0,0.0,0.656
MT,coldsnap,17,0.0,0.01,0.083,0.1,0.0,0.0,0.505,0.0,0.0,0.698
MT,coldsnap,18,0.0,0.01,0.0,0.1,0.0,0.0,0.614,0.0,0.0,0.724
MT,coldsnap,19,0.0,0.01,0.0,0.087,0.0,0.0,0.609,0.0,0.0,0.706
MT,coldsnap,20,0.0,0.01,0.0,0.07,0.0,0.0,0.576,0.0,0.0,0.656
MT,coldsnap,21,0.0,0.01,0.0,0.1,0.0,0.0,0.48,0.0,0.0,0.59
MT,coldsnap,22,0.0,0.01,0.0,0.074,0.0,0.0,0.44,0.0,0.0,0.524
MT,coldsnap,23,0.0,0.01,0.0,0.1,0.0,0.0,0.353,0.0,0.0,0.462
NL,average,0,2.7,1.44,0.0,28.823,0.0,0.029,2.825,0.0,0.0,15.039
NL,average,1,2.7,1.44,0.0,28.573,0.0,0.0,2.458,0.0,0.0,14.145
NL,average,2,2.7,1.44,0.0,28.639,0.0,0.0,2.304,0.0,0.0,13.712
NL,average,3,2.7,1.44,0.0,28.647,0.0,0.0,2.092,0.0,0.0,13.712
NL,average,4,2.7,1.44,0.0,29.119,0.0,0.011,2.367,0.0,0.0,14.578
NL,average,5,2.7,1.44,0.0,29.238,0.0,0.225,3.245,0.0,0.0,16.973
NL,average,6,2.7,1.44,0.0,29.327,0.0,0.801,3.804,0.0,0.0,20.037
NL,average,7,2.7,1.44,8.178,28.951,0.0,0.532,2.351,0.0,0.0,22.239
NL,average,8,2.7,1.44,15.798,28.783,0.0,0.281,1.639,0.0,0.0,23.373
NL,average,9,2.7,1.44,22.342,29.962,0.0,0.058,1.086,0.0,0.0,23.398
NL,average,10,2.7,1.44,27.363,28.666,0.0,0.0,0.659,0.0,0.0,23.215
NL,average,11,2.7,1.44,30.52,29.51,0.0,0.0,0.459,0.0,0.0,23.056
NL,average,12,2.7,1.44,31.597,29.109,0.0,0.0,0.409,0.0,0.0,22.39
NL,average,13,2.7,1.44,30.52,28.556,0.0,0.0,0.386,0.0,0.0,21.947
NL,average,14,2.7,1.44,27.363,28.684,0.0,0.0,0.461,0.0,0.0,21.756
NL,average,15,2.7,1.44,22.342,27.854,0.0,0.001,0.884,0.0,0.0,22.102
NL,average,16,2.7,1.44,15.798,28.283,0.0,0.173,1.416,0.0,0.0,23.187
NL,average,17,2.7,1.44,8.178,28.772,0.0,0.8,2.984,0.0,0.0,24.654
NL,average,18,2.7,1.44,0.0,28.426,0.0,2.555,4.935,0.0,0.0,25.516
NL,average,19,2.7,1.44,0.0,29.03,0.0,2.331,4.761,0.0,0.0,24.916
NL,average,20,2.7,1.44,0.0,29.986,0.0,1.594,4.196,0.0,0.0,23.187
NL,average,21,2.7,1.44,0.0,29.122,0.0,0.962,3.782,0.0,0.0,20.842
NL,average,22,2.7,1.44,0.0,28.117,0.0,0.49,3.57,0.0,0.0,18.499
NL,average,23,2.7,1.44,0.0,28.516,0.0,0.111,2.889,0.0,0.0,16.316
NL,winter,0,2.7,1.44,0.0,28.494,0.0,0.116,3.182,0.0,0.0,17.57
NL,winter,1,2.7,1.44,0.0,28.683,0.0,0.001,2.74,0.0,0.0,16.481
NL,winter,2,2.7,1.44,0.0,29.311,0.0,0.0,2.669,0.0,0.0,15.963
NL,winter,3,2.7,1.44,0.0,30.144,0.0,0.0,2.668,0.0,0.0,15.963
NL,winter,4,2.7,1.44,0.0,29.597,0.0,0.046,3.253,0.0,0.0,17.001
NL,winter,5,2.7,1.44,0.0,28.291,0.0,0.736,4.299,0.0,0.0,20.035
NL,winter,6,2.7,1.44,0.0,28.22,0.0,1.926,4.706,0.0,0.0,24.147
NL,winter,7,2.7,1.44,4.26,28.136,0.0,1.809,4.732,0.0,0.0,27.23
NL,winter,8,2.7,1.44,8.23,28.312,0.0,1.106,4.399,0.0,0.0,28.665
NL,winter,9,2.7,1.44,11.639,28.375,0.0,0.234,3.599,0.0,0.0,28.339
NL,winter,10,2.7,1.44,14.255,29.072,0.0,0.0,2.359,0.0,0.0,27.708
NL,winter,11,2.7,1.44,15.9,29.83,0.0,0.0,1.709,0.0,0.0,27.391
NL,winter,12,2.7,1.44,16.46,28.471,0.0,0.0,1.575,0.0,0.0,26.573
NL,winter,13,2.7,1.44,15.9,29.03,0.0,0.0,1.435,0.0,0.0,26.029
NL,winter,14,2.7,1.44,14.255,28.915,0.0,0.0,1.66,0.0,0.0,25.818
NL,winter,15,2.7,1.44,11.639,28.16,0.0,0.002,2.997,0.0,0.0,26.336
NL,winter,16,2.7,1.44,8.23,28.465,0.0,0.683,4.186,0.0,0.0,27.824
NL,winter,17,2.7,1.44,4.26,27.717,0.0,2.663,5.229,0.0,0.0,29.923
NL,winter,18,2.7,1.44,0.0,27.21,0.0,4.374,5.623,0.0,0.0,31.156
NL,winter,19,2.7,1.44,0.0,29.554,0.0,4.068,5.244,0.0,0.0,30.281
NL,winter,20,2.7,1.44,0.0,31.268,0.0,2.922,4.428,0.0,0.0,27.824
NL,winter,21,2.7,1.44,0.0,31.88,0.0,1.646,3.768,0.0,0.0,24.676
NL,winter,22,2.7,1.44,0.0,28.674,0.0,1.143,4.307,0.0,0.0,21.722
NL,winter,23,2.7,1.44,0.0,28.642,0.0,0.35,3.289,0.0,0.0,19.088
NL,coldsnap,0,2.7,1.44,0.0,12.466,0.0,0.0,2.834,0.0,0.0,19.44
NL,coldsnap,1,2.7,1.44,0.0,14.577,0.0,0.0,0.0,0.0,0.0,18.174
NL,coldsnap,2,2.7,1.44,0.0,11.074,0.0,0.0,2.369,0.0,0.0,17.584
NL,coldsnap,3,2.7,1.44,0.0,11.668,0.0,0.0,1.776,0.0,0.0,17.584
NL,coldsnap,4,2.7,1.44,0.0,8.72,0.0,0.0,5.907,0.0,0.0,18.767
NL,coldsnap,5,2.7,1.44,0.0,17.069,0.0,0.0,1.24,0.0,0.0,22.448
NL,coldsnap,6,2.7,1.44,0.0,19.067,0.0,0.0,6.32,0.0,0.0,29.526
NL,coldsnap,7,2.7,1.44,3.723,19.067,0.0,0.0,7.771,0.0,0.0,34.7
NL,coldsnap,8,2.7,1.44,7.191,19.067,0.0,0.0,6.403,0.0,0.0,36.801
NL,coldsnap,9,2.7,1.44,10.17,19.067,0.0,0.0,1.936,0.0,0.0,35.313
NL,coldsnap,10,2.7,1.44,12.456,19.067,0.0,0.0,0.0,0.0,0.0,31.639
NL,coldsnap,11,2.7,1.44,13.893,19.067,0.0,0.0,0.0,0.0,0.0,31.08
NL,coldsnap,12,2.7,1.44,14.383,19.067,0.0,0.0,0.0,0.0,0.0,30.095
NL,coldsnap,13,2.7,1.44,13.893,14.19,0.0,0.0,0.0,0.0,0.0,29.443
NL,coldsnap,14,2.7,1.44,12.456,11.076,0.0,0.0,1.55,0.0,0.0,29.222
NL,coldsnap,15,2.7,1.44,10.17,13.207,0.0,0.0,2.459,0.0,0.0,29.976
NL,coldsnap,16,2.7,1.44,7.191,13.149,0.0,0.0,7.522,0.0,0.0,32.002
NL,coldsnap,17,2.7,1.44,3.723,10.102,0.0,5.078,12.0,0.0,0.0,35.042
NL,coldsnap,18,2.7,1.44,0.0,10.56,0.0,10.165,12.0,0.0,0.0,36.865
NL,coldsnap,19,2.7,1.44,0.0,3.756,0.0,15.649,12.0,0.0,0.0,35.544
NL,coldsnap,20,2.7,1.44,0.0,4.909,0.0,10.953,12.0,0.0,0.0,32.002
NL,coldsnap,21,2.7,1.44,0.0,1.907,0.0,9.782,12.0,0.0,0.0,27.829
NL,coldsnap,22,2.7,1.44,0.0,3.691,0.0,4.385,12.0,0.0,0.0,24.216
NL,coldsnap,23,2.7,1.44,0.0,1.907,0.0,3.116,12.0,0.0,0.0,21.163
PL,average,0,8.1,1.44,0.0,17.65,0.48,0.034,4.246,0.0,0.0,21.615
PL,average,1,8.1,1.44,0.0,17.41,0.48,0.0,3.432,0.0,0.0,20.344
PL,average,2,8.1,1.44,0.0,18.186,0.48,0.0,3.035,0.0,0.0,19.726
PL,average,3,8.1,1.44,0.0,18.487,0.48,0.0,3.058,0.0,0.0,19.726
PL,average,4,8.1,1.44,0.0,18.624,0.48,0.02,3.644,0.0,0.0,20.964
PL,average,5,8.1,1.44,0.0,18.998,0.48,0.366,4.766,0.0,0.003,24.332
PL,average,6,8.1,1.44,0.0,19.057,0.48,1.177,6.06,0.0,0.117,28.602
PL,average,7,8.1,1.44,6.133,18.988,0.48,0.904,4.502,0.0,0.226,31.639
PL,average,8,8.1,1.44,11.849,19.293,0.48,0.724,3.24,0.0,0.243,33.248
PL,average,9,8.1,1.44,16.757,19.541,0.48,0.377,2.451,0.0,0.162,33.378
PL,average,10,8.1,1.44,20.523,19.365,0.48,0.234,2.104,0.0,0.111,33.209
PL,average,11,8.1,1.44,22.89,19.196,0.48,0.152,1.939,0.0,0.07,33.018
PL,average,12,8.1,1.44,23.697,18.712,0.48,0.085,1.706,0.0,0.043,32.071
PL,average,13,8.1,1.44,22.89,18.166,0.48,0.075,1.745,0.0,0.037,31.44
PL,average,14,8.1,1.44,20.523,17.939,0.48,0.111,1.907,0.0,0.048,31.161
PL,average,15,8.1,1.44,16.757,18.733,0.48,0.24,2.231,0.0,0.087,31.626
PL,average,16,8.1,1.44,11.849,18.559,0.48,0.743,3.58,0.0,0.181,33.125
PL,average,17,8.1,1.44,6.133,18.788,0.48,1.721,5.716,0.0,0.36,35.132
PL,average,18,8.1,1.44,0.0,18.129,0.48,4.137,8.041,0.014,0.473,36.314
PL,average,19,8.1,1.44,0.0,17.5,0.48,3.853,7.965,0.0,0.405,35.495
PL,average,20,8.1,1.44,0.0,16.706,0.48,2.785,7.782,0.0,0.348,33.125
PL,average,21,8.1,1.44,0.0,17.156,0.48,1.539,6.814,0.0,0.289,29.866
PL,average,22,8.1,1.44,0.0,16.853,0.48,0.63,6.303,0.0,0.156,26.559
PL,average,23,8.1,1.44,0.0,17.043,0.48,0.148,5.066,0.0,0.028,23.445
PL,winter,0,8.1,1.44,0.0,21.955,0.496,0.125,4.295,0.0,0.0,25.028
PL,winter,1,8.1,1.44,0.0,21.36,0.496,0.0,3.73,0.0,0.0,23.502
PL,winter,2,8.1,1.44,0.0,21.949,0.496,0.0,3.248,0.0,0.0,22.771
PL,winter,3,8.1,1.44,0.0,22.642,0.496,0.0,2.983,0.0,0.0,22.771
PL,winter,4,8.1,1.44,0.0,22.726,0.496,0.08,3.903,0.0,0.0,24.235
PL,winter,5,8.1,1.44,0.0,21.903,0.496,1.025,5.317,0.0,0.011,28.422
PL,winter,6,8.1,1.44,0.0,22.275,0.496,2.52,6.417,0.0,0.43,34.011
PL,winter,7,8.1,1.44,3.195,22.219,0.496,2.477,6.491,0.0,0.832,38.145
PL,winter,8,8.1,1.44,6.173,21.843,0.496,2.425,6.25,0.0,0.912,40.14
PL,winter,9,8.1,1.44,8.729,22.173,0.496,1.417,5.597,0.0,0.614,39.861
PL,winter,10,8.1,1.44,10.691,21.716,0.496,0.918,5.636,0.0,0.437,39.161
PL,winter,11,8.1,1.44,11.925,20.992,0.496,0.591,5.614,0.0,0.279,38.781
PL,winter,12,8.1,1.44,12.345,20.879,0.496,0.339,5.141,0.0,0.173,37.635
PL,winter,13,8.1,1.44,11.925,20.315,0.496,0.301,5.302,0.0,0.15,36.874
PL,winter,14,8.1,1.44,10.691,21.074,0.496,0.439,5.006,0.0,0.192,36.566
PL,winter,15,8.1,1.44,8.729,22.296,0.496,0.817,4.996,0.0,0.348,37.242
PL,winter,16,8.1,1.44,6.173,22.123,0.496,2.067,6.215,0.0,0.667,39.244
PL,winter,17,8.1,1.44,3.195,22.33,0.496,3.767,6.923,0.0,1.323,42.034
PL,winter,18,8.1,1.44,0.0,21.921,0.496,5.306,8.037,0.055,1.726,43.677
PL,winter,19,8.1,1.44,0.0,19.574,0.496,5.69,8.372,0.0,1.463,42.518
PL,winter,20,8.1,1.44,0.0,20.021,0.496,3.553,7.611,0.0,1.265,39.244
PL,winter,21,8.1,1.44,0.0,19.677,0.496,2.238,7.114,0.0,1.004,34.977
PL,winter,22,8.1,1.44,0.0,18.919,0.496,1.253,6.661,0.0,0.495,30.886
PL,winter,23,8.1,1.44,0.0,20.427,0.496,0.342,4.81,0.0,0.096,27.177
PL,coldsnap,0,8.1,1.44,0.0,5.657,0.484,0.0,11.763,0.0,0.0,27.443
PL,coldsnap,1,8.1,1.44,0.0,5.649,0.484,0.0,10.023,0.0,0.0,25.696
PL,coldsnap,2,8.1,1.44,0.0,1.71,0.484,0.0,13.139,0.0,0.0,24.873
PL,coldsnap,3,8.1,1.44,0.0,2.574,0.484,0.0,12.275,0.0,0.0,24.873
PL,coldsnap,4,8.1,1.44,0.0,7.26,0.484,0.0,9.238,0.0,0.0,26.522
PL,coldsnap,5,8.1,1.44,0.0,5.594,0.484,1.89,14.0,0.0,0.0,31.508
PL,coldsnap,6,8.1,1.44,0.0,4.822,0.484,11.831,14.0,0.0,0.0,40.676
PL,coldsnap,7,8.1,1.44,2.81,3.866,0.484,7.272,14.0,0.0,9.362,47.334
PL,coldsnap,8,8.1,1.44,5.428,1.24,0.484,1.8,14.0,0.0,17.647,50.139
PL,coldsnap,9,8.1,1.44,7.677,1.24,0.484,1.8,14.0,0.0,13.733,48.473
PL,coldsnap,10,8.1,1.44,9.402,1.24,0.484,1.8,14.0,0.0,7.666,44.132
PL,coldsnap,11,8.1,1.44,10.487,1.24,0.484,1.8,14.0,0.0,5.914,43.464
PL,coldsnap,12,8.1,1.44,10.856,1.24,0.484,1.8,14.0,0.0,4.19,42.11
PL,coldsnap,13,8.1,1.44,10.487,1.24,0.484,1.8,14.0,0.0,3.663,41.214
PL,coldsnap,14,8.1,1.44,9.402,1.24,0.484,1.8,14.0,0.0,4.426,40.891
PL,coldsnap,15,8.1,1.44,7.677,1.24,0.484,1.8,14.0,0.0,7.112,41.852
PL,coldsnap,16,8.1,1.44,5.428,1.24,0.484,1.8,14.0,0.0,12.018,44.51
PL,coldsnap,17,8.1,1.44,2.81,1.24,0.484,1.8,14.0,0.0,18.565,48.439
PL,coldsnap,18,8.1,1.44,0.0,1.24,0.484,1.8,14.0,1.683,22.048,50.795
PL,coldsnap,19,8.1,1.44,0.0,1.24,0.484,1.8,14.0,0.0,22.034,49.097
PL,coldsnap,20,8.1,1.44,0.0,2.754,0.484,1.8,14.0,0.0,15.932,44.51
PL,coldsnap,21,8.1,1.44,0.0,5.092,0.484,1.8,14.0,0.0,8.076,38.991
PL,coldsnap,22,8.1,1.44,0.0,5.99,0.484,1.8,14.0,0.0,2.273,34.087
PL,coldsnap,23,8.1,1.44,0.0,8.018,0.484,0.0,11.812,0.0,0.0,29.853
PT,average,0,0.0,0.48,0.0,5.913,1.28,0.42,1.276,0.0,0.0,6.195
PT,average,1,0.0,0.48,0.0,6.009,1.28,0.313,1.235,0.0,0.0,5.845
PT,average,2,0.0,0.48,0.0,6.242,1.28,0.236,1.098,0.0,0.0,5.672
PT,average,3,0.0,0.48,0.0,6.256,1.28,0.22,1.103,0.0,0.0,5.672
PT,average,4,0.0,0.48,0.0,6.225,1.28,0.311,1.164,0.0,0.0,6.019
PT,average,5,0.0,0.48,0.0,6.1,1.28,0.65,1.33,0.0,0.0,6.907
PT,average,6,0.0,0.48,0.0,6.125,1.28,1.07,1.457,0.0,0.0,7.99
PT,average,7,0.0,0.48,4.472,6.136,1.28,0.148,0.668,0.0,0.0,8.725
PT,average,8,0.0,0.48,8.64,5.952,1.28,0.003,0.207,0.0,0.0,9.163
PT,average,9,0.0,0.48,12.218,6.199,1.28,0.0,0.022,0.0,0.0,9.3
PT,average,10,0.0,0.48,14.964,6.071,1.28,0.0,0.0,0.0,0.0,9.35
PT,average,11,0.0,0.48,16.691,6.15,1.28,0.0,0.0,0.0,0.0,9.336
PT,average,12,0.0,0.48,17.279,6.206,1.28,0.0,0.0,0.0,0.0,9.074
PT,average,13,0.0,0.48,16.691,6.236,1.28,0.0,0.0,0.0,0.0,8.9
PT,average,14,0.0,0.48,14.964,6.296,1.28,0.0,0.0,0.0,0.0,8.816
PT,average,15,0.0,0.48,12.218,6.347,1.28,0.0,0.0,0.0,0.0,8.914
PT,average,16,0.0,0.48,8.64,6.202,1.28,0.0,0.204,0.0,0.0,9.28
PT,average,17,0.0,0.48,4.472,6.051,1.28,0.315,0.951,0.0,0.0,9.748
PT,average,18,0.0,0.48,0.0,6.14,1.28,2.059,1.676,0.0,0.0,10.027
PT,average,19,0.0,0.48,0.0,6.198,1.28,1.916,1.662,0.0,0.0,9.839
PT,average,20,0.0,0.48,0.0,6.162,1.28,1.685,1.662,0.0,0.0,9.28
PT,average,21,0.0,0.48,0.0,6.196,1.28,1.251,1.519,0.0,0.0,8.465
PT,average,22,0.0,0.48,0.0,5.969,1.28,0.934,1.481,0.0,0.0,7.582
PT,average,23,0.0,0.48,0.0,5.801,1.28,0.611,1.403,0.0,0.0,6.713
PT,winter,0,0.0,0.48,0.0,6.853,1.323,0.456,1.1,0.0,0.0,6.643
PT,winter,1,0.0,0.48,0.0,6.644,1.323,0.36,1.16,0.0,0.0,6.263
PT,winter,2,0.0,0.48,0.0,6.75,1.323,0.271,1.089,0.0,0.0,6.075
PT,winter,3,0.0,0.48,0.0,6.911,1.323,0.252,1.01,0.0,0.0,6.075
PT,winter,4,0.0,0.48,0.0,6.189,1.323,0.46,1.301,0.0,0.0,6.45
PT,winter,5,0.0,0.48,0.0,6.214,1.323,0.793,1.449,0.0,0.0,7.432
PT,winter,6,0.0,0.48,0.0,6.614,1.323,1.223,1.451,0.0,0.0,8.658
PT,winter,7,0.0,0.48,3.109,6.707,1.323,0.387,1.097,0.0,0.0,9.508
PT,winter,8,0.0,0.48,6.006,6.416,1.323,0.013,0.618,0.0,0.0,9.99
PT,winter,9,0.0,0.48,8.494,6.693,1.323,0.0,0.088,0.0,0.0,10.094
PT,winter,10,0.0,0.48,10.403,6.69,1.323,0.0,0.0,0.0,0.0,10.097
PT,winter,11,0.0,0.48,11.603,6.649,1.323,0.0,0.0,0.0,0.0,10.066
PT,winter,12,0.0,0.48,12.012,6.841,1.323,0.0,0.0,0.0,0.0,9.781
PT,winter,13,0.0,0.48,11.603,7.132,1.323,0.0,0.0,0.0,0.0,9.591
PT,winter,14,0.0,0.48,10.403,7.154,1.323,0.0,0.0,0.0,0.0,9.502
PT,winter,15,0.0,0.48,8.494,7.035,1.323,0.0,0.002,0.0,0.0,9.621
PT,winter,16,0.0,0.48,6.006,6.747,1.323,0.0,0.537,0.0,0.0,10.04
PT,winter,17,0.0,0.48,3.109,6.44,1.323,0.752,1.299,0.0,0.0,10.588
PT,winter,18,0.0,0.48,0.0,6.542,1.323,2.269,1.729,0.0,0.0,10.913
PT,winter,19,0.0,0.48,0.0,6.732,1.323,2.084,1.58,0.0,0.0,10.691
PT,winter,20,0.0,0.48,0.0,6.487,1.323,1.854,1.66,0.0,0.0,10.04
PT,winter,21,0.0,0.48,0.0,6.945,1.323,1.306,1.399,0.0,0.0,9.117
PT,winter,22,0.0,0.48,0.0,6.646,1.323,1.002,1.426,0.0,0.0,8.143
PT,winter,23,0.0,0.48,0.0,6.735,1.323,0.644,1.27,0.0,0.0,7.202
PT,coldsnap,0,0.0,0.48,0.0,0.669,1.274,1.64,3.0,0.0,0.0,7.063
PT,coldsnap,1,0.0,0.48,0.0,1.644,1.274,0.251,3.0,0.0,0.0,6.649
PT,coldsnap,2,0.0,0.48,0.0,2.41,1.274,0.0,2.284,0.0,0.0,6.448
PT,coldsnap,3,0.0,0.48,0.0,1.618,1.274,0.076,3.0,0.0,0.0,6.448
PT,coldsnap,4,0.0,0.48,0.0,0.977,1.274,1.121,3.0,0.0,0.0,6.852
PT,coldsnap,5,0.0,0.48,0.0,1.811,1.274,1.378,3.0,0.0,0.0,7.943
PT,coldsnap,6,0.0,0.48,0.0,0.771,1.274,4.029,3.0,0.0,0.0,9.554
PT,coldsnap,7,0.0,0.48,2.922,0.373,1.274,2.629,3.0,0.0,0.0,10.679
PT,coldsnap,8,0.0,0.48,5.644,0.499,1.274,0.356,3.0,0.0,0.0,11.254
PT,coldsnap,9,0.0,0.48,7.982,0.373,1.274,0.0,1.111,0.0,0.0,11.221
PT,coldsnap,10,0.0,0.48,9.776,0.373,1.274,0.0,0.0,0.0,0.0,10.874
PT,coldsnap,11,0.0,0.48,10.904,0.373,1.274,0.0,0.0,0.0,0.0,10.811
PT,coldsnap,12,0.0,0.48,11.289,0.569,1.274,0.0,0.0,0.0,0.0,10.497
PT,coldsnap,13,0.0,0.48,10.904,1.547,1.274,0.0,0.0,0.0,0.0,10.288
PT,coldsnap,14,0.0,0.48,9.776,2.436,1.274,0.0,0.0,0.0,0.0,10.196
PT,coldsnap,15,0.0,0.48,7.982,2.766,1.274,0.0,0.0,0.0,0.0,10.348
PT,coldsnap,16,0.0,0.48,5.644,2.098,1.274,0.0,1.351,0.0,0.0,10.848
PT,coldsnap,17,0.0,0.48,2.922,1.803,1.274,2.049,3.0,0.0,0.0,11.529
PT,coldsnap,18,0.0,0.48,0.0,1.725,1.274,5.458,3.0,0.0,0.0,11.937
PT,coldsnap,19,0.0,0.48,0.0,0.759,1.274,6.14,3.0,0.0,0.0,11.653
PT,coldsnap,20,0.0,0.48,0.0,0.373,1.274,5.72,3.0,0.0,0.0,10.848
PT,coldsnap,21,0.0,0.48,0.0,0.373,1.274,4.64,3.0,0.0,0.0,9.768
PT,coldsnap,22,0.0,0.48,0.0,0.373,1.274,3.556,3.0,0.0,0.0,8.684
PT,coldsnap,23,0.0,0.48,0.0,0.373,1.274,2.535,3.0,0.0,0.0,7.663
RO,average,0,3.6,0.24,0.0,4.43,1.12,0.0,0.667,0.0,0.0,7.019
RO,average,1,3.6,0.24,0.0,4.539,1.12,0.0,0.466,0.0,0.0,6.598
RO,average,2,3.6,0.24,0.0,4.464,1.12,0.0,0.392,0.0,0.0,6.395
RO,average,3,3.6,0.24,0.0,4.51,1.12,0.0,0.381,0.0,0.0,6.395
RO,average,4,3.6,0.24,0.0,4.313,1.12,0.0,0.573,0.0,0.0,6.802
RO,average,5,3.6,0.24,0.0,4.228,1.12,0.029,1.072,0.0,0.0,7.941
RO,average,6,3.6,0.24,0.0,4.392,1.12,0.277,1.543,0.0,0.0,9.409
RO,average,7,3.6,0.24,1.84,4.336,1.12,0.344,1.245,0.0,0.0,10.474
RO,average,8,3.6,0.24,3.555,4.481,1.12,0.257,0.887,0.0,0.0,11.009
RO,average,9,3.6,0.24,5.027,4.301,1.12,0.151,0.659,0.0,0.0,10.994
RO,average,10,3.6,0.24,6.157,4.309,1.12,0.062,0.492,0.0,0.0,10.881
RO,average,11,3.6,0.24,6.867,4.268,1.12,0.037,0.4,0.0,0.0,10.796
RO,average,12,3.6,0.24,7.109,4.299,1.12,0.019,0.346,0.0,0.0,10.482
RO,average,13,3.6,0.24,6.867,4.319,1.12,0.018,0.348,0.0,0.0,10.274
RO,average,14,3.6,0.24,6.157,4.472,1.12,0.021,0.386,0.0,0.0,10.186
RO,average,15,3.6,0.24,5.027,4.372,1.12,0.063,0.518,0.0,0.0,10.357
RO,average,16,3.6,0.24,3.555,4.454,1.12,0.169,0.919,0.0,0.0,10.881
RO,average,17,3.6,0.24,1.84,4.582,1.12,0.542,1.559,0.0,0.0,11.594
RO,average,18,3.6,0.24,0.0,4.397,1.12,1.3,2.28,0.0,0.0,12.013
RO,average,19,3.6,0.24,0.0,4.447,1.12,1.097,2.27,0.008,0.0,11.72
RO,average,20,3.6,0.24,0.0,4.523,1.12,0.721,1.996,0.005,0.0,10.881
RO,average,21,3.6,0.24,0.0,4.373,1.12,0.354,1.727,0.0,0.0,9.754
RO,average,22,3.6,0.24,0.0,4.416,1.12,0.093,1.318,0.0,0.0,8.643
RO,average,23,3.6,0.24,0.0,4.414,1.12,0.01,0.91,0.0,0.0,7.617
RO,winter,0,3.6,0.24,0.0,4.326,1.158,0.0,1.189,0.0,0.0,8.266
RO,winter,1,3.6,0.24,0.0,4.614,1.158,0.0,0.896,0.0,0.0,7.746
RO,winter,2,3.6,0.24,0.0,4.823,1.158,0.0,0.626,0.0,0.0,7.501
RO,winter,3,3.6,0.24,0.0,4.831,1.158,0.0,0.606,0.0,0.0,7.501
RO,winter,4,3.6,0.24,0.0,4.691,1.158,0.0,0.93,0.0,0.0,7.993
RO,winter,5,3.6,0.24,0.0,4.694,1.158,0.096,1.499,0.0,0.0,9.459
RO,winter,6,3.6,0.24,0.0,5.06,1.158,0.736,1.893,0.0,0.0,11.471
RO,winter,7,3.6,0.24,0.959,4.952,1.158,1.045,2.048,0.0,0.0,12.995
RO,winter,8,3.6,0.24,1.852,5.216,1.158,0.866,1.856,0.0,0.0,13.684
RO,winter,9,3.6,0.24,2.619,5.095,1.158,0.541,1.643,0.0,0.0,13.477
RO,winter,10,3.6,0.24,3.207,5.298,1.158,0.233,1.275,0.0,0.0,13.123
RO,winter,11,3.6,0.24,3.577,5.433,1.158,0.148,1.126,0.0,0.0,12.954
RO,winter,12,3.6,0.24,3.704,5.247,1.158,0.077,1.048,0.0,0.0,12.563
RO,winter,13,3.6,0.24,3.577,5.032,1.158,0.072,1.089,0.0,0.0,12.304
RO,winter,14,3.6,0.24,3.207,5.283,1.158,0.082,1.195,0.0,0.0,12.207
RO,winter,15,3.6,0.24,2.619,4.985,1.158,0.248,1.386,0.0,0.0,12.468
RO,winter,16,3.6,0.24,1.852,5.079,1.158,0.583,1.904,0.0,0.0,13.201
RO,winter,17,3.6,0.24,0.959,5.119,1.158,1.4,2.275,0.0,0.0,14.246
RO,winter,18,3.6,0.24,0.0,4.545,1.158,2.601,2.89,0.0,0.0,14.859
RO,winter,19,3.6,0.24,0.0,4.551,1.158,2.307,2.817,0.031,0.0,14.422
RO,winter,20,3.6,0.24,0.0,4.201,1.158,1.745,2.702,0.021,0.0,13.201
RO,winter,21,3.6,0.24,0.0,4.091,1.158,0.957,2.401,0.0,0.0,11.659
RO,winter,22,3.6,0.24,0.0,4.258,1.158,0.299,2.009,0.0,0.0,10.235
RO,winter,23,3.6,0.24,0.0,4.295,1.158,0.04,1.487,0.0,0.0,8.983
RO,coldsnap,0,3.6,0.24,0.0,2.8,1.115,0.0,1.458,0.0,0.0,9.213
RO,coldsnap,1,3.6,0.24,0.0,2.8,1.115,0.0,0.847,0.0,0.0,8.602
RO,coldsnap,2,3.6,0.24,0.0,2.8,1.115,0.0,0.564,0.0,0.0,8.319
RO,coldsnap,3,3.6,0.24,0.0,2.672,1.115,0.0,0.691,0.0,0.0,8.319
RO,coldsnap,4,3.6,0.24,0.0,2.386,1.115,0.0,1.545,0.0,0.0,8.886
RO,coldsnap,5,3.6,0.24,0.0,1.961,1.115,0.0,3.775,0.0,0.0,10.691
RO,coldsnap,6,3.6,0.24,0.0,1.812,1.115,3.516,4.0,0.0,0.0,14.283
RO,coldsnap,7,3.6,0.24,0.838,2.377,1.115,4.752,4.0,0.0,0.0,16.922
RO,coldsnap,8,3.6,0.24,1.618,2.769,1.115,4.622,4.0,0.0,0.0,17.964
RO,coldsnap,9,3.6,0.24,2.288,2.477,1.115,3.413,4.0,0.0,0.0,17.133
RO,coldsnap,10,3.6,0.24,2.803,2.8,1.115,0.59,4.0,0.0,0.0,15.148
RO,coldsnap,11,3.6,0.24,3.126,2.8,1.115,0.0,3.968,0.0,0.0,14.849
RO,coldsnap,12,3.6,0.24,3.236,2.8,1.115,0.0,3.38,0.0,0.0,14.371
RO,coldsnap,13,3.6,0.24,3.126,2.8,1.115,0.0,3.174,0.0,0.0,14.055
RO,coldsnap,14,3.6,0.24,2.803,2.8,1.115,0.0,3.396,0.0,0.0,13.953
RO,coldsnap,15,3.6,0.24,2.288,2.8,1.115,0.297,4.0,0.0,0.0,14.34
RO,coldsnap,16,3.6,0.24,1.618,2.8,1.115,1.986,4.0,0.0,0.0,15.359
RO,coldsnap,17,3.6,0.24,0.838,2.797,1.115,4.315,4.0,0.0,0.0,16.905
RO,coldsnap,18,3.6,0.24,0.0,2.623,1.115,6.253,4.0,0.0,0.0,17.831
RO,coldsnap,19,3.6,0.24,0.0,2.489,1.115,5.713,4.0,0.0,0.0,17.157
RO,coldsnap,20,3.6,0.24,0.0,2.8,1.115,3.604,4.0,0.0,0.0,15.359
RO,coldsnap,21,3.6,0.24,0.0,2.8,1.115,1.518,4.0,0.0,0.0,13.273
RO,coldsnap,22,3.6,0.24,0.0,2.8,1.115,0.0,3.75,0.0,0.0,11.505
RO,coldsnap,23,3.6,0.24,0.0,2.14,1.115,0.0,2.941,0.0,0.0,10.036
SE,average,0,7.2,2.88,0.0,17.766,2.56,0.968,0.336,0.0,0.0,17.106
SE,average,1,7.2,2.88,0.0,17.007,2.56,0.714,0.317,0.0,0.0,16.124
SE,average,2,7.2,2.88,0.0,16.908,2.56,0.593,0.302,0.0,0.0,15.641
SE,average,3,7.2,2.88,0.0,17.214,2.56,0.574,0.301,0.0,0.0,15.641
SE,average,4,7.2,2.88,0.0,17.257,2.56,0.842,0.333,0.0,0.0,16.608
SE,average,5,7.2,2.88,0.0,17.178,2.56,1.803,0.415,0.0,0.0,19.148
SE,average,6,7.2,2.88,0.0,17.612,2.56,2.745,0.418,0.0,0.037,22.298
SE,average,7,7.2,2.88,2.556,17.746,2.56,2.664,0.419,0.0,0.088,24.483
SE,average,8,7.2,2.88,4.937,17.62,2.56,2.429,0.39,0.0,0.106,25.719
SE,average,9,7.2,2.88,6.982,17.561,2.56,1.857,0.305,0.0,0.105,25.984
SE,average,10,7.2,2.88,8.551,17.391,2.56,1.733,0.259,0.0,0.067,26.012
SE,average,11,7.2,2.88,9.537,17.501,2.56,1.384,0.23,0.0,0.052,25.927
SE,average,12,7.2,2.88,9.874,17.663,2.56,1.126,0.218,0.0,0.036,25.193
SE,average,13,7.2,2.88,9.537,17.671,2.56,1.086,0.204,0.0,0.028,24.704
SE,average,14,7.2,2.88,8.551,16.83,2.56,1.35,0.238,0.0,0.029,24.476
SE,average,15,7.2,2.88,6.982,17.444,2.56,1.641,0.264,0.0,0.049,24.788
SE,average,16,7.2,2.88,4.937,16.52,2.56,2.544,0.411,0.0,0.117,25.872
SE,average,17,7.2,2.88,2.556,16.483,2.56,4.164,0.525,0.0,0.217,27.287
SE,average,18,7.2,2.88,0.0,16.974,2.56,5.669,0.556,0.001,0.346,28.126
SE,average,19,7.2,2.88,0.0,17.127,2.56,5.227,0.538,0.0,0.363,27.553
SE,average,20,7.2,2.88,0.0,17.058,2.56,4.612,0.525,0.0,0.303,25.872
SE,average,21,7.2,2.88,0.0,17.469,2.56,3.436,0.468,0.0,0.178,23.483
SE,average,22,7.2,2.88,0.0,18.248,2.56,2.232,0.387,0.0,0.029,20.971
SE,average,23,7.2,2.88,0.0,17.858,2.56,1.357,0.345,0.0,0.0,18.545
SE,winter,0,7.2,2.88,0.0,17.824,2.647,1.656,0.405,0.0,0.0,19.326
SE,winter,1,7.2,2.88,0.0,17.179,2.647,1.406,0.4,0.0,0.0,18.196
SE,winter,2,7.2,2.88,0.0,17.371,2.647,1.209,0.418,0.0,0.0,17.644
SE,winter,3,7.2,2.88,0.0,17.615,2.647,1.2,0.389,0.0,0.0,17.644
SE,winter,4,7.2,2.88,0.0,16.939,2.647,1.63,0.412,0.0,0.0,18.748
SE,winter,5,7.2,2.88,0.0,17.647,2.647,2.814,0.462,0.0,0.0,21.728
SE,winter,6,7.2,2.88,0.0,19.035,2.647,3.775,0.444,0.0,0.125,25.538
SE,winter,7,7.2,2.88,1.331,18.476,2.647,4.61,0.457,0.0,0.315,28.247
SE,winter,8,7.2,2.88,2.572,17.882,2.647,4.857,0.491,0.0,0.42,29.696
SE,winter,9,7.2,2.88,3.637,18.173,2.647,4.347,0.513,0.0,0.402,29.828
SE,winter,10,7.2,2.88,4.455,18.572,2.647,4.327,0.458,0.0,0.26,29.661
SE,winter,11,7.2,2.88,4.969,18.81,2.647,3.528,0.427,0.0,0.207,29.504
SE,winter,12,7.2,2.88,5.144,18.714,2.647,3.059,0.451,0.0,0.143,28.656
SE,winter,13,7.2,2.88,4.969,18.039,2.647,3.206,0.443,0.0,0.112,28.091
SE,winter,14,7.2,2.88,4.455,16.497,2.647,3.762,0.522,0.0,0.116,27.839
SE,winter,15,7.2,2.88,3.637,16.803,2.647,4.37,0.495,0.0,0.193,28.244
SE,winter,16,7.2,2.88,2.572,16.335,2.647,5.064,0.532,0.0,0.44,29.572
SE,winter,17,7.2,2.88,1.331,16.704,2.647,6.422,0.6,0.0,0.803,31.351
SE,winter,18,7.2,2.88,0.0,16.959,2.647,7.552,0.615,0.006,1.278,32.406
SE,winter,19,7.2,2.88,0.0,18.137,2.647,6.315,0.594,0.0,1.261,31.677
SE,winter,20,7.2,2.88,0.0,17.769,2.647,5.48,0.572,0.0,1.008,29.572
SE,winter,21,7.2,2.88,0.0,17.774,2.647,4.77,0.549,0.0,0.564,26.683
SE,winter,22,7.2,2.88,0.0,18.736,2.647,3.186,0.426,0.0,0.098,23.743
SE,winter,23,7.2,2.88,0.0,18.6,2.647,2.227,0.377,0.0,0.0,20.963
SE,coldsnap,0,7.2,2.88,0.0,2.226,2.579,4.858,1.0,0.0,0.0,20.743
SE,coldsnap,1,7.2,2.88,0.0,3.436,2.579,2.402,1.0,0.0,0.0,19.498
SE,coldsnap,2,7.2,2.88,0.0,6.938,2.579,0.0,0.0,0.0,0.0,18.897
SE,coldsnap,3,7.2,2.88,0.0,1.16,2.579,4.078,1.0,0.0,0.0,18.897
SE,coldsnap,4,7.2,2.88,0.0,2.842,2.579,3.599,1.0,0.0,0.0,20.101
SE,coldsnap,5,7.2,2.88,0.0,2.895,2.579,6.913,1.0,0.0,0.0,23.468
SE,coldsnap,6,7.2,2.88,0.0,2.714,2.579,11.164,1.0,0.0,1.289,28.827
SE,coldsnap,7,7.2,2.88,1.171,1.16,2.579,9.6,1.0,0.0,7.036,32.626
SE,coldsnap,8,7.2,2.88,2.262,1.16,2.579,9.6,1.0,0.0,7.758,34.439
SE,coldsnap,9,7.2,2.88,3.199,1.16,2.579,9.6,1.0,0.0,6.392,34.009
SE,coldsnap,10,7.2,2.88,3.917,1.16,2.579,9.6,1.0,0.0,4.006,32.342
SE,coldsnap,11,7.2,2.88,4.369,1.16,2.579,9.6,1.0,0.0,3.277,32.066
SE,coldsnap,12,7.2,2.88,4.524,1.16,2.579,9.6,1.0,0.0,2.172,31.115
SE,coldsnap,13,7.2,2.88,4.369,1.16,2.579,9.6,1.0,0.0,1.694,30.483
SE,coldsnap,14,7.2,2.88,3.917,1.16,2.579,9.6,1.0,0.0,1.882,30.219
SE,coldsnap,15,7.2,2.88,3.199,1.16,2.579,9.6,1.0,0.0,3.129,30.747
SE,coldsnap,16,7.2,2.88,2.262,1.16,2.579,9.6,1.0,0.0,5.687,32.369
SE,coldsnap,17,7.2,2.88,1.171,1.16,2.579,9.6,1.0,0.0,9.057,34.647
SE,coldsnap,18,7.2,2.88,0.0,2.293,2.579,9.6,1.0,0.444,10.017,36.013
SE,coldsnap,19,7.2,2.88,0.0,4.003,2.579,9.6,1.0,0.0,7.787,35.05
SE,coldsnap,20,7.2,2.88,0.0,4.366,2.579,9.6,1.0,0.0,4.744,32.369
SE,coldsnap,21,7.2,2.88,0.0,1.16,2.579,9.6,1.0,0.0,4.492,28.911
SE,coldsnap,22,7.2,2.88,0.0,5.229,2.579,6.69,1.0,0.0,0.0,25.578
SE,coldsnap,23,7.2,2.88,0.0,5.907,2.579,2.956,1.0,0.0,0.0,22.522
SI,average,0,1.26,0.048,0.0,0.096,0.24,0.014,0.21,0.0,0.0,1.831
SI,average,1,1.26,0.048,0.0,0.095,0.24,0.002,0.146,0.0,0.0,1.724
SI,average,2,1.26,0.048,0.0,0.096,0.24,0.0,0.115,0.0,0.0,1.671
SI,average,3,1.26,0.048,0.0,0.097,0.24,0.0,0.115,0.0,0.0,1.671
SI,average,4,1.26,0.048,0.0,0.1,0.24,0.007,0.173,0.0,0.0,1.776
SI,average,5,1.26,0.048,0.0,0.098,0.24,0.094,0.326,0.0,0.0,2.061
SI,average,6,1.26,0.048,0.0,0.096,0.24,0.317,0.456,0.0,0.005,2.422
SI,average,7,1.26,0.048,0.613,0.097,0.24,0.249,0.269,0.0,0.009,2.678
SI,average,8,1.26,0.048,1.185,0.097,0.24,0.176,0.209,0.0,0.01,2.814
SI,average,9,1.26,0.048,1.676,0.098,0.24,0.098,0.158,0.0,0.004,2.826
SI,average,10,1.26,0.048,2.052,0.101,0.24,0.049,0.122,0.0,0.0,2.812
SI,average,11,1.26,0.048,2.289,0.105,0.24,0.026,0.101,0.0,0.0,2.796
SI,average,12,1.26,0.048,2.37,0.102,0.24,0.011,0.079,0.0,0.0,2.716
SI,average,13,1.26,0.048,2.289,0.102,0.24,0.009,0.075,0.0,0.0,2.663
SI,average,14,1.26,0.048,2.052,0.099,0.24,0.016,0.091,0.0,0.0,2.639
SI,average,15,1.26,0.048,1.676,0.098,0.24,0.049,0.133,0.0,0.0,2.678
SI,average,16,1.26,0.048,1.185,0.103,0.24,0.156,0.212,0.0,0.002,2.805
SI,average,17,1.26,0.048,0.613,0.101,0.24,0.401,0.333,0.0,0.016,2.974
SI,average,18,1.26,0.048,0.0,0.101,0.24,0.873,0.5,0.0,0.051,3.074
SI,average,19,1.26,0.048,0.0,0.098,0.24,0.805,0.5,0.0,0.054,3.005
SI,average,20,1.26,0.048,0.0,0.099,0.24,0.626,0.497,0.0,0.035,2.805
SI,average,21,1.26,0.048,0.0,0.097,0.24,0.4,0.478,0.0,0.007,2.53
SI,average,22,1.26,0.048,0.0,0.1,0.24,0.191,0.412,0.0,0.0,2.25
SI,average,23,1.26,0.048,0.0,0.096,0.24,0.058,0.296,0.0,0.0,1.986
SI,winter,0,1.26,0.048,0.0,0.099,0.248,0.047,0.417,0.0,0.0,2.119
SI,winter,1,1.26,0.048,0.0,0.096,0.248,0.007,0.332,0.0,0.0,1.99
SI,winter,2,1.26,0.048,0.0,0.096,0.248,0.001,0.279,0.0,0.0,1.928
SI,winter,3,1.26,0.048,0.0,0.094,0.248,0.001,0.281,0.0,0.0,1.928
SI,winter,4,1.26,0.048,0.0,0.088,0.248,0.025,0.383,0.0,0.0,2.052
SI,winter,5,1.26,0.048,0.0,0.085,0.248,0.274,0.49,0.0,0.0,2.405
SI,winter,6,1.26,0.048,0.0,0.083,0.248,0.718,0.5,0.0,0.019,2.876
SI,winter,7,1.26,0.048,0.32,0.087,0.248,0.726,0.5,0.0,0.035,3.224
SI,winter,8,1.26,0.048,0.617,0.095,0.248,0.59,0.496,0.0,0.038,3.392
SI,winter,9,1.26,0.048,0.873,0.098,0.248,0.361,0.468,0.0,0.015,3.37
SI,winter,10,1.26,0.048,1.069,0.103,0.248,0.191,0.401,0.0,0.0,3.312
SI,winter,11,1.26,0.048,1.192,0.106,0.248,0.102,0.349,0.0,0.0,3.281
SI,winter,12,1.26,0.048,1.235,0.105,0.248,0.046,0.288,0.0,0.0,3.184
SI,winter,13,1.26,0.048,1.192,0.106,0.248,0.035,0.278,0.0,0.0,3.12
SI,winter,14,1.26,0.048,1.069,0.11,0.248,0.066,0.319,0.0,0.0,3.093
SI,winter,15,1.26,0.048,0.873,0.113,0.248,0.19,0.419,0.0,0.0,3.15
SI,winter,16,1.26,0.048,0.617,0.114,0.248,0.523,0.498,0.0,0.01,3.319
SI,winter,17,1.26,0.048,0.32,0.109,0.248,1.005,0.5,0.0,0.064,3.553
SI,winter,18,1.26,0.048,0.0,0.113,0.248,1.317,0.5,0.0,0.205,3.691
SI,winter,19,1.26,0.048,0.0,0.114,0.248,1.206,0.5,0.0,0.218,3.594
SI,winter,20,1.26,0.048,0.0,0.11,0.248,1.012,0.5,0.0,0.14,3.319
SI,winter,21,1.26,0.048,0.0,0.109,0.248,0.766,0.5,0.0,0.028,2.959
SI,winter,22,1.26,0.048,0.0,0.105,0.248,0.453,0.5,0.0,0.0,2.614
SI,winter,23,1.26,0.048,0.0,0.101,0.248,0.168,0.475,0.0,0.0,2.3
SI,coldsnap,0,1.26,0.048,0.0,0.035,0.243,0.234,0.5,0.0,0.0,2.32
SI,coldsnap,1,1.26,0.048,0.0,0.059,0.243,0.063,0.5,0.0,0.0,2.173
SI,coldsnap,2,1.26,0.048,0.0,0.06,0.243,0.0,0.492,0.0,0.0,2.104
SI,coldsnap,3,1.26,0.048,0.0,0.049,0.243,0.004,0.5,0.0,0.0,2.104
SI,coldsnap,4,1.26,0.048,0.0,0.032,0.243,0.159,0.5,0.0,0.0,2.243
SI,coldsnap,5,1.26,0.048,0.0,0.011,0.243,0.6,0.5,0.0,0.0,2.663
SI,coldsnap,6,1.26,0.048,0.0,0.006,0.243,0.907,0.5,0.0,0.467,3.431
SI,coldsnap,7,1.26,0.048,0.282,0.006,0.243,0.9,0.5,0.0,0.749,3.989
SI,coldsnap,8,1.26,0.048,0.545,0.011,0.243,0.9,0.5,0.0,0.718,4.225
SI,coldsnap,9,1.26,0.048,0.771,0.007,0.243,0.9,0.5,0.0,0.359,4.087
SI,coldsnap,10,1.26,0.048,0.944,0.021,0.243,0.711,0.5,0.0,0.0,3.727
SI,coldsnap,11,1.26,0.048,1.053,0.006,0.243,0.562,0.5,0.0,0.0,3.672
SI,coldsnap,12,1.26,0.048,1.09,0.006,0.243,0.411,0.5,0.0,0.0,3.558
SI,coldsnap,13,1.26,0.048,1.053,0.006,0.243,0.372,0.5,0.0,0.0,3.482
SI,coldsnap,14,1.26,0.048,0.944,0.006,0.243,0.454,0.5,0.0,0.0,3.455
SI,coldsnap,15,1.26,0.048,0.771,0.008,0.243,0.705,0.5,0.0,0.0,3.535
SI,coldsnap,16,1.26,0.048,0.545,0.021,0.243,0.9,0.5,0.0,0.241,3.758
SI,coldsnap,17,1.26,0.048,0.282,0.048,0.243,0.9,0.5,0.0,0.806,4.087
SI,coldsnap,18,1.26,0.048,0.0,0.04,0.243,0.9,0.5,0.018,1.276,4.285
SI,coldsnap,19,1.26,0.048,0.0,0.018,0.243,0.9,0.5,0.0,1.173,4.143
SI,coldsnap,20,1.26,0.048,0.0,0.016,0.243,0.9,0.5,0.0,0.791,3.758
SI,coldsnap,21,1.26,0.048,0.0,0.006,0.243,0.9,0.5,0.0,0.337,3.294
SI,coldsnap,22,1.26,0.048,0.0,0.006,0.243,0.824,0.5,0.0,0.0,2.881
SI,coldsnap,23,1.26,0.048,0.0,0.006,0.243,0.467,0.5,0.0,0.0,2.524
SK,average,0,2.7,0.24,0.0,0.351,0.4,0.0,0.209,0.0,0.0,3.636
SK,average,1,2.7,0.24,0.0,0.349,0.4,0.0,0.112,0.0,0.0,3.423
SK,average,2,2.7,0.24,0.0,0.337,0.4,0.0,0.079,0.0,0.0,3.32
SK,average,3,2.7,0.24,0.0,0.336,0.4,0.0,0.079,0.0,0.0,3.32
SK,average,4,2.7,0.24,0.0,0.342,0.4,0.0,0.148,0.0,0.0,3.527
SK,average,5,2.7,0.24,0.0,0.339,0.4,0.0,0.511,0.0,0.0,4.087
SK,average,6,2.7,0.24,0.0,0.325,0.4,0.049,1.091,0.0,0.0,4.792
SK,average,7,2.7,0.24,0.818,0.327,0.4,0.094,0.88,0.0,0.0,5.291
SK,average,8,2.7,0.24,1.58,0.329,0.4,0.078,0.725,0.0,0.0,5.559
SK,average,9,2.7,0.24,2.234,0.327,0.4,0.039,0.552,0.0,0.0,5.59
SK,average,10,2.7,0.24,2.736,0.324,0.4,0.009,0.426,0.0,0.0,5.571
SK,average,11,2.7,0.24,3.052,0.331,0.4,0.004,0.349,0.0,0.0,5.542
SK,average,12,2.7,0.24,3.16,0.323,0.4,0.001,0.274,0.0,0.0,5.384
SK,average,13,2.7,0.24,3.052,0.331,0.4,0.0,0.257,0.0,0.0,5.278
SK,average,14,2.7,0.24,2.736,0.33,0.4,0.0,0.297,0.0,0.0,5.231
SK,average,15,2.7,0.24,2.234,0.34,0.4,0.005,0.433,0.0,0.0,5.306
SK,average,16,2.7,0.24,1.58,0.327,0.4,0.061,0.724,0.0,0.0,5.553
SK,average,17,2.7,0.24,0.818,0.324,0.4,0.281,1.174,0.0,0.0,5.88
SK,average,18,2.7,0.24,0.0,0.324,0.4,0.646,1.764,0.0,0.0,6.074
SK,average,19,2.7,0.24,0.0,0.323,0.4,0.557,1.721,0.0,0.0,5.94
SK,average,20,2.7,0.24,0.0,0.329,0.4,0.314,1.57,0.0,0.0,5.553
SK,average,21,2.7,0.24,0.0,0.327,0.4,0.084,1.27,0.0,0.0,5.015
SK,average,22,2.7,0.24,0.0,0.33,0.4,0.003,0.833,0.0,0.0,4.465
SK,average,23,2.7,0.24,0.0,0.337,0.4,0.0,0.402,0.0,0.0,3.943
SK,winter,0,2.7,0.24,0.0,0.373,0.414,0.0,0.491,0.0,0.0,4.188
SK,winter,1,2.7,0.24,0.0,0.377,0.414,0.0,0.284,0.0,0.0,3.935
SK,winter,2,2.7,0.24,0.0,0.353,0.414,0.0,0.21,0.0,0.0,3.814
SK,winter,3,2.7,0.24,0.0,0.359,0.414,0.0,0.211,0.0,0.0,3.814
SK,winter,4,2.7,0.24,0.0,0.372,0.414,0.0,0.376,0.0,0.0,4.057
SK,winter,5,2.7,0.24,0.0,0.339,0.414,0.0,1.054,0.0,0.0,4.745
SK,winter,6,2.7,0.24,0.0,0.332,0.414,0.18,1.789,0.0,0.0,5.654
SK,winter,7,2.7,0.24,0.426,0.329,0.414,0.348,1.864,0.0,0.0,6.321
SK,winter,8,2.7,0.24,0.823,0.346,0.414,0.305,1.823,0.0,0.0,6.651
SK,winter,9,2.7,0.24,1.164,0.334,0.414,0.158,1.612,0.0,0.0,6.622
SK,winter,10,2.7,0.24,1.426,0.357,0.414,0.038,1.354,0.0,0.0,6.524
SK,winter,11,2.7,0.24,1.59,0.362,0.414,0.016,1.153,0.0,0.0,6.467
SK,winter,12,2.7,0.24,1.646,0.342,0.414,0.002,0.953,0.0,0.0,6.277
SK,winter,13,2.7,0.24,1.59,0.326,0.414,0.0,0.901,0.0,0.0,6.151
SK,winter,14,2.7,0.24,1.426,0.317,0.414,0.001,1.011,0.0,0.0,6.099
SK,winter,15,2.7,0.24,1.164,0.325,0.414,0.022,1.342,0.0,0.0,6.206
SK,winter,16,2.7,0.24,0.823,0.289,0.414,0.238,1.825,0.0,0.0,6.53
SK,winter,17,2.7,0.24,0.426,0.291,0.414,0.917,1.989,0.0,0.0,6.977
SK,winter,18,2.7,0.24,0.0,0.302,0.414,1.585,2.0,0.0,0.0,7.241
SK,winter,19,2.7,0.24,0.0,0.278,0.414,1.425,2.0,0.0,0.0,7.056
SK,winter,20,2.7,0.24,0.0,0.308,0.414,0.879,1.989,0.0,0.0,6.53
SK,winter,21,2.7,0.24,0.0,0.317,0.414,0.281,1.885,0.0,0.0,5.836
SK,winter,22,2.7,0.24,0.0,0.325,0.414,0.013,1.471,0.0,0.0,5.163
SK,winter,23,2.7,0.24,0.0,0.359,0.414,0.0,0.836,0.0,0.0,4.547
SK,coldsnap,0,2.7,0.24,0.0,0.11,0.398,0.0,1.124,0.0,0.0,4.572
SK,coldsnap,1,2.7,0.24,0.0,0.083,0.398,0.0,0.864,0.0,0.0,4.285
SK,coldsnap,2,2.7,0.24,0.0,0.091,0.398,0.0,0.72,0.0,0.0,4.149
SK,coldsnap,3,2.7,0.24,0.0,0.067,0.398,0.0,0.743,0.0,0.0,4.149
SK,coldsnap,4,2.7,0.24,0.0,0.056,0.398,0.0,1.027,0.0,0.0,4.421
SK,coldsnap,5,2.7,0.24,0.0,0.02,0.398,0.0,1.873,0.0,0.0,5.231
SK,coldsnap,6,2.7,0.24,0.0,0.02,0.398,1.32,2.0,0.0,0.0,6.678
SK,coldsnap,7,2.7,0.24,0.372,0.02,0.398,1.994,2.0,0.0,0.0,7.724
SK,coldsnap,8,2.7,0.24,0.719,0.039,0.398,2.079,2.0,0.0,0.0,8.176
SK,coldsnap,9,2.7,0.24,1.017,0.02,0.398,1.566,2.0,0.0,0.0,7.941
SK,coldsnap,10,2.7,0.24,1.246,0.05,0.398,0.666,2.0,0.0,0.0,7.3
SK,coldsnap,11,2.7,0.24,1.389,0.045,0.398,0.428,2.0,0.0,0.0,7.201
SK,coldsnap,12,2.7,0.24,1.438,0.116,0.398,0.087,2.0,0.0,0.0,6.979
SK,coldsnap,13,2.7,0.24,1.389,0.144,0.398,0.0,1.96,0.0,0.0,6.832
SK,coldsnap,14,2.7,0.24,1.246,0.138,0.398,0.055,2.0,0.0,0.0,6.777
SK,coldsnap,15,2.7,0.24,1.017,0.2,0.398,0.372,2.0,0.0,0.0,6.927
SK,coldsnap,16,2.7,0.24,0.719,0.127,0.398,1.166,2.0,0.0,0.0,7.35
SK,coldsnap,17,2.7,0.24,0.372,0.2,0.398,2.059,2.0,0.0,0.0,7.969
SK,coldsnap,18,2.7,0.24,0.0,0.2,0.398,2.802,2.0,0.0,0.0,8.34
SK,coldsnap,19,2.7,0.24,0.0,0.2,0.398,2.536,2.0,0.0,0.0,8.074
SK,coldsnap,20,2.7,0.24,0.0,0.19,0.398,1.822,2.0,0.0,0.0,7.35
SK,coldsnap,21,2.7,0.24,0.0,0.2,0.398,0.929,2.0,0.0,0.0,6.467
SK,coldsnap,22,2.7,0.24,0.0,0.2,0.398,0.131,2.0,0.0,0.0,5.669
SK,coldsnap,23,2.7,0.24,0.0,0.135,0.398,0.0,1.498,0.0,0.0,4.971
UK,average,0,10.8,2.88,0.0,55.049,0.32,0.469,5.748,0.0,0.255,38.223
UK,average,1,10.8,2.88,0.0,56.019,0.32,0.275,5.435,0.0,0.142,35.967
UK,average,2,10.8,2.88,0.0,57.401,0.32,0.231,5.109,0.0,0.085,34.87
UK,average,3,10.8,2.88,0.0,56.772,0.32,0.211,5.016,0.0,0.07,34.87
UK,average,4,10.8,2.88,0.0,55.919,0.32,0.392,6.017,0.0,0.127,37.064
UK,average,5,10.8,2.88,0.0,54.97,0.32,1.649,6.699,0.0,0.243,43.071
UK,average,6,10.8,2.88,0.0,54.788,0.32,3.764,7.651,0.0,0.479,50.715
UK,average,7,10.8,2.88,7.156,55.035,0.32,3.232,7.311,0.0,0.799,56.173
UK,average,8,10.8,2.88,13.824,55.325,0.32,2.722,6.098,0.0,0.856,59.032
UK,average,9,10.8,2.88,19.549,56.806,0.32,1.678,4.666,0.0,0.714,59.198
UK,average,10,10.8,2.88,23.943,55.435,0.32,1.257,3.933,0.0,0.507,58.834
UK,average,11,10.8,2.88,26.705,56.55,0.32,0.926,3.707,0.0,0.555,58.47
UK,average,12,10.8,2.88,27.647,57.397,0.32,0.684,2.98,0.0,0.446,56.789
UK,average,13,10.8,2.88,26.705,56.149,0.32,0.815,2.921,0.0,0.362,55.669
UK,average,14,10.8,2.88,23.943,54.531,0.32,0.801,3.397,0.0,0.347,55.179
UK,average,15,10.8,2.88,19.549,53.118,0.32,1.61,4.75,0.0,0.44,56.024
UK,average,16,10.8,2.88,13.824,52.397,0.32,2.751,7.126,0.0,0.796,58.716
UK,average,17,10.8,2.88,7.156,51.512,0.32,5.327,8.547,0.0,1.179,62.334
UK,average,18,10.8,2.88,0.0,50.91,0.32,8.653,9.286,0.017,1.554,64.464
UK,average,19,10.8,2.88,0.0,52.625,0.32,7.607,9.027,0.0,1.506,62.986
UK,average,20,10.8,2.88,0.0,51.69,0.32,6.076,8.877,0.0,1.406,58.716
UK,average,21,10.8,2.88,0.0,54.617,0.32,3.715,7.684,0.0,1.106,52.875
UK,average,22,10.8,2.88,0.0,55.483,0.32,2.299,7.001,0.0,0.762,46.986
UK,average,23,10.8,2.88,0.0,54.187,0.32,1.017,6.512,0.0,0.473,41.464
UK,winter,0,10.8,2.88,0.0,62.089,0.331,0.858,5.412,0.0,0.883,44.414
UK,winter,1,10.8,2.88,0.0,63.961,0.331,0.694,5.378,0.0,0.468,41.689
UK,winter,2,10.8,2.88,0.0,67.306,0.331,0.647,5.05,0.0,0.309,40.387
UK,winter,3,10.8,2.88,0.0,66.615,0.331,0.612,4.361,0.0,0.248,40.387
UK,winter,4,10.8,2.88,0.0,63.45,0.331,0.912,5.808,0.0,0.398,42.994
UK,winter,5,10.8,2.88,0.0,63.268,0.331,2.869,6.22,0.0,0.682,50.518
UK,winter,6,10.8,2.88,0.0,63.671,0.331,4.984,7.577,0.0,1.397,60.623
UK,winter,7,10.8,2.88,3.728,60.814,0.331,6.375,9.023,0.0,2.363,68.137
UK,winter,8,10.8,2.88,7.201,62.086,0.331,6.412,7.76,0.0,2.295,71.711
UK,winter,9,10.8,2.88,10.184,63.921,0.331,4.664,7.021,0.0,1.942,71.087
UK,winter,10,10.8,2.88,12.473,63.759,0.331,3.518,6.563,0.0,1.431,69.707
UK,winter,11,10.8,2.88,13.912,64.954,0.331,2.86,6.193,0.0,1.768,68.984
UK,winter,12,10.8,2.88,14.403,65.309,0.331,2.146,5.886,0.0,1.474,66.936
UK,winter,13,10.8,2.88,13.912,64.488,0.331,2.569,5.669,0.0,1.221,65.576
UK,winter,14,10.8,2.88,12.473,65.537,0.331,2.355,5.917,0.0,1.07,65.035
UK,winter,15,10.8,2.88,10.184,60.476,0.331,4.197,7.408,0.0,1.259,66.278
UK,winter,16,10.8,2.88,7.201,59.728,0.331,6.121,8.605,0.0,2.31,69.912
UK,winter,17,10.8,2.88,3.728,58.027,0.331,8.593,9.269,0.0,3.415,75.002
UK,winter,18,10.8,2.88,0.0,57.355,0.331,9.871,9.595,0.07,4.183,77.996
UK,winter,19,10.8,2.88,0.0,58.989,0.331,8.639,9.024,0.001,4.149,75.879
UK,winter,20,10.8,2.88,0.0,59.073,0.331,6.058,8.61,0.0,3.672,69.912
UK,winter,21,10.8,2.88,0.0,63.296,0.331,3.533,7.234,0.0,2.985,62.189
UK,winter,22,10.8,2.88,0.0,64.6,0.331,2.731,6.027,0.0,2.307,54.847
UK,winter,23,10.8,2.88,0.0,59.929,0.331,1.579,6.538,0.0,1.627,48.237
UK,coldsnap,0,10.8,2.88,0.0,3.6,0.319,1.2,20.0,0.0,10.088,48.887
UK,coldsnap,1,10.8,2.88,0.0,3.6,0.319,1.2,20.0,0.0,6.948,45.746
UK,coldsnap,2,10.8,2.88,0.0,3.6,0.319,1.2,20.0,0.0,5.474,44.273
UK,coldsnap,3,10.8,2.88,0.0,3.6,0.319,1.2,20.0,0.0,5.474,44.273
UK,coldsnap,4,10.8,2.88,0.0,3.6,0.319,1.2,20.0,0.0,8.427,47.225
UK,coldsnap,5,10.8,2.88,0.0,3.6,0.319,1.2,20.0,0.0,17.456,56.254
UK,coldsnap,6,10.8,2.88,0.0,3.6,0.319,1.2,20.0,0.0,34.363,73.161
UK,coldsnap,7,10.8,2.88,3.257,3.6,0.319,1.2,20.0,0.0,43.416,85.472
UK,coldsnap,8,10.8,2.88,6.293,6.548,0.319,1.2,20.0,0.0,42.543,90.581
UK,coldsnap,9,10.8,2.88,8.899,3.6,0.319,1.2,20.0,0.0,39.613,87.31
UK,coldsnap,10,10.8,2.88,10.899,9.291,0.319,1.2,20.0,0.0,23.597,78.986
UK,coldsnap,11,10.8,2.88,12.156,3.6,0.319,1.2,20.0,0.0,26.758,77.712
UK,coldsnap,12,10.8,2.88,12.585,3.6,0.319,1.2,20.0,0.0,23.891,75.275
UK,coldsnap,13,10.8,2.88,12.156,14.018,0.319,1.2,20.0,0.0,12.289,73.661
UK,coldsnap,14,10.8,2.88,10.899,16.064,0.319,1.2,20.0,0.0,10.933,73.094
UK,coldsnap,15,10.8,2.88,8.899,28.362,0.319,1.2,20.0,0.0,2.418,74.878
UK,coldsnap,16,10.8,2.88,6.293,13.071,0.319,1.2,20.0,0.0,25.191,79.754
UK,coldsnap,17,10.8,2.88,3.257,3.6,0.319,1.2,20.0,0.0,44.95,87.006
UK,coldsnap,18,10.8,2.88,0.0,3.6,0.319,1.2,20.0,3.204,49.352,91.354
UK,coldsnap,19,10.8,2.88,0.0,3.6,0.319,1.2,20.0,0.064,49.352,88.214
UK,coldsnap,20,10.8,2.88,0.0,3.6,0.319,1.2,20.0,0.0,40.955,79.754
UK,coldsnap,21,10.8,2.88,0.0,3.6,0.319,1.2,20.0,0.0,30.864,69.663
UK,coldsnap,22,10.8,2.88,0.0,3.6,0.319,1.2,20.0,0.0,21.991,60.79
UK,coldsnap,23,10.8,2.88,0.0,3.937,0.319,1.2,20.0,0.0,14.059,53.195
EU,average,0,112.23,26.29,0.0,371.01,25.906,12.489,67.153,0.0,2.105,382.534
EU,average,1,112.23,26.29,0.0,371.679,25.906,9.202,61.597,0.0,1.418,360.084
EU,average,2,112.23,26.29,0.0,372.446,25.906,7.921,58.285,0.0,1.085,349.144
EU,average,3,112.23,26.29,0.0,371.791,25.906,7.892,57.26,0.0,1.022,349.144
EU,average,4,112.23,26.29,0.0,373.311,25.906,10.892,63.363,0.0,1.326,371.032
EU,average,5,112.23,26.29,0.0,373.944,25.906,23.479,77.149,0.0,2.501,430.474
EU,average,6,112.23,26.29,0.0,375.505,25.906,45.265,91.801,0.0,4.746,505.738
EU,average,7,112.23,26.29,146.153,377.122,25.906,26.369,64.559,0.001,5.448,559.185
EU,average,8,112.23,26.29,282.345,375.02,25.906,18.873,41.631,0.0,5.215,587.594
EU,average,9,112.23,26.29,399.296,376.721,25.906,12.19,27.741,0.0,4.159,590.124
EU,average,10,112.23,26.29,489.036,371.763,25.906,8.874,20.256,0.0,3.216,587.341
EU,average,11,112.23,26.29,545.449,372.481,25.906,6.933,16.694,0.0,2.765,584.06
EU,average,12,112.23,26.29,564.69,374.61,25.906,5.403,13.731,0.0,2.367,567.316
EU,average,13,112.23,26.29,545.449,371.246,25.906,5.335,13.289,0.0,2.186,556.167
EU,average,14,112.23,26.29,489.036,365.153,25.906,6.206,16.014,0.0,2.244,551.23
EU,average,15,112.23,26.29,399.296,362.608,25.906,9.627,23.988,0.0,2.924,559.373
EU,average,16,112.23,26.29,282.345,363.021,25.906,18.327,42.122,0.0,4.588,585.761
EU,average,17,112.23,26.29,146.153,362.531,25.906,44.489,79.339,0.0,7.61,621.026
EU,average,18,112.23,26.29,0.0,365.429,25.906,102.391,116.347,0.099,11.496,641.814
EU,average,19,112.23,26.29,0.0,370.021,25.906,93.353,112.601,0.027,11.588,627.434
EU,average,20,112.23,26.29,0.0,368.813,25.906,75.352,107.909,0.038,9.951,585.761
EU,average,21,112.23,26.29,0.0,370.84,25.906,51.547,96.834,0.0,7.69,528.346
EU,average,22,112.23,26.29,0.0,371.457,25.906,32.385,85.83,0.0,5.188,469.975
EU,average,23,112.23,26.29,0.0,371.652,25.906,18.707,74.078,0.0,3.151,414.914
EU,winter,0,112.23,26.29,0.0,409.111,26.783,17.715,70.866,0.0,5.1,438.025
EU,winter,1,112.23,26.29,0.0,406.982,26.783,14.015,66.724,0.0,3.311,411.359
EU,winter,2,112.23,26.29,0.0,415.85,26.783,12.371,60.337,0.0,2.58,398.57
EU,winter,3,112.23,26.29,0.0,412.82,26.783,12.226,59.916,0.0,2.485,398.57
EU,winter,4,112.23,26.29,0.0,415.475,26.783,15.813,68.211,0.0,3.07,424.168
EU,winter,5,112.23,26.29,0.0,417.824,26.783,33.41,83.762,0.0,5.411,497.274
EU,winter,6,112.23,26.29,0.0,423.417,26.783,65.718,97.272,0.0,11.129,594.74
EU,winter,7,112.23,26.29,85.02,422.84,26.783,59.876,92.866,0.003,14.592,666.733
EU,winter,8,112.23,26.29,164.246,419.997,26.783,48.85,83.313,0.0,14.361,701.579
EU,winter,9,112.23,26.29,232.279,420.212,26.783,33.64,66.852,0.0,11.359,696.94
EU,winter,10,112.23,26.29,284.483,417.35,26.783,25.121,52.795,0.0,8.663,684.932
EU,winter,11,112.23,26.29,317.3,412.382,26.783,19.828,45.035,0.0,7.593,678.39
EU,winter,12,112.23,26.29,328.493,412.365,26.783,15.51,38.368,0.0,6.665,658.364
EU,winter,13,112.23,26.29,317.3,412.829,26.783,15.632,36.896,0.0,6.047,645.051
EU,winter,14,112.23,26.29,284.483,416.924,26.783,17.277,42.239,0.0,5.918,639.653
EU,winter,15,112.23,26.29,232.279,410.336,26.783,26.539,59.12,0.0,7.67,651.4
EU,winter,16,112.23,26.29,164.246,407.093,26.783,45.759,85.158,0.0,12.315,686.279
EU,winter,17,112.23,26.29,85.02,400.77,26.783,91.286,105.628,0.001,21.421,734.828
EU,winter,18,112.23,26.29,0.0,398.285,26.783,138.195,123.161,0.398,32.721,763.411
EU,winter,19,112.23,26.29,0.0,406.685,26.783,122.977,119.231,0.104,32.41,743.261
EU,winter,20,112.23,26.29,0.0,409.239,26.783,95.174,112.97,0.152,27.213,686.279
EU,winter,21,112.23,26.29,0.0,409.23,26.783,66.278,102.493,0.0,20.095,611.898
EU,winter,22,112.23,26.29,0.0,402.019,26.783,45.079,92.836,0.0,12.891,540.457
EU,winter,23,112.23,26.29,0.0,406.506,26.783,27.202,79.736,0.0,7.676,475.623
EU,coldsnap,0,112.23,26.29,0.0,111.503,26.257,26.363,164.278,0.0,16.96,479.835
EU,coldsnap,1,112.23,26.29,0.0,117.05,26.257,20.66,149.861,0.0,5.564,449.307
EU,coldsnap,2,112.23,26.29,0.0,131.25,26.257,22.561,119.613,0.0,3.017,434.923
EU,coldsnap,3,112.23,26.29,0.0,124.204,26.257,19.928,124.372,0.0,3.44,434.923
EU,coldsnap,4,112.23,26.29,0.0,120.545,26.257,28.461,146.013,0.0,4.792,463.739
EU,coldsnap,5,112.23,26.29,0.0,143.791,26.257,63.0,171.25,0.0,9.59,550.811
EU,coldsnap,6,112.23,26.29,0.0,116.241,26.257,198.145,191.815,0.0,39.704,710.682
EU,coldsnap,7,112.23,26.29,77.22,110.755,26.257,137.609,194.014,0.0,142.37,826.744
EU,coldsnap,8,112.23,26.29,149.177,135.85,26.257,93.582,193.189,0.0,139.133,875.708
EU,coldsnap,9,112.23,26.29,210.969,129.727,26.257,65.175,177.43,0.0,98.988,846.81
EU,coldsnap,10,112.23,26.29,258.383,118.566,26.257,46.002,134.159,0.0,53.23,771.349
EU,coldsnap,11,112.23,26.29,288.189,121.841,26.257,41.859,115.783,0.0,40.454,759.731
EU,coldsnap,12,112.23,26.29,298.355,124.179,26.257,35.133,94.939,0.0,36.416,736.085
EU,coldsnap,13,112.23,26.29,288.189,104.116,26.257,33.639,117.257,0.0,36.829,720.421
EU,coldsnap,14,112.23,26.29,258.383,96.536,26.257,37.879,131.294,0.0,39.578,714.779
EU,coldsnap,15,112.23,26.29,210.969,96.647,26.257,64.519,155.651,0.0,45.781,731.52
EU,coldsnap,16,112.23,26.29,149.177,99.216,26.257,95.281,179.006,0.0,91.133,777.882
EU,coldsnap,17,112.23,26.29,77.22,103.506,26.257,116.366,190.838,0.0,193.682,846.388
EU,coldsnap,18,112.23,26.29,0.0,89.235,26.257,171.227,194.794,13.814,253.621,887.467
EU,coldsnap,19,112.23,26.29,0.0,80.961,26.257,167.048,194.792,3.344,246.958,857.879
EU,coldsnap,20,112.23,26.29,0.0,94.559,26.257,139.226,191.443,1.894,185.984,777.882
EU,coldsnap,21,112.23,26.29,0.0,86.71,26.257,115.238,186.724,0.0,128.149,681.597
EU,coldsnap,22,112.23,26.29,0.0,73.226,26.257,85.871,187.443,0.0,84.632,595.948
EU,coldsnap,23,112.23,26.29,0.0,79.151,26.257,44.912,180.489,0.0,53.145,521.961
